"date","sport","league","away_team","home_team","team","spread","spread_handle","spread_bets","total","total_handle","total_bets","money","money_handle","money_bets","updated_at"
2026-08-15,MLB,MLB,Chicago White Sox,Detroit Tigers,Chicago White Sox,+1.5,0.14,0.53,"8",0.65,0.65,2.3,0.39,0.29,2026-08-16 12:00:04.492
2026-08-15,MLB,MLB,Chicago White Sox,Detroit Tigers,Detroit Tigers,-1.5,0.86,0.47,"8",0.35,0.35,1.7142857,0.61,0.71,2026-08-16 12:00:04.492
2026-08-15,MLB,MLB,ST Louis Cardinals,Chicago Cubs,ST Louis Cardinals,+1.5,0.12,0.23,"9",0.53,0.49,2.68,0.21,0.14,2026-08-16 12:00:04.492
2026-08-15,MLB,MLB,ST Louis Cardinals,Chicago Cubs,Chicago Cubs,-1.5,0.88,0.77,"9",0.47,0.51,1.5524862,0.79,0.86,2026-08-16 12:00:04.492
2026-08-15,MLB,MLB,New York Yankees,Toronto Blue Jays,New York Yankees,-1.5,0.85,0.7,"7",0.52,0.49,1.5376344,0.83,0.83,2026-08-16 12:00:04.492
2026-08-15,MLB,MLB,New York Yankees,Toronto Blue Jays,Toronto Blue Jays,+1.5,0.15,0.3,"7",0.48,0.51,2.73,0.17,0.17,2026-08-16 12:00:04.492
2026-08-15,MLB,MLB,Colorado Rockies,San Francisco Giants,Colorado Rockies,+1.5,0.09,0.37,"7.5",0.84,0.75,2.55,0.26,0.21,2026-08-16 12:00:04.492
2026-08-15,MLB,MLB,Colorado Rockies,San Francisco Giants,San Francisco Giants,-1.5,0.91,0.63,"7.5",0.16,0.25,1.5988024,0.74,0.79,2026-08-16 12:00:04.492
2026-08-15,MLB,MLB,Washington Nationals,New York Mets,Washington Nationals,+1.5,0.1,0.6,"7.5",0.79,0.65,2.21,0.17,0.35,2026-08-16 12:00:04.492
2026-08-15,MLB,MLB,Washington Nationals,New York Mets,New York Mets,-1.5,0.9,0.4,"7.5",0.21,0.35,1.7692307,0.83,0.65,2026-08-16 12:00:04.492
2026-08-15,MLB,MLB,Baltimore Orioles,Tampa Bay Rays,Baltimore Orioles,+1.5,0.03,0.39,"7.5",0.45,0.61,2.31,0.2,0.18,2026-08-16 12:00:04.492
2026-08-15,MLB,MLB,Baltimore Orioles,Tampa Bay Rays,Tampa Bay Rays,-1.5,0.97,0.61,"7.5",0.55,0.39,1.7092198,0.8,0.82,2026-08-16 12:00:04.492
2026-08-15,MLB,MLB,Miami Marlins,Cincinnati Reds,Miami Marlins,-1.5,0.69,0.18,"9",0.94,0.53,1.9803921,0.66,0.49,2026-08-16 12:00:04.492
2026-08-15,MLB,MLB,Miami Marlins,Cincinnati Reds,Cincinnati Reds,+1.5,0.31,0.82,"9",0.06,0.47,1.9523809,0.34,0.51,2026-08-16 12:00:04.492
2026-08-15,MLB,MLB,San Diego Padres,Cleveland Guardians,San Diego Padres,-1.5,0.69,0.42,"8.5",0.31,0.55,2.01,0.79,0.56,2026-08-16 12:00:04.492
2026-08-15,MLB,MLB,San Diego Padres,Cleveland Guardians,Cleveland Guardians,+1.5,0.31,0.58,"8.5",0.69,0.45,1.925926,0.21,0.44,2026-08-16 12:00:04.492
2026-08-15,MLB,MLB,Philadelphia Phillies,Minnesota Twins,Philadelphia Phillies,-1.5,0.75,0.63,"8",0.95,0.69,1.7518797,0.77,0.87,2026-08-16 12:00:04.492
2026-08-15,MLB,MLB,Philadelphia Phillies,Minnesota Twins,Minnesota Twins,+1.5,0.25,0.37,"8",0.05,0.31,2.23,0.23,0.13,2026-08-16 12:00:04.492
2026-08-15,MLB,MLB,Seattle Mariners,Houston Astros,Seattle Mariners,+1.5,0.19,0.64,"8.5",0.82,0.59,2.1,0.33,0.28,2026-08-16 12:00:04.492
2026-08-15,MLB,MLB,Seattle Mariners,Houston Astros,Houston Astros,-1.5,0.81,0.36,"8.5",0.18,0.41,1.8474576,0.67,0.72,2026-08-16 12:00:04.492
2026-08-15,MLB,MLB,Arizona Diamondbacks,Atlanta Braves,Arizona Diamondbacks,+1.5,0.56,0.64,"9",0.77,0.37,2.23,0.38,0.26,2026-08-16 12:00:04.492
2026-08-15,MLB,MLB,Arizona Diamondbacks,Atlanta Braves,Atlanta Braves,-1.5,0.44,0.36,"9",0.23,0.63,1.7518797,0.62,0.74,2026-08-16 12:00:04.492
2026-08-15,MLB,MLB,Boston Red Sox,Pittsburgh Pirates,Boston Red Sox,-1.5,0.83,0.64,"7.5",0.74,0.7,1.8403361,0.91,0.84,2026-08-16 12:00:04.492
2026-08-15,MLB,MLB,Boston Red Sox,Pittsburgh Pirates,Pittsburgh Pirates,+1.5,0.17,0.36,"7.5",0.26,0.3,2.11,0.09,0.16,2026-08-16 12:00:04.492
2026-08-15,MLB,MLB,Milwaukee Brewers,Los Angeles Dodgers,Milwaukee Brewers,-1.5,0.26,0.2,"7.5",0.16,0.4,1.8196721,0.64,0.56,2026-08-16 12:00:04.492
2026-08-15,MLB,MLB,Milwaukee Brewers,Los Angeles Dodgers,Los Angeles Dodgers,+1.5,0.74,0.8,"7.5",0.84,0.6,2.14,0.36,0.44,2026-08-16 12:00:04.492
2026-08-15,MLB,MLB,Kansas City Royals,Los Angeles Angels,Kansas City Royals,+1.5,0.63,0.78,"8",0.48,0.49,2.42,0.49,0.38,2026-08-16 12:00:04.492
2026-08-15,MLB,MLB,Kansas City Royals,Los Angeles Angels,Los Angeles Angels,-1.5,0.37,0.22,"8",0.52,0.51,1.6535947,0.51,0.62,2026-08-16 12:00:04.492
2026-08-15,MLB,MLB,Texas Rangers,Athletics,Texas Rangers,-1.5,0.77,0.35,"9.5",0.71,0.42,1.6493506,0.7,0.72,2026-08-16 12:00:04.492
2026-08-15,MLB,MLB,Texas Rangers,Athletics,Athletics,+1.5,0.23,0.65,"9.5",0.29,0.58,2.43,0.3,0.28,2026-08-16 12:00:04.493
2026-08-16,MLB,MLB,Baltimore Orioles,Tampa Bay Rays,Baltimore Orioles,+1.5,0.34,0.48,"8",0.56,0.63,2.23,0.35,0.22,2026-08-16 12:00:04.493
2026-08-16,MLB,MLB,Baltimore Orioles,Tampa Bay Rays,Tampa Bay Rays,-1.5,0.66,0.52,"8",0.44,0.37,1.6711409,0.65,0.78,2026-08-16 12:00:04.493
2026-08-16,MLB,MLB,Arizona Diamondbacks,Atlanta Braves,Arizona Diamondbacks,+1.5,0.24,0.47,"8.5",0.25,0.51,2.05,0.59,0.29,2026-08-16 12:00:04.493
2026-08-16,MLB,MLB,Arizona Diamondbacks,Atlanta Braves,Atlanta Braves,-1.5,0.76,0.53,"8.5",0.75,0.49,1.7874016,0.41,0.71,2026-08-16 12:00:04.493
2026-08-16,MLB,MLB,Boston Red Sox,Pittsburgh Pirates,Boston Red Sox,-1.5,0.1,0.24,"8",0.17,0.38,1.9803921,0.79,0.52,2026-08-16 12:00:04.493
2026-08-16,MLB,MLB,Boston Red Sox,Pittsburgh Pirates,Pittsburgh Pirates,+1.5,0.9,0.76,"8",0.83,0.62,1.8474576,0.21,0.48,2026-08-16 12:00:04.493
2026-08-16,MLB,MLB,New York Yankees,Toronto Blue Jays,New York Yankees,-1.5,0.27,0.24,"7.5",0.07,0.26,2.0,0.52,0.55,2026-08-16 12:00:04.493
2026-08-16,MLB,MLB,New York Yankees,Toronto Blue Jays,Toronto Blue Jays,+1.5,0.73,0.76,"7.5",0.93,0.74,1.8333334,0.48,0.45,2026-08-16 12:00:04.493
2026-08-16,MLB,MLB,San Diego Padres,Cleveland Guardians,San Diego Padres,-1.5,0.89,0.42,"8.5",0.3,0.35,1.8928572,0.35,0.59,2026-08-16 12:00:04.493
2026-08-16,MLB,MLB,San Diego Padres,Cleveland Guardians,Cleveland Guardians,+1.5,0.11,0.58,"8.5",0.7,0.65,1.9345795,0.65,0.41,2026-08-16 12:00:04.493
2026-08-16,MLB,MLB,Washington Nationals,New York Mets,Washington Nationals,+1.5,0.0,0.41,"8.5",0.92,0.4,2.44,0.08,0.25,2026-08-16 12:00:04.493
2026-08-16,MLB,MLB,Washington Nationals,New York Mets,New York Mets,-1.5,1.0,0.59,"8.5",0.08,0.6,1.5714285,0.92,0.75,2026-08-16 12:00:04.493
2026-08-16,MLB,MLB,Miami Marlins,Cincinnati Reds,Miami Marlins,-1.5,0.03,0.38,"9",0.93,0.55,1.7936507,0.73,0.49,2026-08-16 12:00:04.493
2026-08-16,MLB,MLB,Miami Marlins,Cincinnati Reds,Cincinnati Reds,+1.5,0.97,0.63,"9",0.07,0.45,2.04,0.27,0.51,2026-08-16 12:00:04.493
2026-08-16,MLB,MLB,Chicago White Sox,Detroit Tigers,Chicago White Sox,-1.5,0.91,0.31,"8",0.93,0.63,1.925926,0.85,0.61,2026-08-16 12:00:04.493
2026-08-16,MLB,MLB,Chicago White Sox,Detroit Tigers,Detroit Tigers,+1.5,0.09,0.69,"8",0.07,0.38,1.8928572,0.15,0.39,2026-08-16 12:00:04.493
2026-08-16,MLB,MLB,Philadelphia Phillies,Minnesota Twins,Philadelphia Phillies,-1.5,0.42,0.44,"9",0.42,0.54,1.877193,0.96,0.76,2026-08-16 12:00:04.493
2026-08-16,MLB,MLB,Philadelphia Phillies,Minnesota Twins,Minnesota Twins,+1.5,0.58,0.56,"9",0.58,0.46,1.9523809,0.04,0.24,2026-08-16 12:00:04.493
2026-08-16,MLB,MLB,ST Louis Cardinals,Chicago Cubs,ST Louis Cardinals,+1.5,0.07,0.29,"9",0.16,0.15,2.34,0.26,0.2,2026-08-16 12:00:04.493
2026-08-16,MLB,MLB,ST Louis Cardinals,Chicago Cubs,Chicago Cubs,-1.5,0.93,0.71,"9",0.84,0.85,1.6172839,0.74,0.8,2026-08-16 12:00:04.493
2026-08-16,MLB,MLB,Texas Rangers,Athletics,Texas Rangers,-1.5,0.96,0.78,"10.5",0.98,0.38,1.7042253,0.56,0.59,2026-08-16 12:00:04.493
2026-08-16,MLB,MLB,Texas Rangers,Athletics,Athletics,+1.5,0.04,0.22,"10.5",0.02,0.62,2.18,0.44,0.41,2026-08-16 12:00:04.493
2026-08-16,MLB,MLB,Colorado Rockies,San Francisco Giants,Colorado Rockies,+1.5,0.32,0.29,"8",0.7,0.69,2.12,0.11,0.23,2026-08-16 12:00:04.493
2026-08-16,MLB,MLB,Colorado Rockies,San Francisco Giants,San Francisco Giants,-1.5,0.68,0.71,"8",0.3,0.31,1.7407408,0.89,0.77,2026-08-16 12:00:04.493
2026-08-16,MLB,MLB,Kansas City Royals,Los Angeles Angels,Kansas City Royals,-1.5,0.37,0.56,"9.5",0.22,0.23,1.8264463,0.08,0.57,2026-08-16 12:00:04.493
2026-08-16,MLB,MLB,Kansas City Royals,Los Angeles Angels,Los Angeles Angels,+1.5,0.63,0.44,"9.5",0.78,0.77,2.01,0.92,0.43,2026-08-16 12:00:04.493
2026-08-16,MLB,MLB,Milwaukee Brewers,Los Angeles Dodgers,Milwaukee Brewers,+1.5,0.03,0.3,"7.5",0.91,0.57,2.49,0.18,0.23,2026-08-16 12:00:04.493
2026-08-16,MLB,MLB,Milwaukee Brewers,Los Angeles Dodgers,Los Angeles Dodgers,-1.5,0.97,0.7,"7.5",0.09,0.43,1.5524862,0.82,0.77,2026-08-16 12:00:04.493
2026-08-16,MLB,MLB,Seattle Mariners,Houston Astros,Seattle Mariners,+1.5,0.5,0.5,"7.5",0.1,0.59,2.13,0.37,0.31,2026-08-16 12:00:04.493
2026-08-16,MLB,MLB,Seattle Mariners,Houston Astros,Houston Astros,-1.5,0.5,0.5,"7.5",0.9,0.41,1.7352941,0.63,0.69,2026-08-16 12:00:04.493
2026-08-15,SOC,"40031",Getafe,Alaves,Getafe,-,0.0,0.0,-,0.0,0.0,3.75,0.24,0.34,2026-08-16 12:00:13.218
2026-08-15,SOC,"40031",Getafe,Alaves,Alaves,-,0.0,0.0,-,0.0,0.0,2.4,0.76,0.66,2026-08-16 12:00:13.218
2026-08-15,SOC,"40031",Vallecano,Sevilla,Vallecano,-,0.0,0.0,-,0.0,0.0,3.05,0.17,0.12,2026-08-16 12:00:13.218
2026-08-15,SOC,"40031",Vallecano,Sevilla,Sevilla,-,0.0,0.0,-,0.0,0.0,2.7,0.83,0.88,2026-08-16 12:00:13.218
2026-08-16,SOC,"40031",Villarreal,Racing Santander,Villarreal,-,0.0,0.0,-,0.0,0.0,2.1,0.97,0.97,2026-08-16 12:00:13.218
2026-08-16,SOC,"40031",Villarreal,Racing Santander,Racing Santander,-,0.0,0.0,-,0.0,0.0,3.35,0.03,0.03,2026-08-16 12:00:13.218
2026-08-16,SOC,"40031",Levante,Espanyol,Levante,-,0.0,0.0,-,0.0,0.0,3.7,0.18,0.11,2026-08-16 12:00:13.218
2026-08-16,SOC,"40031",Levante,Espanyol,Espanyol,-,0.0,0.0,-,0.0,0.0,2.1,0.82,0.89,2026-08-16 12:00:13.218
2026-08-16,SOC,"40031",Osasuna,Celta Vigo,Osasuna,-,0.0,0.0,-,0.0,0.0,3.65,0.09,0.09,2026-08-16 12:00:13.218
2026-08-16,SOC,"40031",Osasuna,Celta Vigo,Celta Vigo,-,0.0,0.0,-,0.0,0.0,2.05,0.91,0.91,2026-08-16 12:00:13.218
2026-08-17,SOC,"40031",Elche,Dep La Coruna,Elche,-,0.0,0.0,-,0.0,0.0,3.4,0.56,0.57,2026-08-16 12:00:13.218
2026-08-17,SOC,"40031",Elche,Dep La Coruna,Dep La Coruna,-,0.0,0.0,-,0.0,0.0,2.35,0.44,0.43,2026-08-16 12:00:13.218
2026-08-15,SOC,"40817",Preston,Bolton,Preston,-,0.0,0.0,-,0.0,0.0,3.05,0.19,0.3,2026-08-16 12:00:14.700
2026-08-15,SOC,"40817",Preston,Bolton,Bolton,-,0.0,0.0,-,0.0,0.0,2.35,0.81,0.7,2026-08-16 12:00:14.700
2026-08-15,SOC,"40817",West Brom,Norwich,West Brom,-,0.0,0.0,-,0.0,0.0,3.75,0.05,0.11,2026-08-16 12:00:14.700
2026-08-15,SOC,"40817",West Brom,Norwich,Norwich,-,0.0,0.0,-,0.0,0.0,2.0,0.95,0.89,2026-08-16 12:00:14.700
2026-08-15,SOC,"40817",Swansea,Stoke City,Swansea,-,0.0,0.0,-,0.0,0.0,3.05,0.19,0.21,2026-08-16 12:00:14.700
2026-08-15,SOC,"40817",Swansea,Stoke City,Stoke City,-,0.0,0.0,-,0.0,0.0,2.35,0.81,0.79,2026-08-16 12:00:14.700
2026-08-15,SOC,"40817",Millwall,Bristol City,Millwall,-,0.0,0.0,-,0.0,0.0,2.8,0.58,0.44,2026-08-16 12:00:14.700
2026-08-15,SOC,"40817",Millwall,Bristol City,Bristol City,-,0.0,0.0,-,0.0,0.0,2.5,0.42,0.56,2026-08-16 12:00:14.700
2026-08-15,SOC,"40817",Lincoln City,Middlesbrough,Lincoln City,-,0.0,0.0,-,0.0,0.0,6.5,0.03,0.02,2026-08-16 12:00:14.700
2026-08-15,SOC,"40817",Lincoln City,Middlesbrough,Middlesbrough,-,0.0,0.0,-,0.0,0.0,1.5128205,0.97,0.98,2026-08-16 12:00:14.700
2026-08-15,SOC,"40817",Derby County,Charlton,Derby County,-,0.0,0.0,-,0.0,0.0,2.75,0.42,0.53,2026-08-16 12:00:14.700
2026-08-15,SOC,"40817",Derby County,Charlton,Charlton,-,0.0,0.0,-,0.0,0.0,2.7,0.58,0.47,2026-08-16 12:00:14.700
2026-08-15,SOC,"40817",Queens Park Rangers,Portsmouth,Queens Park Rangers,-,0.0,0.0,-,0.0,0.0,3.15,0.66,0.25,2026-08-16 12:00:14.700
2026-08-15,SOC,"40817",Queens Park Rangers,Portsmouth,Portsmouth,-,0.0,0.0,-,0.0,0.0,2.35,0.34,0.75,2026-08-16 12:00:14.700
2026-08-15,SOC,"40817",Birmingham,Sheffield Utd,Birmingham,-,0.0,0.0,-,0.0,0.0,3.3,0.24,0.25,2026-08-16 12:00:14.700
2026-08-15,SOC,"40817",Birmingham,Sheffield Utd,Sheffield Utd,-,0.0,0.0,-,0.0,0.0,2.25,0.76,0.75,2026-08-16 12:00:14.700
2026-08-16,SOC,"40817",Southampton,Watford,Southampton,-,0.0,0.0,-,0.0,0.0,2.1,0.91,0.89,2026-08-16 12:00:14.700
2026-08-16,SOC,"40817",Southampton,Watford,Watford,-,0.0,0.0,-,0.0,0.0,3.45,0.09,0.11,2026-08-16 12:00:14.700
2026-08-16,SOC,"40817",West Ham,Burnley,West Ham,-,0.0,0.0,-,0.0,0.0,2.25,0.93,0.88,2026-08-16 12:00:14.700
2026-08-16,SOC,"40817",West Ham,Burnley,Burnley,-,0.0,0.0,-,0.0,0.0,3.1,0.07,0.12,2026-08-16 12:00:14.700
2026-08-17,SOC,"40817",Wrexham,Cardiff City,Wrexham,-,0.0,0.0,-,0.0,0.0,2.75,0.74,0.43,2026-08-16 12:00:14.700
2026-08-17,SOC,"40817",Wrexham,Cardiff City,Cardiff City,-,0.0,0.0,-,0.0,0.0,2.5,0.26,0.57,2026-08-16 12:00:14.700
2026-08-15,SOC,"89345",New York Red Bulls,Atlanta Utd,New York Red Bulls,-,0.0,0.0,-,0.0,0.0,3.0,0.51,0.38,2026-08-16 12:00:21.838
2026-08-15,SOC,"89345",New York Red Bulls,Atlanta Utd,Atlanta Utd,-,0.0,0.0,-,0.0,0.0,2.05,0.49,0.62,2026-08-16 12:00:21.838
2026-08-15,SOC,"89345",DC Utd,CF Montreal,DC Utd,-,0.0,0.0,-,0.0,0.0,3.05,0.38,0.32,2026-08-16 12:00:21.838
2026-08-15,SOC,"89345",DC Utd,CF Montreal,CF Montreal,-,0.0,0.0,-,0.0,0.0,2.1,0.62,0.68,2026-08-16 12:00:21.838
2026-08-15,SOC,"89345",Columbus Crew,Charlotte FC,Columbus Crew,-,0.0,0.0,-,0.0,0.0,3.1,0.15,0.32,2026-08-16 12:00:21.838
2026-08-15,SOC,"89345",Columbus Crew,Charlotte FC,Charlotte FC,-,0.0,0.0,-,0.0,0.0,2.1,0.85,0.68,2026-08-16 12:00:21.838
2026-08-15,SOC,"89345",FC Cincinnati,Orlando City,FC Cincinnati,-,0.0,0.0,-,0.0,0.0,2.3,0.39,0.35,2026-08-16 12:00:21.838
2026-08-15,SOC,"89345",FC Cincinnati,Orlando City,Orlando City,-,0.0,0.0,-,0.0,0.0,2.5,0.61,0.65,2026-08-16 12:00:21.838
2026-08-15,SOC,"89345",NE Revolution,Toronto FC,NE Revolution,-,0.0,0.0,-,0.0,0.0,2.95,0.42,0.41,2026-08-16 12:00:21.838
2026-08-15,SOC,"89345",NE Revolution,Toronto FC,Toronto FC,-,0.0,0.0,-,0.0,0.0,2.15,0.58,0.59,2026-08-16 12:00:21.838
2026-08-15,SOC,"89345",Inter Miami,Nashville SC,Inter Miami,-,0.0,0.0,-,0.0,0.0,2.55,0.91,0.71,2026-08-16 12:00:21.838
2026-08-15,SOC,"89345",Inter Miami,Nashville SC,Nashville SC,-,0.0,0.0,-,0.0,0.0,2.4,0.09,0.29,2026-08-16 12:00:21.838
2026-08-15,SOC,"89345",LA Galaxy,HOU Dynamo,LA Galaxy,-,0.0,0.0,-,0.0,0.0,4.6,0.06,0.19,2026-08-16 12:00:21.838
2026-08-15,SOC,"89345",LA Galaxy,HOU Dynamo,HOU Dynamo,-,0.0,0.0,-,0.0,0.0,1.6451613,0.94,0.81,2026-08-16 12:00:21.838
2026-08-15,SOC,"89345",Sporting KC,COL Rapids,Sporting KC,-,0.0,0.0,-,0.0,0.0,5.75,0.02,0.21,2026-08-16 12:00:21.838
2026-08-15,SOC,"89345",Sporting KC,COL Rapids,COL Rapids,-,0.0,0.0,-,0.0,0.0,1.4545455,0.98,0.79,2026-08-16 12:00:21.838
2026-08-15,SOC,"89345",Minnesota Utd,Real Salt Lake,Minnesota Utd,-,0.0,0.0,-,0.0,0.0,3.8,0.04,0.19,2026-08-16 12:00:21.838
2026-08-15,SOC,"89345",Minnesota Utd,Real Salt Lake,Real Salt Lake,-,0.0,0.0,-,0.0,0.0,1.8333334,0.96,0.81,2026-08-16 12:00:21.839
2026-08-15,SOC,"89345",San Diego FC,LAFC,San Diego FC,-,0.0,0.0,-,0.0,0.0,4.6,0.01,0.12,2026-08-16 12:00:21.839
2026-08-15,SOC,"89345",San Diego FC,LAFC,LAFC,-,0.0,0.0,-,0.0,0.0,1.6060606,0.99,0.88,2026-08-16 12:00:21.839
2026-08-15,SOC,"89345",St Louis City SC,SJ Earthquakes,St Louis City SC,-,0.0,0.0,-,0.0,0.0,3.0,0.23,0.4,2026-08-16 12:00:21.839
2026-08-15,SOC,"89345",St Louis City SC,SJ Earthquakes,SJ Earthquakes,-,0.0,0.0,-,0.0,0.0,2.05,0.77,0.6,2026-08-16 12:00:21.839
2026-08-16,SOC,"89345",PHI Union,NYCFC,PHI Union,-,0.0,0.0,-,0.0,0.0,2.75,0.15,0.58,2026-08-16 12:00:21.839
2026-08-16,SOC,"89345",PHI Union,NYCFC,NYCFC,-,0.0,0.0,-,0.0,0.0,2.3,0.85,0.42,2026-08-16 12:00:21.839
2026-08-16,SOC,"89345",POR Timbers,CHI Fire,POR Timbers,-,0.0,0.0,-,0.0,0.0,5.0,0.29,0.47,2026-08-16 12:00:21.839
2026-08-16,SOC,"89345",POR Timbers,CHI Fire,CHI Fire,-,0.0,0.0,-,0.0,0.0,1.4761904,0.71,0.53,2026-08-16 12:00:21.839
2026-08-16,SOC,"89345",FC Dallas,Austin FC,FC Dallas,-,0.0,0.0,-,0.0,0.0,2.25,0.22,0.78,2026-08-16 12:00:21.839
2026-08-16,SOC,"89345",FC Dallas,Austin FC,Austin FC,-,0.0,0.0,-,0.0,0.0,2.8,0.78,0.22,2026-08-16 12:00:21.839
2026-08-16,SOC,"89345",Vancouver Whitecaps,Seattle Sounders,Vancouver Whitecaps,-,0.0,0.0,-,0.0,0.0,1.8,0.85,0.89,2026-08-16 12:00:21.839
2026-08-16,SOC,"89345",Vancouver Whitecaps,Seattle Sounders,Seattle Sounders,-,0.0,0.0,-,0.0,0.0,3.8,0.15,0.11,2026-08-16 12:00:21.839
2026-08-15,UFC,UFC,Chidi Njokuani,Joel Alvarez,Chidi Njokuani,-,0.0,0.0,-,0.0,0.0,3.0,0.0,0.0,2026-08-16 12:00:23.460
2026-08-15,UFC,UFC,Chidi Njokuani,Joel Alvarez,Joel Alvarez,-,0.0,0.0,-,0.0,0.0,1.4081633,1.0,1.0,2026-08-16 12:00:23.460
2026-08-15,UFC,UFC,Myktybek Orolbai,Jeremiah Wells,Myktybek Orolbai,-,0.0,0.0,-,0.0,0.0,1.074074,0.78,0.89,2026-08-16 12:00:23.460
2026-08-15,UFC,UFC,Myktybek Orolbai,Jeremiah Wells,Jeremiah Wells,-,0.0,0.0,-,0.0,0.0,9.0,0.22,0.11,2026-08-16 12:00:23.460
2026-08-15,UFC,UFC,Ramiz Brahimaj,Neil Magny,Ramiz Brahimaj,-,0.0,0.0,-,0.0,0.0,1.7042253,0.75,0.59,2026-08-16 12:00:23.460
2026-08-15,UFC,UFC,Ramiz Brahimaj,Neil Magny,Neil Magny,-,0.0,0.0,-,0.0,0.0,2.2,0.25,0.41,2026-08-16 12:00:23.460
2026-08-15,UFC,UFC,Lucas Fernando,Rafael Tobias,Lucas Fernando,-,0.0,0.0,-,0.0,0.0,1.3508772,0.62,0.79,2026-08-16 12:00:23.460
2026-08-15,UFC,UFC,Lucas Fernando,Rafael Tobias,Rafael Tobias,-,0.0,0.0,-,0.0,0.0,3.3,0.38,0.21,2026-08-16 12:00:23.460
2026-08-15,UFC,UFC,Tresean Gore,Vicente Luque,Tresean Gore,-,0.0,0.0,-,0.0,0.0,1.8474576,0.6,0.49,2026-08-16 12:00:23.460
2026-08-15,UFC,UFC,Tresean Gore,Vicente Luque,Vicente Luque,-,0.0,0.0,-,0.0,0.0,1.9803921,0.4,0.51,2026-08-16 12:00:23.460
2026-08-15,UFC,UFC,Eric McConico,Donte Johnson,Eric McConico,-,0.0,0.0,-,0.0,0.0,3.8,0.29,0.16,2026-08-16 12:00:23.460
2026-08-15,UFC,UFC,Eric McConico,Donte Johnson,Donte Johnson,-,0.0,0.0,-,0.0,0.0,1.2816901,0.71,0.84,2026-08-16 12:00:23.460
2026-08-15,UFC,UFC,Eduardo Henrique,Charles Johnson,Eduardo Henrique,-,0.0,0.0,-,0.0,0.0,1.9803921,0.39,0.3,2026-08-16 12:00:23.460
2026-08-15,UFC,UFC,Eduardo Henrique,Charles Johnson,Charles Johnson,-,0.0,0.0,-,0.0,0.0,1.8474576,0.61,0.7,2026-08-16 12:00:23.460
2026-08-15,UFC,UFC,Joel Alvarez,Chidi Njokuani,Joel Alvarez,-,0.0,0.0,-,0.0,0.0,1.2666667,0.78,0.87,2026-08-16 12:00:23.460
2026-08-15,UFC,UFC,Joel Alvarez,Chidi Njokuani,Chidi Njokuani,-,0.0,0.0,-,0.0,0.0,3.95,0.22,0.13,2026-08-16 12:00:23.460
2026-08-15,UFC,UFC,Esteban Ribovics,Edson Barboza,Esteban Ribovics,-,0.0,0.0,-,0.0,0.0,1.1333333,0.3,0.75,2026-08-16 12:00:23.460
2026-08-15,UFC,UFC,Esteban Ribovics,Edson Barboza,Edson Barboza,-,0.0,0.0,-,0.0,0.0,6.25,0.7,0.25,2026-08-16 12:00:23.460
2026-08-15,UFC,UFC,Dustin Stoltzfus,Mansur Abdul-Malik,Dustin Stoltzfus,-,0.0,0.0,-,0.0,0.0,5.9,0.38,0.13,2026-08-16 12:00:23.460
2026-08-15,UFC,UFC,Dustin Stoltzfus,Mansur Abdul-Malik,Mansur Abdul-Malik,-,0.0,0.0,-,0.0,0.0,1.1481482,0.62,0.87,2026-08-16 12:00:23.460
2026-08-15,UFC,UFC,Jose Ochoa,Charles Johnson,Jose Ochoa,-,0.0,0.0,-,0.0,0.0,1.2197802,0.77,0.82,2026-08-16 12:00:23.460
2026-08-15,UFC,UFC,Jose Ochoa,Charles Johnson,Charles Johnson,-,0.0,0.0,-,0.0,0.0,4.5,0.23,0.18,2026-08-16 12:00:23.460
2026-08-15,UFC,UFC,Kaue Fernandes,Jalin Turner,Kaue Fernandes,-,0.0,0.0,-,0.0,0.0,2.0,0.56,0.37,2026-08-16 12:00:23.460
2026-08-15,UFC,UFC,Kaue Fernandes,Jalin Turner,Jalin Turner,-,0.0,0.0,-,0.0,0.0,1.8333334,0.44,0.63,2026-08-16 12:00:23.460
2026-08-15,UFC,UFC,Gillian Robertson,Mackenzie Dern,Gillian Robertson,-,0.0,0.0,-,0.0,0.0,2.8,0.25,0.27,2026-08-16 12:00:23.461
2026-08-15,UFC,UFC,Gillian Robertson,Mackenzie Dern,Mackenzie Dern,-,0.0,0.0,-,0.0,0.0,1.4587156,0.75,0.73,2026-08-16 12:00:23.461
2026-08-15,UFC,UFC,Ian Machado Garry,Islam Makhachev,Ian Machado Garry,-,0.0,0.0,-,0.0,0.0,3.75,0.66,0.27,2026-08-16 12:00:23.461
2026-08-15,UFC,UFC,Ian Machado Garry,Islam Makhachev,Islam Makhachev,-,0.0,0.0,-,0.0,0.0,1.2898551,0.34,0.73,2026-08-16 12:00:23.461
2026-08-15,BOX,BOX,Alexander Thiel,Jaquan McElroy,Alexander Thiel,-,0.0,0.0,-,0.0,0.0,9.0,0.0,0.0,2026-08-16 12:00:25.130
2026-08-15,BOX,BOX,Alexander Thiel,Jaquan McElroy,Jaquan McElroy,-,0.0,0.0,-,0.0,0.0,1.0625,1.0,1.0,2026-08-16 12:00:25.130
2026-08-15,BOX,BOX,Michael Nelson,Casey Dixon,Michael Nelson,-,0.0,0.0,-,0.0,0.0,10.0,0.0,0.0,2026-08-16 12:00:25.130
2026-08-15,BOX,BOX,Michael Nelson,Casey Dixon,Casey Dixon,-,0.0,0.0,-,0.0,0.0,1.05,1.0,1.0,2026-08-16 12:00:25.130
2026-08-15,BOX,BOX,Rahmel McKinley,Daniel Mercado,Rahmel McKinley,-,0.0,0.0,-,0.0,0.0,17.0,0.0,0.0,2026-08-16 12:00:25.130
2026-08-15,BOX,BOX,Rahmel McKinley,Daniel Mercado,Daniel Mercado,-,0.0,0.0,-,0.0,0.0,1.01,1.0,1.0,2026-08-16 12:00:25.130
2026-08-15,BOX,BOX,Marianela Ramirez,Shannel Butler,Marianela Ramirez,-,0.0,0.0,-,0.0,0.0,8.5,0.0,0.0,2026-08-16 12:00:25.130
2026-08-15,BOX,BOX,Marianela Ramirez,Shannel Butler,Shannel Butler,-,0.0,0.0,-,0.0,0.0,1.0625,1.0,1.0,2026-08-16 12:00:25.131
2026-08-15,BOX,BOX,Da'Velle Smith,Hakim Lopez,Da'Velle Smith,-,0.0,0.0,-,0.0,0.0,1.3846154,1.0,1.0,2026-08-16 12:00:25.131
2026-08-15,BOX,BOX,Da'Velle Smith,Hakim Lopez,Hakim Lopez,-,0.0,0.0,-,0.0,0.0,3.0,0.0,0.0,2026-08-16 12:00:25.131
2026-08-15,BOX,BOX,Olivia Curry,Danielle Perkins,Olivia Curry,-,0.0,0.0,-,0.0,0.0,5.75,0.0,0.0,2026-08-16 12:00:25.131
2026-08-15,BOX,BOX,Olivia Curry,Danielle Perkins,Danielle Perkins,-,0.0,0.0,-,0.0,0.0,1.1333333,1.0,1.0,2026-08-16 12:00:25.131
2026-08-15,BOX,BOX,Roamer Angulo,Atif Oberlton,Roamer Angulo,-,0.0,0.0,-,0.0,0.0,10.0,0.11,0.05,2026-08-16 12:00:25.131
2026-08-15,BOX,BOX,Roamer Angulo,Atif Oberlton,Atif Oberlton,-,0.0,0.0,-,0.0,0.0,1.05,0.89,0.95,2026-08-16 12:00:25.131
2026-08-15,BOX,BOX,Bernice Ferreira,Caroline Veyre,Bernice Ferreira,-,0.0,0.0,-,0.0,0.0,4.2,0.0,0.0,2026-08-16 12:00:25.131
2026-08-15,BOX,BOX,Bernice Ferreira,Caroline Veyre,Caroline Veyre,-,0.0,0.0,-,0.0,0.0,1.2222222,1.0,1.0,2026-08-16 12:00:25.131
2026-08-15,BOX,BOX,Paulette Cuesta,Ashleyann Lozada,Paulette Cuesta,-,0.0,0.0,-,0.0,0.0,7.5,0.0,0.0,2026-08-16 12:00:25.131
2026-08-15,BOX,BOX,Paulette Cuesta,Ashleyann Lozada,Ashleyann Lozada,-,0.0,0.0,-,0.0,0.0,1.0833334,1.0,1.0,2026-08-16 12:00:25.131
2026-08-15,BOX,BOX,Joseph Hicks,Troy Isley,Joseph Hicks,-,0.0,0.0,-,0.0,0.0,5.75,0.0,0.0,2026-08-16 12:00:25.131
2026-08-15,BOX,BOX,Joseph Hicks,Troy Isley,Troy Isley,-,0.0,0.0,-,0.0,0.0,1.1333333,1.0,1.0,2026-08-16 12:00:25.131
2026-08-15,BOX,BOX,Roger Hilley,Ernesto Mercado,Roger Hilley,-,0.0,0.0,-,0.0,0.0,14.0,0.0,0.0,2026-08-16 12:00:25.131
2026-08-15,BOX,BOX,Roger Hilley,Ernesto Mercado,Ernesto Mercado,-,0.0,0.0,-,0.0,0.0,1.02,1.0,1.0,2026-08-16 12:00:25.131
2026-08-16,BOX,BOX,Kaye Scott,Claressa Shields,Kaye Scott,-,0.0,0.0,-,0.0,0.0,13.0,0.94,0.18,2026-08-16 12:00:25.131
2026-08-16,BOX,BOX,Kaye Scott,Claressa Shields,Claressa Shields,-,0.0,0.0,-,0.0,0.0,1.0333333,0.06,0.82,2026-08-16 12:00:25.131
2026-08-16,BOX,BOX,Emmanuel Tagoe,Ernesto Mercado,Emmanuel Tagoe,-,0.0,0.0,-,0.0,0.0,12.0,0.0,0.0,2026-08-16 12:00:25.131
2026-08-16,BOX,BOX,Emmanuel Tagoe,Ernesto Mercado,Ernesto Mercado,-,0.0,0.0,-,0.0,0.0,1.0333333,1.0,1.0,2026-08-16 12:00:25.131
2026-08-15,AFL,AFL,Collingwood Magpies,Hawthorn Hawks,Collingwood Magpies,+21.5,0.88,0.5,-,0.0,0.0,3.45,0.0,0.0,2026-08-16 12:00:26.623
2026-08-15,AFL,AFL,Collingwood Magpies,Hawthorn Hawks,Hawthorn Hawks,-21.5,0.12,0.5,-,0.0,0.0,1.3030303,1.0,1.0,2026-08-16 12:00:26.623
2026-08-15,AFL,AFL,Melbourne Demons,Port Adelaide Power,Melbourne Demons,-25.5,1.0,1.0,-,0.0,0.0,1.2564102,1.0,1.0,2026-08-16 12:00:26.623
2026-08-15,AFL,AFL,Melbourne Demons,Port Adelaide Power,Port Adelaide Power,+25.5,0.0,0.0,-,0.0,0.0,3.9,0.0,0.0,2026-08-16 12:00:26.623
2026-08-15,AFL,AFL,West Coast Eagles,GWS Giants,West Coast Eagles,-,0.0,0.0,"181.5",0.0,0.0,5.25,0.0,0.0,2026-08-16 12:00:26.623
2026-08-15,AFL,AFL,West Coast Eagles,GWS Giants,GWS Giants,-,0.0,0.0,"181.5",1.0,1.0,1.1538461,1.0,1.0,2026-08-16 12:00:26.623
2026-08-16,AFL,AFL,Carlton Blues,Western Bulldogs,Carlton Blues,-23.5,0.0,0.0,-,0.0,0.0,1.25,0.0,0.0,2026-08-16 12:00:26.623
2026-08-16,AFL,AFL,Carlton Blues,Western Bulldogs,Western Bulldogs,+23.5,1.0,1.0,-,0.0,0.0,3.95,1.0,1.0,2026-08-16 12:00:26.623
2026-08-15,MLB,MLB,Chicago White Sox,Detroit Tigers,Chicago White Sox,+1.5,0.14,0.53,"8",0.65,0.65,2.3,0.39,0.29,2026-08-16 12:25:09.169
2026-08-15,MLB,MLB,Chicago White Sox,Detroit Tigers,Detroit Tigers,-1.5,0.86,0.47,"8",0.35,0.35,1.7142857,0.61,0.71,2026-08-16 12:25:09.169
2026-08-15,MLB,MLB,ST Louis Cardinals,Chicago Cubs,ST Louis Cardinals,+1.5,0.12,0.23,"9",0.53,0.49,2.68,0.21,0.14,2026-08-16 12:25:09.169
2026-08-15,MLB,MLB,ST Louis Cardinals,Chicago Cubs,Chicago Cubs,-1.5,0.88,0.77,"9",0.47,0.51,1.5524862,0.79,0.86,2026-08-16 12:25:09.169
2026-08-15,MLB,MLB,New York Yankees,Toronto Blue Jays,New York Yankees,-1.5,0.85,0.7,"7",0.52,0.49,1.5376344,0.83,0.83,2026-08-16 12:25:09.169
2026-08-15,MLB,MLB,New York Yankees,Toronto Blue Jays,Toronto Blue Jays,+1.5,0.15,0.3,"7",0.48,0.51,2.73,0.17,0.17,2026-08-16 12:25:09.169
2026-08-15,MLB,MLB,Colorado Rockies,San Francisco Giants,Colorado Rockies,+1.5,0.09,0.37,"7.5",0.84,0.75,2.55,0.26,0.21,2026-08-16 12:25:09.169
2026-08-15,MLB,MLB,Colorado Rockies,San Francisco Giants,San Francisco Giants,-1.5,0.91,0.63,"7.5",0.16,0.25,1.5988024,0.74,0.79,2026-08-16 12:25:09.169
2026-08-15,MLB,MLB,Washington Nationals,New York Mets,Washington Nationals,+1.5,0.1,0.6,"7.5",0.79,0.65,2.21,0.17,0.35,2026-08-16 12:25:09.169
2026-08-15,MLB,MLB,Washington Nationals,New York Mets,New York Mets,-1.5,0.9,0.4,"7.5",0.21,0.35,1.7692307,0.83,0.65,2026-08-16 12:25:09.169
2026-08-15,MLB,MLB,Baltimore Orioles,Tampa Bay Rays,Baltimore Orioles,+1.5,0.03,0.39,"7.5",0.45,0.61,2.31,0.2,0.18,2026-08-16 12:25:09.169
2026-08-15,MLB,MLB,Baltimore Orioles,Tampa Bay Rays,Tampa Bay Rays,-1.5,0.97,0.61,"7.5",0.55,0.39,1.7092198,0.8,0.82,2026-08-16 12:25:09.169
2026-08-15,MLB,MLB,Miami Marlins,Cincinnati Reds,Miami Marlins,-1.5,0.69,0.18,"9",0.94,0.53,1.9803921,0.66,0.49,2026-08-16 12:25:09.169
2026-08-15,MLB,MLB,Miami Marlins,Cincinnati Reds,Cincinnati Reds,+1.5,0.31,0.82,"9",0.06,0.47,1.9523809,0.34,0.51,2026-08-16 12:25:09.169
2026-08-15,MLB,MLB,San Diego Padres,Cleveland Guardians,San Diego Padres,-1.5,0.69,0.42,"8.5",0.31,0.55,2.01,0.79,0.56,2026-08-16 12:25:09.169
2026-08-15,MLB,MLB,San Diego Padres,Cleveland Guardians,Cleveland Guardians,+1.5,0.31,0.58,"8.5",0.69,0.45,1.925926,0.21,0.44,2026-08-16 12:25:09.169
2026-08-15,MLB,MLB,Philadelphia Phillies,Minnesota Twins,Philadelphia Phillies,-1.5,0.75,0.63,"8",0.95,0.69,1.7518797,0.77,0.87,2026-08-16 12:25:09.169
2026-08-15,MLB,MLB,Philadelphia Phillies,Minnesota Twins,Minnesota Twins,+1.5,0.25,0.37,"8",0.05,0.31,2.23,0.23,0.13,2026-08-16 12:25:09.169
2026-08-15,MLB,MLB,Seattle Mariners,Houston Astros,Seattle Mariners,+1.5,0.19,0.64,"8.5",0.82,0.59,2.1,0.33,0.28,2026-08-16 12:25:09.169
2026-08-15,MLB,MLB,Seattle Mariners,Houston Astros,Houston Astros,-1.5,0.81,0.36,"8.5",0.18,0.41,1.8474576,0.67,0.72,2026-08-16 12:25:09.169
2026-08-15,MLB,MLB,Arizona Diamondbacks,Atlanta Braves,Arizona Diamondbacks,+1.5,0.56,0.64,"9",0.77,0.37,2.23,0.38,0.26,2026-08-16 12:25:09.169
2026-08-15,MLB,MLB,Arizona Diamondbacks,Atlanta Braves,Atlanta Braves,-1.5,0.44,0.36,"9",0.23,0.63,1.7518797,0.62,0.74,2026-08-16 12:25:09.169
2026-08-15,MLB,MLB,Boston Red Sox,Pittsburgh Pirates,Boston Red Sox,-1.5,0.83,0.64,"7.5",0.74,0.7,1.8403361,0.91,0.84,2026-08-16 12:25:09.169
2026-08-15,MLB,MLB,Boston Red Sox,Pittsburgh Pirates,Pittsburgh Pirates,+1.5,0.17,0.36,"7.5",0.26,0.3,2.11,0.09,0.16,2026-08-16 12:25:09.169
2026-08-15,MLB,MLB,Milwaukee Brewers,Los Angeles Dodgers,Milwaukee Brewers,-1.5,0.26,0.2,"7.5",0.16,0.4,1.8196721,0.64,0.56,2026-08-16 12:25:09.169
2026-08-15,MLB,MLB,Milwaukee Brewers,Los Angeles Dodgers,Los Angeles Dodgers,+1.5,0.74,0.8,"7.5",0.84,0.6,2.14,0.36,0.44,2026-08-16 12:25:09.169
2026-08-15,MLB,MLB,Kansas City Royals,Los Angeles Angels,Kansas City Royals,+1.5,0.63,0.78,"8",0.48,0.49,2.42,0.49,0.38,2026-08-16 12:25:09.169
2026-08-15,MLB,MLB,Kansas City Royals,Los Angeles Angels,Los Angeles Angels,-1.5,0.37,0.22,"8",0.52,0.51,1.6535947,0.51,0.62,2026-08-16 12:25:09.169
2026-08-15,MLB,MLB,Texas Rangers,Athletics,Texas Rangers,-1.5,0.77,0.35,"9.5",0.71,0.42,1.6493506,0.7,0.72,2026-08-16 12:25:09.169
2026-08-15,MLB,MLB,Texas Rangers,Athletics,Athletics,+1.5,0.23,0.65,"9.5",0.29,0.58,2.43,0.3,0.28,2026-08-16 12:25:09.169
2026-08-16,MLB,MLB,Baltimore Orioles,Tampa Bay Rays,Baltimore Orioles,+1.5,0.26,0.42,"8",0.78,0.61,2.23,0.36,0.25,2026-08-16 12:25:09.169
2026-08-16,MLB,MLB,Baltimore Orioles,Tampa Bay Rays,Tampa Bay Rays,-1.5,0.74,0.58,"8",0.22,0.39,1.6711409,0.64,0.75,2026-08-16 12:25:09.169
2026-08-16,MLB,MLB,Arizona Diamondbacks,Atlanta Braves,Arizona Diamondbacks,+1.5,0.23,0.41,"8.5",0.26,0.51,2.05,0.47,0.31,2026-08-16 12:25:09.169
2026-08-16,MLB,MLB,Arizona Diamondbacks,Atlanta Braves,Atlanta Braves,-1.5,0.77,0.59,"8.5",0.74,0.49,1.7874016,0.53,0.69,2026-08-16 12:25:09.169
2026-08-16,MLB,MLB,Boston Red Sox,Pittsburgh Pirates,Boston Red Sox,-1.5,0.1,0.24,"8",0.17,0.38,1.9803921,0.79,0.52,2026-08-16 12:25:09.169
2026-08-16,MLB,MLB,Boston Red Sox,Pittsburgh Pirates,Pittsburgh Pirates,+1.5,0.9,0.76,"8",0.83,0.62,1.8474576,0.21,0.48,2026-08-16 12:25:09.169
2026-08-16,MLB,MLB,New York Yankees,Toronto Blue Jays,New York Yankees,-1.5,0.1,0.22,"7.5",0.08,0.29,2.0,0.58,0.57,2026-08-16 12:25:09.169
2026-08-16,MLB,MLB,New York Yankees,Toronto Blue Jays,Toronto Blue Jays,+1.5,0.9,0.78,"7.5",0.92,0.71,1.8333334,0.42,0.43,2026-08-16 12:25:09.169
2026-08-16,MLB,MLB,San Diego Padres,Cleveland Guardians,San Diego Padres,-1.5,0.88,0.43,"8.5",0.32,0.38,1.877193,0.86,0.62,2026-08-16 12:25:09.169
2026-08-16,MLB,MLB,San Diego Padres,Cleveland Guardians,Cleveland Guardians,+1.5,0.12,0.57,"8.5",0.68,0.63,1.9523809,0.14,0.38,2026-08-16 12:25:09.169
2026-08-16,MLB,MLB,Washington Nationals,New York Mets,Washington Nationals,+1.5,0.0,0.39,"8.5",0.92,0.35,2.44,0.09,0.23,2026-08-16 12:25:09.169
2026-08-16,MLB,MLB,Washington Nationals,New York Mets,New York Mets,-1.5,1.0,0.61,"8.5",0.08,0.65,1.5714285,0.91,0.77,2026-08-16 12:25:09.169
2026-08-16,MLB,MLB,Miami Marlins,Cincinnati Reds,Miami Marlins,-1.5,0.12,0.44,"9",0.82,0.53,1.7692307,0.67,0.51,2026-08-16 12:25:09.169
2026-08-16,MLB,MLB,Miami Marlins,Cincinnati Reds,Cincinnati Reds,+1.5,0.88,0.56,"9",0.18,0.47,2.08,0.33,0.49,2026-08-16 12:25:09.169
2026-08-16,MLB,MLB,Chicago White Sox,Detroit Tigers,Chicago White Sox,-1.5,0.96,0.37,"8",0.86,0.57,1.925926,0.96,0.61,2026-08-16 12:25:09.169
2026-08-16,MLB,MLB,Chicago White Sox,Detroit Tigers,Detroit Tigers,+1.5,0.04,0.63,"8",0.14,0.43,1.8928572,0.04,0.39,2026-08-16 12:25:09.169
2026-08-16,MLB,MLB,Philadelphia Phillies,Minnesota Twins,Philadelphia Phillies,-1.5,0.9,0.57,"9",0.43,0.56,1.877193,0.95,0.74,2026-08-16 12:25:09.169
2026-08-16,MLB,MLB,Philadelphia Phillies,Minnesota Twins,Minnesota Twins,+1.5,0.1,0.43,"9",0.57,0.44,1.9523809,0.05,0.26,2026-08-16 12:25:09.169
2026-08-16,MLB,MLB,ST Louis Cardinals,Chicago Cubs,ST Louis Cardinals,+1.5,0.06,0.26,"9",0.15,0.18,2.34,0.25,0.21,2026-08-16 12:25:09.169
2026-08-16,MLB,MLB,ST Louis Cardinals,Chicago Cubs,Chicago Cubs,-1.5,0.94,0.74,"9",0.85,0.82,1.6172839,0.75,0.79,2026-08-16 12:25:09.169
2026-08-16,MLB,MLB,Texas Rangers,Athletics,Texas Rangers,-1.5,0.93,0.75,"10.5",0.96,0.39,1.7352941,0.57,0.59,2026-08-16 12:25:09.169
2026-08-16,MLB,MLB,Texas Rangers,Athletics,Athletics,+1.5,0.07,0.25,"10.5",0.04,0.61,2.13,0.43,0.41,2026-08-16 12:25:09.169
2026-08-16,MLB,MLB,Colorado Rockies,San Francisco Giants,Colorado Rockies,+1.5,0.32,0.27,"8",0.67,0.65,2.12,0.16,0.25,2026-08-16 12:25:09.169
2026-08-16,MLB,MLB,Colorado Rockies,San Francisco Giants,San Francisco Giants,-1.5,0.68,0.73,"8",0.33,0.35,1.7407408,0.84,0.75,2026-08-16 12:25:09.169
2026-08-16,MLB,MLB,Kansas City Royals,Los Angeles Angels,Kansas City Royals,-1.5,0.38,0.55,"9.5",0.53,0.21,1.8264463,0.86,0.55,2026-08-16 12:25:09.169
2026-08-16,MLB,MLB,Kansas City Royals,Los Angeles Angels,Los Angeles Angels,+1.5,0.62,0.45,"9.5",0.47,0.79,2.01,0.14,0.45,2026-08-16 12:25:09.169
2026-08-16,MLB,MLB,Milwaukee Brewers,Los Angeles Dodgers,Milwaukee Brewers,+1.5,0.05,0.3,"7.5",0.89,0.53,2.49,0.42,0.25,2026-08-16 12:25:09.169
2026-08-16,MLB,MLB,Milwaukee Brewers,Los Angeles Dodgers,Los Angeles Dodgers,-1.5,0.95,0.7,"7.5",0.11,0.47,1.5524862,0.58,0.75,2026-08-16 12:25:09.169
2026-08-16,MLB,MLB,Seattle Mariners,Houston Astros,Seattle Mariners,+1.5,0.34,0.43,"7.5",0.1,0.6,2.13,0.37,0.31,2026-08-16 12:25:09.169
2026-08-16,MLB,MLB,Seattle Mariners,Houston Astros,Houston Astros,-1.5,0.66,0.57,"7.5",0.9,0.4,1.7352941,0.63,0.69,2026-08-16 12:25:09.169
2026-08-15,SOC,"40031",Getafe,Alaves,Getafe,-,0.0,0.0,-,0.0,0.0,3.75,0.24,0.34,2026-08-16 12:25:18.654
2026-08-15,SOC,"40031",Getafe,Alaves,Alaves,-,0.0,0.0,-,0.0,0.0,2.4,0.76,0.66,2026-08-16 12:25:18.654
2026-08-15,SOC,"40031",Vallecano,Sevilla,Vallecano,-,0.0,0.0,-,0.0,0.0,3.05,0.17,0.12,2026-08-16 12:25:18.654
2026-08-15,SOC,"40031",Vallecano,Sevilla,Sevilla,-,0.0,0.0,-,0.0,0.0,2.7,0.83,0.88,2026-08-16 12:25:18.654
2026-08-16,SOC,"40031",Villarreal,Racing Santander,Villarreal,-,0.0,0.0,-,0.0,0.0,2.1,0.97,0.97,2026-08-16 12:25:18.670
2026-08-16,SOC,"40031",Villarreal,Racing Santander,Racing Santander,-,0.0,0.0,-,0.0,0.0,3.35,0.03,0.03,2026-08-16 12:25:18.670
2026-08-16,SOC,"40031",Levante,Espanyol,Levante,-,0.0,0.0,-,0.0,0.0,3.7,0.18,0.11,2026-08-16 12:25:18.670
2026-08-16,SOC,"40031",Levante,Espanyol,Espanyol,-,0.0,0.0,-,0.0,0.0,2.1,0.82,0.89,2026-08-16 12:25:18.670
2026-08-16,SOC,"40031",Osasuna,Celta Vigo,Osasuna,-,0.0,0.0,-,0.0,0.0,3.65,0.09,0.1,2026-08-16 12:25:18.670
2026-08-16,SOC,"40031",Osasuna,Celta Vigo,Celta Vigo,-,0.0,0.0,-,0.0,0.0,2.05,0.91,0.9,2026-08-16 12:25:18.670
2026-08-17,SOC,"40031",Elche,Dep La Coruna,Elche,-,0.0,0.0,-,0.0,0.0,3.4,0.56,0.57,2026-08-16 12:25:18.670
2026-08-17,SOC,"40031",Elche,Dep La Coruna,Dep La Coruna,-,0.0,0.0,-,0.0,0.0,2.35,0.44,0.43,2026-08-16 12:25:18.670
2026-08-15,SOC,"40817",Preston,Bolton,Preston,-,0.0,0.0,-,0.0,0.0,3.05,0.19,0.3,2026-08-16 12:25:20.284
2026-08-15,SOC,"40817",Preston,Bolton,Bolton,-,0.0,0.0,-,0.0,0.0,2.35,0.81,0.7,2026-08-16 12:25:20.284
2026-08-15,SOC,"40817",West Brom,Norwich,West Brom,-,0.0,0.0,-,0.0,0.0,3.75,0.05,0.11,2026-08-16 12:25:20.284
2026-08-15,SOC,"40817",West Brom,Norwich,Norwich,-,0.0,0.0,-,0.0,0.0,2.0,0.95,0.89,2026-08-16 12:25:20.284
2026-08-15,SOC,"40817",Swansea,Stoke City,Swansea,-,0.0,0.0,-,0.0,0.0,3.05,0.19,0.21,2026-08-16 12:25:20.284
2026-08-15,SOC,"40817",Swansea,Stoke City,Stoke City,-,0.0,0.0,-,0.0,0.0,2.35,0.81,0.79,2026-08-16 12:25:20.284
2026-08-15,SOC,"40817",Millwall,Bristol City,Millwall,-,0.0,0.0,-,0.0,0.0,2.8,0.58,0.44,2026-08-16 12:25:20.284
2026-08-15,SOC,"40817",Millwall,Bristol City,Bristol City,-,0.0,0.0,-,0.0,0.0,2.5,0.42,0.56,2026-08-16 12:25:20.284
2026-08-15,SOC,"40817",Lincoln City,Middlesbrough,Lincoln City,-,0.0,0.0,-,0.0,0.0,6.5,0.03,0.02,2026-08-16 12:25:20.284
2026-08-15,SOC,"40817",Lincoln City,Middlesbrough,Middlesbrough,-,0.0,0.0,-,0.0,0.0,1.5128205,0.97,0.98,2026-08-16 12:25:20.284
2026-08-15,SOC,"40817",Derby County,Charlton,Derby County,-,0.0,0.0,-,0.0,0.0,2.75,0.42,0.53,2026-08-16 12:25:20.284
2026-08-15,SOC,"40817",Derby County,Charlton,Charlton,-,0.0,0.0,-,0.0,0.0,2.7,0.58,0.47,2026-08-16 12:25:20.284
2026-08-15,SOC,"40817",Queens Park Rangers,Portsmouth,Queens Park Rangers,-,0.0,0.0,-,0.0,0.0,3.15,0.66,0.25,2026-08-16 12:25:20.284
2026-08-15,SOC,"40817",Queens Park Rangers,Portsmouth,Portsmouth,-,0.0,0.0,-,0.0,0.0,2.35,0.34,0.75,2026-08-16 12:25:20.284
2026-08-15,SOC,"40817",Birmingham,Sheffield Utd,Birmingham,-,0.0,0.0,-,0.0,0.0,3.3,0.24,0.25,2026-08-16 12:25:20.284
2026-08-15,SOC,"40817",Birmingham,Sheffield Utd,Sheffield Utd,-,0.0,0.0,-,0.0,0.0,2.25,0.76,0.75,2026-08-16 12:25:20.284
2026-08-16,SOC,"40817",Southampton,Watford,Southampton,-,0.0,0.0,-,0.0,0.0,2.1,0.9,0.89,2026-08-16 12:25:20.284
2026-08-16,SOC,"40817",Southampton,Watford,Watford,-,0.0,0.0,-,0.0,0.0,3.45,0.1,0.11,2026-08-16 12:25:20.284
2026-08-16,SOC,"40817",West Ham,Burnley,West Ham,-,0.0,0.0,-,0.0,0.0,2.25,0.93,0.88,2026-08-16 12:25:20.284
2026-08-16,SOC,"40817",West Ham,Burnley,Burnley,-,0.0,0.0,-,0.0,0.0,3.1,0.07,0.12,2026-08-16 12:25:20.284
2026-08-17,SOC,"40817",Wrexham,Cardiff City,Wrexham,-,0.0,0.0,-,0.0,0.0,2.75,0.74,0.43,2026-08-16 12:25:20.284
2026-08-17,SOC,"40817",Wrexham,Cardiff City,Cardiff City,-,0.0,0.0,-,0.0,0.0,2.5,0.26,0.57,2026-08-16 12:25:20.284
2026-08-15,SOC,"89345",New York Red Bulls,Atlanta Utd,New York Red Bulls,-,0.0,0.0,-,0.0,0.0,3.0,0.51,0.38,2026-08-16 12:25:36.664
2026-08-15,SOC,"89345",New York Red Bulls,Atlanta Utd,Atlanta Utd,-,0.0,0.0,-,0.0,0.0,2.05,0.49,0.62,2026-08-16 12:25:36.664
2026-08-15,SOC,"89345",DC Utd,CF Montreal,DC Utd,-,0.0,0.0,-,0.0,0.0,3.05,0.38,0.32,2026-08-16 12:25:36.664
2026-08-15,SOC,"89345",DC Utd,CF Montreal,CF Montreal,-,0.0,0.0,-,0.0,0.0,2.1,0.62,0.68,2026-08-16 12:25:36.664
2026-08-15,SOC,"89345",Columbus Crew,Charlotte FC,Columbus Crew,-,0.0,0.0,-,0.0,0.0,3.1,0.15,0.32,2026-08-16 12:25:36.664
2026-08-15,SOC,"89345",Columbus Crew,Charlotte FC,Charlotte FC,-,0.0,0.0,-,0.0,0.0,2.1,0.85,0.68,2026-08-16 12:25:36.664
2026-08-15,SOC,"89345",FC Cincinnati,Orlando City,FC Cincinnati,-,0.0,0.0,-,0.0,0.0,2.3,0.39,0.35,2026-08-16 12:25:36.664
2026-08-15,SOC,"89345",FC Cincinnati,Orlando City,Orlando City,-,0.0,0.0,-,0.0,0.0,2.5,0.61,0.65,2026-08-16 12:25:36.664
2026-08-15,SOC,"89345",NE Revolution,Toronto FC,NE Revolution,-,0.0,0.0,-,0.0,0.0,2.95,0.42,0.41,2026-08-16 12:25:36.664
2026-08-15,SOC,"89345",NE Revolution,Toronto FC,Toronto FC,-,0.0,0.0,-,0.0,0.0,2.15,0.58,0.59,2026-08-16 12:25:36.664
2026-08-15,SOC,"89345",Inter Miami,Nashville SC,Inter Miami,-,0.0,0.0,-,0.0,0.0,2.55,0.91,0.71,2026-08-16 12:25:36.664
2026-08-15,SOC,"89345",Inter Miami,Nashville SC,Nashville SC,-,0.0,0.0,-,0.0,0.0,2.4,0.09,0.29,2026-08-16 12:25:36.664
2026-08-15,SOC,"89345",LA Galaxy,HOU Dynamo,LA Galaxy,-,0.0,0.0,-,0.0,0.0,4.6,0.06,0.19,2026-08-16 12:25:36.664
2026-08-15,SOC,"89345",LA Galaxy,HOU Dynamo,HOU Dynamo,-,0.0,0.0,-,0.0,0.0,1.6451613,0.94,0.81,2026-08-16 12:25:36.664
2026-08-15,SOC,"89345",Sporting KC,COL Rapids,Sporting KC,-,0.0,0.0,-,0.0,0.0,5.75,0.02,0.21,2026-08-16 12:25:36.664
2026-08-15,SOC,"89345",Sporting KC,COL Rapids,COL Rapids,-,0.0,0.0,-,0.0,0.0,1.4545455,0.98,0.79,2026-08-16 12:25:36.664
2026-08-15,SOC,"89345",Minnesota Utd,Real Salt Lake,Minnesota Utd,-,0.0,0.0,-,0.0,0.0,3.8,0.04,0.19,2026-08-16 12:25:36.664
2026-08-15,SOC,"89345",Minnesota Utd,Real Salt Lake,Real Salt Lake,-,0.0,0.0,-,0.0,0.0,1.8333334,0.96,0.81,2026-08-16 12:25:36.664
2026-08-15,SOC,"89345",San Diego FC,LAFC,San Diego FC,-,0.0,0.0,-,0.0,0.0,4.6,0.01,0.12,2026-08-16 12:25:36.664
2026-08-15,SOC,"89345",San Diego FC,LAFC,LAFC,-,0.0,0.0,-,0.0,0.0,1.6060606,0.99,0.88,2026-08-16 12:25:36.664
2026-08-15,SOC,"89345",St Louis City SC,SJ Earthquakes,St Louis City SC,-,0.0,0.0,-,0.0,0.0,3.0,0.23,0.4,2026-08-16 12:25:36.664
2026-08-15,SOC,"89345",St Louis City SC,SJ Earthquakes,SJ Earthquakes,-,0.0,0.0,-,0.0,0.0,2.05,0.77,0.6,2026-08-16 12:25:36.664
2026-08-16,SOC,"89345",PHI Union,NYCFC,PHI Union,-,0.0,0.0,-,0.0,0.0,2.75,0.15,0.58,2026-08-16 12:25:36.664
2026-08-16,SOC,"89345",PHI Union,NYCFC,NYCFC,-,0.0,0.0,-,0.0,0.0,2.3,0.85,0.42,2026-08-16 12:25:36.664
2026-08-16,SOC,"89345",POR Timbers,CHI Fire,POR Timbers,-,0.0,0.0,-,0.0,0.0,5.0,0.29,0.47,2026-08-16 12:25:36.664
2026-08-16,SOC,"89345",POR Timbers,CHI Fire,CHI Fire,-,0.0,0.0,-,0.0,0.0,1.4761904,0.71,0.53,2026-08-16 12:25:36.664
2026-08-16,SOC,"89345",FC Dallas,Austin FC,FC Dallas,-,0.0,0.0,-,0.0,0.0,2.25,0.22,0.78,2026-08-16 12:25:36.664
2026-08-16,SOC,"89345",FC Dallas,Austin FC,Austin FC,-,0.0,0.0,-,0.0,0.0,2.8,0.78,0.22,2026-08-16 12:25:36.664
2026-08-16,SOC,"89345",Vancouver Whitecaps,Seattle Sounders,Vancouver Whitecaps,-,0.0,0.0,-,0.0,0.0,1.8,0.81,0.89,2026-08-16 12:25:36.664
2026-08-16,SOC,"89345",Vancouver Whitecaps,Seattle Sounders,Seattle Sounders,-,0.0,0.0,-,0.0,0.0,3.8,0.19,0.11,2026-08-16 12:25:36.664
2026-08-15,UFC,UFC,Chidi Njokuani,Joel Alvarez,Chidi Njokuani,-,0.0,0.0,-,0.0,0.0,3.0,0.0,0.0,2026-08-16 12:25:38.876
2026-08-15,UFC,UFC,Chidi Njokuani,Joel Alvarez,Joel Alvarez,-,0.0,0.0,-,0.0,0.0,1.4081633,1.0,1.0,2026-08-16 12:25:38.876
2026-08-15,UFC,UFC,Myktybek Orolbai,Jeremiah Wells,Myktybek Orolbai,-,0.0,0.0,-,0.0,0.0,1.074074,0.78,0.89,2026-08-16 12:25:38.876
2026-08-15,UFC,UFC,Myktybek Orolbai,Jeremiah Wells,Jeremiah Wells,-,0.0,0.0,-,0.0,0.0,9.0,0.22,0.11,2026-08-16 12:25:38.876
2026-08-15,UFC,UFC,Ramiz Brahimaj,Neil Magny,Ramiz Brahimaj,-,0.0,0.0,-,0.0,0.0,1.7042253,0.75,0.59,2026-08-16 12:25:38.876
2026-08-15,UFC,UFC,Ramiz Brahimaj,Neil Magny,Neil Magny,-,0.0,0.0,-,0.0,0.0,2.2,0.25,0.41,2026-08-16 12:25:38.876
2026-08-15,UFC,UFC,Lucas Fernando,Rafael Tobias,Lucas Fernando,-,0.0,0.0,-,0.0,0.0,1.3508772,0.62,0.79,2026-08-16 12:25:38.876
2026-08-15,UFC,UFC,Lucas Fernando,Rafael Tobias,Rafael Tobias,-,0.0,0.0,-,0.0,0.0,3.3,0.38,0.21,2026-08-16 12:25:38.876
2026-08-15,UFC,UFC,Tresean Gore,Vicente Luque,Tresean Gore,-,0.0,0.0,-,0.0,0.0,1.8474576,0.6,0.49,2026-08-16 12:25:38.876
2026-08-15,UFC,UFC,Tresean Gore,Vicente Luque,Vicente Luque,-,0.0,0.0,-,0.0,0.0,1.9803921,0.4,0.51,2026-08-16 12:25:38.876
2026-08-15,UFC,UFC,Eric McConico,Donte Johnson,Eric McConico,-,0.0,0.0,-,0.0,0.0,3.8,0.29,0.16,2026-08-16 12:25:38.876
2026-08-15,UFC,UFC,Eric McConico,Donte Johnson,Donte Johnson,-,0.0,0.0,-,0.0,0.0,1.2816901,0.71,0.84,2026-08-16 12:25:38.876
2026-08-15,UFC,UFC,Eduardo Henrique,Charles Johnson,Eduardo Henrique,-,0.0,0.0,-,0.0,0.0,1.9803921,0.39,0.3,2026-08-16 12:25:38.876
2026-08-15,UFC,UFC,Eduardo Henrique,Charles Johnson,Charles Johnson,-,0.0,0.0,-,0.0,0.0,1.8474576,0.61,0.7,2026-08-16 12:25:38.876
2026-08-15,UFC,UFC,Joel Alvarez,Chidi Njokuani,Joel Alvarez,-,0.0,0.0,-,0.0,0.0,1.2666667,0.78,0.87,2026-08-16 12:25:38.876
2026-08-15,UFC,UFC,Joel Alvarez,Chidi Njokuani,Chidi Njokuani,-,0.0,0.0,-,0.0,0.0,3.95,0.22,0.13,2026-08-16 12:25:38.876
2026-08-15,UFC,UFC,Esteban Ribovics,Edson Barboza,Esteban Ribovics,-,0.0,0.0,-,0.0,0.0,1.1333333,0.3,0.75,2026-08-16 12:25:38.876
2026-08-15,UFC,UFC,Esteban Ribovics,Edson Barboza,Edson Barboza,-,0.0,0.0,-,0.0,0.0,6.25,0.7,0.25,2026-08-16 12:25:38.876
2026-08-15,UFC,UFC,Dustin Stoltzfus,Mansur Abdul-Malik,Dustin Stoltzfus,-,0.0,0.0,-,0.0,0.0,5.9,0.38,0.13,2026-08-16 12:25:38.876
2026-08-15,UFC,UFC,Dustin Stoltzfus,Mansur Abdul-Malik,Mansur Abdul-Malik,-,0.0,0.0,-,0.0,0.0,1.1481482,0.62,0.87,2026-08-16 12:25:38.876
2026-08-15,UFC,UFC,Jose Ochoa,Charles Johnson,Jose Ochoa,-,0.0,0.0,-,0.0,0.0,1.2197802,0.77,0.82,2026-08-16 12:25:38.876
2026-08-15,UFC,UFC,Jose Ochoa,Charles Johnson,Charles Johnson,-,0.0,0.0,-,0.0,0.0,4.5,0.23,0.18,2026-08-16 12:25:38.876
2026-08-15,UFC,UFC,Kaue Fernandes,Jalin Turner,Kaue Fernandes,-,0.0,0.0,-,0.0,0.0,2.0,0.56,0.37,2026-08-16 12:25:38.876
2026-08-15,UFC,UFC,Kaue Fernandes,Jalin Turner,Jalin Turner,-,0.0,0.0,-,0.0,0.0,1.8333334,0.44,0.63,2026-08-16 12:25:38.876
2026-08-15,UFC,UFC,Gillian Robertson,Mackenzie Dern,Gillian Robertson,-,0.0,0.0,-,0.0,0.0,2.8,0.3,0.28,2026-08-16 12:25:38.876
2026-08-15,UFC,UFC,Gillian Robertson,Mackenzie Dern,Mackenzie Dern,-,0.0,0.0,-,0.0,0.0,1.4587156,0.7,0.72,2026-08-16 12:25:38.876
2026-08-15,UFC,UFC,Ian Machado Garry,Islam Makhachev,Ian Machado Garry,-,0.0,0.0,-,0.0,0.0,3.6,0.53,0.28,2026-08-16 12:25:38.876
2026-08-15,UFC,UFC,Ian Machado Garry,Islam Makhachev,Islam Makhachev,-,0.0,0.0,-,0.0,0.0,1.3076923,0.47,0.72,2026-08-16 12:25:38.876
2026-08-15,BOX,BOX,Alexander Thiel,Jaquan McElroy,Alexander Thiel,-,0.0,0.0,-,0.0,0.0,9.0,0.0,0.0,2026-08-16 12:25:41.032
2026-08-15,BOX,BOX,Alexander Thiel,Jaquan McElroy,Jaquan McElroy,-,0.0,0.0,-,0.0,0.0,1.0625,1.0,1.0,2026-08-16 12:25:41.032
2026-08-15,BOX,BOX,Michael Nelson,Casey Dixon,Michael Nelson,-,0.0,0.0,-,0.0,0.0,10.0,0.0,0.0,2026-08-16 12:25:41.032
2026-08-15,BOX,BOX,Michael Nelson,Casey Dixon,Casey Dixon,-,0.0,0.0,-,0.0,0.0,1.05,1.0,1.0,2026-08-16 12:25:41.032
2026-08-15,BOX,BOX,Rahmel McKinley,Daniel Mercado,Rahmel McKinley,-,0.0,0.0,-,0.0,0.0,17.0,0.0,0.0,2026-08-16 12:25:41.032
2026-08-15,BOX,BOX,Rahmel McKinley,Daniel Mercado,Daniel Mercado,-,0.0,0.0,-,0.0,0.0,1.01,1.0,1.0,2026-08-16 12:25:41.032
2026-08-15,BOX,BOX,Marianela Ramirez,Shannel Butler,Marianela Ramirez,-,0.0,0.0,-,0.0,0.0,8.5,0.0,0.0,2026-08-16 12:25:41.032
2026-08-15,BOX,BOX,Marianela Ramirez,Shannel Butler,Shannel Butler,-,0.0,0.0,-,0.0,0.0,1.0625,1.0,1.0,2026-08-16 12:25:41.032
2026-08-15,BOX,BOX,Da'Velle Smith,Hakim Lopez,Da'Velle Smith,-,0.0,0.0,-,0.0,0.0,1.3846154,1.0,1.0,2026-08-16 12:25:41.032
2026-08-15,BOX,BOX,Da'Velle Smith,Hakim Lopez,Hakim Lopez,-,0.0,0.0,-,0.0,0.0,3.0,0.0,0.0,2026-08-16 12:25:41.032
2026-08-15,BOX,BOX,Olivia Curry,Danielle Perkins,Olivia Curry,-,0.0,0.0,-,0.0,0.0,5.75,0.0,0.0,2026-08-16 12:25:41.032
2026-08-15,BOX,BOX,Olivia Curry,Danielle Perkins,Danielle Perkins,-,0.0,0.0,-,0.0,0.0,1.1333333,1.0,1.0,2026-08-16 12:25:41.032
2026-08-15,BOX,BOX,Roamer Angulo,Atif Oberlton,Roamer Angulo,-,0.0,0.0,-,0.0,0.0,10.0,0.11,0.05,2026-08-16 12:25:41.032
2026-08-15,BOX,BOX,Roamer Angulo,Atif Oberlton,Atif Oberlton,-,0.0,0.0,-,0.0,0.0,1.05,0.89,0.95,2026-08-16 12:25:41.032
2026-08-15,BOX,BOX,Bernice Ferreira,Caroline Veyre,Bernice Ferreira,-,0.0,0.0,-,0.0,0.0,4.2,0.0,0.0,2026-08-16 12:25:41.032
2026-08-15,BOX,BOX,Bernice Ferreira,Caroline Veyre,Caroline Veyre,-,0.0,0.0,-,0.0,0.0,1.2222222,1.0,1.0,2026-08-16 12:25:41.032
2026-08-15,BOX,BOX,Paulette Cuesta,Ashleyann Lozada,Paulette Cuesta,-,0.0,0.0,-,0.0,0.0,7.5,0.0,0.0,2026-08-16 12:25:41.032
2026-08-15,BOX,BOX,Paulette Cuesta,Ashleyann Lozada,Ashleyann Lozada,-,0.0,0.0,-,0.0,0.0,1.0833334,1.0,1.0,2026-08-16 12:25:41.032
2026-08-15,BOX,BOX,Joseph Hicks,Troy Isley,Joseph Hicks,-,0.0,0.0,-,0.0,0.0,5.75,0.0,0.0,2026-08-16 12:25:41.032
2026-08-15,BOX,BOX,Joseph Hicks,Troy Isley,Troy Isley,-,0.0,0.0,-,0.0,0.0,1.1333333,1.0,1.0,2026-08-16 12:25:41.032
2026-08-15,BOX,BOX,Roger Hilley,Ernesto Mercado,Roger Hilley,-,0.0,0.0,-,0.0,0.0,14.0,0.0,0.0,2026-08-16 12:25:41.032
2026-08-15,BOX,BOX,Roger Hilley,Ernesto Mercado,Ernesto Mercado,-,0.0,0.0,-,0.0,0.0,1.02,1.0,1.0,2026-08-16 12:25:41.032
2026-08-16,BOX,BOX,Kaye Scott,Claressa Shields,Kaye Scott,-,0.0,0.0,-,0.0,0.0,13.0,0.94,0.18,2026-08-16 12:25:41.032
2026-08-16,BOX,BOX,Kaye Scott,Claressa Shields,Claressa Shields,-,0.0,0.0,-,0.0,0.0,1.0333333,0.06,0.82,2026-08-16 12:25:41.032
2026-08-16,BOX,BOX,Emmanuel Tagoe,Ernesto Mercado,Emmanuel Tagoe,-,0.0,0.0,-,0.0,0.0,12.0,0.0,0.0,2026-08-16 12:25:41.032
2026-08-16,BOX,BOX,Emmanuel Tagoe,Ernesto Mercado,Ernesto Mercado,-,0.0,0.0,-,0.0,0.0,1.0333333,1.0,1.0,2026-08-16 12:25:41.032
2026-08-15,AFL,AFL,Collingwood Magpies,Hawthorn Hawks,Collingwood Magpies,+21.5,0.88,0.5,-,0.0,0.0,3.45,0.0,0.0,2026-08-16 12:25:42.449
2026-08-15,AFL,AFL,Collingwood Magpies,Hawthorn Hawks,Hawthorn Hawks,-21.5,0.12,0.5,-,0.0,0.0,1.3030303,1.0,1.0,2026-08-16 12:25:42.449
2026-08-15,AFL,AFL,Melbourne Demons,Port Adelaide Power,Melbourne Demons,-25.5,1.0,1.0,-,0.0,0.0,1.2564102,1.0,1.0,2026-08-16 12:25:42.449
2026-08-15,AFL,AFL,Melbourne Demons,Port Adelaide Power,Port Adelaide Power,+25.5,0.0,0.0,-,0.0,0.0,3.9,0.0,0.0,2026-08-16 12:25:42.449
2026-08-15,AFL,AFL,West Coast Eagles,GWS Giants,West Coast Eagles,-,0.0,0.0,"181.5",0.0,0.0,5.25,0.0,0.0,2026-08-16 12:25:42.449
2026-08-15,AFL,AFL,West Coast Eagles,GWS Giants,GWS Giants,-,0.0,0.0,"181.5",1.0,1.0,1.1538461,1.0,1.0,2026-08-16 12:25:42.449
2026-08-16,AFL,AFL,Carlton Blues,Western Bulldogs,Carlton Blues,-23.5,0.0,0.0,-,0.0,0.0,1.25,0.0,0.0,2026-08-16 12:25:42.449
2026-08-16,AFL,AFL,Carlton Blues,Western Bulldogs,Western Bulldogs,+23.5,1.0,1.0,-,0.0,0.0,3.95,1.0,1.0,2026-08-16 12:25:42.449
2026-08-15,MLB,MLB,Chicago White Sox,Detroit Tigers,Chicago White Sox,+1.5,0.14,0.53,"8",0.65,0.65,2.3,0.39,0.29,2026-08-16 12:55:16.397
2026-08-15,MLB,MLB,Chicago White Sox,Detroit Tigers,Detroit Tigers,-1.5,0.86,0.47,"8",0.35,0.35,1.7142857,0.61,0.71,2026-08-16 12:55:16.397
2026-08-15,MLB,MLB,ST Louis Cardinals,Chicago Cubs,ST Louis Cardinals,+1.5,0.12,0.23,"9",0.53,0.49,2.68,0.21,0.14,2026-08-16 12:55:16.397
2026-08-15,MLB,MLB,ST Louis Cardinals,Chicago Cubs,Chicago Cubs,-1.5,0.88,0.77,"9",0.47,0.51,1.5524862,0.79,0.86,2026-08-16 12:55:16.397
2026-08-15,MLB,MLB,New York Yankees,Toronto Blue Jays,New York Yankees,-1.5,0.85,0.7,"7",0.52,0.49,1.5376344,0.83,0.83,2026-08-16 12:55:16.397
2026-08-15,MLB,MLB,New York Yankees,Toronto Blue Jays,Toronto Blue Jays,+1.5,0.15,0.3,"7",0.48,0.51,2.73,0.17,0.17,2026-08-16 12:55:16.397
2026-08-15,MLB,MLB,Colorado Rockies,San Francisco Giants,Colorado Rockies,+1.5,0.09,0.37,"7.5",0.84,0.75,2.55,0.26,0.21,2026-08-16 12:55:16.397
2026-08-15,MLB,MLB,Colorado Rockies,San Francisco Giants,San Francisco Giants,-1.5,0.91,0.63,"7.5",0.16,0.25,1.5988024,0.74,0.79,2026-08-16 12:55:16.397
2026-08-15,MLB,MLB,Washington Nationals,New York Mets,Washington Nationals,+1.5,0.1,0.6,"7.5",0.79,0.65,2.21,0.17,0.35,2026-08-16 12:55:16.397
2026-08-15,MLB,MLB,Washington Nationals,New York Mets,New York Mets,-1.5,0.9,0.4,"7.5",0.21,0.35,1.7692307,0.83,0.65,2026-08-16 12:55:16.397
2026-08-15,MLB,MLB,Baltimore Orioles,Tampa Bay Rays,Baltimore Orioles,+1.5,0.03,0.39,"7.5",0.45,0.61,2.31,0.2,0.18,2026-08-16 12:55:16.397
2026-08-15,MLB,MLB,Baltimore Orioles,Tampa Bay Rays,Tampa Bay Rays,-1.5,0.97,0.61,"7.5",0.55,0.39,1.7092198,0.8,0.82,2026-08-16 12:55:16.397
2026-08-15,MLB,MLB,Miami Marlins,Cincinnati Reds,Miami Marlins,-1.5,0.69,0.18,"9",0.94,0.53,1.9803921,0.66,0.49,2026-08-16 12:55:16.397
2026-08-15,MLB,MLB,Miami Marlins,Cincinnati Reds,Cincinnati Reds,+1.5,0.31,0.82,"9",0.06,0.47,1.9523809,0.34,0.51,2026-08-16 12:55:16.397
2026-08-15,MLB,MLB,San Diego Padres,Cleveland Guardians,San Diego Padres,-1.5,0.69,0.42,"8.5",0.31,0.55,2.01,0.79,0.56,2026-08-16 12:55:16.397
2026-08-15,MLB,MLB,San Diego Padres,Cleveland Guardians,Cleveland Guardians,+1.5,0.31,0.58,"8.5",0.69,0.45,1.925926,0.21,0.44,2026-08-16 12:55:16.397
2026-08-15,MLB,MLB,Philadelphia Phillies,Minnesota Twins,Philadelphia Phillies,-1.5,0.75,0.63,"8",0.95,0.69,1.7518797,0.77,0.87,2026-08-16 12:55:16.397
2026-08-15,MLB,MLB,Philadelphia Phillies,Minnesota Twins,Minnesota Twins,+1.5,0.25,0.37,"8",0.05,0.31,2.23,0.23,0.13,2026-08-16 12:55:16.397
2026-08-15,MLB,MLB,Seattle Mariners,Houston Astros,Seattle Mariners,+1.5,0.19,0.64,"8.5",0.82,0.59,2.1,0.33,0.28,2026-08-16 12:55:16.397
2026-08-15,MLB,MLB,Seattle Mariners,Houston Astros,Houston Astros,-1.5,0.81,0.36,"8.5",0.18,0.41,1.8474576,0.67,0.72,2026-08-16 12:55:16.397
2026-08-15,MLB,MLB,Arizona Diamondbacks,Atlanta Braves,Arizona Diamondbacks,+1.5,0.56,0.64,"9",0.77,0.37,2.23,0.38,0.26,2026-08-16 12:55:16.397
2026-08-15,MLB,MLB,Arizona Diamondbacks,Atlanta Braves,Atlanta Braves,-1.5,0.44,0.36,"9",0.23,0.63,1.7518797,0.62,0.74,2026-08-16 12:55:16.397
2026-08-15,MLB,MLB,Boston Red Sox,Pittsburgh Pirates,Boston Red Sox,-1.5,0.83,0.64,"7.5",0.74,0.7,1.8403361,0.91,0.84,2026-08-16 12:55:16.397
2026-08-15,MLB,MLB,Boston Red Sox,Pittsburgh Pirates,Pittsburgh Pirates,+1.5,0.17,0.36,"7.5",0.26,0.3,2.11,0.09,0.16,2026-08-16 12:55:16.397
2026-08-15,MLB,MLB,Milwaukee Brewers,Los Angeles Dodgers,Milwaukee Brewers,-1.5,0.26,0.2,"7.5",0.16,0.4,1.8196721,0.64,0.56,2026-08-16 12:55:16.397
2026-08-15,MLB,MLB,Milwaukee Brewers,Los Angeles Dodgers,Los Angeles Dodgers,+1.5,0.74,0.8,"7.5",0.84,0.6,2.14,0.36,0.44,2026-08-16 12:55:16.397
2026-08-15,MLB,MLB,Kansas City Royals,Los Angeles Angels,Kansas City Royals,+1.5,0.63,0.78,"8",0.48,0.49,2.42,0.49,0.38,2026-08-16 12:55:16.397
2026-08-15,MLB,MLB,Kansas City Royals,Los Angeles Angels,Los Angeles Angels,-1.5,0.37,0.22,"8",0.52,0.51,1.6535947,0.51,0.62,2026-08-16 12:55:16.397
2026-08-15,MLB,MLB,Texas Rangers,Athletics,Texas Rangers,-1.5,0.77,0.35,"9.5",0.71,0.42,1.6493506,0.7,0.72,2026-08-16 12:55:16.397
2026-08-15,MLB,MLB,Texas Rangers,Athletics,Athletics,+1.5,0.23,0.65,"9.5",0.29,0.58,2.43,0.3,0.28,2026-08-16 12:55:16.397
2026-08-16,MLB,MLB,Baltimore Orioles,Tampa Bay Rays,Baltimore Orioles,+1.5,0.24,0.49,"8",0.76,0.59,2.23,0.35,0.25,2026-08-16 12:55:16.397
2026-08-16,MLB,MLB,Baltimore Orioles,Tampa Bay Rays,Tampa Bay Rays,-1.5,0.76,0.51,"8",0.24,0.41,1.6711409,0.65,0.75,2026-08-16 12:55:16.397
2026-08-16,MLB,MLB,Arizona Diamondbacks,Atlanta Braves,Arizona Diamondbacks,+1.5,0.23,0.47,"8.5",0.29,0.53,2.05,0.41,0.32,2026-08-16 12:55:16.397
2026-08-16,MLB,MLB,Arizona Diamondbacks,Atlanta Braves,Atlanta Braves,-1.5,0.77,0.53,"8.5",0.71,0.47,1.7874016,0.59,0.68,2026-08-16 12:55:16.397
2026-08-16,MLB,MLB,Boston Red Sox,Pittsburgh Pirates,Boston Red Sox,-1.5,0.1,0.28,"8",0.62,0.42,1.8333334,0.83,0.58,2026-08-16 12:55:16.397
2026-08-16,MLB,MLB,Boston Red Sox,Pittsburgh Pirates,Pittsburgh Pirates,+1.5,0.9,0.72,"8",0.38,0.58,2.0,0.17,0.42,2026-08-16 12:55:16.397
2026-08-16,MLB,MLB,New York Yankees,Toronto Blue Jays,New York Yankees,-1.5,0.1,0.23,"7.5",0.08,0.31,2.0,0.56,0.55,2026-08-16 12:55:16.397
2026-08-16,MLB,MLB,New York Yankees,Toronto Blue Jays,Toronto Blue Jays,+1.5,0.9,0.77,"7.5",0.92,0.69,1.8333334,0.44,0.45,2026-08-16 12:55:16.397
2026-08-16,MLB,MLB,San Diego Padres,Cleveland Guardians,San Diego Padres,-1.5,0.92,0.33,"8.5",0.36,0.36,1.877193,0.9,0.64,2026-08-16 12:55:16.397
2026-08-16,MLB,MLB,San Diego Padres,Cleveland Guardians,Cleveland Guardians,+1.5,0.08,0.67,"8.5",0.64,0.64,1.9523809,0.1,0.36,2026-08-16 12:55:16.397
2026-08-16,MLB,MLB,Washington Nationals,New York Mets,Washington Nationals,+1.5,0.0,0.5,"8.5",0.92,0.4,2.44,0.17,0.24,2026-08-16 12:55:16.397
2026-08-16,MLB,MLB,Washington Nationals,New York Mets,New York Mets,-1.5,1.0,0.5,"8.5",0.08,0.6,1.5714285,0.83,0.76,2026-08-16 12:55:16.397
2026-08-16,MLB,MLB,Miami Marlins,Cincinnati Reds,Miami Marlins,-1.5,0.1,0.36,"9",0.82,0.5,1.7692307,0.69,0.56,2026-08-16 12:55:16.397
2026-08-16,MLB,MLB,Miami Marlins,Cincinnati Reds,Cincinnati Reds,+1.5,0.9,0.64,"9",0.18,0.5,2.08,0.31,0.44,2026-08-16 12:55:16.397
2026-08-16,MLB,MLB,Chicago White Sox,Detroit Tigers,Chicago White Sox,-1.5,0.96,0.33,"8",0.85,0.56,1.925926,0.82,0.61,2026-08-16 12:55:16.397
2026-08-16,MLB,MLB,Chicago White Sox,Detroit Tigers,Detroit Tigers,+1.5,0.04,0.67,"8",0.15,0.44,1.8928572,0.18,0.39,2026-08-16 12:55:16.397
2026-08-16,MLB,MLB,Philadelphia Phillies,Minnesota Twins,Philadelphia Phillies,-1.5,0.17,0.46,"9",0.43,0.56,1.877193,0.92,0.75,2026-08-16 12:55:16.397
2026-08-16,MLB,MLB,Philadelphia Phillies,Minnesota Twins,Minnesota Twins,+1.5,0.83,0.54,"9",0.57,0.44,1.9523809,0.08,0.25,2026-08-16 12:55:16.397
2026-08-16,MLB,MLB,ST Louis Cardinals,Chicago Cubs,ST Louis Cardinals,+1.5,0.05,0.38,"9",0.17,0.24,2.34,0.24,0.2,2026-08-16 12:55:16.397
2026-08-16,MLB,MLB,ST Louis Cardinals,Chicago Cubs,Chicago Cubs,-1.5,0.95,0.63,"9",0.83,0.76,1.6172839,0.76,0.8,2026-08-16 12:55:16.397
2026-08-16,MLB,MLB,Texas Rangers,Athletics,Texas Rangers,-1.5,0.93,0.43,"10.5",0.92,0.33,1.7352941,0.56,0.6,2026-08-16 12:55:16.397
2026-08-16,MLB,MLB,Texas Rangers,Athletics,Athletics,+1.5,0.07,0.57,"10.5",0.08,0.67,2.13,0.44,0.4,2026-08-16 12:55:16.397
2026-08-16,MLB,MLB,Colorado Rockies,San Francisco Giants,Colorado Rockies,+1.5,0.31,0.43,"8",0.66,0.6,2.12,0.16,0.29,2026-08-16 12:55:16.397
2026-08-16,SOC,"89345",POR Timbers,CHI Fire,CHI Fire,-,0.0,0.0,-,0.0,0.0,1.4761904,0.78,0.54,2026-08-16 12:55:34.902
2026-08-16,MLB,MLB,Colorado Rockies,San Francisco Giants,San Francisco Giants,-1.5,0.69,0.57,"8",0.34,0.4,1.7407408,0.84,0.71,2026-08-16 12:55:16.397
2026-08-16,MLB,MLB,Kansas City Royals,Los Angeles Angels,Kansas City Royals,-1.5,0.25,0.27,"9.5",0.4,0.17,1.8264463,0.85,0.61,2026-08-16 12:55:16.397
2026-08-16,MLB,MLB,Kansas City Royals,Los Angeles Angels,Los Angeles Angels,+1.5,0.75,0.73,"9.5",0.6,0.83,2.01,0.15,0.39,2026-08-16 12:55:16.397
2026-08-16,MLB,MLB,Milwaukee Brewers,Los Angeles Dodgers,Milwaukee Brewers,+1.5,0.05,0.53,"7.5",0.88,0.52,2.49,0.39,0.24,2026-08-16 12:55:16.397
2026-08-16,MLB,MLB,Milwaukee Brewers,Los Angeles Dodgers,Los Angeles Dodgers,-1.5,0.95,0.47,"7.5",0.12,0.48,1.5524862,0.61,0.76,2026-08-16 12:55:16.397
2026-08-16,MLB,MLB,Seattle Mariners,Houston Astros,Seattle Mariners,+1.5,0.35,0.69,"7.5",0.1,0.56,2.13,0.37,0.3,2026-08-16 12:55:16.397
2026-08-16,MLB,MLB,Seattle Mariners,Houston Astros,Houston Astros,-1.5,0.65,0.31,"7.5",0.9,0.44,1.7352941,0.63,0.7,2026-08-16 12:55:16.397
2026-08-15,SOC,"40031",Getafe,Alaves,Getafe,-,0.0,0.0,-,0.0,0.0,3.75,0.24,0.34,2026-08-16 12:55:25.551
2026-08-15,SOC,"40031",Getafe,Alaves,Alaves,-,0.0,0.0,-,0.0,0.0,2.4,0.76,0.66,2026-08-16 12:55:25.551
2026-08-15,SOC,"40031",Vallecano,Sevilla,Vallecano,-,0.0,0.0,-,0.0,0.0,3.05,0.17,0.12,2026-08-16 12:55:25.551
2026-08-15,SOC,"40031",Vallecano,Sevilla,Sevilla,-,0.0,0.0,-,0.0,0.0,2.7,0.83,0.88,2026-08-16 12:55:25.551
2026-08-16,SOC,"40031",Villarreal,Racing Santander,Villarreal,-,0.0,0.0,-,0.0,0.0,2.1,0.97,0.97,2026-08-16 12:55:25.551
2026-08-16,SOC,"40031",Villarreal,Racing Santander,Racing Santander,-,0.0,0.0,-,0.0,0.0,3.35,0.03,0.03,2026-08-16 12:55:25.551
2026-08-16,SOC,"40031",Levante,Espanyol,Levante,-,0.0,0.0,-,0.0,0.0,3.7,0.18,0.11,2026-08-16 12:55:25.551
2026-08-16,SOC,"40031",Levante,Espanyol,Espanyol,-,0.0,0.0,-,0.0,0.0,2.1,0.82,0.89,2026-08-16 12:55:25.551
2026-08-16,SOC,"40031",Osasuna,Celta Vigo,Osasuna,-,0.0,0.0,-,0.0,0.0,3.65,0.09,0.09,2026-08-16 12:55:25.551
2026-08-16,SOC,"40031",Osasuna,Celta Vigo,Celta Vigo,-,0.0,0.0,-,0.0,0.0,2.05,0.91,0.91,2026-08-16 12:55:25.551
2026-08-17,SOC,"40031",Elche,Dep La Coruna,Elche,-,0.0,0.0,-,0.0,0.0,3.4,0.56,0.56,2026-08-16 12:55:25.551
2026-08-17,SOC,"40031",Elche,Dep La Coruna,Dep La Coruna,-,0.0,0.0,-,0.0,0.0,2.35,0.44,0.44,2026-08-16 12:55:25.551
2026-08-15,SOC,"40817",Preston,Bolton,Preston,-,0.0,0.0,-,0.0,0.0,3.05,0.19,0.3,2026-08-16 12:55:27.274
2026-08-15,SOC,"40817",Preston,Bolton,Bolton,-,0.0,0.0,-,0.0,0.0,2.35,0.81,0.7,2026-08-16 12:55:27.274
2026-08-15,SOC,"40817",West Brom,Norwich,West Brom,-,0.0,0.0,-,0.0,0.0,3.75,0.05,0.11,2026-08-16 12:55:27.274
2026-08-15,SOC,"40817",West Brom,Norwich,Norwich,-,0.0,0.0,-,0.0,0.0,2.0,0.95,0.89,2026-08-16 12:55:27.274
2026-08-15,SOC,"40817",Swansea,Stoke City,Swansea,-,0.0,0.0,-,0.0,0.0,3.05,0.19,0.21,2026-08-16 12:55:27.274
2026-08-15,SOC,"40817",Swansea,Stoke City,Stoke City,-,0.0,0.0,-,0.0,0.0,2.35,0.81,0.79,2026-08-16 12:55:27.274
2026-08-15,SOC,"40817",Millwall,Bristol City,Millwall,-,0.0,0.0,-,0.0,0.0,2.8,0.58,0.44,2026-08-16 12:55:27.274
2026-08-15,SOC,"40817",Millwall,Bristol City,Bristol City,-,0.0,0.0,-,0.0,0.0,2.5,0.42,0.56,2026-08-16 12:55:27.274
2026-08-15,SOC,"40817",Lincoln City,Middlesbrough,Lincoln City,-,0.0,0.0,-,0.0,0.0,6.5,0.03,0.02,2026-08-16 12:55:27.274
2026-08-15,SOC,"40817",Lincoln City,Middlesbrough,Middlesbrough,-,0.0,0.0,-,0.0,0.0,1.5128205,0.97,0.98,2026-08-16 12:55:27.274
2026-08-15,SOC,"40817",Derby County,Charlton,Derby County,-,0.0,0.0,-,0.0,0.0,2.75,0.42,0.53,2026-08-16 12:55:27.274
2026-08-15,SOC,"40817",Derby County,Charlton,Charlton,-,0.0,0.0,-,0.0,0.0,2.7,0.58,0.47,2026-08-16 12:55:27.274
2026-08-15,SOC,"40817",Queens Park Rangers,Portsmouth,Queens Park Rangers,-,0.0,0.0,-,0.0,0.0,3.15,0.66,0.25,2026-08-16 12:55:27.274
2026-08-15,SOC,"40817",Queens Park Rangers,Portsmouth,Portsmouth,-,0.0,0.0,-,0.0,0.0,2.35,0.34,0.75,2026-08-16 12:55:27.274
2026-08-15,SOC,"40817",Birmingham,Sheffield Utd,Birmingham,-,0.0,0.0,-,0.0,0.0,3.3,0.24,0.25,2026-08-16 12:55:27.274
2026-08-15,SOC,"40817",Birmingham,Sheffield Utd,Sheffield Utd,-,0.0,0.0,-,0.0,0.0,2.25,0.76,0.75,2026-08-16 12:55:27.274
2026-08-16,SOC,"40817",Southampton,Watford,Southampton,-,0.0,0.0,-,0.0,0.0,2.1,0.87,0.89,2026-08-16 12:55:27.274
2026-08-16,SOC,"40817",Southampton,Watford,Watford,-,0.0,0.0,-,0.0,0.0,3.45,0.13,0.11,2026-08-16 12:55:27.274
2026-08-16,SOC,"40817",West Ham,Burnley,West Ham,-,0.0,0.0,-,0.0,0.0,2.25,0.93,0.89,2026-08-16 12:55:27.274
2026-08-16,SOC,"40817",West Ham,Burnley,Burnley,-,0.0,0.0,-,0.0,0.0,3.1,0.07,0.11,2026-08-16 12:55:27.274
2026-08-17,SOC,"40817",Wrexham,Cardiff City,Wrexham,-,0.0,0.0,-,0.0,0.0,2.75,0.74,0.43,2026-08-16 12:55:27.274
2026-08-17,SOC,"40817",Wrexham,Cardiff City,Cardiff City,-,0.0,0.0,-,0.0,0.0,2.5,0.26,0.57,2026-08-16 12:55:27.274
2026-08-15,SOC,"89345",New York Red Bulls,Atlanta Utd,New York Red Bulls,-,0.0,0.0,-,0.0,0.0,3.0,0.51,0.38,2026-08-16 12:55:34.902
2026-08-15,SOC,"89345",New York Red Bulls,Atlanta Utd,Atlanta Utd,-,0.0,0.0,-,0.0,0.0,2.05,0.49,0.62,2026-08-16 12:55:34.902
2026-08-15,SOC,"89345",DC Utd,CF Montreal,DC Utd,-,0.0,0.0,-,0.0,0.0,3.05,0.38,0.32,2026-08-16 12:55:34.902
2026-08-15,SOC,"89345",DC Utd,CF Montreal,CF Montreal,-,0.0,0.0,-,0.0,0.0,2.1,0.62,0.68,2026-08-16 12:55:34.902
2026-08-15,SOC,"89345",Columbus Crew,Charlotte FC,Columbus Crew,-,0.0,0.0,-,0.0,0.0,3.1,0.15,0.32,2026-08-16 12:55:34.902
2026-08-15,SOC,"89345",Columbus Crew,Charlotte FC,Charlotte FC,-,0.0,0.0,-,0.0,0.0,2.1,0.85,0.68,2026-08-16 12:55:34.902
2026-08-15,SOC,"89345",FC Cincinnati,Orlando City,FC Cincinnati,-,0.0,0.0,-,0.0,0.0,2.3,0.39,0.35,2026-08-16 12:55:34.902
2026-08-15,SOC,"89345",FC Cincinnati,Orlando City,Orlando City,-,0.0,0.0,-,0.0,0.0,2.5,0.61,0.65,2026-08-16 12:55:34.902
2026-08-15,SOC,"89345",NE Revolution,Toronto FC,NE Revolution,-,0.0,0.0,-,0.0,0.0,2.95,0.42,0.41,2026-08-16 12:55:34.902
2026-08-15,SOC,"89345",NE Revolution,Toronto FC,Toronto FC,-,0.0,0.0,-,0.0,0.0,2.15,0.58,0.59,2026-08-16 12:55:34.902
2026-08-15,SOC,"89345",Inter Miami,Nashville SC,Inter Miami,-,0.0,0.0,-,0.0,0.0,2.55,0.91,0.71,2026-08-16 12:55:34.902
2026-08-15,SOC,"89345",Inter Miami,Nashville SC,Nashville SC,-,0.0,0.0,-,0.0,0.0,2.4,0.09,0.29,2026-08-16 12:55:34.902
2026-08-15,SOC,"89345",LA Galaxy,HOU Dynamo,LA Galaxy,-,0.0,0.0,-,0.0,0.0,4.6,0.06,0.19,2026-08-16 12:55:34.902
2026-08-15,SOC,"89345",LA Galaxy,HOU Dynamo,HOU Dynamo,-,0.0,0.0,-,0.0,0.0,1.6451613,0.94,0.81,2026-08-16 12:55:34.902
2026-08-15,SOC,"89345",Sporting KC,COL Rapids,Sporting KC,-,0.0,0.0,-,0.0,0.0,5.75,0.02,0.21,2026-08-16 12:55:34.902
2026-08-15,SOC,"89345",Sporting KC,COL Rapids,COL Rapids,-,0.0,0.0,-,0.0,0.0,1.4545455,0.98,0.79,2026-08-16 12:55:34.902
2026-08-15,SOC,"89345",Minnesota Utd,Real Salt Lake,Minnesota Utd,-,0.0,0.0,-,0.0,0.0,3.8,0.04,0.19,2026-08-16 12:55:34.902
2026-08-15,SOC,"89345",Minnesota Utd,Real Salt Lake,Real Salt Lake,-,0.0,0.0,-,0.0,0.0,1.8333334,0.96,0.81,2026-08-16 12:55:34.902
2026-08-15,SOC,"89345",San Diego FC,LAFC,San Diego FC,-,0.0,0.0,-,0.0,0.0,4.6,0.01,0.12,2026-08-16 12:55:34.902
2026-08-15,SOC,"89345",San Diego FC,LAFC,LAFC,-,0.0,0.0,-,0.0,0.0,1.6060606,0.99,0.88,2026-08-16 12:55:34.902
2026-08-15,SOC,"89345",St Louis City SC,SJ Earthquakes,St Louis City SC,-,0.0,0.0,-,0.0,0.0,3.0,0.23,0.4,2026-08-16 12:55:34.902
2026-08-15,SOC,"89345",St Louis City SC,SJ Earthquakes,SJ Earthquakes,-,0.0,0.0,-,0.0,0.0,2.05,0.77,0.6,2026-08-16 12:55:34.902
2026-08-16,SOC,"89345",PHI Union,NYCFC,PHI Union,-,0.0,0.0,-,0.0,0.0,2.75,0.13,0.57,2026-08-16 12:55:34.902
2026-08-16,SOC,"89345",PHI Union,NYCFC,NYCFC,-,0.0,0.0,-,0.0,0.0,2.3,0.87,0.43,2026-08-16 12:55:34.902
2026-08-16,SOC,"89345",POR Timbers,CHI Fire,POR Timbers,-,0.0,0.0,-,0.0,0.0,5.0,0.22,0.46,2026-08-16 12:55:34.902
2026-08-16,SOC,"89345",FC Dallas,Austin FC,FC Dallas,-,0.0,0.0,-,0.0,0.0,2.25,0.22,0.78,2026-08-16 12:55:34.902
2026-08-16,SOC,"89345",FC Dallas,Austin FC,Austin FC,-,0.0,0.0,-,0.0,0.0,2.8,0.78,0.22,2026-08-16 12:55:34.902
2026-08-16,SOC,"89345",Vancouver Whitecaps,Seattle Sounders,Vancouver Whitecaps,-,0.0,0.0,-,0.0,0.0,1.8,0.81,0.89,2026-08-16 12:55:34.902
2026-08-16,SOC,"89345",Vancouver Whitecaps,Seattle Sounders,Seattle Sounders,-,0.0,0.0,-,0.0,0.0,3.8,0.19,0.11,2026-08-16 12:55:34.902
2026-08-15,UFC,UFC,Chidi Njokuani,Joel Alvarez,Chidi Njokuani,-,0.0,0.0,-,0.0,0.0,3.0,0.0,0.0,2026-08-16 12:55:36.527
2026-08-15,UFC,UFC,Chidi Njokuani,Joel Alvarez,Joel Alvarez,-,0.0,0.0,-,0.0,0.0,1.4081633,1.0,1.0,2026-08-16 12:55:36.527
2026-08-15,UFC,UFC,Myktybek Orolbai,Jeremiah Wells,Myktybek Orolbai,-,0.0,0.0,-,0.0,0.0,1.074074,0.78,0.89,2026-08-16 12:55:36.527
2026-08-15,UFC,UFC,Myktybek Orolbai,Jeremiah Wells,Jeremiah Wells,-,0.0,0.0,-,0.0,0.0,9.0,0.22,0.11,2026-08-16 12:55:36.527
2026-08-15,UFC,UFC,Ramiz Brahimaj,Neil Magny,Ramiz Brahimaj,-,0.0,0.0,-,0.0,0.0,1.7042253,0.75,0.59,2026-08-16 12:55:36.527
2026-08-15,UFC,UFC,Ramiz Brahimaj,Neil Magny,Neil Magny,-,0.0,0.0,-,0.0,0.0,2.2,0.25,0.41,2026-08-16 12:55:36.527
2026-08-15,UFC,UFC,Lucas Fernando,Rafael Tobias,Lucas Fernando,-,0.0,0.0,-,0.0,0.0,1.3508772,0.62,0.79,2026-08-16 12:55:36.527
2026-08-15,UFC,UFC,Lucas Fernando,Rafael Tobias,Rafael Tobias,-,0.0,0.0,-,0.0,0.0,3.3,0.38,0.21,2026-08-16 12:55:36.527
2026-08-15,UFC,UFC,Tresean Gore,Vicente Luque,Tresean Gore,-,0.0,0.0,-,0.0,0.0,1.8474576,0.6,0.49,2026-08-16 12:55:36.527
2026-08-15,UFC,UFC,Tresean Gore,Vicente Luque,Vicente Luque,-,0.0,0.0,-,0.0,0.0,1.9803921,0.4,0.51,2026-08-16 12:55:36.527
2026-08-15,UFC,UFC,Eric McConico,Donte Johnson,Eric McConico,-,0.0,0.0,-,0.0,0.0,3.8,0.29,0.16,2026-08-16 12:55:36.527
2026-08-15,UFC,UFC,Eric McConico,Donte Johnson,Donte Johnson,-,0.0,0.0,-,0.0,0.0,1.2816901,0.71,0.84,2026-08-16 12:55:36.527
2026-08-15,UFC,UFC,Eduardo Henrique,Charles Johnson,Eduardo Henrique,-,0.0,0.0,-,0.0,0.0,1.9803921,0.39,0.3,2026-08-16 12:55:36.527
2026-08-15,UFC,UFC,Eduardo Henrique,Charles Johnson,Charles Johnson,-,0.0,0.0,-,0.0,0.0,1.8474576,0.61,0.7,2026-08-16 12:55:36.527
2026-08-15,UFC,UFC,Joel Alvarez,Chidi Njokuani,Joel Alvarez,-,0.0,0.0,-,0.0,0.0,1.2666667,0.78,0.87,2026-08-16 12:55:36.527
2026-08-15,UFC,UFC,Joel Alvarez,Chidi Njokuani,Chidi Njokuani,-,0.0,0.0,-,0.0,0.0,3.95,0.22,0.13,2026-08-16 12:55:36.527
2026-08-15,UFC,UFC,Esteban Ribovics,Edson Barboza,Esteban Ribovics,-,0.0,0.0,-,0.0,0.0,1.1333333,0.3,0.75,2026-08-16 12:55:36.527
2026-08-15,UFC,UFC,Esteban Ribovics,Edson Barboza,Edson Barboza,-,0.0,0.0,-,0.0,0.0,6.25,0.7,0.25,2026-08-16 12:55:36.527
2026-08-15,UFC,UFC,Dustin Stoltzfus,Mansur Abdul-Malik,Dustin Stoltzfus,-,0.0,0.0,-,0.0,0.0,5.9,0.38,0.13,2026-08-16 12:55:36.527
2026-08-15,UFC,UFC,Dustin Stoltzfus,Mansur Abdul-Malik,Mansur Abdul-Malik,-,0.0,0.0,-,0.0,0.0,1.1481482,0.62,0.87,2026-08-16 12:55:36.527
2026-08-15,UFC,UFC,Jose Ochoa,Charles Johnson,Jose Ochoa,-,0.0,0.0,-,0.0,0.0,1.2197802,0.77,0.82,2026-08-16 12:55:36.527
2026-08-15,UFC,UFC,Jose Ochoa,Charles Johnson,Charles Johnson,-,0.0,0.0,-,0.0,0.0,4.5,0.23,0.18,2026-08-16 12:55:36.527
2026-08-15,UFC,UFC,Kaue Fernandes,Jalin Turner,Kaue Fernandes,-,0.0,0.0,-,0.0,0.0,2.0,0.56,0.37,2026-08-16 12:55:36.527
2026-08-15,UFC,UFC,Kaue Fernandes,Jalin Turner,Jalin Turner,-,0.0,0.0,-,0.0,0.0,1.8333334,0.44,0.63,2026-08-16 12:55:36.527
2026-08-15,UFC,UFC,Gillian Robertson,Mackenzie Dern,Gillian Robertson,-,0.0,0.0,-,0.0,0.0,2.8,0.3,0.28,2026-08-16 12:55:36.527
2026-08-15,UFC,UFC,Gillian Robertson,Mackenzie Dern,Mackenzie Dern,-,0.0,0.0,-,0.0,0.0,1.4587156,0.7,0.72,2026-08-16 12:55:36.527
2026-08-15,UFC,UFC,Ian Machado Garry,Islam Makhachev,Ian Machado Garry,-,0.0,0.0,-,0.0,0.0,3.6,0.49,0.28,2026-08-16 12:55:36.527
2026-08-15,UFC,UFC,Ian Machado Garry,Islam Makhachev,Islam Makhachev,-,0.0,0.0,-,0.0,0.0,1.3076923,0.51,0.72,2026-08-16 12:55:36.527
2026-08-15,BOX,BOX,Alexander Thiel,Jaquan McElroy,Alexander Thiel,-,0.0,0.0,-,0.0,0.0,9.0,0.0,0.0,2026-08-16 12:55:38.451
2026-08-15,BOX,BOX,Alexander Thiel,Jaquan McElroy,Jaquan McElroy,-,0.0,0.0,-,0.0,0.0,1.0625,1.0,1.0,2026-08-16 12:55:38.451
2026-08-15,BOX,BOX,Michael Nelson,Casey Dixon,Michael Nelson,-,0.0,0.0,-,0.0,0.0,10.0,0.0,0.0,2026-08-16 12:55:38.451
2026-08-15,BOX,BOX,Michael Nelson,Casey Dixon,Casey Dixon,-,0.0,0.0,-,0.0,0.0,1.05,1.0,1.0,2026-08-16 12:55:38.451
2026-08-15,BOX,BOX,Rahmel McKinley,Daniel Mercado,Rahmel McKinley,-,0.0,0.0,-,0.0,0.0,17.0,0.0,0.0,2026-08-16 12:55:38.451
2026-08-15,BOX,BOX,Rahmel McKinley,Daniel Mercado,Daniel Mercado,-,0.0,0.0,-,0.0,0.0,1.01,1.0,1.0,2026-08-16 12:55:38.451
2026-08-15,BOX,BOX,Marianela Ramirez,Shannel Butler,Marianela Ramirez,-,0.0,0.0,-,0.0,0.0,8.5,0.0,0.0,2026-08-16 12:55:38.451
2026-08-15,BOX,BOX,Marianela Ramirez,Shannel Butler,Shannel Butler,-,0.0,0.0,-,0.0,0.0,1.0625,1.0,1.0,2026-08-16 12:55:38.451
2026-08-15,BOX,BOX,Da'Velle Smith,Hakim Lopez,Da'Velle Smith,-,0.0,0.0,-,0.0,0.0,1.3846154,1.0,1.0,2026-08-16 12:55:38.451
2026-08-15,BOX,BOX,Da'Velle Smith,Hakim Lopez,Hakim Lopez,-,0.0,0.0,-,0.0,0.0,3.0,0.0,0.0,2026-08-16 12:55:38.451
2026-08-15,BOX,BOX,Olivia Curry,Danielle Perkins,Olivia Curry,-,0.0,0.0,-,0.0,0.0,5.75,0.0,0.0,2026-08-16 12:55:38.451
2026-08-15,BOX,BOX,Olivia Curry,Danielle Perkins,Danielle Perkins,-,0.0,0.0,-,0.0,0.0,1.1333333,1.0,1.0,2026-08-16 12:55:38.451
2026-08-15,BOX,BOX,Roamer Angulo,Atif Oberlton,Roamer Angulo,-,0.0,0.0,-,0.0,0.0,10.0,0.11,0.05,2026-08-16 12:55:38.451
2026-08-15,BOX,BOX,Roamer Angulo,Atif Oberlton,Atif Oberlton,-,0.0,0.0,-,0.0,0.0,1.05,0.89,0.95,2026-08-16 12:55:38.451
2026-08-15,BOX,BOX,Bernice Ferreira,Caroline Veyre,Bernice Ferreira,-,0.0,0.0,-,0.0,0.0,4.2,0.0,0.0,2026-08-16 12:55:38.451
2026-08-15,BOX,BOX,Bernice Ferreira,Caroline Veyre,Caroline Veyre,-,0.0,0.0,-,0.0,0.0,1.2222222,1.0,1.0,2026-08-16 12:55:38.451
2026-08-15,BOX,BOX,Paulette Cuesta,Ashleyann Lozada,Paulette Cuesta,-,0.0,0.0,-,0.0,0.0,7.5,0.0,0.0,2026-08-16 12:55:38.451
2026-08-15,BOX,BOX,Paulette Cuesta,Ashleyann Lozada,Ashleyann Lozada,-,0.0,0.0,-,0.0,0.0,1.0833334,1.0,1.0,2026-08-16 12:55:38.451
2026-08-15,BOX,BOX,Joseph Hicks,Troy Isley,Joseph Hicks,-,0.0,0.0,-,0.0,0.0,5.75,0.0,0.0,2026-08-16 12:55:38.451
2026-08-15,BOX,BOX,Joseph Hicks,Troy Isley,Troy Isley,-,0.0,0.0,-,0.0,0.0,1.1333333,1.0,1.0,2026-08-16 12:55:38.451
2026-08-15,BOX,BOX,Roger Hilley,Ernesto Mercado,Roger Hilley,-,0.0,0.0,-,0.0,0.0,14.0,0.0,0.0,2026-08-16 12:55:38.451
2026-08-15,BOX,BOX,Roger Hilley,Ernesto Mercado,Ernesto Mercado,-,0.0,0.0,-,0.0,0.0,1.02,1.0,1.0,2026-08-16 12:55:38.451
2026-08-16,BOX,BOX,Kaye Scott,Claressa Shields,Kaye Scott,-,0.0,0.0,-,0.0,0.0,13.0,0.94,0.18,2026-08-16 12:55:38.451
2026-08-16,BOX,BOX,Kaye Scott,Claressa Shields,Claressa Shields,-,0.0,0.0,-,0.0,0.0,1.0333333,0.06,0.82,2026-08-16 12:55:38.451
2026-08-16,BOX,BOX,Emmanuel Tagoe,Ernesto Mercado,Emmanuel Tagoe,-,0.0,0.0,-,0.0,0.0,12.0,0.0,0.0,2026-08-16 12:55:38.451
2026-08-16,BOX,BOX,Emmanuel Tagoe,Ernesto Mercado,Ernesto Mercado,-,0.0,0.0,-,0.0,0.0,1.0333333,1.0,1.0,2026-08-16 12:55:38.451
2026-08-15,AFL,AFL,Collingwood Magpies,Hawthorn Hawks,Collingwood Magpies,+21.5,0.88,0.5,-,0.0,0.0,3.45,0.0,0.0,2026-08-16 12:55:40.016
2026-08-15,AFL,AFL,Collingwood Magpies,Hawthorn Hawks,Hawthorn Hawks,-21.5,0.12,0.5,-,0.0,0.0,1.3030303,1.0,1.0,2026-08-16 12:55:40.016
2026-08-15,AFL,AFL,Melbourne Demons,Port Adelaide Power,Melbourne Demons,-25.5,1.0,1.0,-,0.0,0.0,1.2564102,1.0,1.0,2026-08-16 12:55:40.016
2026-08-15,AFL,AFL,Melbourne Demons,Port Adelaide Power,Port Adelaide Power,+25.5,0.0,0.0,-,0.0,0.0,3.9,0.0,0.0,2026-08-16 12:55:40.016
2026-08-15,AFL,AFL,West Coast Eagles,GWS Giants,West Coast Eagles,-,0.0,0.0,"182.5",0.0,0.0,5.25,0.0,0.0,2026-08-16 12:55:40.016
2026-08-15,AFL,AFL,West Coast Eagles,GWS Giants,GWS Giants,-,0.0,0.0,"182.5",1.0,1.0,1.1538461,1.0,1.0,2026-08-16 12:55:40.016
2026-08-16,AFL,AFL,Carlton Blues,Western Bulldogs,Carlton Blues,-23.5,0.0,0.0,-,0.0,0.0,1.2564102,0.0,0.0,2026-08-16 12:55:40.016
2026-08-16,AFL,AFL,Carlton Blues,Western Bulldogs,Western Bulldogs,+23.5,1.0,1.0,-,0.0,0.0,3.85,1.0,1.0,2026-08-16 12:55:40.016
2026-08-15,MLB,MLB,Chicago White Sox,Detroit Tigers,Chicago White Sox,+1.5,0.14,0.53,"8",0.65,0.65,2.3,0.39,0.29,2026-08-16 13:25:07.830
2026-08-15,MLB,MLB,Chicago White Sox,Detroit Tigers,Detroit Tigers,-1.5,0.86,0.47,"8",0.35,0.35,1.7142857,0.61,0.71,2026-08-16 13:25:07.830
2026-08-15,MLB,MLB,ST Louis Cardinals,Chicago Cubs,ST Louis Cardinals,+1.5,0.12,0.23,"9",0.53,0.49,2.68,0.21,0.14,2026-08-16 13:25:07.830
2026-08-15,MLB,MLB,ST Louis Cardinals,Chicago Cubs,Chicago Cubs,-1.5,0.88,0.77,"9",0.47,0.51,1.5524862,0.79,0.86,2026-08-16 13:25:07.830
2026-08-15,MLB,MLB,New York Yankees,Toronto Blue Jays,New York Yankees,-1.5,0.85,0.7,"7",0.52,0.49,1.5376344,0.83,0.83,2026-08-16 13:25:07.830
2026-08-15,MLB,MLB,New York Yankees,Toronto Blue Jays,Toronto Blue Jays,+1.5,0.15,0.3,"7",0.48,0.51,2.73,0.17,0.17,2026-08-16 13:25:07.830
2026-08-15,MLB,MLB,Colorado Rockies,San Francisco Giants,Colorado Rockies,+1.5,0.09,0.37,"7.5",0.84,0.75,2.55,0.26,0.21,2026-08-16 13:25:07.830
2026-08-15,MLB,MLB,Colorado Rockies,San Francisco Giants,San Francisco Giants,-1.5,0.91,0.63,"7.5",0.16,0.25,1.5988024,0.74,0.79,2026-08-16 13:25:07.830
2026-08-15,MLB,MLB,Washington Nationals,New York Mets,Washington Nationals,+1.5,0.1,0.6,"7.5",0.79,0.65,2.21,0.17,0.35,2026-08-16 13:25:07.830
2026-08-15,MLB,MLB,Washington Nationals,New York Mets,New York Mets,-1.5,0.9,0.4,"7.5",0.21,0.35,1.7692307,0.83,0.65,2026-08-16 13:25:07.830
2026-08-15,MLB,MLB,Baltimore Orioles,Tampa Bay Rays,Baltimore Orioles,+1.5,0.03,0.39,"7.5",0.45,0.61,2.31,0.2,0.18,2026-08-16 13:25:07.830
2026-08-15,MLB,MLB,Baltimore Orioles,Tampa Bay Rays,Tampa Bay Rays,-1.5,0.97,0.61,"7.5",0.55,0.39,1.7092198,0.8,0.82,2026-08-16 13:25:07.830
2026-08-15,MLB,MLB,Miami Marlins,Cincinnati Reds,Miami Marlins,-1.5,0.69,0.18,"9",0.94,0.53,1.9803921,0.66,0.49,2026-08-16 13:25:07.830
2026-08-15,MLB,MLB,Miami Marlins,Cincinnati Reds,Cincinnati Reds,+1.5,0.31,0.82,"9",0.06,0.47,1.9523809,0.34,0.51,2026-08-16 13:25:07.830
2026-08-15,MLB,MLB,San Diego Padres,Cleveland Guardians,San Diego Padres,-1.5,0.69,0.42,"8.5",0.31,0.55,2.01,0.79,0.56,2026-08-16 13:25:07.830
2026-08-15,MLB,MLB,San Diego Padres,Cleveland Guardians,Cleveland Guardians,+1.5,0.31,0.58,"8.5",0.69,0.45,1.925926,0.21,0.44,2026-08-16 13:25:07.830
2026-08-15,MLB,MLB,Philadelphia Phillies,Minnesota Twins,Philadelphia Phillies,-1.5,0.75,0.63,"8",0.95,0.69,1.7518797,0.77,0.87,2026-08-16 13:25:07.830
2026-08-15,MLB,MLB,Philadelphia Phillies,Minnesota Twins,Minnesota Twins,+1.5,0.25,0.37,"8",0.05,0.31,2.23,0.23,0.13,2026-08-16 13:25:07.830
2026-08-15,MLB,MLB,Seattle Mariners,Houston Astros,Seattle Mariners,+1.5,0.19,0.64,"8.5",0.82,0.59,2.1,0.33,0.28,2026-08-16 13:25:07.830
2026-08-15,MLB,MLB,Seattle Mariners,Houston Astros,Houston Astros,-1.5,0.81,0.36,"8.5",0.18,0.41,1.8474576,0.67,0.72,2026-08-16 13:25:07.830
2026-08-15,MLB,MLB,Arizona Diamondbacks,Atlanta Braves,Arizona Diamondbacks,+1.5,0.56,0.64,"9",0.77,0.37,2.23,0.38,0.26,2026-08-16 13:25:07.830
2026-08-15,MLB,MLB,Arizona Diamondbacks,Atlanta Braves,Atlanta Braves,-1.5,0.44,0.36,"9",0.23,0.63,1.7518797,0.62,0.74,2026-08-16 13:25:07.830
2026-08-15,MLB,MLB,Boston Red Sox,Pittsburgh Pirates,Boston Red Sox,-1.5,0.83,0.64,"7.5",0.74,0.7,1.8403361,0.91,0.84,2026-08-16 13:25:07.830
2026-08-15,MLB,MLB,Boston Red Sox,Pittsburgh Pirates,Pittsburgh Pirates,+1.5,0.17,0.36,"7.5",0.26,0.3,2.11,0.09,0.16,2026-08-16 13:25:07.830
2026-08-15,MLB,MLB,Milwaukee Brewers,Los Angeles Dodgers,Milwaukee Brewers,-1.5,0.26,0.2,"7.5",0.16,0.4,1.8196721,0.64,0.56,2026-08-16 13:25:07.830
2026-08-15,MLB,MLB,Milwaukee Brewers,Los Angeles Dodgers,Los Angeles Dodgers,+1.5,0.74,0.8,"7.5",0.84,0.6,2.14,0.36,0.44,2026-08-16 13:25:07.830
2026-08-15,MLB,MLB,Kansas City Royals,Los Angeles Angels,Kansas City Royals,+1.5,0.63,0.78,"8",0.48,0.49,2.42,0.49,0.38,2026-08-16 13:25:07.830
2026-08-15,MLB,MLB,Kansas City Royals,Los Angeles Angels,Los Angeles Angels,-1.5,0.37,0.22,"8",0.52,0.51,1.6535947,0.51,0.62,2026-08-16 13:25:07.830
2026-08-15,MLB,MLB,Texas Rangers,Athletics,Texas Rangers,-1.5,0.77,0.35,"9.5",0.71,0.42,1.6493506,0.7,0.72,2026-08-16 13:25:07.830
2026-08-15,MLB,MLB,Texas Rangers,Athletics,Athletics,+1.5,0.23,0.65,"9.5",0.29,0.58,2.43,0.3,0.28,2026-08-16 13:25:07.830
2026-08-16,MLB,MLB,Baltimore Orioles,Tampa Bay Rays,Baltimore Orioles,+1.5,0.26,0.52,"8",0.77,0.56,2.23,0.28,0.24,2026-08-16 13:25:07.830
2026-08-16,MLB,MLB,Baltimore Orioles,Tampa Bay Rays,Tampa Bay Rays,-1.5,0.74,0.48,"8",0.23,0.44,1.6711409,0.72,0.76,2026-08-16 13:25:07.830
2026-08-16,MLB,MLB,Arizona Diamondbacks,Atlanta Braves,Arizona Diamondbacks,+1.5,0.22,0.49,"8.5",0.31,0.55,2.05,0.42,0.32,2026-08-16 13:25:07.830
2026-08-16,MLB,MLB,Arizona Diamondbacks,Atlanta Braves,Atlanta Braves,-1.5,0.78,0.51,"8.5",0.69,0.45,1.7874016,0.58,0.68,2026-08-16 13:25:07.830
2026-08-16,MLB,MLB,Boston Red Sox,Pittsburgh Pirates,Boston Red Sox,-1.5,0.1,0.28,"8",0.61,0.42,1.8333334,0.81,0.6,2026-08-16 13:25:07.830
2026-08-16,MLB,MLB,Boston Red Sox,Pittsburgh Pirates,Pittsburgh Pirates,+1.5,0.9,0.72,"8",0.39,0.58,2.0,0.19,0.4,2026-08-16 13:25:07.830
2026-08-16,MLB,MLB,New York Yankees,Toronto Blue Jays,New York Yankees,-1.5,0.12,0.22,"7.5",0.09,0.29,2.0,0.54,0.58,2026-08-16 13:25:07.830
2026-08-16,MLB,MLB,New York Yankees,Toronto Blue Jays,Toronto Blue Jays,+1.5,0.88,0.78,"7.5",0.91,0.71,1.8333334,0.46,0.42,2026-08-16 13:25:07.830
2026-08-16,MLB,MLB,San Diego Padres,Cleveland Guardians,San Diego Padres,-1.5,0.92,0.34,"8.5",0.15,0.34,1.877193,0.89,0.63,2026-08-16 13:25:07.830
2026-08-16,MLB,MLB,San Diego Padres,Cleveland Guardians,Cleveland Guardians,+1.5,0.08,0.66,"8.5",0.85,0.66,1.9523809,0.11,0.37,2026-08-16 13:25:07.830
2026-08-16,MLB,MLB,Washington Nationals,New York Mets,Washington Nationals,+1.5,0.0,0.6,"8.5",0.91,0.35,2.44,0.18,0.26,2026-08-16 13:25:07.830
2026-08-16,MLB,MLB,Washington Nationals,New York Mets,New York Mets,-1.5,1.0,0.4,"8.5",0.09,0.65,1.5714285,0.82,0.74,2026-08-16 13:25:07.830
2026-08-16,MLB,MLB,Miami Marlins,Cincinnati Reds,Miami Marlins,-1.5,0.1,0.33,"9",0.81,0.45,1.7692307,0.7,0.57,2026-08-16 13:25:07.830
2026-08-16,MLB,MLB,Miami Marlins,Cincinnati Reds,Cincinnati Reds,+1.5,0.9,0.67,"9",0.19,0.55,2.08,0.3,0.43,2026-08-16 13:25:07.830
2026-08-16,MLB,MLB,Chicago White Sox,Detroit Tigers,Chicago White Sox,-1.5,0.96,0.28,"8",0.82,0.49,1.925926,0.8,0.58,2026-08-16 13:25:07.830
2026-08-16,MLB,MLB,Chicago White Sox,Detroit Tigers,Detroit Tigers,+1.5,0.04,0.72,"8",0.18,0.51,1.8928572,0.2,0.42,2026-08-16 13:25:07.830
2026-08-16,MLB,MLB,Philadelphia Phillies,Minnesota Twins,Philadelphia Phillies,-1.5,0.25,0.47,"9",0.44,0.51,1.877193,0.87,0.74,2026-08-16 13:25:07.830
2026-08-16,MLB,MLB,Philadelphia Phillies,Minnesota Twins,Minnesota Twins,+1.5,0.75,0.53,"9",0.56,0.49,1.9523809,0.13,0.26,2026-08-16 13:25:07.830
2026-08-16,MLB,MLB,ST Louis Cardinals,Chicago Cubs,ST Louis Cardinals,+1.5,0.05,0.38,"9",0.34,0.23,2.34,0.25,0.2,2026-08-16 13:25:07.830
2026-08-16,MLB,MLB,ST Louis Cardinals,Chicago Cubs,Chicago Cubs,-1.5,0.95,0.62,"9",0.66,0.77,1.6172839,0.75,0.8,2026-08-16 13:25:07.830
2026-08-16,MLB,MLB,Texas Rangers,Athletics,Texas Rangers,-1.5,0.9,0.38,"10.5",0.92,0.28,1.7352941,0.56,0.59,2026-08-16 13:25:07.830
2026-08-16,MLB,MLB,Texas Rangers,Athletics,Athletics,+1.5,0.1,0.63,"10.5",0.08,0.72,2.13,0.44,0.41,2026-08-16 13:25:07.830
2026-08-16,MLB,MLB,Colorado Rockies,San Francisco Giants,Colorado Rockies,+1.5,0.27,0.5,"8",0.66,0.56,2.12,0.17,0.28,2026-08-16 13:25:07.830
2026-08-16,MLB,MLB,Colorado Rockies,San Francisco Giants,San Francisco Giants,-1.5,0.73,0.5,"8",0.34,0.44,1.7407408,0.83,0.72,2026-08-16 13:25:07.830
2026-08-16,MLB,MLB,Kansas City Royals,Los Angeles Angels,Kansas City Royals,-1.5,0.35,0.25,"9.5",0.37,0.17,1.8264463,0.86,0.61,2026-08-16 13:25:07.830
2026-08-16,MLB,MLB,Kansas City Royals,Los Angeles Angels,Los Angeles Angels,+1.5,0.65,0.75,"9.5",0.63,0.83,2.01,0.14,0.39,2026-08-16 13:25:07.830
2026-08-16,MLB,MLB,Milwaukee Brewers,Los Angeles Dodgers,Milwaukee Brewers,+1.5,0.06,0.55,"7.5",0.8,0.43,2.49,0.39,0.24,2026-08-16 13:25:07.830
2026-08-16,MLB,MLB,Milwaukee Brewers,Los Angeles Dodgers,Los Angeles Dodgers,-1.5,0.94,0.45,"7.5",0.2,0.57,1.5524862,0.61,0.76,2026-08-16 13:25:07.830
2026-08-16,MLB,MLB,Seattle Mariners,Houston Astros,Seattle Mariners,+1.5,0.37,0.72,"7.5",0.11,0.5,2.13,0.27,0.3,2026-08-16 13:25:07.830
2026-08-16,MLB,MLB,Seattle Mariners,Houston Astros,Houston Astros,-1.5,0.63,0.28,"7.5",0.89,0.5,1.7352941,0.73,0.7,2026-08-16 13:25:07.830
2026-08-15,SOC,"40031",Getafe,Alaves,Getafe,-,0.0,0.0,-,0.0,0.0,3.75,0.24,0.34,2026-08-16 13:25:17.499
2026-08-15,SOC,"40031",Getafe,Alaves,Alaves,-,0.0,0.0,-,0.0,0.0,2.4,0.76,0.66,2026-08-16 13:25:17.499
2026-08-15,SOC,"40031",Vallecano,Sevilla,Vallecano,-,0.0,0.0,-,0.0,0.0,3.05,0.17,0.12,2026-08-16 13:25:17.499
2026-08-15,SOC,"40031",Vallecano,Sevilla,Sevilla,-,0.0,0.0,-,0.0,0.0,2.7,0.83,0.88,2026-08-16 13:25:17.499
2026-08-16,SOC,"40031",Villarreal,Racing Santander,Villarreal,-,0.0,0.0,-,0.0,0.0,2.1,0.98,0.97,2026-08-16 13:25:17.499
2026-08-16,SOC,"40031",Villarreal,Racing Santander,Racing Santander,-,0.0,0.0,-,0.0,0.0,3.35,0.02,0.03,2026-08-16 13:25:17.499
2026-08-16,SOC,"40031",Levante,Espanyol,Levante,-,0.0,0.0,-,0.0,0.0,3.7,0.17,0.11,2026-08-16 13:25:17.499
2026-08-16,SOC,"40031",Levante,Espanyol,Espanyol,-,0.0,0.0,-,0.0,0.0,2.1,0.83,0.89,2026-08-16 13:25:17.499
2026-08-16,SOC,"40031",Osasuna,Celta Vigo,Osasuna,-,0.0,0.0,-,0.0,0.0,3.65,0.09,0.09,2026-08-16 13:25:17.499
2026-08-16,SOC,"40031",Osasuna,Celta Vigo,Celta Vigo,-,0.0,0.0,-,0.0,0.0,2.05,0.91,0.91,2026-08-16 13:25:17.499
2026-08-17,SOC,"40031",Elche,Dep La Coruna,Elche,-,0.0,0.0,-,0.0,0.0,3.4,0.56,0.56,2026-08-16 13:25:17.499
2026-08-17,SOC,"40031",Elche,Dep La Coruna,Dep La Coruna,-,0.0,0.0,-,0.0,0.0,2.35,0.44,0.44,2026-08-16 13:25:17.499
2026-08-15,SOC,"40817",Preston,Bolton,Preston,-,0.0,0.0,-,0.0,0.0,3.05,0.19,0.3,2026-08-16 13:25:19.828
2026-08-15,SOC,"40817",Preston,Bolton,Bolton,-,0.0,0.0,-,0.0,0.0,2.35,0.81,0.7,2026-08-16 13:25:19.828
2026-08-15,SOC,"40817",West Brom,Norwich,West Brom,-,0.0,0.0,-,0.0,0.0,3.75,0.05,0.11,2026-08-16 13:25:19.828
2026-08-15,SOC,"40817",West Brom,Norwich,Norwich,-,0.0,0.0,-,0.0,0.0,2.0,0.95,0.89,2026-08-16 13:25:19.828
2026-08-15,SOC,"40817",Swansea,Stoke City,Swansea,-,0.0,0.0,-,0.0,0.0,3.05,0.19,0.21,2026-08-16 13:25:19.828
2026-08-15,SOC,"40817",Swansea,Stoke City,Stoke City,-,0.0,0.0,-,0.0,0.0,2.35,0.81,0.79,2026-08-16 13:25:19.828
2026-08-15,SOC,"40817",Millwall,Bristol City,Millwall,-,0.0,0.0,-,0.0,0.0,2.8,0.58,0.44,2026-08-16 13:25:19.828
2026-08-15,SOC,"40817",Millwall,Bristol City,Bristol City,-,0.0,0.0,-,0.0,0.0,2.5,0.42,0.56,2026-08-16 13:25:19.828
2026-08-15,SOC,"40817",Lincoln City,Middlesbrough,Lincoln City,-,0.0,0.0,-,0.0,0.0,6.5,0.03,0.02,2026-08-16 13:25:19.828
2026-08-15,SOC,"40817",Lincoln City,Middlesbrough,Middlesbrough,-,0.0,0.0,-,0.0,0.0,1.5128205,0.97,0.98,2026-08-16 13:25:19.828
2026-08-15,SOC,"40817",Derby County,Charlton,Derby County,-,0.0,0.0,-,0.0,0.0,2.75,0.42,0.53,2026-08-16 13:25:19.828
2026-08-15,SOC,"40817",Derby County,Charlton,Charlton,-,0.0,0.0,-,0.0,0.0,2.7,0.58,0.47,2026-08-16 13:25:19.828
2026-08-15,SOC,"40817",Queens Park Rangers,Portsmouth,Queens Park Rangers,-,0.0,0.0,-,0.0,0.0,3.15,0.66,0.25,2026-08-16 13:25:19.828
2026-08-15,SOC,"40817",Queens Park Rangers,Portsmouth,Portsmouth,-,0.0,0.0,-,0.0,0.0,2.35,0.34,0.75,2026-08-16 13:25:19.828
2026-08-15,SOC,"40817",Birmingham,Sheffield Utd,Birmingham,-,0.0,0.0,-,0.0,0.0,3.3,0.24,0.25,2026-08-16 13:25:19.828
2026-08-15,SOC,"40817",Birmingham,Sheffield Utd,Sheffield Utd,-,0.0,0.0,-,0.0,0.0,2.25,0.76,0.75,2026-08-16 13:25:19.828
2026-08-16,SOC,"40817",Southampton,Watford,Southampton,-,0.0,0.0,-,0.0,0.0,2.1,0.87,0.89,2026-08-16 13:25:19.828
2026-08-16,SOC,"40817",Southampton,Watford,Watford,-,0.0,0.0,-,0.0,0.0,3.45,0.13,0.11,2026-08-16 13:25:19.828
2026-08-16,SOC,"40817",West Ham,Burnley,West Ham,-,0.0,0.0,-,0.0,0.0,2.25,0.93,0.89,2026-08-16 13:25:19.828
2026-08-16,SOC,"40817",West Ham,Burnley,Burnley,-,0.0,0.0,-,0.0,0.0,3.1,0.07,0.11,2026-08-16 13:25:19.828
2026-08-17,SOC,"40817",Wrexham,Cardiff City,Wrexham,-,0.0,0.0,-,0.0,0.0,2.75,0.75,0.44,2026-08-16 13:25:19.828
2026-08-17,SOC,"40817",Wrexham,Cardiff City,Cardiff City,-,0.0,0.0,-,0.0,0.0,2.5,0.25,0.56,2026-08-16 13:25:19.828
2026-08-15,SOC,"89345",New York Red Bulls,Atlanta Utd,New York Red Bulls,-,0.0,0.0,-,0.0,0.0,3.0,0.51,0.38,2026-08-16 13:25:27.426
2026-08-15,SOC,"89345",New York Red Bulls,Atlanta Utd,Atlanta Utd,-,0.0,0.0,-,0.0,0.0,2.05,0.49,0.62,2026-08-16 13:25:27.426
2026-08-15,SOC,"89345",DC Utd,CF Montreal,DC Utd,-,0.0,0.0,-,0.0,0.0,3.05,0.38,0.32,2026-08-16 13:25:27.426
2026-08-15,SOC,"89345",DC Utd,CF Montreal,CF Montreal,-,0.0,0.0,-,0.0,0.0,2.1,0.62,0.68,2026-08-16 13:25:27.426
2026-08-15,SOC,"89345",Columbus Crew,Charlotte FC,Columbus Crew,-,0.0,0.0,-,0.0,0.0,3.1,0.15,0.32,2026-08-16 13:25:27.426
2026-08-15,SOC,"89345",Columbus Crew,Charlotte FC,Charlotte FC,-,0.0,0.0,-,0.0,0.0,2.1,0.85,0.68,2026-08-16 13:25:27.426
2026-08-15,SOC,"89345",FC Cincinnati,Orlando City,FC Cincinnati,-,0.0,0.0,-,0.0,0.0,2.3,0.39,0.35,2026-08-16 13:25:27.426
2026-08-15,SOC,"89345",FC Cincinnati,Orlando City,Orlando City,-,0.0,0.0,-,0.0,0.0,2.5,0.61,0.65,2026-08-16 13:25:27.426
2026-08-15,SOC,"89345",NE Revolution,Toronto FC,NE Revolution,-,0.0,0.0,-,0.0,0.0,2.95,0.42,0.41,2026-08-16 13:25:27.426
2026-08-15,SOC,"89345",NE Revolution,Toronto FC,Toronto FC,-,0.0,0.0,-,0.0,0.0,2.15,0.58,0.59,2026-08-16 13:25:27.426
2026-08-15,SOC,"89345",Inter Miami,Nashville SC,Inter Miami,-,0.0,0.0,-,0.0,0.0,2.55,0.91,0.71,2026-08-16 13:25:27.426
2026-08-15,SOC,"89345",Inter Miami,Nashville SC,Nashville SC,-,0.0,0.0,-,0.0,0.0,2.4,0.09,0.29,2026-08-16 13:25:27.426
2026-08-15,SOC,"89345",LA Galaxy,HOU Dynamo,LA Galaxy,-,0.0,0.0,-,0.0,0.0,4.6,0.06,0.19,2026-08-16 13:25:27.426
2026-08-15,SOC,"89345",LA Galaxy,HOU Dynamo,HOU Dynamo,-,0.0,0.0,-,0.0,0.0,1.6451613,0.94,0.81,2026-08-16 13:25:27.426
2026-08-15,SOC,"89345",Sporting KC,COL Rapids,Sporting KC,-,0.0,0.0,-,0.0,0.0,5.75,0.02,0.21,2026-08-16 13:25:27.426
2026-08-15,SOC,"89345",Sporting KC,COL Rapids,COL Rapids,-,0.0,0.0,-,0.0,0.0,1.4545455,0.98,0.79,2026-08-16 13:25:27.426
2026-08-15,SOC,"89345",Minnesota Utd,Real Salt Lake,Minnesota Utd,-,0.0,0.0,-,0.0,0.0,3.8,0.04,0.19,2026-08-16 13:25:27.426
2026-08-15,SOC,"89345",Minnesota Utd,Real Salt Lake,Real Salt Lake,-,0.0,0.0,-,0.0,0.0,1.8333334,0.96,0.81,2026-08-16 13:25:27.426
2026-08-15,SOC,"89345",San Diego FC,LAFC,San Diego FC,-,0.0,0.0,-,0.0,0.0,4.6,0.01,0.12,2026-08-16 13:25:27.426
2026-08-15,SOC,"89345",San Diego FC,LAFC,LAFC,-,0.0,0.0,-,0.0,0.0,1.6060606,0.99,0.88,2026-08-16 13:25:27.426
2026-08-15,SOC,"89345",St Louis City SC,SJ Earthquakes,St Louis City SC,-,0.0,0.0,-,0.0,0.0,3.0,0.23,0.4,2026-08-16 13:25:27.426
2026-08-15,SOC,"89345",St Louis City SC,SJ Earthquakes,SJ Earthquakes,-,0.0,0.0,-,0.0,0.0,2.05,0.77,0.6,2026-08-16 13:25:27.426
2026-08-16,SOC,"89345",PHI Union,NYCFC,PHI Union,-,0.0,0.0,-,0.0,0.0,2.75,0.13,0.57,2026-08-16 13:25:27.426
2026-08-16,SOC,"89345",PHI Union,NYCFC,NYCFC,-,0.0,0.0,-,0.0,0.0,2.3,0.87,0.43,2026-08-16 13:25:27.426
2026-08-16,SOC,"89345",POR Timbers,CHI Fire,POR Timbers,-,0.0,0.0,-,0.0,0.0,5.0,0.21,0.46,2026-08-16 13:25:27.426
2026-08-16,SOC,"89345",POR Timbers,CHI Fire,CHI Fire,-,0.0,0.0,-,0.0,0.0,1.4761904,0.79,0.54,2026-08-16 13:25:27.426
2026-08-16,SOC,"89345",FC Dallas,Austin FC,FC Dallas,-,0.0,0.0,-,0.0,0.0,2.25,0.23,0.78,2026-08-16 13:25:27.426
2026-08-16,SOC,"89345",FC Dallas,Austin FC,Austin FC,-,0.0,0.0,-,0.0,0.0,2.8,0.77,0.22,2026-08-16 13:25:27.426
2026-08-16,SOC,"89345",Vancouver Whitecaps,Seattle Sounders,Vancouver Whitecaps,-,0.0,0.0,-,0.0,0.0,1.8,0.81,0.89,2026-08-16 13:25:27.426
2026-08-16,SOC,"89345",Vancouver Whitecaps,Seattle Sounders,Seattle Sounders,-,0.0,0.0,-,0.0,0.0,3.8,0.19,0.11,2026-08-16 13:25:27.426
2026-08-15,UFC,UFC,Chidi Njokuani,Joel Alvarez,Chidi Njokuani,-,0.0,0.0,-,0.0,0.0,3.0,0.0,0.0,2026-08-16 13:25:29.069
2026-08-15,UFC,UFC,Chidi Njokuani,Joel Alvarez,Joel Alvarez,-,0.0,0.0,-,0.0,0.0,1.4081633,1.0,1.0,2026-08-16 13:25:29.069
2026-08-15,UFC,UFC,Myktybek Orolbai,Jeremiah Wells,Myktybek Orolbai,-,0.0,0.0,-,0.0,0.0,1.074074,0.78,0.89,2026-08-16 13:25:29.069
2026-08-15,UFC,UFC,Myktybek Orolbai,Jeremiah Wells,Jeremiah Wells,-,0.0,0.0,-,0.0,0.0,9.0,0.22,0.11,2026-08-16 13:25:29.069
2026-08-15,UFC,UFC,Ramiz Brahimaj,Neil Magny,Ramiz Brahimaj,-,0.0,0.0,-,0.0,0.0,1.7042253,0.75,0.59,2026-08-16 13:25:29.069
2026-08-15,UFC,UFC,Ramiz Brahimaj,Neil Magny,Neil Magny,-,0.0,0.0,-,0.0,0.0,2.2,0.25,0.41,2026-08-16 13:25:29.069
2026-08-15,UFC,UFC,Lucas Fernando,Rafael Tobias,Lucas Fernando,-,0.0,0.0,-,0.0,0.0,1.3508772,0.62,0.79,2026-08-16 13:25:29.069
2026-08-15,UFC,UFC,Lucas Fernando,Rafael Tobias,Rafael Tobias,-,0.0,0.0,-,0.0,0.0,3.3,0.38,0.21,2026-08-16 13:25:29.069
2026-08-15,UFC,UFC,Tresean Gore,Vicente Luque,Tresean Gore,-,0.0,0.0,-,0.0,0.0,1.8474576,0.6,0.49,2026-08-16 13:25:29.069
2026-08-15,UFC,UFC,Tresean Gore,Vicente Luque,Vicente Luque,-,0.0,0.0,-,0.0,0.0,1.9803921,0.4,0.51,2026-08-16 13:25:29.069
2026-08-15,UFC,UFC,Eric McConico,Donte Johnson,Eric McConico,-,0.0,0.0,-,0.0,0.0,3.8,0.29,0.16,2026-08-16 13:25:29.069
2026-08-15,UFC,UFC,Eric McConico,Donte Johnson,Donte Johnson,-,0.0,0.0,-,0.0,0.0,1.2816901,0.71,0.84,2026-08-16 13:25:29.069
2026-08-15,UFC,UFC,Eduardo Henrique,Charles Johnson,Eduardo Henrique,-,0.0,0.0,-,0.0,0.0,1.9803921,0.39,0.3,2026-08-16 13:25:29.069
2026-08-15,UFC,UFC,Eduardo Henrique,Charles Johnson,Charles Johnson,-,0.0,0.0,-,0.0,0.0,1.8474576,0.61,0.7,2026-08-16 13:25:29.069
2026-08-15,UFC,UFC,Joel Alvarez,Chidi Njokuani,Joel Alvarez,-,0.0,0.0,-,0.0,0.0,1.2666667,0.78,0.87,2026-08-16 13:25:29.069
2026-08-15,UFC,UFC,Joel Alvarez,Chidi Njokuani,Chidi Njokuani,-,0.0,0.0,-,0.0,0.0,3.95,0.22,0.13,2026-08-16 13:25:29.069
2026-08-15,UFC,UFC,Esteban Ribovics,Edson Barboza,Esteban Ribovics,-,0.0,0.0,-,0.0,0.0,1.1333333,0.3,0.75,2026-08-16 13:25:29.069
2026-08-15,UFC,UFC,Esteban Ribovics,Edson Barboza,Edson Barboza,-,0.0,0.0,-,0.0,0.0,6.25,0.7,0.25,2026-08-16 13:25:29.069
2026-08-15,UFC,UFC,Dustin Stoltzfus,Mansur Abdul-Malik,Dustin Stoltzfus,-,0.0,0.0,-,0.0,0.0,5.9,0.38,0.13,2026-08-16 13:25:29.069
2026-08-15,UFC,UFC,Dustin Stoltzfus,Mansur Abdul-Malik,Mansur Abdul-Malik,-,0.0,0.0,-,0.0,0.0,1.1481482,0.62,0.87,2026-08-16 13:25:29.069
2026-08-15,UFC,UFC,Jose Ochoa,Charles Johnson,Jose Ochoa,-,0.0,0.0,-,0.0,0.0,1.2197802,0.77,0.82,2026-08-16 13:25:29.069
2026-08-15,UFC,UFC,Jose Ochoa,Charles Johnson,Charles Johnson,-,0.0,0.0,-,0.0,0.0,4.5,0.23,0.18,2026-08-16 13:25:29.069
2026-08-15,UFC,UFC,Kaue Fernandes,Jalin Turner,Kaue Fernandes,-,0.0,0.0,-,0.0,0.0,2.0,0.56,0.37,2026-08-16 13:25:29.069
2026-08-15,UFC,UFC,Kaue Fernandes,Jalin Turner,Jalin Turner,-,0.0,0.0,-,0.0,0.0,1.8333334,0.44,0.63,2026-08-16 13:25:29.069
2026-08-15,UFC,UFC,Gillian Robertson,Mackenzie Dern,Gillian Robertson,-,0.0,0.0,-,0.0,0.0,2.8,0.3,0.28,2026-08-16 13:25:29.069
2026-08-15,UFC,UFC,Gillian Robertson,Mackenzie Dern,Mackenzie Dern,-,0.0,0.0,-,0.0,0.0,1.4587156,0.7,0.72,2026-08-16 13:25:29.069
2026-08-15,UFC,UFC,Ian Machado Garry,Islam Makhachev,Ian Machado Garry,-,0.0,0.0,-,0.0,0.0,3.6,0.56,0.31,2026-08-16 13:25:29.069
2026-08-15,UFC,UFC,Ian Machado Garry,Islam Makhachev,Islam Makhachev,-,0.0,0.0,-,0.0,0.0,1.3076923,0.44,0.69,2026-08-16 13:25:29.069
2026-08-15,BOX,BOX,Alexander Thiel,Jaquan McElroy,Alexander Thiel,-,0.0,0.0,-,0.0,0.0,9.0,0.0,0.0,2026-08-16 13:25:30.586
2026-08-15,BOX,BOX,Alexander Thiel,Jaquan McElroy,Jaquan McElroy,-,0.0,0.0,-,0.0,0.0,1.0625,1.0,1.0,2026-08-16 13:25:30.586
2026-08-15,BOX,BOX,Michael Nelson,Casey Dixon,Michael Nelson,-,0.0,0.0,-,0.0,0.0,10.0,0.0,0.0,2026-08-16 13:25:30.586
2026-08-15,BOX,BOX,Michael Nelson,Casey Dixon,Casey Dixon,-,0.0,0.0,-,0.0,0.0,1.05,1.0,1.0,2026-08-16 13:25:30.586
2026-08-15,BOX,BOX,Rahmel McKinley,Daniel Mercado,Rahmel McKinley,-,0.0,0.0,-,0.0,0.0,17.0,0.0,0.0,2026-08-16 13:25:30.586
2026-08-15,BOX,BOX,Rahmel McKinley,Daniel Mercado,Daniel Mercado,-,0.0,0.0,-,0.0,0.0,1.01,1.0,1.0,2026-08-16 13:25:30.586
2026-08-15,BOX,BOX,Marianela Ramirez,Shannel Butler,Marianela Ramirez,-,0.0,0.0,-,0.0,0.0,8.5,0.0,0.0,2026-08-16 13:25:30.586
2026-08-15,BOX,BOX,Marianela Ramirez,Shannel Butler,Shannel Butler,-,0.0,0.0,-,0.0,0.0,1.0625,1.0,1.0,2026-08-16 13:25:30.586
2026-08-15,BOX,BOX,Da'Velle Smith,Hakim Lopez,Da'Velle Smith,-,0.0,0.0,-,0.0,0.0,1.3846154,1.0,1.0,2026-08-16 13:25:30.586
2026-08-15,BOX,BOX,Da'Velle Smith,Hakim Lopez,Hakim Lopez,-,0.0,0.0,-,0.0,0.0,3.0,0.0,0.0,2026-08-16 13:25:30.586
2026-08-15,BOX,BOX,Olivia Curry,Danielle Perkins,Olivia Curry,-,0.0,0.0,-,0.0,0.0,5.75,0.0,0.0,2026-08-16 13:25:30.586
2026-08-15,BOX,BOX,Olivia Curry,Danielle Perkins,Danielle Perkins,-,0.0,0.0,-,0.0,0.0,1.1333333,1.0,1.0,2026-08-16 13:25:30.586
2026-08-15,BOX,BOX,Roamer Angulo,Atif Oberlton,Roamer Angulo,-,0.0,0.0,-,0.0,0.0,10.0,0.11,0.05,2026-08-16 13:25:30.586
2026-08-15,BOX,BOX,Roamer Angulo,Atif Oberlton,Atif Oberlton,-,0.0,0.0,-,0.0,0.0,1.05,0.89,0.95,2026-08-16 13:25:30.586
2026-08-15,BOX,BOX,Bernice Ferreira,Caroline Veyre,Bernice Ferreira,-,0.0,0.0,-,0.0,0.0,4.2,0.0,0.0,2026-08-16 13:25:30.586
2026-08-15,BOX,BOX,Bernice Ferreira,Caroline Veyre,Caroline Veyre,-,0.0,0.0,-,0.0,0.0,1.2222222,1.0,1.0,2026-08-16 13:25:30.586
2026-08-15,BOX,BOX,Paulette Cuesta,Ashleyann Lozada,Paulette Cuesta,-,0.0,0.0,-,0.0,0.0,7.5,0.0,0.0,2026-08-16 13:25:30.586
2026-08-15,BOX,BOX,Paulette Cuesta,Ashleyann Lozada,Ashleyann Lozada,-,0.0,0.0,-,0.0,0.0,1.0833334,1.0,1.0,2026-08-16 13:25:30.586
2026-08-15,BOX,BOX,Joseph Hicks,Troy Isley,Joseph Hicks,-,0.0,0.0,-,0.0,0.0,5.75,0.0,0.0,2026-08-16 13:25:30.586
2026-08-15,BOX,BOX,Joseph Hicks,Troy Isley,Troy Isley,-,0.0,0.0,-,0.0,0.0,1.1333333,1.0,1.0,2026-08-16 13:25:30.586
2026-08-15,BOX,BOX,Roger Hilley,Ernesto Mercado,Roger Hilley,-,0.0,0.0,-,0.0,0.0,14.0,0.0,0.0,2026-08-16 13:25:30.586
2026-08-15,BOX,BOX,Roger Hilley,Ernesto Mercado,Ernesto Mercado,-,0.0,0.0,-,0.0,0.0,1.02,1.0,1.0,2026-08-16 13:25:30.586
2026-08-16,BOX,BOX,Kaye Scott,Claressa Shields,Kaye Scott,-,0.0,0.0,-,0.0,0.0,13.0,0.94,0.18,2026-08-16 13:25:30.586
2026-08-16,BOX,BOX,Kaye Scott,Claressa Shields,Claressa Shields,-,0.0,0.0,-,0.0,0.0,1.0333333,0.06,0.82,2026-08-16 13:25:30.586
2026-08-16,BOX,BOX,Emmanuel Tagoe,Ernesto Mercado,Emmanuel Tagoe,-,0.0,0.0,-,0.0,0.0,12.0,0.0,0.0,2026-08-16 13:25:30.586
2026-08-16,BOX,BOX,Emmanuel Tagoe,Ernesto Mercado,Ernesto Mercado,-,0.0,0.0,-,0.0,0.0,1.0333333,1.0,1.0,2026-08-16 13:25:30.586
2026-08-15,AFL,AFL,Collingwood Magpies,Hawthorn Hawks,Collingwood Magpies,+21.5,0.88,0.5,-,0.0,0.0,3.45,0.0,0.0,2026-08-16 13:25:32.068
2026-08-15,AFL,AFL,Collingwood Magpies,Hawthorn Hawks,Hawthorn Hawks,-21.5,0.12,0.5,-,0.0,0.0,1.3030303,1.0,1.0,2026-08-16 13:25:32.068
2026-08-15,AFL,AFL,Melbourne Demons,Port Adelaide Power,Melbourne Demons,-25.5,1.0,1.0,-,0.0,0.0,1.2564102,1.0,1.0,2026-08-16 13:25:32.068
2026-08-15,AFL,AFL,Melbourne Demons,Port Adelaide Power,Port Adelaide Power,+25.5,0.0,0.0,-,0.0,0.0,3.9,0.0,0.0,2026-08-16 13:25:32.068
2026-08-15,AFL,AFL,West Coast Eagles,GWS Giants,West Coast Eagles,+31.5,1.0,1.0,"182.5",0.0,0.0,4.9,0.0,0.0,2026-08-16 13:25:32.068
2026-08-15,AFL,AFL,West Coast Eagles,GWS Giants,GWS Giants,-31.5,0.0,0.0,"182.5",1.0,1.0,1.173913,1.0,1.0,2026-08-16 13:25:32.068
2026-08-16,AFL,AFL,Carlton Blues,Western Bulldogs,Carlton Blues,-23.5,0.18,0.5,-,0.0,0.0,1.2564102,0.0,0.0,2026-08-16 13:25:32.068
2026-08-16,AFL,AFL,Carlton Blues,Western Bulldogs,Western Bulldogs,+23.5,0.82,0.5,-,0.0,0.0,3.85,1.0,1.0,2026-08-16 13:25:32.068
2026-08-15,MLB,MLB,Chicago White Sox,Detroit Tigers,Chicago White Sox,+1.5,0.14,0.53,"8",0.65,0.65,2.3,0.39,0.29,2026-08-16 13:55:09.373
2026-08-15,MLB,MLB,Chicago White Sox,Detroit Tigers,Detroit Tigers,-1.5,0.86,0.47,"8",0.35,0.35,1.7142857,0.61,0.71,2026-08-16 13:55:09.373
2026-08-15,MLB,MLB,ST Louis Cardinals,Chicago Cubs,ST Louis Cardinals,+1.5,0.12,0.23,"9",0.53,0.49,2.68,0.21,0.14,2026-08-16 13:55:09.373
2026-08-15,MLB,MLB,ST Louis Cardinals,Chicago Cubs,Chicago Cubs,-1.5,0.88,0.77,"9",0.47,0.51,1.5524862,0.79,0.86,2026-08-16 13:55:09.373
2026-08-15,MLB,MLB,New York Yankees,Toronto Blue Jays,New York Yankees,-1.5,0.85,0.7,"7",0.52,0.49,1.5376344,0.83,0.83,2026-08-16 13:55:09.373
2026-08-15,MLB,MLB,New York Yankees,Toronto Blue Jays,Toronto Blue Jays,+1.5,0.15,0.3,"7",0.48,0.51,2.73,0.17,0.17,2026-08-16 13:55:09.373
2026-08-15,MLB,MLB,Colorado Rockies,San Francisco Giants,Colorado Rockies,+1.5,0.09,0.37,"7.5",0.84,0.75,2.55,0.26,0.21,2026-08-16 13:55:09.373
2026-08-15,MLB,MLB,Colorado Rockies,San Francisco Giants,San Francisco Giants,-1.5,0.91,0.63,"7.5",0.16,0.25,1.5988024,0.74,0.79,2026-08-16 13:55:09.373
2026-08-15,MLB,MLB,Washington Nationals,New York Mets,Washington Nationals,+1.5,0.1,0.6,"7.5",0.79,0.65,2.21,0.17,0.35,2026-08-16 13:55:09.373
2026-08-15,MLB,MLB,Washington Nationals,New York Mets,New York Mets,-1.5,0.9,0.4,"7.5",0.21,0.35,1.7692307,0.83,0.65,2026-08-16 13:55:09.373
2026-08-15,MLB,MLB,Baltimore Orioles,Tampa Bay Rays,Baltimore Orioles,+1.5,0.03,0.39,"7.5",0.45,0.61,2.31,0.2,0.18,2026-08-16 13:55:09.373
2026-08-15,MLB,MLB,Baltimore Orioles,Tampa Bay Rays,Tampa Bay Rays,-1.5,0.97,0.61,"7.5",0.55,0.39,1.7092198,0.8,0.82,2026-08-16 13:55:09.373
2026-08-15,MLB,MLB,Miami Marlins,Cincinnati Reds,Miami Marlins,-1.5,0.69,0.18,"9",0.94,0.53,1.9803921,0.66,0.49,2026-08-16 13:55:09.373
2026-08-15,MLB,MLB,Miami Marlins,Cincinnati Reds,Cincinnati Reds,+1.5,0.31,0.82,"9",0.06,0.47,1.9523809,0.34,0.51,2026-08-16 13:55:09.373
2026-08-15,MLB,MLB,San Diego Padres,Cleveland Guardians,San Diego Padres,-1.5,0.69,0.42,"8.5",0.31,0.55,2.01,0.79,0.56,2026-08-16 13:55:09.373
2026-08-15,MLB,MLB,San Diego Padres,Cleveland Guardians,Cleveland Guardians,+1.5,0.31,0.58,"8.5",0.69,0.45,1.925926,0.21,0.44,2026-08-16 13:55:09.373
2026-08-15,MLB,MLB,Philadelphia Phillies,Minnesota Twins,Philadelphia Phillies,-1.5,0.75,0.63,"8",0.95,0.69,1.7518797,0.77,0.87,2026-08-16 13:55:09.373
2026-08-15,MLB,MLB,Philadelphia Phillies,Minnesota Twins,Minnesota Twins,+1.5,0.25,0.37,"8",0.05,0.31,2.23,0.23,0.13,2026-08-16 13:55:09.373
2026-08-15,MLB,MLB,Seattle Mariners,Houston Astros,Seattle Mariners,+1.5,0.19,0.64,"8.5",0.82,0.59,2.1,0.33,0.28,2026-08-16 13:55:09.373
2026-08-15,MLB,MLB,Seattle Mariners,Houston Astros,Houston Astros,-1.5,0.81,0.36,"8.5",0.18,0.41,1.8474576,0.67,0.72,2026-08-16 13:55:09.373
2026-08-15,MLB,MLB,Arizona Diamondbacks,Atlanta Braves,Arizona Diamondbacks,+1.5,0.56,0.64,"9",0.77,0.37,2.23,0.38,0.26,2026-08-16 13:55:09.373
2026-08-15,MLB,MLB,Arizona Diamondbacks,Atlanta Braves,Atlanta Braves,-1.5,0.44,0.36,"9",0.23,0.63,1.7518797,0.62,0.74,2026-08-16 13:55:09.373
2026-08-15,MLB,MLB,Boston Red Sox,Pittsburgh Pirates,Boston Red Sox,-1.5,0.83,0.64,"7.5",0.74,0.7,1.8403361,0.91,0.84,2026-08-16 13:55:09.373
2026-08-15,MLB,MLB,Boston Red Sox,Pittsburgh Pirates,Pittsburgh Pirates,+1.5,0.17,0.36,"7.5",0.26,0.3,2.11,0.09,0.16,2026-08-16 13:55:09.373
2026-08-15,MLB,MLB,Milwaukee Brewers,Los Angeles Dodgers,Milwaukee Brewers,-1.5,0.26,0.2,"7.5",0.16,0.4,1.8196721,0.64,0.56,2026-08-16 13:55:09.373
2026-08-15,MLB,MLB,Milwaukee Brewers,Los Angeles Dodgers,Los Angeles Dodgers,+1.5,0.74,0.8,"7.5",0.84,0.6,2.14,0.36,0.44,2026-08-16 13:55:09.373
2026-08-15,MLB,MLB,Kansas City Royals,Los Angeles Angels,Kansas City Royals,+1.5,0.63,0.78,"8",0.48,0.49,2.42,0.49,0.38,2026-08-16 13:55:09.373
2026-08-15,MLB,MLB,Kansas City Royals,Los Angeles Angels,Los Angeles Angels,-1.5,0.37,0.22,"8",0.52,0.51,1.6535947,0.51,0.62,2026-08-16 13:55:09.373
2026-08-15,MLB,MLB,Texas Rangers,Athletics,Texas Rangers,-1.5,0.77,0.35,"9.5",0.71,0.42,1.6493506,0.7,0.72,2026-08-16 13:55:09.373
2026-08-15,MLB,MLB,Texas Rangers,Athletics,Athletics,+1.5,0.23,0.65,"9.5",0.29,0.58,2.43,0.3,0.28,2026-08-16 13:55:09.373
2026-08-16,MLB,MLB,Baltimore Orioles,Tampa Bay Rays,Baltimore Orioles,+1.5,0.24,0.49,"8",0.77,0.57,2.31,0.27,0.26,2026-08-16 13:55:09.373
2026-08-16,MLB,MLB,Baltimore Orioles,Tampa Bay Rays,Tampa Bay Rays,-1.5,0.76,0.51,"8",0.23,0.43,1.7142857,0.73,0.74,2026-08-16 13:55:09.373
2026-08-16,MLB,MLB,Arizona Diamondbacks,Atlanta Braves,Arizona Diamondbacks,+1.5,0.19,0.51,"8.5",0.34,0.55,2.09,0.4,0.33,2026-08-16 13:55:09.373
2026-08-16,MLB,MLB,Arizona Diamondbacks,Atlanta Braves,Atlanta Braves,-1.5,0.81,0.49,"8.5",0.66,0.45,1.7633588,0.6,0.67,2026-08-16 13:55:09.373
2026-08-16,MLB,MLB,Boston Red Sox,Pittsburgh Pirates,Boston Red Sox,-1.5,0.12,0.34,"8",0.62,0.4,1.8333334,0.81,0.61,2026-08-16 13:55:09.373
2026-08-16,MLB,MLB,Boston Red Sox,Pittsburgh Pirates,Pittsburgh Pirates,+1.5,0.88,0.66,"8",0.38,0.6,2.0,0.19,0.39,2026-08-16 13:55:09.373
2026-08-16,MLB,MLB,New York Yankees,Toronto Blue Jays,New York Yankees,+1.5,0.12,0.21,"7.5",0.1,0.31,2.05,0.54,0.57,2026-08-16 13:55:09.373
2026-08-16,MLB,MLB,New York Yankees,Toronto Blue Jays,Toronto Blue Jays,-1.5,0.88,0.79,"7.5",0.9,0.69,1.7936507,0.46,0.43,2026-08-16 13:55:09.373
2026-08-16,MLB,MLB,San Diego Padres,Cleveland Guardians,San Diego Padres,-1.5,0.9,0.36,"8.5",0.16,0.33,1.877193,0.89,0.61,2026-08-16 13:55:09.373
2026-08-16,MLB,MLB,San Diego Padres,Cleveland Guardians,Cleveland Guardians,+1.5,0.1,0.64,"8.5",0.84,0.67,1.9523809,0.11,0.39,2026-08-16 13:55:09.373
2026-08-16,MLB,MLB,Washington Nationals,New York Mets,Washington Nationals,+1.5,0.0,0.52,"8.5",0.92,0.42,2.44,0.19,0.29,2026-08-16 13:55:09.373
2026-08-16,MLB,MLB,Washington Nationals,New York Mets,New York Mets,-1.5,1.0,0.48,"8.5",0.08,0.58,1.5714285,0.81,0.71,2026-08-16 13:55:09.373
2026-08-16,MLB,MLB,Miami Marlins,Cincinnati Reds,Miami Marlins,-1.5,0.93,0.35,"9",0.8,0.44,1.7692307,0.73,0.58,2026-08-16 13:55:09.373
2026-08-16,MLB,MLB,Miami Marlins,Cincinnati Reds,Cincinnati Reds,+1.5,0.07,0.65,"9",0.2,0.56,2.08,0.27,0.42,2026-08-16 13:55:09.373
2026-08-16,MLB,MLB,Chicago White Sox,Detroit Tigers,Chicago White Sox,-1.5,0.94,0.28,"8",0.84,0.52,1.925926,0.8,0.57,2026-08-16 13:55:09.373
2026-08-16,MLB,MLB,Chicago White Sox,Detroit Tigers,Detroit Tigers,+1.5,0.06,0.72,"8",0.16,0.48,1.8928572,0.2,0.43,2026-08-16 13:55:09.373
2026-08-16,MLB,MLB,Philadelphia Phillies,Minnesota Twins,Philadelphia Phillies,-1.5,0.27,0.54,"9",0.45,0.54,1.877193,0.87,0.73,2026-08-16 13:55:09.373
2026-08-16,MLB,MLB,Philadelphia Phillies,Minnesota Twins,Minnesota Twins,+1.5,0.73,0.46,"9",0.55,0.46,1.9523809,0.13,0.27,2026-08-16 13:55:09.373
2026-08-16,MLB,MLB,ST Louis Cardinals,Chicago Cubs,ST Louis Cardinals,+1.5,0.05,0.39,"9",0.78,0.35,2.34,0.23,0.21,2026-08-16 13:55:09.373
2026-08-16,MLB,MLB,ST Louis Cardinals,Chicago Cubs,Chicago Cubs,-1.5,0.95,0.61,"9",0.22,0.65,1.6172839,0.77,0.79,2026-08-16 13:55:09.373
2026-08-16,MLB,MLB,Texas Rangers,Athletics,Texas Rangers,-1.5,0.89,0.36,"10.5",0.9,0.29,1.7352941,0.6,0.61,2026-08-16 13:55:09.373
2026-08-16,MLB,MLB,Texas Rangers,Athletics,Athletics,+1.5,0.11,0.64,"10.5",0.1,0.71,2.13,0.4,0.39,2026-08-16 13:55:09.373
2026-08-16,MLB,MLB,Colorado Rockies,San Francisco Giants,Colorado Rockies,+1.5,0.09,0.47,"8",0.27,0.57,2.12,0.18,0.28,2026-08-16 13:55:09.373
2026-08-16,MLB,MLB,Colorado Rockies,San Francisco Giants,San Francisco Giants,-1.5,0.91,0.53,"8",0.73,0.43,1.7407408,0.82,0.72,2026-08-16 13:55:09.373
2026-08-16,MLB,MLB,Kansas City Royals,Los Angeles Angels,Kansas City Royals,-1.5,0.99,0.29,"9.5",0.29,0.13,1.7936507,0.86,0.63,2026-08-16 13:55:09.373
2026-08-16,MLB,MLB,Kansas City Royals,Los Angeles Angels,Los Angeles Angels,+1.5,0.01,0.71,"9.5",0.71,0.87,2.04,0.14,0.37,2026-08-16 13:55:09.373
2026-08-16,MLB,MLB,Milwaukee Brewers,Los Angeles Dodgers,Milwaukee Brewers,+1.5,0.06,0.55,"7.5",0.77,0.35,2.49,0.35,0.23,2026-08-16 13:55:09.373
2026-08-16,MLB,MLB,Milwaukee Brewers,Los Angeles Dodgers,Los Angeles Dodgers,-1.5,0.94,0.45,"7.5",0.23,0.65,1.5524862,0.65,0.77,2026-08-16 13:55:09.373
2026-08-16,MLB,MLB,Seattle Mariners,Houston Astros,Seattle Mariners,+1.5,0.05,0.69,"7.5",0.2,0.55,2.13,0.16,0.32,2026-08-16 13:55:09.373
2026-08-16,MLB,MLB,Seattle Mariners,Houston Astros,Houston Astros,-1.5,0.95,0.31,"7.5",0.8,0.45,1.7352941,0.84,0.68,2026-08-16 13:55:09.373
2026-08-15,SOC,"40031",Getafe,Alaves,Getafe,-,0.0,0.0,-,0.0,0.0,3.75,0.24,0.34,2026-08-16 13:55:19.564
2026-08-15,SOC,"40031",Getafe,Alaves,Alaves,-,0.0,0.0,-,0.0,0.0,2.4,0.76,0.66,2026-08-16 13:55:19.564
2026-08-15,SOC,"40031",Vallecano,Sevilla,Vallecano,-,0.0,0.0,-,0.0,0.0,3.05,0.17,0.12,2026-08-16 13:55:19.564
2026-08-15,SOC,"40031",Vallecano,Sevilla,Sevilla,-,0.0,0.0,-,0.0,0.0,2.7,0.83,0.88,2026-08-16 13:55:19.564
2026-08-16,SOC,"40031",Villarreal,Racing Santander,Villarreal,-,0.0,0.0,-,0.0,0.0,2.1,0.97,0.97,2026-08-16 13:55:19.564
2026-08-16,SOC,"40031",Villarreal,Racing Santander,Racing Santander,-,0.0,0.0,-,0.0,0.0,3.4,0.03,0.03,2026-08-16 13:55:19.564
2026-08-16,SOC,"40031",Levante,Espanyol,Levante,-,0.0,0.0,-,0.0,0.0,3.7,0.17,0.11,2026-08-16 13:55:19.564
2026-08-16,SOC,"40031",Levante,Espanyol,Espanyol,-,0.0,0.0,-,0.0,0.0,2.1,0.83,0.89,2026-08-16 13:55:19.564
2026-08-16,SOC,"40031",Osasuna,Celta Vigo,Osasuna,-,0.0,0.0,-,0.0,0.0,3.65,0.09,0.09,2026-08-16 13:55:19.564
2026-08-16,SOC,"40031",Osasuna,Celta Vigo,Celta Vigo,-,0.0,0.0,-,0.0,0.0,2.05,0.91,0.91,2026-08-16 13:55:19.564
2026-08-17,SOC,"40031",Elche,Dep La Coruna,Elche,-,0.0,0.0,-,0.0,0.0,3.4,0.56,0.56,2026-08-16 13:55:19.564
2026-08-17,SOC,"40031",Elche,Dep La Coruna,Dep La Coruna,-,0.0,0.0,-,0.0,0.0,2.35,0.44,0.44,2026-08-16 13:55:19.564
2026-08-15,SOC,"40817",Preston,Bolton,Preston,-,0.0,0.0,-,0.0,0.0,3.05,0.19,0.3,2026-08-16 13:55:21.031
2026-08-15,SOC,"40817",Preston,Bolton,Bolton,-,0.0,0.0,-,0.0,0.0,2.35,0.81,0.7,2026-08-16 13:55:21.031
2026-08-15,SOC,"40817",West Brom,Norwich,West Brom,-,0.0,0.0,-,0.0,0.0,3.75,0.05,0.11,2026-08-16 13:55:21.031
2026-08-15,SOC,"40817",West Brom,Norwich,Norwich,-,0.0,0.0,-,0.0,0.0,2.0,0.95,0.89,2026-08-16 13:55:21.031
2026-08-15,SOC,"40817",Swansea,Stoke City,Swansea,-,0.0,0.0,-,0.0,0.0,3.05,0.19,0.21,2026-08-16 13:55:21.031
2026-08-15,SOC,"40817",Swansea,Stoke City,Stoke City,-,0.0,0.0,-,0.0,0.0,2.35,0.81,0.79,2026-08-16 13:55:21.031
2026-08-15,SOC,"40817",Millwall,Bristol City,Millwall,-,0.0,0.0,-,0.0,0.0,2.8,0.58,0.44,2026-08-16 13:55:21.031
2026-08-15,SOC,"40817",Millwall,Bristol City,Bristol City,-,0.0,0.0,-,0.0,0.0,2.5,0.42,0.56,2026-08-16 13:55:21.031
2026-08-15,SOC,"40817",Lincoln City,Middlesbrough,Lincoln City,-,0.0,0.0,-,0.0,0.0,6.5,0.03,0.02,2026-08-16 13:55:21.031
2026-08-15,SOC,"40817",Lincoln City,Middlesbrough,Middlesbrough,-,0.0,0.0,-,0.0,0.0,1.5128205,0.97,0.98,2026-08-16 13:55:21.031
2026-08-15,SOC,"40817",Derby County,Charlton,Derby County,-,0.0,0.0,-,0.0,0.0,2.75,0.42,0.53,2026-08-16 13:55:21.031
2026-08-15,SOC,"40817",Derby County,Charlton,Charlton,-,0.0,0.0,-,0.0,0.0,2.7,0.58,0.47,2026-08-16 13:55:21.031
2026-08-15,SOC,"40817",Queens Park Rangers,Portsmouth,Queens Park Rangers,-,0.0,0.0,-,0.0,0.0,3.15,0.66,0.25,2026-08-16 13:55:21.031
2026-08-15,SOC,"40817",Queens Park Rangers,Portsmouth,Portsmouth,-,0.0,0.0,-,0.0,0.0,2.35,0.34,0.75,2026-08-16 13:55:21.031
2026-08-15,SOC,"40817",Birmingham,Sheffield Utd,Birmingham,-,0.0,0.0,-,0.0,0.0,3.3,0.24,0.25,2026-08-16 13:55:21.031
2026-08-15,SOC,"40817",Birmingham,Sheffield Utd,Sheffield Utd,-,0.0,0.0,-,0.0,0.0,2.25,0.76,0.75,2026-08-16 13:55:21.031
2026-08-16,SOC,"40817",Southampton,Watford,Southampton,-,0.0,0.0,-,0.0,0.0,2.1,0.88,0.9,2026-08-16 13:55:21.031
2026-08-16,SOC,"40817",Southampton,Watford,Watford,-,0.0,0.0,-,0.0,0.0,3.45,0.12,0.1,2026-08-16 13:55:21.031
2026-08-16,SOC,"40817",West Ham,Burnley,West Ham,-,0.0,0.0,-,0.0,0.0,2.25,0.93,0.89,2026-08-16 13:55:21.031
2026-08-16,SOC,"40817",West Ham,Burnley,Burnley,-,0.0,0.0,-,0.0,0.0,3.1,0.07,0.11,2026-08-16 13:55:21.031
2026-08-17,SOC,"40817",Wrexham,Cardiff City,Wrexham,-,0.0,0.0,-,0.0,0.0,2.75,0.75,0.44,2026-08-16 13:55:21.031
2026-08-17,SOC,"40817",Wrexham,Cardiff City,Cardiff City,-,0.0,0.0,-,0.0,0.0,2.5,0.25,0.56,2026-08-16 13:55:21.031
2026-08-15,SOC,"89345",New York Red Bulls,Atlanta Utd,New York Red Bulls,-,0.0,0.0,-,0.0,0.0,3.0,0.51,0.38,2026-08-16 13:55:27.938
2026-08-15,SOC,"89345",New York Red Bulls,Atlanta Utd,Atlanta Utd,-,0.0,0.0,-,0.0,0.0,2.05,0.49,0.62,2026-08-16 13:55:27.938
2026-08-15,SOC,"89345",DC Utd,CF Montreal,DC Utd,-,0.0,0.0,-,0.0,0.0,3.05,0.38,0.32,2026-08-16 13:55:27.938
2026-08-15,SOC,"89345",DC Utd,CF Montreal,CF Montreal,-,0.0,0.0,-,0.0,0.0,2.1,0.62,0.68,2026-08-16 13:55:27.938
2026-08-15,SOC,"89345",Columbus Crew,Charlotte FC,Columbus Crew,-,0.0,0.0,-,0.0,0.0,3.1,0.15,0.32,2026-08-16 13:55:27.938
2026-08-15,SOC,"89345",Columbus Crew,Charlotte FC,Charlotte FC,-,0.0,0.0,-,0.0,0.0,2.1,0.85,0.68,2026-08-16 13:55:27.938
2026-08-15,SOC,"89345",FC Cincinnati,Orlando City,FC Cincinnati,-,0.0,0.0,-,0.0,0.0,2.3,0.39,0.35,2026-08-16 13:55:27.938
2026-08-15,SOC,"89345",FC Cincinnati,Orlando City,Orlando City,-,0.0,0.0,-,0.0,0.0,2.5,0.61,0.65,2026-08-16 13:55:27.938
2026-08-15,SOC,"89345",NE Revolution,Toronto FC,NE Revolution,-,0.0,0.0,-,0.0,0.0,2.95,0.42,0.41,2026-08-16 13:55:27.938
2026-08-15,SOC,"89345",NE Revolution,Toronto FC,Toronto FC,-,0.0,0.0,-,0.0,0.0,2.15,0.58,0.59,2026-08-16 13:55:27.938
2026-08-15,SOC,"89345",Inter Miami,Nashville SC,Inter Miami,-,0.0,0.0,-,0.0,0.0,2.55,0.91,0.71,2026-08-16 13:55:27.938
2026-08-15,SOC,"89345",Inter Miami,Nashville SC,Nashville SC,-,0.0,0.0,-,0.0,0.0,2.4,0.09,0.29,2026-08-16 13:55:27.938
2026-08-15,SOC,"89345",LA Galaxy,HOU Dynamo,LA Galaxy,-,0.0,0.0,-,0.0,0.0,4.6,0.06,0.19,2026-08-16 13:55:27.938
2026-08-15,SOC,"89345",LA Galaxy,HOU Dynamo,HOU Dynamo,-,0.0,0.0,-,0.0,0.0,1.6451613,0.94,0.81,2026-08-16 13:55:27.938
2026-08-15,SOC,"89345",Sporting KC,COL Rapids,Sporting KC,-,0.0,0.0,-,0.0,0.0,5.75,0.02,0.21,2026-08-16 13:55:27.938
2026-08-15,SOC,"89345",Sporting KC,COL Rapids,COL Rapids,-,0.0,0.0,-,0.0,0.0,1.4545455,0.98,0.79,2026-08-16 13:55:27.938
2026-08-15,SOC,"89345",Minnesota Utd,Real Salt Lake,Minnesota Utd,-,0.0,0.0,-,0.0,0.0,3.8,0.04,0.19,2026-08-16 13:55:27.938
2026-08-15,SOC,"89345",Minnesota Utd,Real Salt Lake,Real Salt Lake,-,0.0,0.0,-,0.0,0.0,1.8333334,0.96,0.81,2026-08-16 13:55:27.938
2026-08-15,SOC,"89345",San Diego FC,LAFC,San Diego FC,-,0.0,0.0,-,0.0,0.0,4.6,0.01,0.12,2026-08-16 13:55:27.938
2026-08-15,SOC,"89345",San Diego FC,LAFC,LAFC,-,0.0,0.0,-,0.0,0.0,1.6060606,0.99,0.88,2026-08-16 13:55:27.938
2026-08-15,SOC,"89345",St Louis City SC,SJ Earthquakes,St Louis City SC,-,0.0,0.0,-,0.0,0.0,3.0,0.23,0.4,2026-08-16 13:55:27.938
2026-08-15,SOC,"89345",St Louis City SC,SJ Earthquakes,SJ Earthquakes,-,0.0,0.0,-,0.0,0.0,2.05,0.77,0.6,2026-08-16 13:55:27.938
2026-08-16,SOC,"89345",PHI Union,NYCFC,PHI Union,-,0.0,0.0,-,0.0,0.0,2.75,0.14,0.57,2026-08-16 13:55:27.938
2026-08-16,SOC,"89345",PHI Union,NYCFC,NYCFC,-,0.0,0.0,-,0.0,0.0,2.3,0.86,0.43,2026-08-16 13:55:27.938
2026-08-16,SOC,"89345",POR Timbers,CHI Fire,POR Timbers,-,0.0,0.0,-,0.0,0.0,5.0,0.22,0.45,2026-08-16 13:55:27.938
2026-08-16,SOC,"89345",POR Timbers,CHI Fire,CHI Fire,-,0.0,0.0,-,0.0,0.0,1.4761904,0.78,0.55,2026-08-16 13:55:27.938
2026-08-16,SOC,"89345",FC Dallas,Austin FC,FC Dallas,-,0.0,0.0,-,0.0,0.0,2.3,0.28,0.78,2026-08-16 13:55:27.938
2026-08-16,SOC,"89345",FC Dallas,Austin FC,Austin FC,-,0.0,0.0,-,0.0,0.0,2.75,0.72,0.22,2026-08-16 13:55:27.938
2026-08-16,SOC,"89345",Vancouver Whitecaps,Seattle Sounders,Vancouver Whitecaps,-,0.0,0.0,-,0.0,0.0,1.8,0.8,0.88,2026-08-16 13:55:27.938
2026-08-16,SOC,"89345",Vancouver Whitecaps,Seattle Sounders,Seattle Sounders,-,0.0,0.0,-,0.0,0.0,3.8,0.2,0.12,2026-08-16 13:55:27.938
2026-08-15,UFC,UFC,Chidi Njokuani,Joel Alvarez,Chidi Njokuani,-,0.0,0.0,-,0.0,0.0,3.0,0.0,0.0,2026-08-16 13:55:29.445
2026-08-15,UFC,UFC,Chidi Njokuani,Joel Alvarez,Joel Alvarez,-,0.0,0.0,-,0.0,0.0,1.4081633,1.0,1.0,2026-08-16 13:55:29.445
2026-08-15,UFC,UFC,Myktybek Orolbai,Jeremiah Wells,Myktybek Orolbai,-,0.0,0.0,-,0.0,0.0,1.074074,0.78,0.89,2026-08-16 13:55:29.445
2026-08-15,UFC,UFC,Myktybek Orolbai,Jeremiah Wells,Jeremiah Wells,-,0.0,0.0,-,0.0,0.0,9.0,0.22,0.11,2026-08-16 13:55:29.445
2026-08-15,UFC,UFC,Ramiz Brahimaj,Neil Magny,Ramiz Brahimaj,-,0.0,0.0,-,0.0,0.0,1.7042253,0.75,0.59,2026-08-16 13:55:29.445
2026-08-15,UFC,UFC,Ramiz Brahimaj,Neil Magny,Neil Magny,-,0.0,0.0,-,0.0,0.0,2.2,0.25,0.41,2026-08-16 13:55:29.445
2026-08-15,UFC,UFC,Lucas Fernando,Rafael Tobias,Lucas Fernando,-,0.0,0.0,-,0.0,0.0,1.3508772,0.62,0.79,2026-08-16 13:55:29.445
2026-08-15,UFC,UFC,Lucas Fernando,Rafael Tobias,Rafael Tobias,-,0.0,0.0,-,0.0,0.0,3.3,0.38,0.21,2026-08-16 13:55:29.445
2026-08-15,UFC,UFC,Tresean Gore,Vicente Luque,Tresean Gore,-,0.0,0.0,-,0.0,0.0,1.8474576,0.6,0.49,2026-08-16 13:55:29.445
2026-08-15,UFC,UFC,Tresean Gore,Vicente Luque,Vicente Luque,-,0.0,0.0,-,0.0,0.0,1.9803921,0.4,0.51,2026-08-16 13:55:29.445
2026-08-15,UFC,UFC,Eric McConico,Donte Johnson,Eric McConico,-,0.0,0.0,-,0.0,0.0,3.8,0.29,0.16,2026-08-16 13:55:29.445
2026-08-15,UFC,UFC,Eric McConico,Donte Johnson,Donte Johnson,-,0.0,0.0,-,0.0,0.0,1.2816901,0.71,0.84,2026-08-16 13:55:29.445
2026-08-15,UFC,UFC,Eduardo Henrique,Charles Johnson,Eduardo Henrique,-,0.0,0.0,-,0.0,0.0,1.9803921,0.39,0.3,2026-08-16 13:55:29.445
2026-08-15,UFC,UFC,Eduardo Henrique,Charles Johnson,Charles Johnson,-,0.0,0.0,-,0.0,0.0,1.8474576,0.61,0.7,2026-08-16 13:55:29.445
2026-08-15,UFC,UFC,Joel Alvarez,Chidi Njokuani,Joel Alvarez,-,0.0,0.0,-,0.0,0.0,1.2666667,0.78,0.87,2026-08-16 13:55:29.445
2026-08-15,UFC,UFC,Joel Alvarez,Chidi Njokuani,Chidi Njokuani,-,0.0,0.0,-,0.0,0.0,3.95,0.22,0.13,2026-08-16 13:55:29.445
2026-08-15,UFC,UFC,Esteban Ribovics,Edson Barboza,Esteban Ribovics,-,0.0,0.0,-,0.0,0.0,1.1333333,0.3,0.75,2026-08-16 13:55:29.445
2026-08-15,UFC,UFC,Esteban Ribovics,Edson Barboza,Edson Barboza,-,0.0,0.0,-,0.0,0.0,6.25,0.7,0.25,2026-08-16 13:55:29.445
2026-08-15,UFC,UFC,Dustin Stoltzfus,Mansur Abdul-Malik,Dustin Stoltzfus,-,0.0,0.0,-,0.0,0.0,5.9,0.38,0.13,2026-08-16 13:55:29.445
2026-08-15,UFC,UFC,Dustin Stoltzfus,Mansur Abdul-Malik,Mansur Abdul-Malik,-,0.0,0.0,-,0.0,0.0,1.1481482,0.62,0.87,2026-08-16 13:55:29.445
2026-08-15,UFC,UFC,Jose Ochoa,Charles Johnson,Jose Ochoa,-,0.0,0.0,-,0.0,0.0,1.2197802,0.77,0.82,2026-08-16 13:55:29.445
2026-08-15,UFC,UFC,Jose Ochoa,Charles Johnson,Charles Johnson,-,0.0,0.0,-,0.0,0.0,4.5,0.23,0.18,2026-08-16 13:55:29.445
2026-08-15,UFC,UFC,Kaue Fernandes,Jalin Turner,Kaue Fernandes,-,0.0,0.0,-,0.0,0.0,2.0,0.56,0.37,2026-08-16 13:55:29.445
2026-08-15,UFC,UFC,Kaue Fernandes,Jalin Turner,Jalin Turner,-,0.0,0.0,-,0.0,0.0,1.8333334,0.44,0.63,2026-08-16 13:55:29.445
2026-08-15,UFC,UFC,Gillian Robertson,Mackenzie Dern,Gillian Robertson,-,0.0,0.0,-,0.0,0.0,2.8,0.3,0.28,2026-08-16 13:55:29.445
2026-08-15,UFC,UFC,Gillian Robertson,Mackenzie Dern,Mackenzie Dern,-,0.0,0.0,-,0.0,0.0,1.4587156,0.7,0.72,2026-08-16 13:55:29.445
2026-08-15,UFC,UFC,Ian Machado Garry,Islam Makhachev,Ian Machado Garry,-,0.0,0.0,-,0.0,0.0,3.6,0.56,0.31,2026-08-16 13:55:29.445
2026-08-15,UFC,UFC,Ian Machado Garry,Islam Makhachev,Islam Makhachev,-,0.0,0.0,-,0.0,0.0,1.3076923,0.44,0.69,2026-08-16 13:55:29.445
2026-08-15,BOX,BOX,Alexander Thiel,Jaquan McElroy,Alexander Thiel,-,0.0,0.0,-,0.0,0.0,9.0,0.0,0.0,2026-08-16 13:55:30.944
2026-08-15,BOX,BOX,Alexander Thiel,Jaquan McElroy,Jaquan McElroy,-,0.0,0.0,-,0.0,0.0,1.0625,1.0,1.0,2026-08-16 13:55:30.944
2026-08-15,BOX,BOX,Michael Nelson,Casey Dixon,Michael Nelson,-,0.0,0.0,-,0.0,0.0,10.0,0.0,0.0,2026-08-16 13:55:30.944
2026-08-15,BOX,BOX,Michael Nelson,Casey Dixon,Casey Dixon,-,0.0,0.0,-,0.0,0.0,1.05,1.0,1.0,2026-08-16 13:55:30.944
2026-08-15,BOX,BOX,Rahmel McKinley,Daniel Mercado,Rahmel McKinley,-,0.0,0.0,-,0.0,0.0,17.0,0.0,0.0,2026-08-16 13:55:30.944
2026-08-15,BOX,BOX,Rahmel McKinley,Daniel Mercado,Daniel Mercado,-,0.0,0.0,-,0.0,0.0,1.01,1.0,1.0,2026-08-16 13:55:30.944
2026-08-15,BOX,BOX,Marianela Ramirez,Shannel Butler,Marianela Ramirez,-,0.0,0.0,-,0.0,0.0,8.5,0.0,0.0,2026-08-16 13:55:30.944
2026-08-15,BOX,BOX,Marianela Ramirez,Shannel Butler,Shannel Butler,-,0.0,0.0,-,0.0,0.0,1.0625,1.0,1.0,2026-08-16 13:55:30.944
2026-08-15,BOX,BOX,Da'Velle Smith,Hakim Lopez,Da'Velle Smith,-,0.0,0.0,-,0.0,0.0,1.3846154,1.0,1.0,2026-08-16 13:55:30.944
2026-08-15,BOX,BOX,Da'Velle Smith,Hakim Lopez,Hakim Lopez,-,0.0,0.0,-,0.0,0.0,3.0,0.0,0.0,2026-08-16 13:55:30.944
2026-08-15,BOX,BOX,Olivia Curry,Danielle Perkins,Olivia Curry,-,0.0,0.0,-,0.0,0.0,5.75,0.0,0.0,2026-08-16 13:55:30.944
2026-08-15,BOX,BOX,Olivia Curry,Danielle Perkins,Danielle Perkins,-,0.0,0.0,-,0.0,0.0,1.1333333,1.0,1.0,2026-08-16 13:55:30.944
2026-08-15,BOX,BOX,Roamer Angulo,Atif Oberlton,Roamer Angulo,-,0.0,0.0,-,0.0,0.0,10.0,0.11,0.05,2026-08-16 13:55:30.944
2026-08-15,BOX,BOX,Roamer Angulo,Atif Oberlton,Atif Oberlton,-,0.0,0.0,-,0.0,0.0,1.05,0.89,0.95,2026-08-16 13:55:30.944
2026-08-15,BOX,BOX,Bernice Ferreira,Caroline Veyre,Bernice Ferreira,-,0.0,0.0,-,0.0,0.0,4.2,0.0,0.0,2026-08-16 13:55:30.944
2026-08-15,BOX,BOX,Bernice Ferreira,Caroline Veyre,Caroline Veyre,-,0.0,0.0,-,0.0,0.0,1.2222222,1.0,1.0,2026-08-16 13:55:30.944
2026-08-15,BOX,BOX,Paulette Cuesta,Ashleyann Lozada,Paulette Cuesta,-,0.0,0.0,-,0.0,0.0,7.5,0.0,0.0,2026-08-16 13:55:30.944
2026-08-15,BOX,BOX,Paulette Cuesta,Ashleyann Lozada,Ashleyann Lozada,-,0.0,0.0,-,0.0,0.0,1.0833334,1.0,1.0,2026-08-16 13:55:30.944
2026-08-15,BOX,BOX,Joseph Hicks,Troy Isley,Joseph Hicks,-,0.0,0.0,-,0.0,0.0,5.75,0.0,0.0,2026-08-16 13:55:30.944
2026-08-15,BOX,BOX,Joseph Hicks,Troy Isley,Troy Isley,-,0.0,0.0,-,0.0,0.0,1.1333333,1.0,1.0,2026-08-16 13:55:30.944
2026-08-15,BOX,BOX,Roger Hilley,Ernesto Mercado,Roger Hilley,-,0.0,0.0,-,0.0,0.0,14.0,0.0,0.0,2026-08-16 13:55:30.944
2026-08-15,BOX,BOX,Roger Hilley,Ernesto Mercado,Ernesto Mercado,-,0.0,0.0,-,0.0,0.0,1.02,1.0,1.0,2026-08-16 13:55:30.944
2026-08-16,BOX,BOX,Kaye Scott,Claressa Shields,Kaye Scott,-,0.0,0.0,-,0.0,0.0,13.0,0.94,0.18,2026-08-16 13:55:30.944
2026-08-16,BOX,BOX,Kaye Scott,Claressa Shields,Claressa Shields,-,0.0,0.0,-,0.0,0.0,1.0333333,0.06,0.82,2026-08-16 13:55:30.944
2026-08-16,BOX,BOX,Emmanuel Tagoe,Ernesto Mercado,Emmanuel Tagoe,-,0.0,0.0,-,0.0,0.0,12.0,0.0,0.0,2026-08-16 13:55:30.944
2026-08-16,BOX,BOX,Emmanuel Tagoe,Ernesto Mercado,Ernesto Mercado,-,0.0,0.0,-,0.0,0.0,1.0333333,1.0,1.0,2026-08-16 13:55:30.944
2026-08-15,AFL,AFL,Collingwood Magpies,Hawthorn Hawks,Collingwood Magpies,+21.5,0.88,0.5,-,0.0,0.0,3.45,0.0,0.0,2026-08-16 13:55:32.798
2026-08-15,AFL,AFL,Collingwood Magpies,Hawthorn Hawks,Hawthorn Hawks,-21.5,0.12,0.5,-,0.0,0.0,1.3030303,1.0,1.0,2026-08-16 13:55:32.798
2026-08-15,AFL,AFL,Melbourne Demons,Port Adelaide Power,Melbourne Demons,-25.5,1.0,1.0,-,0.0,0.0,1.2564102,1.0,1.0,2026-08-16 13:55:32.798
2026-08-15,AFL,AFL,Melbourne Demons,Port Adelaide Power,Port Adelaide Power,+25.5,0.0,0.0,-,0.0,0.0,3.9,0.0,0.0,2026-08-16 13:55:32.798
2026-08-15,AFL,AFL,West Coast Eagles,GWS Giants,West Coast Eagles,+31.5,1.0,1.0,"182.5",0.0,0.0,4.9,0.0,0.0,2026-08-16 13:55:32.798
2026-08-15,AFL,AFL,West Coast Eagles,GWS Giants,GWS Giants,-31.5,0.0,0.0,"182.5",1.0,1.0,1.173913,1.0,1.0,2026-08-16 13:55:32.798
2026-08-16,AFL,AFL,Carlton Blues,Western Bulldogs,Carlton Blues,-22.5,0.18,0.5,-,0.0,0.0,1.2702702,0.0,0.0,2026-08-16 13:55:32.798
2026-08-16,AFL,AFL,Carlton Blues,Western Bulldogs,Western Bulldogs,+22.5,0.82,0.5,-,0.0,0.0,3.75,1.0,1.0,2026-08-16 13:55:32.798
2026-08-15,MLB,MLB,Chicago White Sox,Detroit Tigers,Chicago White Sox,+1.5,0.14,0.53,"8",0.65,0.65,2.3,0.39,0.29,2026-08-16 14:25:09.166
2026-08-15,MLB,MLB,Chicago White Sox,Detroit Tigers,Detroit Tigers,-1.5,0.86,0.47,"8",0.35,0.35,1.7142857,0.61,0.71,2026-08-16 14:25:09.166
2026-08-15,MLB,MLB,ST Louis Cardinals,Chicago Cubs,ST Louis Cardinals,+1.5,0.12,0.23,"9",0.53,0.49,2.68,0.21,0.14,2026-08-16 14:25:09.166
2026-08-15,MLB,MLB,ST Louis Cardinals,Chicago Cubs,Chicago Cubs,-1.5,0.88,0.77,"9",0.47,0.51,1.5524862,0.79,0.86,2026-08-16 14:25:09.166
2026-08-15,MLB,MLB,New York Yankees,Toronto Blue Jays,New York Yankees,-1.5,0.85,0.7,"7",0.52,0.49,1.5376344,0.83,0.83,2026-08-16 14:25:09.166
2026-08-15,MLB,MLB,New York Yankees,Toronto Blue Jays,Toronto Blue Jays,+1.5,0.15,0.3,"7",0.48,0.51,2.73,0.17,0.17,2026-08-16 14:25:09.166
2026-08-15,MLB,MLB,Colorado Rockies,San Francisco Giants,Colorado Rockies,+1.5,0.09,0.37,"7.5",0.84,0.75,2.55,0.26,0.21,2026-08-16 14:25:09.166
2026-08-15,MLB,MLB,Colorado Rockies,San Francisco Giants,San Francisco Giants,-1.5,0.91,0.63,"7.5",0.16,0.25,1.5988024,0.74,0.79,2026-08-16 14:25:09.166
2026-08-15,MLB,MLB,Washington Nationals,New York Mets,Washington Nationals,+1.5,0.1,0.6,"7.5",0.79,0.65,2.21,0.17,0.35,2026-08-16 14:25:09.166
2026-08-15,MLB,MLB,Washington Nationals,New York Mets,New York Mets,-1.5,0.9,0.4,"7.5",0.21,0.35,1.7692307,0.83,0.65,2026-08-16 14:25:09.166
2026-08-15,MLB,MLB,Baltimore Orioles,Tampa Bay Rays,Baltimore Orioles,+1.5,0.03,0.39,"7.5",0.45,0.61,2.31,0.2,0.18,2026-08-16 14:25:09.166
2026-08-15,MLB,MLB,Baltimore Orioles,Tampa Bay Rays,Tampa Bay Rays,-1.5,0.97,0.61,"7.5",0.55,0.39,1.7092198,0.8,0.82,2026-08-16 14:25:09.166
2026-08-15,MLB,MLB,Miami Marlins,Cincinnati Reds,Miami Marlins,-1.5,0.69,0.18,"9",0.94,0.53,1.9803921,0.66,0.49,2026-08-16 14:25:09.166
2026-08-15,MLB,MLB,Miami Marlins,Cincinnati Reds,Cincinnati Reds,+1.5,0.31,0.82,"9",0.06,0.47,1.9523809,0.34,0.51,2026-08-16 14:25:09.166
2026-08-15,MLB,MLB,San Diego Padres,Cleveland Guardians,San Diego Padres,-1.5,0.69,0.42,"8.5",0.31,0.55,2.01,0.79,0.56,2026-08-16 14:25:09.166
2026-08-15,MLB,MLB,San Diego Padres,Cleveland Guardians,Cleveland Guardians,+1.5,0.31,0.58,"8.5",0.69,0.45,1.925926,0.21,0.44,2026-08-16 14:25:09.166
2026-08-15,MLB,MLB,Philadelphia Phillies,Minnesota Twins,Philadelphia Phillies,-1.5,0.75,0.63,"8",0.95,0.69,1.7518797,0.77,0.87,2026-08-16 14:25:09.166
2026-08-15,MLB,MLB,Philadelphia Phillies,Minnesota Twins,Minnesota Twins,+1.5,0.25,0.37,"8",0.05,0.31,2.23,0.23,0.13,2026-08-16 14:25:09.166
2026-08-15,MLB,MLB,Seattle Mariners,Houston Astros,Seattle Mariners,+1.5,0.19,0.64,"8.5",0.82,0.59,2.1,0.33,0.28,2026-08-16 14:25:09.166
2026-08-15,MLB,MLB,Seattle Mariners,Houston Astros,Houston Astros,-1.5,0.81,0.36,"8.5",0.18,0.41,1.8474576,0.67,0.72,2026-08-16 14:25:09.166
2026-08-15,MLB,MLB,Arizona Diamondbacks,Atlanta Braves,Arizona Diamondbacks,+1.5,0.56,0.64,"9",0.77,0.37,2.23,0.38,0.26,2026-08-16 14:25:09.166
2026-08-15,MLB,MLB,Arizona Diamondbacks,Atlanta Braves,Atlanta Braves,-1.5,0.44,0.36,"9",0.23,0.63,1.7518797,0.62,0.74,2026-08-16 14:25:09.166
2026-08-15,MLB,MLB,Boston Red Sox,Pittsburgh Pirates,Boston Red Sox,-1.5,0.83,0.64,"7.5",0.74,0.7,1.8403361,0.91,0.84,2026-08-16 14:25:09.166
2026-08-15,MLB,MLB,Boston Red Sox,Pittsburgh Pirates,Pittsburgh Pirates,+1.5,0.17,0.36,"7.5",0.26,0.3,2.11,0.09,0.16,2026-08-16 14:25:09.166
2026-08-15,MLB,MLB,Milwaukee Brewers,Los Angeles Dodgers,Milwaukee Brewers,-1.5,0.26,0.2,"7.5",0.16,0.4,1.8196721,0.64,0.56,2026-08-16 14:25:09.166
2026-08-15,MLB,MLB,Milwaukee Brewers,Los Angeles Dodgers,Los Angeles Dodgers,+1.5,0.74,0.8,"7.5",0.84,0.6,2.14,0.36,0.44,2026-08-16 14:25:09.166
2026-08-15,MLB,MLB,Kansas City Royals,Los Angeles Angels,Kansas City Royals,+1.5,0.63,0.78,"8",0.48,0.49,2.42,0.49,0.38,2026-08-16 14:25:09.166
2026-08-15,MLB,MLB,Kansas City Royals,Los Angeles Angels,Los Angeles Angels,-1.5,0.37,0.22,"8",0.52,0.51,1.6535947,0.51,0.62,2026-08-16 14:25:09.166
2026-08-15,MLB,MLB,Texas Rangers,Athletics,Texas Rangers,-1.5,0.77,0.35,"9.5",0.71,0.42,1.6493506,0.7,0.72,2026-08-16 14:25:09.166
2026-08-15,MLB,MLB,Texas Rangers,Athletics,Athletics,+1.5,0.23,0.65,"9.5",0.29,0.58,2.43,0.3,0.28,2026-08-16 14:25:09.166
2026-08-16,MLB,MLB,Baltimore Orioles,Tampa Bay Rays,Baltimore Orioles,+1.5,0.18,0.5,"8",0.6,0.57,2.24,0.16,0.29,2026-08-16 14:25:09.182
2026-08-16,MLB,MLB,Baltimore Orioles,Tampa Bay Rays,Tampa Bay Rays,-1.5,0.82,0.5,"8",0.4,0.43,1.7518797,0.84,0.71,2026-08-16 14:25:09.182
2026-08-16,MLB,MLB,Arizona Diamondbacks,Atlanta Braves,Arizona Diamondbacks,+1.5,0.1,0.56,"8.5",0.48,0.58,2.09,0.37,0.35,2026-08-16 14:25:09.182
2026-08-16,MLB,MLB,Arizona Diamondbacks,Atlanta Braves,Atlanta Braves,-1.5,0.9,0.44,"8.5",0.52,0.42,1.7633588,0.63,0.65,2026-08-16 14:25:09.182
2026-08-16,MLB,MLB,Boston Red Sox,Pittsburgh Pirates,Boston Red Sox,-1.5,0.15,0.37,"8",0.65,0.42,1.8333334,0.82,0.64,2026-08-16 14:25:09.182
2026-08-16,MLB,MLB,Boston Red Sox,Pittsburgh Pirates,Pittsburgh Pirates,+1.5,0.85,0.63,"8",0.35,0.58,2.0,0.18,0.36,2026-08-16 14:25:09.182
2026-08-16,MLB,MLB,New York Yankees,Toronto Blue Jays,New York Yankees,+1.5,0.11,0.31,"7.5",0.04,0.28,2.05,0.6,0.56,2026-08-16 14:25:09.182
2026-08-16,MLB,MLB,New York Yankees,Toronto Blue Jays,Toronto Blue Jays,-1.5,0.89,0.69,"7.5",0.96,0.72,1.7936507,0.4,0.44,2026-08-16 14:25:09.182
2026-08-16,MLB,MLB,San Diego Padres,Cleveland Guardians,San Diego Padres,-1.5,0.9,0.36,"8.5",0.17,0.33,1.877193,0.9,0.62,2026-08-16 14:25:09.182
2026-08-16,MLB,MLB,San Diego Padres,Cleveland Guardians,Cleveland Guardians,+1.5,0.1,0.64,"8.5",0.83,0.67,1.9523809,0.1,0.38,2026-08-16 14:25:09.182
2026-08-16,MLB,MLB,Washington Nationals,New York Mets,Washington Nationals,+1.5,0.0,0.54,"8.5",0.9,0.39,2.44,0.22,0.31,2026-08-16 14:25:09.182
2026-08-16,MLB,MLB,Washington Nationals,New York Mets,New York Mets,-1.5,1.0,0.46,"8.5",0.1,0.61,1.5714285,0.78,0.69,2026-08-16 14:25:09.182
2026-08-16,MLB,MLB,Miami Marlins,Cincinnati Reds,Miami Marlins,-1.5,0.93,0.33,"9",0.81,0.45,1.7936507,0.79,0.58,2026-08-16 14:25:09.182
2026-08-16,MLB,MLB,Miami Marlins,Cincinnati Reds,Cincinnati Reds,+1.5,0.07,0.67,"9",0.19,0.55,2.05,0.21,0.42,2026-08-16 14:25:09.182
2026-08-16,MLB,MLB,Chicago White Sox,Detroit Tigers,Chicago White Sox,-1.5,0.93,0.28,"8",0.82,0.52,1.925926,0.75,0.57,2026-08-16 14:25:09.182
2026-08-16,MLB,MLB,Chicago White Sox,Detroit Tigers,Detroit Tigers,+1.5,0.07,0.72,"8",0.18,0.48,1.8928572,0.25,0.43,2026-08-16 14:25:09.182
2026-08-16,MLB,MLB,Philadelphia Phillies,Minnesota Twins,Philadelphia Phillies,-1.5,0.28,0.53,"9",0.59,0.59,1.877193,0.83,0.73,2026-08-16 14:25:09.182
2026-08-16,MLB,MLB,Philadelphia Phillies,Minnesota Twins,Minnesota Twins,+1.5,0.72,0.47,"9",0.41,0.41,1.9523809,0.17,0.27,2026-08-16 14:25:09.182
2026-08-16,MLB,MLB,ST Louis Cardinals,Chicago Cubs,ST Louis Cardinals,+1.5,0.06,0.43,"9",0.74,0.33,2.34,0.34,0.23,2026-08-16 14:25:09.182
2026-08-16,MLB,MLB,ST Louis Cardinals,Chicago Cubs,Chicago Cubs,-1.5,0.94,0.57,"9",0.26,0.67,1.6172839,0.66,0.77,2026-08-16 14:25:09.182
2026-08-16,MLB,MLB,Texas Rangers,Athletics,Texas Rangers,-1.5,0.9,0.41,"10.5",0.68,0.31,1.7042253,0.61,0.64,2026-08-16 14:25:09.182
2026-08-16,MLB,MLB,Texas Rangers,Athletics,Athletics,+1.5,0.1,0.59,"10.5",0.32,0.69,2.18,0.39,0.36,2026-08-16 14:25:09.182
2026-08-16,MLB,MLB,Colorado Rockies,San Francisco Giants,Colorado Rockies,+1.5,0.09,0.49,"8",0.28,0.54,2.12,0.17,0.28,2026-08-16 14:25:09.182
2026-08-16,MLB,MLB,Colorado Rockies,San Francisco Giants,San Francisco Giants,-1.5,0.91,0.51,"8",0.72,0.46,1.7407408,0.83,0.72,2026-08-16 14:25:09.182
2026-08-16,MLB,MLB,Kansas City Royals,Los Angeles Angels,Kansas City Royals,-1.5,0.99,0.3,"9.5",0.15,0.1,1.7936507,0.85,0.59,2026-08-16 14:25:09.182
2026-08-16,MLB,MLB,Kansas City Royals,Los Angeles Angels,Los Angeles Angels,+1.5,0.01,0.7,"9.5",0.85,0.9,2.04,0.15,0.41,2026-08-16 14:25:09.182
2026-08-16,MLB,MLB,Milwaukee Brewers,Los Angeles Dodgers,Milwaukee Brewers,+1.5,0.06,0.57,"7.5",0.62,0.33,2.49,0.34,0.26,2026-08-16 14:25:09.182
2026-08-16,MLB,MLB,Milwaukee Brewers,Los Angeles Dodgers,Los Angeles Dodgers,-1.5,0.94,0.43,"7.5",0.38,0.67,1.5524862,0.66,0.74,2026-08-16 14:25:09.182
2026-08-16,MLB,MLB,Seattle Mariners,Houston Astros,Seattle Mariners,+1.5,0.08,0.74,"7.5",0.29,0.59,2.13,0.18,0.32,2026-08-16 14:25:09.182
2026-08-16,MLB,MLB,Seattle Mariners,Houston Astros,Houston Astros,-1.5,0.92,0.26,"7.5",0.71,0.41,1.7352941,0.82,0.68,2026-08-16 14:25:09.182
2026-08-15,SOC,"40031",Getafe,Alaves,Getafe,-,0.0,0.0,-,0.0,0.0,3.75,0.24,0.34,2026-08-16 14:25:20.772
2026-08-15,SOC,"40031",Getafe,Alaves,Alaves,-,0.0,0.0,-,0.0,0.0,2.4,0.76,0.66,2026-08-16 14:25:20.772
2026-08-15,SOC,"40031",Vallecano,Sevilla,Vallecano,-,0.0,0.0,-,0.0,0.0,3.05,0.17,0.12,2026-08-16 14:25:20.772
2026-08-15,SOC,"40031",Vallecano,Sevilla,Sevilla,-,0.0,0.0,-,0.0,0.0,2.7,0.83,0.88,2026-08-16 14:25:20.772
2026-08-16,SOC,"40031",Villarreal,Racing Santander,Villarreal,-,0.0,0.0,-,0.0,0.0,2.1,0.98,0.97,2026-08-16 14:25:20.772
2026-08-16,SOC,"40031",Villarreal,Racing Santander,Racing Santander,-,0.0,0.0,-,0.0,0.0,3.35,0.02,0.03,2026-08-16 14:25:20.772
2026-08-16,SOC,"40031",Levante,Espanyol,Levante,-,0.0,0.0,-,0.0,0.0,3.7,0.18,0.11,2026-08-16 14:25:20.772
2026-08-16,SOC,"40031",Levante,Espanyol,Espanyol,-,0.0,0.0,-,0.0,0.0,2.1,0.82,0.89,2026-08-16 14:25:20.772
2026-08-16,SOC,"40031",Osasuna,Celta Vigo,Osasuna,-,0.0,0.0,-,0.0,0.0,3.65,0.08,0.09,2026-08-16 14:25:20.772
2026-08-16,SOC,"40031",Osasuna,Celta Vigo,Celta Vigo,-,0.0,0.0,-,0.0,0.0,2.05,0.92,0.91,2026-08-16 14:25:20.772
2026-08-17,SOC,"40031",Elche,Dep La Coruna,Elche,-,0.0,0.0,-,0.0,0.0,3.4,0.56,0.55,2026-08-16 14:25:20.788
2026-08-17,SOC,"40031",Elche,Dep La Coruna,Dep La Coruna,-,0.0,0.0,-,0.0,0.0,2.35,0.44,0.45,2026-08-16 14:25:20.788
2026-08-15,SOC,"40817",Preston,Bolton,Preston,-,0.0,0.0,-,0.0,0.0,3.05,0.19,0.3,2026-08-16 14:25:22.452
2026-08-15,SOC,"40817",Preston,Bolton,Bolton,-,0.0,0.0,-,0.0,0.0,2.35,0.81,0.7,2026-08-16 14:25:22.452
2026-08-15,SOC,"40817",West Brom,Norwich,West Brom,-,0.0,0.0,-,0.0,0.0,3.75,0.05,0.11,2026-08-16 14:25:22.452
2026-08-15,SOC,"40817",West Brom,Norwich,Norwich,-,0.0,0.0,-,0.0,0.0,2.0,0.95,0.89,2026-08-16 14:25:22.452
2026-08-15,SOC,"40817",Swansea,Stoke City,Swansea,-,0.0,0.0,-,0.0,0.0,3.05,0.19,0.21,2026-08-16 14:25:22.452
2026-08-15,SOC,"40817",Swansea,Stoke City,Stoke City,-,0.0,0.0,-,0.0,0.0,2.35,0.81,0.79,2026-08-16 14:25:22.452
2026-08-15,SOC,"40817",Millwall,Bristol City,Millwall,-,0.0,0.0,-,0.0,0.0,2.8,0.58,0.44,2026-08-16 14:25:22.452
2026-08-15,SOC,"40817",Millwall,Bristol City,Bristol City,-,0.0,0.0,-,0.0,0.0,2.5,0.42,0.56,2026-08-16 14:25:22.452
2026-08-15,SOC,"40817",Lincoln City,Middlesbrough,Lincoln City,-,0.0,0.0,-,0.0,0.0,6.5,0.03,0.02,2026-08-16 14:25:22.452
2026-08-15,SOC,"40817",Lincoln City,Middlesbrough,Middlesbrough,-,0.0,0.0,-,0.0,0.0,1.5128205,0.97,0.98,2026-08-16 14:25:22.452
2026-08-15,SOC,"40817",Derby County,Charlton,Derby County,-,0.0,0.0,-,0.0,0.0,2.75,0.42,0.53,2026-08-16 14:25:22.452
2026-08-15,SOC,"40817",Derby County,Charlton,Charlton,-,0.0,0.0,-,0.0,0.0,2.7,0.58,0.47,2026-08-16 14:25:22.452
2026-08-15,SOC,"40817",Queens Park Rangers,Portsmouth,Queens Park Rangers,-,0.0,0.0,-,0.0,0.0,3.15,0.66,0.25,2026-08-16 14:25:22.452
2026-08-15,SOC,"40817",Queens Park Rangers,Portsmouth,Portsmouth,-,0.0,0.0,-,0.0,0.0,2.35,0.34,0.75,2026-08-16 14:25:22.452
2026-08-15,SOC,"40817",Birmingham,Sheffield Utd,Birmingham,-,0.0,0.0,-,0.0,0.0,3.3,0.24,0.25,2026-08-16 14:25:22.452
2026-08-15,SOC,"40817",Birmingham,Sheffield Utd,Sheffield Utd,-,0.0,0.0,-,0.0,0.0,2.25,0.76,0.75,2026-08-16 14:25:22.452
2026-08-16,SOC,"40817",Southampton,Watford,Southampton,-,0.0,0.0,-,0.0,0.0,2.1,0.87,0.89,2026-08-16 14:25:22.452
2026-08-16,SOC,"40817",Southampton,Watford,Watford,-,0.0,0.0,-,0.0,0.0,3.45,0.13,0.11,2026-08-16 14:25:22.452
2026-08-16,SOC,"40817",West Ham,Burnley,West Ham,-,0.0,0.0,-,0.0,0.0,2.25,0.93,0.89,2026-08-16 14:25:22.452
2026-08-16,SOC,"40817",West Ham,Burnley,Burnley,-,0.0,0.0,-,0.0,0.0,3.1,0.07,0.11,2026-08-16 14:25:22.452
2026-08-17,SOC,"40817",Wrexham,Cardiff City,Wrexham,-,0.0,0.0,-,0.0,0.0,2.75,0.75,0.45,2026-08-16 14:25:22.452
2026-08-17,SOC,"40817",Wrexham,Cardiff City,Cardiff City,-,0.0,0.0,-,0.0,0.0,2.5,0.25,0.55,2026-08-16 14:25:22.452
2026-08-15,SOC,"89345",New York Red Bulls,Atlanta Utd,New York Red Bulls,-,0.0,0.0,-,0.0,0.0,3.0,0.51,0.38,2026-08-16 14:25:29.623
2026-08-15,SOC,"89345",New York Red Bulls,Atlanta Utd,Atlanta Utd,-,0.0,0.0,-,0.0,0.0,2.05,0.49,0.62,2026-08-16 14:25:29.623
2026-08-15,SOC,"89345",DC Utd,CF Montreal,DC Utd,-,0.0,0.0,-,0.0,0.0,3.05,0.38,0.32,2026-08-16 14:25:29.623
2026-08-15,SOC,"89345",DC Utd,CF Montreal,CF Montreal,-,0.0,0.0,-,0.0,0.0,2.1,0.62,0.68,2026-08-16 14:25:29.623
2026-08-15,SOC,"89345",Columbus Crew,Charlotte FC,Columbus Crew,-,0.0,0.0,-,0.0,0.0,3.1,0.15,0.32,2026-08-16 14:25:29.623
2026-08-15,SOC,"89345",Columbus Crew,Charlotte FC,Charlotte FC,-,0.0,0.0,-,0.0,0.0,2.1,0.85,0.68,2026-08-16 14:25:29.623
2026-08-15,SOC,"89345",FC Cincinnati,Orlando City,FC Cincinnati,-,0.0,0.0,-,0.0,0.0,2.3,0.39,0.35,2026-08-16 14:25:29.623
2026-08-15,SOC,"89345",FC Cincinnati,Orlando City,Orlando City,-,0.0,0.0,-,0.0,0.0,2.5,0.61,0.65,2026-08-16 14:25:29.623
2026-08-15,SOC,"89345",NE Revolution,Toronto FC,NE Revolution,-,0.0,0.0,-,0.0,0.0,2.95,0.42,0.41,2026-08-16 14:25:29.623
2026-08-15,SOC,"89345",NE Revolution,Toronto FC,Toronto FC,-,0.0,0.0,-,0.0,0.0,2.15,0.58,0.59,2026-08-16 14:25:29.623
2026-08-15,SOC,"89345",Inter Miami,Nashville SC,Inter Miami,-,0.0,0.0,-,0.0,0.0,2.55,0.91,0.71,2026-08-16 14:25:29.623
2026-08-15,SOC,"89345",Inter Miami,Nashville SC,Nashville SC,-,0.0,0.0,-,0.0,0.0,2.4,0.09,0.29,2026-08-16 14:25:29.623
2026-08-15,SOC,"89345",LA Galaxy,HOU Dynamo,LA Galaxy,-,0.0,0.0,-,0.0,0.0,4.6,0.06,0.19,2026-08-16 14:25:29.623
2026-08-15,SOC,"89345",LA Galaxy,HOU Dynamo,HOU Dynamo,-,0.0,0.0,-,0.0,0.0,1.6451613,0.94,0.81,2026-08-16 14:25:29.623
2026-08-15,SOC,"89345",Sporting KC,COL Rapids,Sporting KC,-,0.0,0.0,-,0.0,0.0,5.75,0.02,0.21,2026-08-16 14:25:29.623
2026-08-15,SOC,"89345",Sporting KC,COL Rapids,COL Rapids,-,0.0,0.0,-,0.0,0.0,1.4545455,0.98,0.79,2026-08-16 14:25:29.623
2026-08-15,SOC,"89345",Minnesota Utd,Real Salt Lake,Minnesota Utd,-,0.0,0.0,-,0.0,0.0,3.8,0.04,0.19,2026-08-16 14:25:29.623
2026-08-15,SOC,"89345",Minnesota Utd,Real Salt Lake,Real Salt Lake,-,0.0,0.0,-,0.0,0.0,1.8333334,0.96,0.81,2026-08-16 14:25:29.623
2026-08-15,SOC,"89345",San Diego FC,LAFC,San Diego FC,-,0.0,0.0,-,0.0,0.0,4.6,0.01,0.12,2026-08-16 14:25:29.623
2026-08-15,SOC,"89345",San Diego FC,LAFC,LAFC,-,0.0,0.0,-,0.0,0.0,1.6060606,0.99,0.88,2026-08-16 14:25:29.623
2026-08-15,SOC,"89345",St Louis City SC,SJ Earthquakes,St Louis City SC,-,0.0,0.0,-,0.0,0.0,3.0,0.23,0.4,2026-08-16 14:25:29.623
2026-08-15,SOC,"89345",St Louis City SC,SJ Earthquakes,SJ Earthquakes,-,0.0,0.0,-,0.0,0.0,2.05,0.77,0.6,2026-08-16 14:25:29.623
2026-08-16,SOC,"89345",PHI Union,NYCFC,PHI Union,-,0.0,0.0,-,0.0,0.0,2.75,0.14,0.56,2026-08-16 14:25:29.623
2026-08-16,SOC,"89345",PHI Union,NYCFC,NYCFC,-,0.0,0.0,-,0.0,0.0,2.3,0.86,0.44,2026-08-16 14:25:29.623
2026-08-16,SOC,"89345",POR Timbers,CHI Fire,POR Timbers,-,0.0,0.0,-,0.0,0.0,5.0,0.36,0.44,2026-08-16 14:25:29.623
2026-08-16,SOC,"89345",POR Timbers,CHI Fire,CHI Fire,-,0.0,0.0,-,0.0,0.0,1.4761904,0.64,0.56,2026-08-16 14:25:29.623
2026-08-16,SOC,"89345",FC Dallas,Austin FC,FC Dallas,-,0.0,0.0,-,0.0,0.0,2.3,0.3,0.77,2026-08-16 14:25:29.623
2026-08-16,SOC,"89345",FC Dallas,Austin FC,Austin FC,-,0.0,0.0,-,0.0,0.0,2.75,0.7,0.23,2026-08-16 14:25:29.623
2026-08-16,SOC,"89345",Vancouver Whitecaps,Seattle Sounders,Vancouver Whitecaps,-,0.0,0.0,-,0.0,0.0,1.8,0.8,0.88,2026-08-16 14:25:29.623
2026-08-16,SOC,"89345",Vancouver Whitecaps,Seattle Sounders,Seattle Sounders,-,0.0,0.0,-,0.0,0.0,3.8,0.2,0.12,2026-08-16 14:25:29.623
2026-08-15,UFC,UFC,Chidi Njokuani,Joel Alvarez,Chidi Njokuani,-,0.0,0.0,-,0.0,0.0,3.0,0.0,0.0,2026-08-16 14:25:31.747
2026-08-15,UFC,UFC,Chidi Njokuani,Joel Alvarez,Joel Alvarez,-,0.0,0.0,-,0.0,0.0,1.4081633,1.0,1.0,2026-08-16 14:25:31.747
2026-08-15,UFC,UFC,Myktybek Orolbai,Jeremiah Wells,Myktybek Orolbai,-,0.0,0.0,-,0.0,0.0,1.074074,0.78,0.89,2026-08-16 14:25:31.747
2026-08-15,UFC,UFC,Myktybek Orolbai,Jeremiah Wells,Jeremiah Wells,-,0.0,0.0,-,0.0,0.0,9.0,0.22,0.11,2026-08-16 14:25:31.747
2026-08-15,UFC,UFC,Ramiz Brahimaj,Neil Magny,Ramiz Brahimaj,-,0.0,0.0,-,0.0,0.0,1.7042253,0.75,0.59,2026-08-16 14:25:31.747
2026-08-15,UFC,UFC,Ramiz Brahimaj,Neil Magny,Neil Magny,-,0.0,0.0,-,0.0,0.0,2.2,0.25,0.41,2026-08-16 14:25:31.747
2026-08-15,UFC,UFC,Lucas Fernando,Rafael Tobias,Lucas Fernando,-,0.0,0.0,-,0.0,0.0,1.3508772,0.62,0.79,2026-08-16 14:25:31.747
2026-08-15,UFC,UFC,Lucas Fernando,Rafael Tobias,Rafael Tobias,-,0.0,0.0,-,0.0,0.0,3.3,0.38,0.21,2026-08-16 14:25:31.747
2026-08-15,UFC,UFC,Tresean Gore,Vicente Luque,Tresean Gore,-,0.0,0.0,-,0.0,0.0,1.8474576,0.6,0.49,2026-08-16 14:25:31.747
2026-08-15,UFC,UFC,Tresean Gore,Vicente Luque,Vicente Luque,-,0.0,0.0,-,0.0,0.0,1.9803921,0.4,0.51,2026-08-16 14:25:31.747
2026-08-15,UFC,UFC,Eric McConico,Donte Johnson,Eric McConico,-,0.0,0.0,-,0.0,0.0,3.8,0.29,0.16,2026-08-16 14:25:31.747
2026-08-15,UFC,UFC,Eric McConico,Donte Johnson,Donte Johnson,-,0.0,0.0,-,0.0,0.0,1.2816901,0.71,0.84,2026-08-16 14:25:31.747
2026-08-15,UFC,UFC,Eduardo Henrique,Charles Johnson,Eduardo Henrique,-,0.0,0.0,-,0.0,0.0,1.9803921,0.39,0.3,2026-08-16 14:25:31.747
2026-08-15,UFC,UFC,Eduardo Henrique,Charles Johnson,Charles Johnson,-,0.0,0.0,-,0.0,0.0,1.8474576,0.61,0.7,2026-08-16 14:25:31.747
2026-08-15,UFC,UFC,Joel Alvarez,Chidi Njokuani,Joel Alvarez,-,0.0,0.0,-,0.0,0.0,1.2666667,0.78,0.87,2026-08-16 14:25:31.747
2026-08-15,UFC,UFC,Joel Alvarez,Chidi Njokuani,Chidi Njokuani,-,0.0,0.0,-,0.0,0.0,3.95,0.22,0.13,2026-08-16 14:25:31.747
2026-08-15,UFC,UFC,Esteban Ribovics,Edson Barboza,Esteban Ribovics,-,0.0,0.0,-,0.0,0.0,1.1333333,0.3,0.75,2026-08-16 14:25:31.747
2026-08-15,UFC,UFC,Esteban Ribovics,Edson Barboza,Edson Barboza,-,0.0,0.0,-,0.0,0.0,6.25,0.7,0.25,2026-08-16 14:25:31.747
2026-08-15,UFC,UFC,Dustin Stoltzfus,Mansur Abdul-Malik,Dustin Stoltzfus,-,0.0,0.0,-,0.0,0.0,5.9,0.38,0.13,2026-08-16 14:25:31.747
2026-08-15,UFC,UFC,Dustin Stoltzfus,Mansur Abdul-Malik,Mansur Abdul-Malik,-,0.0,0.0,-,0.0,0.0,1.1481482,0.62,0.87,2026-08-16 14:25:31.747
2026-08-15,UFC,UFC,Jose Ochoa,Charles Johnson,Jose Ochoa,-,0.0,0.0,-,0.0,0.0,1.2197802,0.77,0.82,2026-08-16 14:25:31.747
2026-08-15,UFC,UFC,Jose Ochoa,Charles Johnson,Charles Johnson,-,0.0,0.0,-,0.0,0.0,4.5,0.23,0.18,2026-08-16 14:25:31.747
2026-08-15,UFC,UFC,Kaue Fernandes,Jalin Turner,Kaue Fernandes,-,0.0,0.0,-,0.0,0.0,2.0,0.56,0.37,2026-08-16 14:25:31.747
2026-08-15,UFC,UFC,Kaue Fernandes,Jalin Turner,Jalin Turner,-,0.0,0.0,-,0.0,0.0,1.8333334,0.44,0.63,2026-08-16 14:25:31.747
2026-08-15,UFC,UFC,Gillian Robertson,Mackenzie Dern,Gillian Robertson,-,0.0,0.0,-,0.0,0.0,2.8,0.3,0.28,2026-08-16 14:25:31.747
2026-08-15,UFC,UFC,Gillian Robertson,Mackenzie Dern,Mackenzie Dern,-,0.0,0.0,-,0.0,0.0,1.4587156,0.7,0.72,2026-08-16 14:25:31.747
2026-08-15,UFC,UFC,Ian Machado Garry,Islam Makhachev,Ian Machado Garry,-,0.0,0.0,-,0.0,0.0,3.6,0.56,0.31,2026-08-16 14:25:31.747
2026-08-15,UFC,UFC,Ian Machado Garry,Islam Makhachev,Islam Makhachev,-,0.0,0.0,-,0.0,0.0,1.3076923,0.44,0.69,2026-08-16 14:25:31.747
2026-08-15,BOX,BOX,Alexander Thiel,Jaquan McElroy,Alexander Thiel,-,0.0,0.0,-,0.0,0.0,9.0,0.0,0.0,2026-08-16 14:25:34.508
2026-08-15,BOX,BOX,Alexander Thiel,Jaquan McElroy,Jaquan McElroy,-,0.0,0.0,-,0.0,0.0,1.0625,1.0,1.0,2026-08-16 14:25:34.508
2026-08-15,BOX,BOX,Michael Nelson,Casey Dixon,Michael Nelson,-,0.0,0.0,-,0.0,0.0,10.0,0.0,0.0,2026-08-16 14:25:34.508
2026-08-15,BOX,BOX,Michael Nelson,Casey Dixon,Casey Dixon,-,0.0,0.0,-,0.0,0.0,1.05,1.0,1.0,2026-08-16 14:25:34.508
2026-08-15,BOX,BOX,Rahmel McKinley,Daniel Mercado,Rahmel McKinley,-,0.0,0.0,-,0.0,0.0,17.0,0.0,0.0,2026-08-16 14:25:34.508
2026-08-15,BOX,BOX,Rahmel McKinley,Daniel Mercado,Daniel Mercado,-,0.0,0.0,-,0.0,0.0,1.01,1.0,1.0,2026-08-16 14:25:34.508
2026-08-15,BOX,BOX,Marianela Ramirez,Shannel Butler,Marianela Ramirez,-,0.0,0.0,-,0.0,0.0,8.5,0.0,0.0,2026-08-16 14:25:34.508
2026-08-15,BOX,BOX,Marianela Ramirez,Shannel Butler,Shannel Butler,-,0.0,0.0,-,0.0,0.0,1.0625,1.0,1.0,2026-08-16 14:25:34.508
2026-08-15,BOX,BOX,Da'Velle Smith,Hakim Lopez,Da'Velle Smith,-,0.0,0.0,-,0.0,0.0,1.3846154,1.0,1.0,2026-08-16 14:25:34.508
2026-08-15,BOX,BOX,Da'Velle Smith,Hakim Lopez,Hakim Lopez,-,0.0,0.0,-,0.0,0.0,3.0,0.0,0.0,2026-08-16 14:25:34.508
2026-08-15,BOX,BOX,Olivia Curry,Danielle Perkins,Olivia Curry,-,0.0,0.0,-,0.0,0.0,5.75,0.0,0.0,2026-08-16 14:25:34.508
2026-08-15,BOX,BOX,Olivia Curry,Danielle Perkins,Danielle Perkins,-,0.0,0.0,-,0.0,0.0,1.1333333,1.0,1.0,2026-08-16 14:25:34.508
2026-08-15,BOX,BOX,Roamer Angulo,Atif Oberlton,Roamer Angulo,-,0.0,0.0,-,0.0,0.0,10.0,0.11,0.05,2026-08-16 14:25:34.508
2026-08-15,BOX,BOX,Roamer Angulo,Atif Oberlton,Atif Oberlton,-,0.0,0.0,-,0.0,0.0,1.05,0.89,0.95,2026-08-16 14:25:34.508
2026-08-15,BOX,BOX,Bernice Ferreira,Caroline Veyre,Bernice Ferreira,-,0.0,0.0,-,0.0,0.0,4.2,0.0,0.0,2026-08-16 14:25:34.508
2026-08-15,BOX,BOX,Bernice Ferreira,Caroline Veyre,Caroline Veyre,-,0.0,0.0,-,0.0,0.0,1.2222222,1.0,1.0,2026-08-16 14:25:34.508
2026-08-15,BOX,BOX,Paulette Cuesta,Ashleyann Lozada,Paulette Cuesta,-,0.0,0.0,-,0.0,0.0,7.5,0.0,0.0,2026-08-16 14:25:34.508
2026-08-15,BOX,BOX,Paulette Cuesta,Ashleyann Lozada,Ashleyann Lozada,-,0.0,0.0,-,0.0,0.0,1.0833334,1.0,1.0,2026-08-16 14:25:34.508
2026-08-15,BOX,BOX,Joseph Hicks,Troy Isley,Joseph Hicks,-,0.0,0.0,-,0.0,0.0,5.75,0.0,0.0,2026-08-16 14:25:34.508
2026-08-15,BOX,BOX,Joseph Hicks,Troy Isley,Troy Isley,-,0.0,0.0,-,0.0,0.0,1.1333333,1.0,1.0,2026-08-16 14:25:34.508
2026-08-15,BOX,BOX,Roger Hilley,Ernesto Mercado,Roger Hilley,-,0.0,0.0,-,0.0,0.0,14.0,0.0,0.0,2026-08-16 14:25:34.508
2026-08-15,BOX,BOX,Roger Hilley,Ernesto Mercado,Ernesto Mercado,-,0.0,0.0,-,0.0,0.0,1.02,1.0,1.0,2026-08-16 14:25:34.508
2026-08-16,BOX,BOX,Kaye Scott,Claressa Shields,Kaye Scott,-,0.0,0.0,-,0.0,0.0,13.0,0.94,0.18,2026-08-16 14:25:34.508
2026-08-16,BOX,BOX,Kaye Scott,Claressa Shields,Claressa Shields,-,0.0,0.0,-,0.0,0.0,1.0333333,0.06,0.82,2026-08-16 14:25:34.508
2026-08-16,BOX,BOX,Emmanuel Tagoe,Ernesto Mercado,Emmanuel Tagoe,-,0.0,0.0,-,0.0,0.0,12.0,0.0,0.0,2026-08-16 14:25:34.508
2026-08-16,BOX,BOX,Emmanuel Tagoe,Ernesto Mercado,Ernesto Mercado,-,0.0,0.0,-,0.0,0.0,1.0333333,1.0,1.0,2026-08-16 14:25:34.508
2026-08-15,AFL,AFL,Collingwood Magpies,Hawthorn Hawks,Collingwood Magpies,+21.5,0.88,0.5,-,0.0,0.0,3.45,0.0,0.0,2026-08-16 14:25:36.150
2026-08-15,AFL,AFL,Collingwood Magpies,Hawthorn Hawks,Hawthorn Hawks,-21.5,0.12,0.5,-,0.0,0.0,1.3030303,1.0,1.0,2026-08-16 14:25:36.150
2026-08-15,AFL,AFL,Melbourne Demons,Port Adelaide Power,Melbourne Demons,-25.5,1.0,1.0,-,0.0,0.0,1.2564102,1.0,1.0,2026-08-16 14:25:36.150
2026-08-15,AFL,AFL,Melbourne Demons,Port Adelaide Power,Port Adelaide Power,+25.5,0.0,0.0,-,0.0,0.0,3.9,0.0,0.0,2026-08-16 14:25:36.150
2026-08-15,AFL,AFL,West Coast Eagles,GWS Giants,West Coast Eagles,+31.5,1.0,1.0,"182.5",0.0,0.0,4.9,0.0,0.0,2026-08-16 14:25:36.150
2026-08-15,AFL,AFL,West Coast Eagles,GWS Giants,GWS Giants,-31.5,0.0,0.0,"182.5",1.0,1.0,1.173913,1.0,1.0,2026-08-16 14:25:36.150
2026-08-16,AFL,AFL,Carlton Blues,Western Bulldogs,Carlton Blues,-21.5,0.18,0.5,-,0.0,0.0,1.3030303,0.0,0.0,2026-08-16 14:25:36.150
2026-08-16,AFL,AFL,Carlton Blues,Western Bulldogs,Western Bulldogs,+21.5,0.82,0.5,-,0.0,0.0,3.45,1.0,1.0,2026-08-16 14:25:36.150
2026-08-15,MLB,MLB,Chicago White Sox,Detroit Tigers,Chicago White Sox,+1.5,0.14,0.53,"8",0.65,0.65,2.3,0.39,0.29,2026-08-16 14:55:07.212
2026-08-15,MLB,MLB,Chicago White Sox,Detroit Tigers,Detroit Tigers,-1.5,0.86,0.47,"8",0.35,0.35,1.7142857,0.61,0.71,2026-08-16 14:55:07.212
2026-08-15,MLB,MLB,ST Louis Cardinals,Chicago Cubs,ST Louis Cardinals,+1.5,0.12,0.23,"9",0.53,0.49,2.68,0.21,0.14,2026-08-16 14:55:07.212
2026-08-15,MLB,MLB,ST Louis Cardinals,Chicago Cubs,Chicago Cubs,-1.5,0.88,0.77,"9",0.47,0.51,1.5524862,0.79,0.86,2026-08-16 14:55:07.212
2026-08-15,MLB,MLB,New York Yankees,Toronto Blue Jays,New York Yankees,-1.5,0.85,0.7,"7",0.52,0.49,1.5376344,0.83,0.83,2026-08-16 14:55:07.212
2026-08-15,MLB,MLB,New York Yankees,Toronto Blue Jays,Toronto Blue Jays,+1.5,0.15,0.3,"7",0.48,0.51,2.73,0.17,0.17,2026-08-16 14:55:07.212
2026-08-15,MLB,MLB,Colorado Rockies,San Francisco Giants,Colorado Rockies,+1.5,0.09,0.37,"7.5",0.84,0.75,2.55,0.26,0.21,2026-08-16 14:55:07.212
2026-08-15,MLB,MLB,Colorado Rockies,San Francisco Giants,San Francisco Giants,-1.5,0.91,0.63,"7.5",0.16,0.25,1.5988024,0.74,0.79,2026-08-16 14:55:07.212
2026-08-15,MLB,MLB,Washington Nationals,New York Mets,Washington Nationals,+1.5,0.1,0.6,"7.5",0.79,0.65,2.21,0.17,0.35,2026-08-16 14:55:07.212
2026-08-15,MLB,MLB,Washington Nationals,New York Mets,New York Mets,-1.5,0.9,0.4,"7.5",0.21,0.35,1.7692307,0.83,0.65,2026-08-16 14:55:07.212
2026-08-15,MLB,MLB,Baltimore Orioles,Tampa Bay Rays,Baltimore Orioles,+1.5,0.03,0.39,"7.5",0.45,0.61,2.31,0.2,0.18,2026-08-16 14:55:07.212
2026-08-15,MLB,MLB,Baltimore Orioles,Tampa Bay Rays,Tampa Bay Rays,-1.5,0.97,0.61,"7.5",0.55,0.39,1.7092198,0.8,0.82,2026-08-16 14:55:07.212
2026-08-15,MLB,MLB,Miami Marlins,Cincinnati Reds,Miami Marlins,-1.5,0.69,0.18,"9",0.94,0.53,1.9803921,0.66,0.49,2026-08-16 14:55:07.212
2026-08-15,MLB,MLB,Miami Marlins,Cincinnati Reds,Cincinnati Reds,+1.5,0.31,0.82,"9",0.06,0.47,1.9523809,0.34,0.51,2026-08-16 14:55:07.212
2026-08-15,MLB,MLB,San Diego Padres,Cleveland Guardians,San Diego Padres,-1.5,0.69,0.42,"8.5",0.31,0.55,2.01,0.79,0.56,2026-08-16 14:55:07.212
2026-08-15,MLB,MLB,San Diego Padres,Cleveland Guardians,Cleveland Guardians,+1.5,0.31,0.58,"8.5",0.69,0.45,1.925926,0.21,0.44,2026-08-16 14:55:07.212
2026-08-15,MLB,MLB,Philadelphia Phillies,Minnesota Twins,Philadelphia Phillies,-1.5,0.75,0.63,"8",0.95,0.69,1.7518797,0.77,0.87,2026-08-16 14:55:07.212
2026-08-15,MLB,MLB,Philadelphia Phillies,Minnesota Twins,Minnesota Twins,+1.5,0.25,0.37,"8",0.05,0.31,2.23,0.23,0.13,2026-08-16 14:55:07.212
2026-08-15,MLB,MLB,Seattle Mariners,Houston Astros,Seattle Mariners,+1.5,0.19,0.64,"8.5",0.82,0.59,2.1,0.33,0.28,2026-08-16 14:55:07.212
2026-08-15,MLB,MLB,Seattle Mariners,Houston Astros,Houston Astros,-1.5,0.81,0.36,"8.5",0.18,0.41,1.8474576,0.67,0.72,2026-08-16 14:55:07.212
2026-08-15,MLB,MLB,Arizona Diamondbacks,Atlanta Braves,Arizona Diamondbacks,+1.5,0.56,0.64,"9",0.77,0.37,2.23,0.38,0.26,2026-08-16 14:55:07.212
2026-08-15,MLB,MLB,Arizona Diamondbacks,Atlanta Braves,Atlanta Braves,-1.5,0.44,0.36,"9",0.23,0.63,1.7518797,0.62,0.74,2026-08-16 14:55:07.212
2026-08-15,MLB,MLB,Boston Red Sox,Pittsburgh Pirates,Boston Red Sox,-1.5,0.83,0.64,"7.5",0.74,0.7,1.8403361,0.91,0.84,2026-08-16 14:55:07.212
2026-08-15,MLB,MLB,Boston Red Sox,Pittsburgh Pirates,Pittsburgh Pirates,+1.5,0.17,0.36,"7.5",0.26,0.3,2.11,0.09,0.16,2026-08-16 14:55:07.212
2026-08-15,MLB,MLB,Milwaukee Brewers,Los Angeles Dodgers,Milwaukee Brewers,-1.5,0.26,0.2,"7.5",0.16,0.4,1.8196721,0.64,0.56,2026-08-16 14:55:07.212
2026-08-15,MLB,MLB,Milwaukee Brewers,Los Angeles Dodgers,Los Angeles Dodgers,+1.5,0.74,0.8,"7.5",0.84,0.6,2.14,0.36,0.44,2026-08-16 14:55:07.212
2026-08-15,MLB,MLB,Kansas City Royals,Los Angeles Angels,Kansas City Royals,+1.5,0.63,0.78,"8",0.48,0.49,2.42,0.49,0.38,2026-08-16 14:55:07.212
2026-08-15,MLB,MLB,Kansas City Royals,Los Angeles Angels,Los Angeles Angels,-1.5,0.37,0.22,"8",0.52,0.51,1.6535947,0.51,0.62,2026-08-16 14:55:07.212
2026-08-15,MLB,MLB,Texas Rangers,Athletics,Texas Rangers,-1.5,0.77,0.35,"9.5",0.71,0.42,1.6493506,0.7,0.72,2026-08-16 14:55:07.212
2026-08-15,MLB,MLB,Texas Rangers,Athletics,Athletics,+1.5,0.23,0.65,"9.5",0.29,0.58,2.43,0.3,0.28,2026-08-16 14:55:07.212
2026-08-16,MLB,MLB,Baltimore Orioles,Tampa Bay Rays,Baltimore Orioles,+1.5,0.13,0.52,"8",0.62,0.58,2.24,0.16,0.3,2026-08-16 14:55:07.212
2026-08-16,MLB,MLB,Baltimore Orioles,Tampa Bay Rays,Tampa Bay Rays,-1.5,0.87,0.48,"8",0.38,0.42,1.7518797,0.84,0.7,2026-08-16 14:55:07.212
2026-08-16,MLB,MLB,Arizona Diamondbacks,Atlanta Braves,Arizona Diamondbacks,+1.5,0.11,0.6,"8.5",0.54,0.6,2.09,0.41,0.36,2026-08-16 14:55:07.212
2026-08-16,MLB,MLB,Arizona Diamondbacks,Atlanta Braves,Atlanta Braves,-1.5,0.89,0.4,"8.5",0.46,0.4,1.7633588,0.59,0.64,2026-08-16 14:55:07.212
2026-08-16,MLB,MLB,Boston Red Sox,Pittsburgh Pirates,Boston Red Sox,-1.5,0.16,0.36,"8",0.67,0.42,1.8333334,0.8,0.64,2026-08-16 14:55:07.212
2026-08-16,MLB,MLB,Boston Red Sox,Pittsburgh Pirates,Pittsburgh Pirates,+1.5,0.84,0.64,"8",0.33,0.58,2.0,0.2,0.36,2026-08-16 14:55:07.212
2026-08-16,MLB,MLB,New York Yankees,Toronto Blue Jays,New York Yankees,+1.5,0.22,0.35,"7.5",0.05,0.29,2.05,0.63,0.56,2026-08-16 14:55:07.212
2026-08-16,MLB,MLB,New York Yankees,Toronto Blue Jays,Toronto Blue Jays,-1.5,0.78,0.65,"7.5",0.95,0.71,1.7936507,0.37,0.44,2026-08-16 14:55:07.212
2026-08-16,MLB,MLB,San Diego Padres,Cleveland Guardians,San Diego Padres,-1.5,0.9,0.36,"8.5",0.29,0.34,1.877193,0.82,0.62,2026-08-16 14:55:07.212
2026-08-16,MLB,MLB,San Diego Padres,Cleveland Guardians,Cleveland Guardians,+1.5,0.1,0.64,"8.5",0.71,0.66,1.9523809,0.18,0.38,2026-08-16 14:55:07.212
2026-08-16,MLB,MLB,Washington Nationals,New York Mets,Washington Nationals,+1.5,0.0,0.55,"8.5",0.88,0.4,2.44,0.22,0.33,2026-08-16 14:55:07.212
2026-08-16,MLB,MLB,Washington Nationals,New York Mets,New York Mets,-1.5,1.0,0.45,"8.5",0.12,0.6,1.5714285,0.78,0.67,2026-08-16 14:55:07.212
2026-08-16,MLB,MLB,Miami Marlins,Cincinnati Reds,Miami Marlins,-1.5,0.93,0.32,"9",0.81,0.43,1.7936507,0.69,0.57,2026-08-16 14:55:07.212
2026-08-16,MLB,MLB,Miami Marlins,Cincinnati Reds,Cincinnati Reds,+1.5,0.07,0.68,"9",0.19,0.57,2.05,0.31,0.43,2026-08-16 14:55:07.212
2026-08-16,MLB,MLB,Chicago White Sox,Detroit Tigers,Chicago White Sox,-1.5,0.92,0.31,"8",0.86,0.53,1.925926,0.79,0.57,2026-08-16 14:55:07.212
2026-08-16,MLB,MLB,Chicago White Sox,Detroit Tigers,Detroit Tigers,+1.5,0.08,0.69,"8",0.14,0.47,1.8928572,0.21,0.43,2026-08-16 14:55:07.212
2026-08-16,MLB,MLB,Philadelphia Phillies,Minnesota Twins,Philadelphia Phillies,-1.5,0.27,0.5,"9",0.61,0.59,1.877193,0.88,0.72,2026-08-16 14:55:07.212
2026-08-16,MLB,MLB,Philadelphia Phillies,Minnesota Twins,Minnesota Twins,+1.5,0.73,0.5,"9",0.39,0.41,1.9523809,0.12,0.28,2026-08-16 14:55:07.212
2026-08-16,MLB,MLB,ST Louis Cardinals,Chicago Cubs,ST Louis Cardinals,+1.5,0.05,0.46,"9",0.97,0.33,2.34,0.37,0.24,2026-08-16 14:55:07.212
2026-08-16,MLB,MLB,ST Louis Cardinals,Chicago Cubs,Chicago Cubs,-1.5,0.95,0.54,"9",0.03,0.67,1.6172839,0.63,0.76,2026-08-16 14:55:07.212
2026-08-16,MLB,MLB,Texas Rangers,Athletics,Texas Rangers,-1.5,0.92,0.45,"10.5",0.65,0.36,1.7042253,0.47,0.64,2026-08-16 14:55:07.212
2026-08-16,MLB,MLB,Texas Rangers,Athletics,Athletics,+1.5,0.08,0.55,"10.5",0.35,0.64,2.18,0.53,0.36,2026-08-16 14:55:07.212
2026-08-16,MLB,MLB,Colorado Rockies,San Francisco Giants,Colorado Rockies,+1.5,0.1,0.5,"8",0.28,0.51,2.12,0.29,0.3,2026-08-16 14:55:07.212
2026-08-16,MLB,MLB,Colorado Rockies,San Francisco Giants,San Francisco Giants,-1.5,0.9,0.5,"8",0.72,0.49,1.7407408,0.71,0.7,2026-08-16 14:55:07.212
2026-08-16,MLB,MLB,Kansas City Royals,Los Angeles Angels,Kansas City Royals,-1.5,0.99,0.32,"9.5",0.17,0.11,1.7936507,0.74,0.59,2026-08-16 14:55:07.212
2026-08-16,MLB,MLB,Kansas City Royals,Los Angeles Angels,Los Angeles Angels,+1.5,0.01,0.68,"9.5",0.83,0.89,2.04,0.26,0.41,2026-08-16 14:55:07.212
2026-08-16,MLB,MLB,Milwaukee Brewers,Los Angeles Dodgers,Milwaukee Brewers,+1.5,0.06,0.56,"7.5",0.27,0.29,2.49,0.38,0.28,2026-08-16 14:55:07.212
2026-08-16,MLB,MLB,Milwaukee Brewers,Los Angeles Dodgers,Los Angeles Dodgers,-1.5,0.94,0.44,"7.5",0.73,0.71,1.5524862,0.62,0.72,2026-08-16 14:55:07.212
2026-08-16,MLB,MLB,Seattle Mariners,Houston Astros,Seattle Mariners,+1.5,0.1,0.74,"7.5",0.29,0.58,2.13,0.23,0.33,2026-08-16 14:55:07.212
2026-08-16,MLB,MLB,Seattle Mariners,Houston Astros,Houston Astros,-1.5,0.9,0.26,"7.5",0.71,0.42,1.7352941,0.77,0.67,2026-08-16 14:55:07.212
2026-08-15,SOC,"40031",Getafe,Alaves,Getafe,-,0.0,0.0,-,0.0,0.0,3.75,0.24,0.34,2026-08-16 14:55:17.095
2026-08-15,SOC,"40031",Getafe,Alaves,Alaves,-,0.0,0.0,-,0.0,0.0,2.4,0.76,0.66,2026-08-16 14:55:17.095
2026-08-15,SOC,"40031",Vallecano,Sevilla,Vallecano,-,0.0,0.0,-,0.0,0.0,3.05,0.17,0.12,2026-08-16 14:55:17.095
2026-08-15,SOC,"40031",Vallecano,Sevilla,Sevilla,-,0.0,0.0,-,0.0,0.0,2.7,0.83,0.88,2026-08-16 14:55:17.095
2026-08-16,SOC,"40031",Villarreal,Racing Santander,Villarreal,-,0.0,0.0,-,0.0,0.0,2.1,0.98,0.97,2026-08-16 14:55:17.095
2026-08-16,SOC,"40031",Villarreal,Racing Santander,Racing Santander,-,0.0,0.0,-,0.0,0.0,3.35,0.02,0.03,2026-08-16 14:55:17.095
2026-08-16,SOC,"40031",Levante,Espanyol,Levante,-,0.0,0.0,-,0.0,0.0,3.7,0.16,0.11,2026-08-16 14:55:17.095
2026-08-16,SOC,"40031",Levante,Espanyol,Espanyol,-,0.0,0.0,-,0.0,0.0,2.1,0.84,0.89,2026-08-16 14:55:17.095
2026-08-16,SOC,"40031",Osasuna,Celta Vigo,Osasuna,-,0.0,0.0,-,0.0,0.0,3.65,0.07,0.09,2026-08-16 14:55:17.095
2026-08-16,SOC,"40031",Osasuna,Celta Vigo,Celta Vigo,-,0.0,0.0,-,0.0,0.0,2.05,0.93,0.91,2026-08-16 14:55:17.095
2026-08-17,SOC,"40031",Elche,Dep La Coruna,Elche,-,0.0,0.0,-,0.0,0.0,3.25,0.55,0.56,2026-08-16 14:55:17.095
2026-08-17,SOC,"40031",Elche,Dep La Coruna,Dep La Coruna,-,0.0,0.0,-,0.0,0.0,2.35,0.45,0.44,2026-08-16 14:55:17.095
2026-08-15,SOC,"40817",Preston,Bolton,Preston,-,0.0,0.0,-,0.0,0.0,3.05,0.19,0.3,2026-08-16 14:55:18.789
2026-08-15,SOC,"40817",Preston,Bolton,Bolton,-,0.0,0.0,-,0.0,0.0,2.35,0.81,0.7,2026-08-16 14:55:18.789
2026-08-15,SOC,"40817",West Brom,Norwich,West Brom,-,0.0,0.0,-,0.0,0.0,3.75,0.05,0.11,2026-08-16 14:55:18.789
2026-08-15,SOC,"40817",West Brom,Norwich,Norwich,-,0.0,0.0,-,0.0,0.0,2.0,0.95,0.89,2026-08-16 14:55:18.789
2026-08-15,SOC,"40817",Swansea,Stoke City,Swansea,-,0.0,0.0,-,0.0,0.0,3.05,0.19,0.21,2026-08-16 14:55:18.789
2026-08-15,SOC,"40817",Swansea,Stoke City,Stoke City,-,0.0,0.0,-,0.0,0.0,2.35,0.81,0.79,2026-08-16 14:55:18.789
2026-08-15,SOC,"40817",Millwall,Bristol City,Millwall,-,0.0,0.0,-,0.0,0.0,2.8,0.58,0.44,2026-08-16 14:55:18.789
2026-08-15,SOC,"40817",Millwall,Bristol City,Bristol City,-,0.0,0.0,-,0.0,0.0,2.5,0.42,0.56,2026-08-16 14:55:18.789
2026-08-15,SOC,"40817",Lincoln City,Middlesbrough,Lincoln City,-,0.0,0.0,-,0.0,0.0,6.5,0.03,0.02,2026-08-16 14:55:18.789
2026-08-15,SOC,"40817",Lincoln City,Middlesbrough,Middlesbrough,-,0.0,0.0,-,0.0,0.0,1.5128205,0.97,0.98,2026-08-16 14:55:18.789
2026-08-15,SOC,"40817",Derby County,Charlton,Derby County,-,0.0,0.0,-,0.0,0.0,2.75,0.42,0.53,2026-08-16 14:55:18.789
2026-08-15,SOC,"40817",Derby County,Charlton,Charlton,-,0.0,0.0,-,0.0,0.0,2.7,0.58,0.47,2026-08-16 14:55:18.789
2026-08-15,SOC,"40817",Queens Park Rangers,Portsmouth,Queens Park Rangers,-,0.0,0.0,-,0.0,0.0,3.15,0.66,0.25,2026-08-16 14:55:18.789
2026-08-15,SOC,"40817",Queens Park Rangers,Portsmouth,Portsmouth,-,0.0,0.0,-,0.0,0.0,2.35,0.34,0.75,2026-08-16 14:55:18.789
2026-08-15,SOC,"40817",Birmingham,Sheffield Utd,Birmingham,-,0.0,0.0,-,0.0,0.0,3.3,0.24,0.25,2026-08-16 14:55:18.820
2026-08-15,SOC,"40817",Birmingham,Sheffield Utd,Sheffield Utd,-,0.0,0.0,-,0.0,0.0,2.25,0.76,0.75,2026-08-16 14:55:18.820
2026-08-16,SOC,"40817",Southampton,Watford,Southampton,-,0.0,0.0,-,0.0,0.0,2.1,0.91,0.89,2026-08-16 14:55:18.820
2026-08-16,SOC,"40817",Southampton,Watford,Watford,-,0.0,0.0,-,0.0,0.0,3.45,0.09,0.11,2026-08-16 14:55:18.820
2026-08-16,SOC,"40817",West Ham,Burnley,West Ham,-,0.0,0.0,-,0.0,0.0,2.25,0.93,0.89,2026-08-16 14:55:18.820
2026-08-16,SOC,"40817",West Ham,Burnley,Burnley,-,0.0,0.0,-,0.0,0.0,3.1,0.07,0.11,2026-08-16 14:55:18.820
2026-08-17,SOC,"40817",Wrexham,Cardiff City,Wrexham,-,0.0,0.0,-,0.0,0.0,2.8,0.76,0.45,2026-08-16 14:55:18.820
2026-08-17,SOC,"40817",Wrexham,Cardiff City,Cardiff City,-,0.0,0.0,-,0.0,0.0,2.45,0.24,0.55,2026-08-16 14:55:18.820
2026-08-15,SOC,"89345",New York Red Bulls,Atlanta Utd,New York Red Bulls,-,0.0,0.0,-,0.0,0.0,3.0,0.51,0.38,2026-08-16 14:55:31.515
2026-08-15,SOC,"89345",New York Red Bulls,Atlanta Utd,Atlanta Utd,-,0.0,0.0,-,0.0,0.0,2.05,0.49,0.62,2026-08-16 14:55:31.515
2026-08-15,SOC,"89345",DC Utd,CF Montreal,DC Utd,-,0.0,0.0,-,0.0,0.0,3.05,0.38,0.32,2026-08-16 14:55:31.515
2026-08-15,SOC,"89345",DC Utd,CF Montreal,CF Montreal,-,0.0,0.0,-,0.0,0.0,2.1,0.62,0.68,2026-08-16 14:55:31.515
2026-08-15,SOC,"89345",Columbus Crew,Charlotte FC,Columbus Crew,-,0.0,0.0,-,0.0,0.0,3.1,0.15,0.32,2026-08-16 14:55:31.515
2026-08-15,SOC,"89345",Columbus Crew,Charlotte FC,Charlotte FC,-,0.0,0.0,-,0.0,0.0,2.1,0.85,0.68,2026-08-16 14:55:31.515
2026-08-15,SOC,"89345",FC Cincinnati,Orlando City,FC Cincinnati,-,0.0,0.0,-,0.0,0.0,2.3,0.39,0.35,2026-08-16 14:55:31.515
2026-08-15,SOC,"89345",FC Cincinnati,Orlando City,Orlando City,-,0.0,0.0,-,0.0,0.0,2.5,0.61,0.65,2026-08-16 14:55:31.515
2026-08-15,SOC,"89345",NE Revolution,Toronto FC,NE Revolution,-,0.0,0.0,-,0.0,0.0,2.95,0.42,0.41,2026-08-16 14:55:31.515
2026-08-15,SOC,"89345",NE Revolution,Toronto FC,Toronto FC,-,0.0,0.0,-,0.0,0.0,2.15,0.58,0.59,2026-08-16 14:55:31.515
2026-08-15,SOC,"89345",Inter Miami,Nashville SC,Inter Miami,-,0.0,0.0,-,0.0,0.0,2.55,0.91,0.71,2026-08-16 14:55:31.515
2026-08-15,SOC,"89345",Inter Miami,Nashville SC,Nashville SC,-,0.0,0.0,-,0.0,0.0,2.4,0.09,0.29,2026-08-16 14:55:31.515
2026-08-15,SOC,"89345",LA Galaxy,HOU Dynamo,LA Galaxy,-,0.0,0.0,-,0.0,0.0,4.6,0.06,0.19,2026-08-16 14:55:31.515
2026-08-15,SOC,"89345",LA Galaxy,HOU Dynamo,HOU Dynamo,-,0.0,0.0,-,0.0,0.0,1.6451613,0.94,0.81,2026-08-16 14:55:31.515
2026-08-15,SOC,"89345",Sporting KC,COL Rapids,Sporting KC,-,0.0,0.0,-,0.0,0.0,5.75,0.02,0.21,2026-08-16 14:55:31.515
2026-08-15,SOC,"89345",Sporting KC,COL Rapids,COL Rapids,-,0.0,0.0,-,0.0,0.0,1.4545455,0.98,0.79,2026-08-16 14:55:31.515
2026-08-15,SOC,"89345",Minnesota Utd,Real Salt Lake,Minnesota Utd,-,0.0,0.0,-,0.0,0.0,3.8,0.04,0.19,2026-08-16 14:55:31.515
2026-08-15,SOC,"89345",Minnesota Utd,Real Salt Lake,Real Salt Lake,-,0.0,0.0,-,0.0,0.0,1.8333334,0.96,0.81,2026-08-16 14:55:31.515
2026-08-15,SOC,"89345",San Diego FC,LAFC,San Diego FC,-,0.0,0.0,-,0.0,0.0,4.6,0.01,0.12,2026-08-16 14:55:31.515
2026-08-15,SOC,"89345",San Diego FC,LAFC,LAFC,-,0.0,0.0,-,0.0,0.0,1.6060606,0.99,0.88,2026-08-16 14:55:31.515
2026-08-15,SOC,"89345",St Louis City SC,SJ Earthquakes,St Louis City SC,-,0.0,0.0,-,0.0,0.0,3.0,0.23,0.4,2026-08-16 14:55:31.515
2026-08-15,SOC,"89345",St Louis City SC,SJ Earthquakes,SJ Earthquakes,-,0.0,0.0,-,0.0,0.0,2.05,0.77,0.6,2026-08-16 14:55:31.515
2026-08-16,SOC,"89345",PHI Union,NYCFC,PHI Union,-,0.0,0.0,-,0.0,0.0,2.75,0.14,0.56,2026-08-16 14:55:31.515
2026-08-16,SOC,"89345",PHI Union,NYCFC,NYCFC,-,0.0,0.0,-,0.0,0.0,2.3,0.86,0.44,2026-08-16 14:55:31.515
2026-08-16,SOC,"89345",POR Timbers,CHI Fire,POR Timbers,-,0.0,0.0,-,0.0,0.0,5.0,0.38,0.44,2026-08-16 14:55:31.515
2026-08-16,SOC,"89345",POR Timbers,CHI Fire,CHI Fire,-,0.0,0.0,-,0.0,0.0,1.5,0.62,0.56,2026-08-16 14:55:31.515
2026-08-16,SOC,"89345",FC Dallas,Austin FC,FC Dallas,-,0.0,0.0,-,0.0,0.0,2.3,0.31,0.77,2026-08-16 14:55:31.515
2026-08-16,SOC,"89345",FC Dallas,Austin FC,Austin FC,-,0.0,0.0,-,0.0,0.0,2.75,0.69,0.23,2026-08-16 14:55:31.515
2026-08-16,SOC,"89345",Vancouver Whitecaps,Seattle Sounders,Vancouver Whitecaps,-,0.0,0.0,-,0.0,0.0,1.8,0.79,0.88,2026-08-16 14:55:31.515
2026-08-16,SOC,"89345",Vancouver Whitecaps,Seattle Sounders,Seattle Sounders,-,0.0,0.0,-,0.0,0.0,3.8,0.21,0.12,2026-08-16 14:55:31.515
2026-08-15,UFC,UFC,Chidi Njokuani,Joel Alvarez,Chidi Njokuani,-,0.0,0.0,-,0.0,0.0,3.0,0.0,0.0,2026-08-16 14:55:33.227
2026-08-15,UFC,UFC,Chidi Njokuani,Joel Alvarez,Joel Alvarez,-,0.0,0.0,-,0.0,0.0,1.4081633,1.0,1.0,2026-08-16 14:55:33.227
2026-08-15,UFC,UFC,Myktybek Orolbai,Jeremiah Wells,Myktybek Orolbai,-,0.0,0.0,-,0.0,0.0,1.074074,0.78,0.89,2026-08-16 14:55:33.227
2026-08-15,UFC,UFC,Myktybek Orolbai,Jeremiah Wells,Jeremiah Wells,-,0.0,0.0,-,0.0,0.0,9.0,0.22,0.11,2026-08-16 14:55:33.227
2026-08-15,UFC,UFC,Ramiz Brahimaj,Neil Magny,Ramiz Brahimaj,-,0.0,0.0,-,0.0,0.0,1.7042253,0.75,0.59,2026-08-16 14:55:33.227
2026-08-15,UFC,UFC,Ramiz Brahimaj,Neil Magny,Neil Magny,-,0.0,0.0,-,0.0,0.0,2.2,0.25,0.41,2026-08-16 14:55:33.227
2026-08-15,UFC,UFC,Lucas Fernando,Rafael Tobias,Lucas Fernando,-,0.0,0.0,-,0.0,0.0,1.3508772,0.62,0.79,2026-08-16 14:55:33.227
2026-08-15,UFC,UFC,Lucas Fernando,Rafael Tobias,Rafael Tobias,-,0.0,0.0,-,0.0,0.0,3.3,0.38,0.21,2026-08-16 14:55:33.227
2026-08-15,UFC,UFC,Tresean Gore,Vicente Luque,Tresean Gore,-,0.0,0.0,-,0.0,0.0,1.8474576,0.6,0.49,2026-08-16 14:55:33.227
2026-08-15,UFC,UFC,Tresean Gore,Vicente Luque,Vicente Luque,-,0.0,0.0,-,0.0,0.0,1.9803921,0.4,0.51,2026-08-16 14:55:33.227
2026-08-15,UFC,UFC,Eric McConico,Donte Johnson,Eric McConico,-,0.0,0.0,-,0.0,0.0,3.8,0.29,0.16,2026-08-16 14:55:33.227
2026-08-15,UFC,UFC,Eric McConico,Donte Johnson,Donte Johnson,-,0.0,0.0,-,0.0,0.0,1.2816901,0.71,0.84,2026-08-16 14:55:33.227
2026-08-15,UFC,UFC,Eduardo Henrique,Charles Johnson,Eduardo Henrique,-,0.0,0.0,-,0.0,0.0,1.9803921,0.39,0.3,2026-08-16 14:55:33.227
2026-08-15,UFC,UFC,Eduardo Henrique,Charles Johnson,Charles Johnson,-,0.0,0.0,-,0.0,0.0,1.8474576,0.61,0.7,2026-08-16 14:55:33.227
2026-08-15,UFC,UFC,Joel Alvarez,Chidi Njokuani,Joel Alvarez,-,0.0,0.0,-,0.0,0.0,1.2666667,0.78,0.87,2026-08-16 14:55:33.227
2026-08-15,UFC,UFC,Joel Alvarez,Chidi Njokuani,Chidi Njokuani,-,0.0,0.0,-,0.0,0.0,3.95,0.22,0.13,2026-08-16 14:55:33.227
2026-08-15,UFC,UFC,Esteban Ribovics,Edson Barboza,Esteban Ribovics,-,0.0,0.0,-,0.0,0.0,1.1333333,0.3,0.75,2026-08-16 14:55:33.227
2026-08-15,UFC,UFC,Esteban Ribovics,Edson Barboza,Edson Barboza,-,0.0,0.0,-,0.0,0.0,6.25,0.7,0.25,2026-08-16 14:55:33.227
2026-08-15,UFC,UFC,Dustin Stoltzfus,Mansur Abdul-Malik,Dustin Stoltzfus,-,0.0,0.0,-,0.0,0.0,5.9,0.38,0.13,2026-08-16 14:55:33.227
2026-08-15,UFC,UFC,Dustin Stoltzfus,Mansur Abdul-Malik,Mansur Abdul-Malik,-,0.0,0.0,-,0.0,0.0,1.1481482,0.62,0.87,2026-08-16 14:55:33.227
2026-08-15,UFC,UFC,Jose Ochoa,Charles Johnson,Jose Ochoa,-,0.0,0.0,-,0.0,0.0,1.2197802,0.77,0.82,2026-08-16 14:55:33.227
2026-08-15,UFC,UFC,Jose Ochoa,Charles Johnson,Charles Johnson,-,0.0,0.0,-,0.0,0.0,4.5,0.23,0.18,2026-08-16 14:55:33.227
2026-08-15,UFC,UFC,Kaue Fernandes,Jalin Turner,Kaue Fernandes,-,0.0,0.0,-,0.0,0.0,2.0,0.56,0.37,2026-08-16 14:55:33.227
2026-08-15,UFC,UFC,Kaue Fernandes,Jalin Turner,Jalin Turner,-,0.0,0.0,-,0.0,0.0,1.8333334,0.44,0.63,2026-08-16 14:55:33.227
2026-08-15,UFC,UFC,Gillian Robertson,Mackenzie Dern,Gillian Robertson,-,0.0,0.0,-,0.0,0.0,2.8,0.3,0.28,2026-08-16 14:55:33.227
2026-08-15,UFC,UFC,Gillian Robertson,Mackenzie Dern,Mackenzie Dern,-,0.0,0.0,-,0.0,0.0,1.4587156,0.7,0.72,2026-08-16 14:55:33.227
2026-08-15,UFC,UFC,Ian Machado Garry,Islam Makhachev,Ian Machado Garry,-,0.0,0.0,-,0.0,0.0,3.6,0.56,0.31,2026-08-16 14:55:33.227
2026-08-15,UFC,UFC,Ian Machado Garry,Islam Makhachev,Islam Makhachev,-,0.0,0.0,-,0.0,0.0,1.3076923,0.44,0.69,2026-08-16 14:55:33.227
2026-08-15,BOX,BOX,Alexander Thiel,Jaquan McElroy,Alexander Thiel,-,0.0,0.0,-,0.0,0.0,9.0,0.0,0.0,2026-08-16 14:55:34.784
2026-08-15,BOX,BOX,Alexander Thiel,Jaquan McElroy,Jaquan McElroy,-,0.0,0.0,-,0.0,0.0,1.0625,1.0,1.0,2026-08-16 14:55:34.784
2026-08-15,BOX,BOX,Michael Nelson,Casey Dixon,Michael Nelson,-,0.0,0.0,-,0.0,0.0,10.0,0.0,0.0,2026-08-16 14:55:34.784
2026-08-15,BOX,BOX,Michael Nelson,Casey Dixon,Casey Dixon,-,0.0,0.0,-,0.0,0.0,1.05,1.0,1.0,2026-08-16 14:55:34.784
2026-08-15,BOX,BOX,Rahmel McKinley,Daniel Mercado,Rahmel McKinley,-,0.0,0.0,-,0.0,0.0,17.0,0.0,0.0,2026-08-16 14:55:34.784
2026-08-15,BOX,BOX,Rahmel McKinley,Daniel Mercado,Daniel Mercado,-,0.0,0.0,-,0.0,0.0,1.01,1.0,1.0,2026-08-16 14:55:34.784
2026-08-15,BOX,BOX,Marianela Ramirez,Shannel Butler,Marianela Ramirez,-,0.0,0.0,-,0.0,0.0,8.5,0.0,0.0,2026-08-16 14:55:34.784
2026-08-15,BOX,BOX,Marianela Ramirez,Shannel Butler,Shannel Butler,-,0.0,0.0,-,0.0,0.0,1.0625,1.0,1.0,2026-08-16 14:55:34.784
2026-08-15,BOX,BOX,Da'Velle Smith,Hakim Lopez,Da'Velle Smith,-,0.0,0.0,-,0.0,0.0,1.3846154,1.0,1.0,2026-08-16 14:55:34.784
2026-08-15,BOX,BOX,Da'Velle Smith,Hakim Lopez,Hakim Lopez,-,0.0,0.0,-,0.0,0.0,3.0,0.0,0.0,2026-08-16 14:55:34.784
2026-08-15,BOX,BOX,Olivia Curry,Danielle Perkins,Olivia Curry,-,0.0,0.0,-,0.0,0.0,5.75,0.0,0.0,2026-08-16 14:55:34.784
2026-08-15,BOX,BOX,Olivia Curry,Danielle Perkins,Danielle Perkins,-,0.0,0.0,-,0.0,0.0,1.1333333,1.0,1.0,2026-08-16 14:55:34.784
2026-08-15,BOX,BOX,Roamer Angulo,Atif Oberlton,Roamer Angulo,-,0.0,0.0,-,0.0,0.0,10.0,0.11,0.05,2026-08-16 14:55:34.784
2026-08-15,BOX,BOX,Roamer Angulo,Atif Oberlton,Atif Oberlton,-,0.0,0.0,-,0.0,0.0,1.05,0.89,0.95,2026-08-16 14:55:34.784
2026-08-15,BOX,BOX,Bernice Ferreira,Caroline Veyre,Bernice Ferreira,-,0.0,0.0,-,0.0,0.0,4.2,0.0,0.0,2026-08-16 14:55:34.784
2026-08-15,BOX,BOX,Bernice Ferreira,Caroline Veyre,Caroline Veyre,-,0.0,0.0,-,0.0,0.0,1.2222222,1.0,1.0,2026-08-16 14:55:34.784
2026-08-15,BOX,BOX,Paulette Cuesta,Ashleyann Lozada,Paulette Cuesta,-,0.0,0.0,-,0.0,0.0,7.5,0.0,0.0,2026-08-16 14:55:34.784
2026-08-15,BOX,BOX,Paulette Cuesta,Ashleyann Lozada,Ashleyann Lozada,-,0.0,0.0,-,0.0,0.0,1.0833334,1.0,1.0,2026-08-16 14:55:34.784
2026-08-15,BOX,BOX,Joseph Hicks,Troy Isley,Joseph Hicks,-,0.0,0.0,-,0.0,0.0,5.75,0.0,0.0,2026-08-16 14:55:34.784
2026-08-15,BOX,BOX,Joseph Hicks,Troy Isley,Troy Isley,-,0.0,0.0,-,0.0,0.0,1.1333333,1.0,1.0,2026-08-16 14:55:34.784
2026-08-15,BOX,BOX,Roger Hilley,Ernesto Mercado,Roger Hilley,-,0.0,0.0,-,0.0,0.0,14.0,0.0,0.0,2026-08-16 14:55:34.784
2026-08-15,BOX,BOX,Roger Hilley,Ernesto Mercado,Ernesto Mercado,-,0.0,0.0,-,0.0,0.0,1.02,1.0,1.0,2026-08-16 14:55:34.784
2026-08-16,BOX,BOX,Kaye Scott,Claressa Shields,Kaye Scott,-,0.0,0.0,-,0.0,0.0,13.0,0.94,0.18,2026-08-16 14:55:34.784
2026-08-16,BOX,BOX,Kaye Scott,Claressa Shields,Claressa Shields,-,0.0,0.0,-,0.0,0.0,1.0333333,0.06,0.82,2026-08-16 14:55:34.784
2026-08-16,BOX,BOX,Emmanuel Tagoe,Ernesto Mercado,Emmanuel Tagoe,-,0.0,0.0,-,0.0,0.0,12.0,0.0,0.0,2026-08-16 14:55:34.784
2026-08-16,BOX,BOX,Emmanuel Tagoe,Ernesto Mercado,Ernesto Mercado,-,0.0,0.0,-,0.0,0.0,1.0333333,1.0,1.0,2026-08-16 14:55:34.784
2026-08-15,AFL,AFL,Collingwood Magpies,Hawthorn Hawks,Collingwood Magpies,+21.5,0.88,0.5,-,0.0,0.0,3.45,0.0,0.0,2026-08-16 14:55:36.205
2026-08-15,AFL,AFL,Collingwood Magpies,Hawthorn Hawks,Hawthorn Hawks,-21.5,0.12,0.5,-,0.0,0.0,1.3030303,1.0,1.0,2026-08-16 14:55:36.205
2026-08-15,AFL,AFL,Melbourne Demons,Port Adelaide Power,Melbourne Demons,-25.5,1.0,1.0,-,0.0,0.0,1.2564102,1.0,1.0,2026-08-16 14:55:36.205
2026-08-15,AFL,AFL,Melbourne Demons,Port Adelaide Power,Port Adelaide Power,+25.5,0.0,0.0,-,0.0,0.0,3.9,0.0,0.0,2026-08-16 14:55:36.205
2026-08-15,AFL,AFL,West Coast Eagles,GWS Giants,West Coast Eagles,+31.5,1.0,1.0,"182.5",0.0,0.0,4.9,0.0,0.0,2026-08-16 14:55:36.205
2026-08-15,AFL,AFL,West Coast Eagles,GWS Giants,GWS Giants,-31.5,0.0,0.0,"182.5",1.0,1.0,1.173913,1.0,1.0,2026-08-16 14:55:36.205
2026-08-16,AFL,AFL,Carlton Blues,Western Bulldogs,Carlton Blues,-19.5,0.18,0.5,-,0.0,0.0,1.3508772,0.0,0.0,2026-08-16 14:55:36.205
2026-08-16,AFL,AFL,Carlton Blues,Western Bulldogs,Western Bulldogs,+19.5,0.82,0.5,-,0.0,0.0,3.15,1.0,1.0,2026-08-16 14:55:36.205
2026-08-15,MLB,MLB,Chicago White Sox,Detroit Tigers,Chicago White Sox,+1.5,0.14,0.53,"8",0.65,0.65,2.3,0.39,0.29,2026-08-16 15:25:07.079
2026-08-15,MLB,MLB,Chicago White Sox,Detroit Tigers,Detroit Tigers,-1.5,0.86,0.47,"8",0.35,0.35,1.7142857,0.61,0.71,2026-08-16 15:25:07.079
2026-08-15,MLB,MLB,ST Louis Cardinals,Chicago Cubs,ST Louis Cardinals,+1.5,0.12,0.23,"9",0.53,0.49,2.68,0.21,0.14,2026-08-16 15:25:07.079
2026-08-15,MLB,MLB,ST Louis Cardinals,Chicago Cubs,Chicago Cubs,-1.5,0.88,0.77,"9",0.47,0.51,1.5524862,0.79,0.86,2026-08-16 15:25:07.079
2026-08-15,MLB,MLB,New York Yankees,Toronto Blue Jays,New York Yankees,-1.5,0.85,0.7,"7",0.52,0.49,1.5376344,0.83,0.83,2026-08-16 15:25:07.079
2026-08-15,MLB,MLB,New York Yankees,Toronto Blue Jays,Toronto Blue Jays,+1.5,0.15,0.3,"7",0.48,0.51,2.73,0.17,0.17,2026-08-16 15:25:07.079
2026-08-15,MLB,MLB,Colorado Rockies,San Francisco Giants,Colorado Rockies,+1.5,0.09,0.37,"7.5",0.84,0.75,2.55,0.26,0.21,2026-08-16 15:25:07.079
2026-08-15,MLB,MLB,Colorado Rockies,San Francisco Giants,San Francisco Giants,-1.5,0.91,0.63,"7.5",0.16,0.25,1.5988024,0.74,0.79,2026-08-16 15:25:07.079
2026-08-15,MLB,MLB,Washington Nationals,New York Mets,Washington Nationals,+1.5,0.1,0.6,"7.5",0.79,0.65,2.21,0.17,0.35,2026-08-16 15:25:07.079
2026-08-15,MLB,MLB,Washington Nationals,New York Mets,New York Mets,-1.5,0.9,0.4,"7.5",0.21,0.35,1.7692307,0.83,0.65,2026-08-16 15:25:07.079
2026-08-15,MLB,MLB,Baltimore Orioles,Tampa Bay Rays,Baltimore Orioles,+1.5,0.03,0.39,"7.5",0.45,0.61,2.31,0.2,0.18,2026-08-16 15:25:07.079
2026-08-15,MLB,MLB,Baltimore Orioles,Tampa Bay Rays,Tampa Bay Rays,-1.5,0.97,0.61,"7.5",0.55,0.39,1.7092198,0.8,0.82,2026-08-16 15:25:07.079
2026-08-15,MLB,MLB,Miami Marlins,Cincinnati Reds,Miami Marlins,-1.5,0.69,0.18,"9",0.94,0.53,1.9803921,0.66,0.49,2026-08-16 15:25:07.079
2026-08-15,MLB,MLB,Miami Marlins,Cincinnati Reds,Cincinnati Reds,+1.5,0.31,0.82,"9",0.06,0.47,1.9523809,0.34,0.51,2026-08-16 15:25:07.079
2026-08-15,MLB,MLB,San Diego Padres,Cleveland Guardians,San Diego Padres,-1.5,0.69,0.42,"8.5",0.31,0.55,2.01,0.79,0.56,2026-08-16 15:25:07.079
2026-08-15,MLB,MLB,San Diego Padres,Cleveland Guardians,Cleveland Guardians,+1.5,0.31,0.58,"8.5",0.69,0.45,1.925926,0.21,0.44,2026-08-16 15:25:07.079
2026-08-15,MLB,MLB,Philadelphia Phillies,Minnesota Twins,Philadelphia Phillies,-1.5,0.75,0.63,"8",0.95,0.69,1.7518797,0.77,0.87,2026-08-16 15:25:07.079
2026-08-15,MLB,MLB,Philadelphia Phillies,Minnesota Twins,Minnesota Twins,+1.5,0.25,0.37,"8",0.05,0.31,2.23,0.23,0.13,2026-08-16 15:25:07.079
2026-08-15,MLB,MLB,Seattle Mariners,Houston Astros,Seattle Mariners,+1.5,0.19,0.64,"8.5",0.82,0.59,2.1,0.33,0.28,2026-08-16 15:25:07.079
2026-08-15,MLB,MLB,Seattle Mariners,Houston Astros,Houston Astros,-1.5,0.81,0.36,"8.5",0.18,0.41,1.8474576,0.67,0.72,2026-08-16 15:25:07.079
2026-08-15,MLB,MLB,Arizona Diamondbacks,Atlanta Braves,Arizona Diamondbacks,+1.5,0.56,0.64,"9",0.77,0.37,2.23,0.38,0.26,2026-08-16 15:25:07.079
2026-08-15,MLB,MLB,Arizona Diamondbacks,Atlanta Braves,Atlanta Braves,-1.5,0.44,0.36,"9",0.23,0.63,1.7518797,0.62,0.74,2026-08-16 15:25:07.079
2026-08-15,MLB,MLB,Boston Red Sox,Pittsburgh Pirates,Boston Red Sox,-1.5,0.83,0.64,"7.5",0.74,0.7,1.8403361,0.91,0.84,2026-08-16 15:25:07.079
2026-08-15,MLB,MLB,Boston Red Sox,Pittsburgh Pirates,Pittsburgh Pirates,+1.5,0.17,0.36,"7.5",0.26,0.3,2.11,0.09,0.16,2026-08-16 15:25:07.079
2026-08-15,MLB,MLB,Milwaukee Brewers,Los Angeles Dodgers,Milwaukee Brewers,-1.5,0.26,0.2,"7.5",0.16,0.4,1.8196721,0.64,0.56,2026-08-16 15:25:07.079
2026-08-15,MLB,MLB,Milwaukee Brewers,Los Angeles Dodgers,Los Angeles Dodgers,+1.5,0.74,0.8,"7.5",0.84,0.6,2.14,0.36,0.44,2026-08-16 15:25:07.079
2026-08-15,MLB,MLB,Kansas City Royals,Los Angeles Angels,Kansas City Royals,+1.5,0.63,0.78,"8",0.48,0.49,2.42,0.49,0.38,2026-08-16 15:25:07.079
2026-08-15,MLB,MLB,Kansas City Royals,Los Angeles Angels,Los Angeles Angels,-1.5,0.37,0.22,"8",0.52,0.51,1.6535947,0.51,0.62,2026-08-16 15:25:07.079
2026-08-15,MLB,MLB,Texas Rangers,Athletics,Texas Rangers,-1.5,0.77,0.35,"9.5",0.71,0.42,1.6493506,0.7,0.72,2026-08-16 15:25:07.079
2026-08-15,MLB,MLB,Texas Rangers,Athletics,Athletics,+1.5,0.23,0.65,"9.5",0.29,0.58,2.43,0.3,0.28,2026-08-16 15:25:07.079
2026-08-16,MLB,MLB,Baltimore Orioles,Tampa Bay Rays,Baltimore Orioles,+1.5,0.13,0.5,"8",0.64,0.58,2.24,0.16,0.31,2026-08-16 15:25:07.079
2026-08-16,MLB,MLB,Baltimore Orioles,Tampa Bay Rays,Tampa Bay Rays,-1.5,0.87,0.5,"8",0.36,0.42,1.7518797,0.84,0.69,2026-08-16 15:25:07.079
2026-08-16,MLB,MLB,Arizona Diamondbacks,Atlanta Braves,Arizona Diamondbacks,+1.5,0.11,0.58,"8.5",0.54,0.6,2.16,0.36,0.36,2026-08-16 15:25:07.079
2026-08-16,MLB,MLB,Arizona Diamondbacks,Atlanta Braves,Atlanta Braves,-1.5,0.89,0.42,"8.5",0.46,0.4,1.8064516,0.64,0.64,2026-08-16 15:25:07.079
2026-08-16,MLB,MLB,Boston Red Sox,Pittsburgh Pirates,Boston Red Sox,-1.5,0.16,0.38,"8",0.67,0.44,1.877193,0.8,0.64,2026-08-16 15:25:07.079
2026-08-16,MLB,MLB,Boston Red Sox,Pittsburgh Pirates,Pittsburgh Pirates,+1.5,0.84,0.63,"8",0.33,0.56,2.06,0.2,0.36,2026-08-16 15:25:07.079
2026-08-16,MLB,MLB,New York Yankees,Toronto Blue Jays,New York Yankees,+1.5,0.23,0.38,"7.5",0.05,0.27,2.11,0.64,0.56,2026-08-16 15:25:07.079
2026-08-16,MLB,MLB,New York Yankees,Toronto Blue Jays,Toronto Blue Jays,-1.5,0.77,0.62,"7.5",0.95,0.73,1.8403361,0.36,0.44,2026-08-16 15:25:07.079
2026-08-16,MLB,MLB,San Diego Padres,Cleveland Guardians,San Diego Padres,-1.5,0.89,0.38,"8.5",0.29,0.33,1.925926,0.82,0.61,2026-08-16 15:25:07.079
2026-08-16,MLB,MLB,San Diego Padres,Cleveland Guardians,Cleveland Guardians,+1.5,0.11,0.63,"8.5",0.71,0.67,2.01,0.18,0.39,2026-08-16 15:25:07.079
2026-08-16,MLB,MLB,Washington Nationals,New York Mets,Washington Nationals,+1.5,0.0,0.56,"8.5",0.88,0.41,2.53,0.2,0.33,2026-08-16 15:25:07.079
2026-08-16,MLB,MLB,Washington Nationals,New York Mets,New York Mets,-1.5,1.0,0.44,"8.5",0.12,0.59,1.6060606,0.8,0.67,2026-08-16 15:25:07.079
2026-08-16,MLB,MLB,Miami Marlins,Cincinnati Reds,Miami Marlins,-1.5,0.93,0.32,"9",0.81,0.43,1.8403361,0.57,0.57,2026-08-16 15:25:07.079
2026-08-16,MLB,MLB,Miami Marlins,Cincinnati Reds,Cincinnati Reds,+1.5,0.07,0.68,"9",0.19,0.57,2.11,0.43,0.43,2026-08-16 15:25:07.079
2026-08-16,MLB,MLB,Chicago White Sox,Detroit Tigers,Chicago White Sox,-1.5,0.92,0.31,"8",0.86,0.55,1.9803921,0.69,0.56,2026-08-16 15:25:07.079
2026-08-16,MLB,MLB,Chicago White Sox,Detroit Tigers,Detroit Tigers,+1.5,0.08,0.69,"8",0.14,0.45,1.9523809,0.31,0.44,2026-08-16 15:25:07.079
2026-08-16,MLB,MLB,Philadelphia Phillies,Minnesota Twins,Philadelphia Phillies,-1.5,0.28,0.51,"9",0.6,0.58,1.877193,0.87,0.7,2026-08-16 15:25:07.079
2026-08-16,MLB,MLB,Philadelphia Phillies,Minnesota Twins,Minnesota Twins,+1.5,0.72,0.49,"9",0.4,0.42,1.9523809,0.13,0.3,2026-08-16 15:25:07.079
2026-08-16,MLB,MLB,ST Louis Cardinals,Chicago Cubs,ST Louis Cardinals,+1.5,0.06,0.48,"9",0.97,0.33,2.34,0.37,0.24,2026-08-16 15:25:07.079
2026-08-16,MLB,MLB,ST Louis Cardinals,Chicago Cubs,Chicago Cubs,-1.5,0.94,0.52,"9",0.03,0.67,1.6172839,0.63,0.76,2026-08-16 15:25:07.079
2026-08-16,MLB,MLB,Texas Rangers,Athletics,Texas Rangers,-1.5,0.92,0.45,"10.5",0.65,0.37,1.7042253,0.47,0.63,2026-08-16 15:25:07.079
2026-08-16,MLB,MLB,Texas Rangers,Athletics,Athletics,+1.5,0.08,0.55,"10.5",0.35,0.63,2.18,0.53,0.37,2026-08-16 15:25:07.079
2026-08-16,MLB,MLB,Colorado Rockies,San Francisco Giants,Colorado Rockies,+1.5,0.1,0.53,"8",0.28,0.52,2.12,0.29,0.31,2026-08-16 15:25:07.079
2026-08-16,MLB,MLB,Colorado Rockies,San Francisco Giants,San Francisco Giants,-1.5,0.9,0.47,"8",0.72,0.48,1.7407408,0.71,0.69,2026-08-16 15:25:07.079
2026-08-16,MLB,MLB,Kansas City Royals,Los Angeles Angels,Kansas City Royals,-1.5,0.99,0.31,"9.5",0.16,0.1,1.7936507,0.8,0.6,2026-08-16 15:25:07.079
2026-08-16,MLB,MLB,Kansas City Royals,Los Angeles Angels,Los Angeles Angels,+1.5,0.01,0.69,"9.5",0.84,0.9,2.04,0.2,0.4,2026-08-16 15:25:07.079
2026-08-16,MLB,MLB,Milwaukee Brewers,Los Angeles Dodgers,Milwaukee Brewers,+1.5,0.07,0.55,"7.5",0.27,0.31,2.49,0.37,0.28,2026-08-16 15:25:07.079
2026-08-16,MLB,MLB,Milwaukee Brewers,Los Angeles Dodgers,Los Angeles Dodgers,-1.5,0.93,0.45,"7.5",0.73,0.69,1.5524862,0.63,0.72,2026-08-16 15:25:07.079
2026-08-16,MLB,MLB,Seattle Mariners,Houston Astros,Seattle Mariners,+1.5,0.1,0.74,"7.5",0.33,0.58,2.18,0.26,0.32,2026-08-16 15:25:07.079
2026-08-16,MLB,MLB,Seattle Mariners,Houston Astros,Houston Astros,-1.5,0.9,0.26,"7.5",0.67,0.42,1.7042253,0.74,0.68,2026-08-16 15:25:07.079
2026-08-15,SOC,"40031",Getafe,Alaves,Getafe,-,0.0,0.0,-,0.0,0.0,3.75,0.24,0.34,2026-08-16 15:25:17.145
2026-08-15,SOC,"40031",Getafe,Alaves,Alaves,-,0.0,0.0,-,0.0,0.0,2.4,0.76,0.66,2026-08-16 15:25:17.145
2026-08-15,SOC,"40031",Vallecano,Sevilla,Vallecano,-,0.0,0.0,-,0.0,0.0,3.05,0.17,0.12,2026-08-16 15:25:17.145
2026-08-15,SOC,"40031",Vallecano,Sevilla,Sevilla,-,0.0,0.0,-,0.0,0.0,2.7,0.83,0.88,2026-08-16 15:25:17.145
2026-08-16,SOC,"40031",Villarreal,Racing Santander,Villarreal,-,0.0,0.0,-,0.0,0.0,2.1,0.98,0.97,2026-08-16 15:25:17.145
2026-08-16,SOC,"40031",Villarreal,Racing Santander,Racing Santander,-,0.0,0.0,-,0.0,0.0,3.35,0.02,0.03,2026-08-16 15:25:17.145
2026-08-16,SOC,"40031",Levante,Espanyol,Levante,-,0.0,0.0,-,0.0,0.0,3.7,0.17,0.11,2026-08-16 15:25:17.145
2026-08-16,SOC,"40031",Levante,Espanyol,Espanyol,-,0.0,0.0,-,0.0,0.0,2.1,0.83,0.89,2026-08-16 15:25:17.145
2026-08-16,SOC,"40031",Osasuna,Celta Vigo,Osasuna,-,0.0,0.0,-,0.0,0.0,3.65,0.07,0.09,2026-08-16 15:25:17.145
2026-08-16,SOC,"40031",Osasuna,Celta Vigo,Celta Vigo,-,0.0,0.0,-,0.0,0.0,2.05,0.93,0.91,2026-08-16 15:25:17.145
2026-08-17,SOC,"40031",Elche,Dep La Coruna,Elche,-,0.0,0.0,-,0.0,0.0,3.25,0.55,0.56,2026-08-16 15:25:17.145
2026-08-17,SOC,"40031",Elche,Dep La Coruna,Dep La Coruna,-,0.0,0.0,-,0.0,0.0,2.35,0.45,0.44,2026-08-16 15:25:17.145
2026-08-15,SOC,"40817",Preston,Bolton,Preston,-,0.0,0.0,-,0.0,0.0,3.05,0.19,0.3,2026-08-16 15:25:18.790
2026-08-15,SOC,"40817",Preston,Bolton,Bolton,-,0.0,0.0,-,0.0,0.0,2.35,0.81,0.7,2026-08-16 15:25:18.790
2026-08-15,SOC,"40817",West Brom,Norwich,West Brom,-,0.0,0.0,-,0.0,0.0,3.75,0.05,0.11,2026-08-16 15:25:18.790
2026-08-15,SOC,"40817",West Brom,Norwich,Norwich,-,0.0,0.0,-,0.0,0.0,2.0,0.95,0.89,2026-08-16 15:25:18.790
2026-08-15,SOC,"40817",Swansea,Stoke City,Swansea,-,0.0,0.0,-,0.0,0.0,3.05,0.19,0.21,2026-08-16 15:25:18.790
2026-08-15,SOC,"40817",Swansea,Stoke City,Stoke City,-,0.0,0.0,-,0.0,0.0,2.35,0.81,0.79,2026-08-16 15:25:18.790
2026-08-15,SOC,"40817",Millwall,Bristol City,Millwall,-,0.0,0.0,-,0.0,0.0,2.8,0.58,0.44,2026-08-16 15:25:18.790
2026-08-15,SOC,"40817",Millwall,Bristol City,Bristol City,-,0.0,0.0,-,0.0,0.0,2.5,0.42,0.56,2026-08-16 15:25:18.790
2026-08-15,SOC,"40817",Lincoln City,Middlesbrough,Lincoln City,-,0.0,0.0,-,0.0,0.0,6.5,0.03,0.02,2026-08-16 15:25:18.790
2026-08-15,SOC,"40817",Lincoln City,Middlesbrough,Middlesbrough,-,0.0,0.0,-,0.0,0.0,1.5128205,0.97,0.98,2026-08-16 15:25:18.790
2026-08-15,SOC,"40817",Derby County,Charlton,Derby County,-,0.0,0.0,-,0.0,0.0,2.75,0.42,0.53,2026-08-16 15:25:18.790
2026-08-15,SOC,"40817",Derby County,Charlton,Charlton,-,0.0,0.0,-,0.0,0.0,2.7,0.58,0.47,2026-08-16 15:25:18.790
2026-08-15,SOC,"40817",Queens Park Rangers,Portsmouth,Queens Park Rangers,-,0.0,0.0,-,0.0,0.0,3.15,0.66,0.25,2026-08-16 15:25:18.790
2026-08-15,SOC,"40817",Queens Park Rangers,Portsmouth,Portsmouth,-,0.0,0.0,-,0.0,0.0,2.35,0.34,0.75,2026-08-16 15:25:18.790
2026-08-15,SOC,"40817",Birmingham,Sheffield Utd,Birmingham,-,0.0,0.0,-,0.0,0.0,3.3,0.24,0.25,2026-08-16 15:25:18.790
2026-08-15,SOC,"40817",Birmingham,Sheffield Utd,Sheffield Utd,-,0.0,0.0,-,0.0,0.0,2.25,0.76,0.75,2026-08-16 15:25:18.790
2026-08-16,SOC,"40817",Southampton,Watford,Southampton,-,0.0,0.0,-,0.0,0.0,2.05,0.91,0.89,2026-08-16 15:25:18.790
2026-08-16,SOC,"40817",Southampton,Watford,Watford,-,0.0,0.0,-,0.0,0.0,3.55,0.09,0.11,2026-08-16 15:25:18.790
2026-08-16,SOC,"40817",West Ham,Burnley,West Ham,-,0.0,0.0,-,0.0,0.0,2.25,0.93,0.89,2026-08-16 15:25:18.790
2026-08-16,SOC,"40817",West Ham,Burnley,Burnley,-,0.0,0.0,-,0.0,0.0,3.1,0.07,0.11,2026-08-16 15:25:18.790
2026-08-17,SOC,"40817",Wrexham,Cardiff City,Wrexham,-,0.0,0.0,-,0.0,0.0,2.8,0.76,0.45,2026-08-16 15:25:18.790
2026-08-17,SOC,"40817",Wrexham,Cardiff City,Cardiff City,-,0.0,0.0,-,0.0,0.0,2.45,0.24,0.55,2026-08-16 15:25:18.790
2026-08-15,SOC,"89345",New York Red Bulls,Atlanta Utd,New York Red Bulls,-,0.0,0.0,-,0.0,0.0,3.0,0.51,0.38,2026-08-16 15:25:30.255
2026-08-15,SOC,"89345",New York Red Bulls,Atlanta Utd,Atlanta Utd,-,0.0,0.0,-,0.0,0.0,2.05,0.49,0.62,2026-08-16 15:25:30.255
2026-08-15,SOC,"89345",DC Utd,CF Montreal,DC Utd,-,0.0,0.0,-,0.0,0.0,3.05,0.38,0.32,2026-08-16 15:25:30.255
2026-08-15,SOC,"89345",DC Utd,CF Montreal,CF Montreal,-,0.0,0.0,-,0.0,0.0,2.1,0.62,0.68,2026-08-16 15:25:30.255
2026-08-15,SOC,"89345",Columbus Crew,Charlotte FC,Columbus Crew,-,0.0,0.0,-,0.0,0.0,3.1,0.15,0.32,2026-08-16 15:25:30.255
2026-08-15,SOC,"89345",Columbus Crew,Charlotte FC,Charlotte FC,-,0.0,0.0,-,0.0,0.0,2.1,0.85,0.68,2026-08-16 15:25:30.255
2026-08-15,SOC,"89345",FC Cincinnati,Orlando City,FC Cincinnati,-,0.0,0.0,-,0.0,0.0,2.3,0.39,0.35,2026-08-16 15:25:30.255
2026-08-15,SOC,"89345",FC Cincinnati,Orlando City,Orlando City,-,0.0,0.0,-,0.0,0.0,2.5,0.61,0.65,2026-08-16 15:25:30.255
2026-08-15,SOC,"89345",NE Revolution,Toronto FC,NE Revolution,-,0.0,0.0,-,0.0,0.0,2.95,0.42,0.41,2026-08-16 15:25:30.255
2026-08-15,SOC,"89345",NE Revolution,Toronto FC,Toronto FC,-,0.0,0.0,-,0.0,0.0,2.15,0.58,0.59,2026-08-16 15:25:30.255
2026-08-15,SOC,"89345",Inter Miami,Nashville SC,Inter Miami,-,0.0,0.0,-,0.0,0.0,2.55,0.91,0.71,2026-08-16 15:25:30.255
2026-08-15,SOC,"89345",Inter Miami,Nashville SC,Nashville SC,-,0.0,0.0,-,0.0,0.0,2.4,0.09,0.29,2026-08-16 15:25:30.255
2026-08-15,SOC,"89345",LA Galaxy,HOU Dynamo,LA Galaxy,-,0.0,0.0,-,0.0,0.0,4.6,0.06,0.19,2026-08-16 15:25:30.255
2026-08-15,SOC,"89345",LA Galaxy,HOU Dynamo,HOU Dynamo,-,0.0,0.0,-,0.0,0.0,1.6451613,0.94,0.81,2026-08-16 15:25:30.255
2026-08-15,SOC,"89345",Sporting KC,COL Rapids,Sporting KC,-,0.0,0.0,-,0.0,0.0,5.75,0.02,0.21,2026-08-16 15:25:30.255
2026-08-15,SOC,"89345",Sporting KC,COL Rapids,COL Rapids,-,0.0,0.0,-,0.0,0.0,1.4545455,0.98,0.79,2026-08-16 15:25:30.255
2026-08-15,SOC,"89345",Minnesota Utd,Real Salt Lake,Minnesota Utd,-,0.0,0.0,-,0.0,0.0,3.8,0.04,0.19,2026-08-16 15:25:30.255
2026-08-15,SOC,"89345",Minnesota Utd,Real Salt Lake,Real Salt Lake,-,0.0,0.0,-,0.0,0.0,1.8333334,0.96,0.81,2026-08-16 15:25:30.255
2026-08-15,SOC,"89345",San Diego FC,LAFC,San Diego FC,-,0.0,0.0,-,0.0,0.0,4.6,0.01,0.12,2026-08-16 15:25:30.255
2026-08-15,SOC,"89345",San Diego FC,LAFC,LAFC,-,0.0,0.0,-,0.0,0.0,1.6060606,0.99,0.88,2026-08-16 15:25:30.255
2026-08-15,SOC,"89345",St Louis City SC,SJ Earthquakes,St Louis City SC,-,0.0,0.0,-,0.0,0.0,3.0,0.23,0.4,2026-08-16 15:25:30.255
2026-08-15,SOC,"89345",St Louis City SC,SJ Earthquakes,SJ Earthquakes,-,0.0,0.0,-,0.0,0.0,2.05,0.77,0.6,2026-08-16 15:25:30.255
2026-08-16,SOC,"89345",PHI Union,NYCFC,PHI Union,-,0.0,0.0,-,0.0,0.0,2.75,0.14,0.56,2026-08-16 15:25:30.255
2026-08-16,SOC,"89345",PHI Union,NYCFC,NYCFC,-,0.0,0.0,-,0.0,0.0,2.3,0.86,0.44,2026-08-16 15:25:30.255
2026-08-16,SOC,"89345",POR Timbers,CHI Fire,POR Timbers,-,0.0,0.0,-,0.0,0.0,5.0,0.38,0.44,2026-08-16 15:25:30.255
2026-08-16,SOC,"89345",POR Timbers,CHI Fire,CHI Fire,-,0.0,0.0,-,0.0,0.0,1.5,0.62,0.56,2026-08-16 15:25:30.255
2026-08-16,SOC,"89345",FC Dallas,Austin FC,FC Dallas,-,0.0,0.0,-,0.0,0.0,2.25,0.31,0.77,2026-08-16 15:25:30.255
2026-08-16,SOC,"89345",FC Dallas,Austin FC,Austin FC,-,0.0,0.0,-,0.0,0.0,2.8,0.69,0.23,2026-08-16 15:25:30.255
2026-08-16,SOC,"89345",Vancouver Whitecaps,Seattle Sounders,Vancouver Whitecaps,-,0.0,0.0,-,0.0,0.0,1.8,0.79,0.88,2026-08-16 15:25:30.255
2026-08-16,SOC,"89345",Vancouver Whitecaps,Seattle Sounders,Seattle Sounders,-,0.0,0.0,-,0.0,0.0,3.8,0.21,0.12,2026-08-16 15:25:30.255
2026-08-15,UFC,UFC,Chidi Njokuani,Joel Alvarez,Chidi Njokuani,-,0.0,0.0,-,0.0,0.0,3.0,0.0,0.0,2026-08-16 15:25:31.930
2026-08-15,UFC,UFC,Chidi Njokuani,Joel Alvarez,Joel Alvarez,-,0.0,0.0,-,0.0,0.0,1.4081633,1.0,1.0,2026-08-16 15:25:31.930
2026-08-15,UFC,UFC,Myktybek Orolbai,Jeremiah Wells,Myktybek Orolbai,-,0.0,0.0,-,0.0,0.0,1.074074,0.78,0.89,2026-08-16 15:25:31.930
2026-08-15,UFC,UFC,Myktybek Orolbai,Jeremiah Wells,Jeremiah Wells,-,0.0,0.0,-,0.0,0.0,9.0,0.22,0.11,2026-08-16 15:25:31.930
2026-08-15,UFC,UFC,Ramiz Brahimaj,Neil Magny,Ramiz Brahimaj,-,0.0,0.0,-,0.0,0.0,1.7042253,0.75,0.59,2026-08-16 15:25:31.930
2026-08-15,UFC,UFC,Ramiz Brahimaj,Neil Magny,Neil Magny,-,0.0,0.0,-,0.0,0.0,2.2,0.25,0.41,2026-08-16 15:25:31.930
2026-08-15,UFC,UFC,Lucas Fernando,Rafael Tobias,Lucas Fernando,-,0.0,0.0,-,0.0,0.0,1.3508772,0.62,0.79,2026-08-16 15:25:31.930
2026-08-15,UFC,UFC,Lucas Fernando,Rafael Tobias,Rafael Tobias,-,0.0,0.0,-,0.0,0.0,3.3,0.38,0.21,2026-08-16 15:25:31.930
2026-08-15,UFC,UFC,Tresean Gore,Vicente Luque,Tresean Gore,-,0.0,0.0,-,0.0,0.0,1.8474576,0.6,0.49,2026-08-16 15:25:31.930
2026-08-15,UFC,UFC,Tresean Gore,Vicente Luque,Vicente Luque,-,0.0,0.0,-,0.0,0.0,1.9803921,0.4,0.51,2026-08-16 15:25:31.930
2026-08-15,UFC,UFC,Eric McConico,Donte Johnson,Eric McConico,-,0.0,0.0,-,0.0,0.0,3.8,0.29,0.16,2026-08-16 15:25:31.930
2026-08-15,UFC,UFC,Eric McConico,Donte Johnson,Donte Johnson,-,0.0,0.0,-,0.0,0.0,1.2816901,0.71,0.84,2026-08-16 15:25:31.930
2026-08-15,UFC,UFC,Eduardo Henrique,Charles Johnson,Eduardo Henrique,-,0.0,0.0,-,0.0,0.0,1.9803921,0.39,0.3,2026-08-16 15:25:31.930
2026-08-15,UFC,UFC,Eduardo Henrique,Charles Johnson,Charles Johnson,-,0.0,0.0,-,0.0,0.0,1.8474576,0.61,0.7,2026-08-16 15:25:31.930
2026-08-15,UFC,UFC,Joel Alvarez,Chidi Njokuani,Joel Alvarez,-,0.0,0.0,-,0.0,0.0,1.2666667,0.78,0.87,2026-08-16 15:25:31.930
2026-08-15,UFC,UFC,Joel Alvarez,Chidi Njokuani,Chidi Njokuani,-,0.0,0.0,-,0.0,0.0,3.95,0.22,0.13,2026-08-16 15:25:31.930
2026-08-15,UFC,UFC,Esteban Ribovics,Edson Barboza,Esteban Ribovics,-,0.0,0.0,-,0.0,0.0,1.1333333,0.3,0.75,2026-08-16 15:25:31.930
2026-08-15,UFC,UFC,Esteban Ribovics,Edson Barboza,Edson Barboza,-,0.0,0.0,-,0.0,0.0,6.25,0.7,0.25,2026-08-16 15:25:31.930
2026-08-15,UFC,UFC,Dustin Stoltzfus,Mansur Abdul-Malik,Dustin Stoltzfus,-,0.0,0.0,-,0.0,0.0,5.9,0.38,0.13,2026-08-16 15:25:31.930
2026-08-15,UFC,UFC,Dustin Stoltzfus,Mansur Abdul-Malik,Mansur Abdul-Malik,-,0.0,0.0,-,0.0,0.0,1.1481482,0.62,0.87,2026-08-16 15:25:31.930
2026-08-15,UFC,UFC,Jose Ochoa,Charles Johnson,Jose Ochoa,-,0.0,0.0,-,0.0,0.0,1.2197802,0.77,0.82,2026-08-16 15:25:31.930
2026-08-15,UFC,UFC,Jose Ochoa,Charles Johnson,Charles Johnson,-,0.0,0.0,-,0.0,0.0,4.5,0.23,0.18,2026-08-16 15:25:31.930
2026-08-15,UFC,UFC,Kaue Fernandes,Jalin Turner,Kaue Fernandes,-,0.0,0.0,-,0.0,0.0,2.0,0.56,0.37,2026-08-16 15:25:31.930
2026-08-15,UFC,UFC,Kaue Fernandes,Jalin Turner,Jalin Turner,-,0.0,0.0,-,0.0,0.0,1.8333334,0.44,0.63,2026-08-16 15:25:31.930
2026-08-15,UFC,UFC,Gillian Robertson,Mackenzie Dern,Gillian Robertson,-,0.0,0.0,-,0.0,0.0,2.8,0.3,0.28,2026-08-16 15:25:31.930
2026-08-15,UFC,UFC,Gillian Robertson,Mackenzie Dern,Mackenzie Dern,-,0.0,0.0,-,0.0,0.0,1.4587156,0.7,0.72,2026-08-16 15:25:31.930
2026-08-15,UFC,UFC,Ian Machado Garry,Islam Makhachev,Ian Machado Garry,-,0.0,0.0,-,0.0,0.0,3.6,0.56,0.31,2026-08-16 15:25:31.930
2026-08-15,UFC,UFC,Ian Machado Garry,Islam Makhachev,Islam Makhachev,-,0.0,0.0,-,0.0,0.0,1.3076923,0.44,0.69,2026-08-16 15:25:31.930
2026-08-15,BOX,BOX,Alexander Thiel,Jaquan McElroy,Alexander Thiel,-,0.0,0.0,-,0.0,0.0,9.0,0.0,0.0,2026-08-16 15:25:33.547
2026-08-15,BOX,BOX,Alexander Thiel,Jaquan McElroy,Jaquan McElroy,-,0.0,0.0,-,0.0,0.0,1.0625,1.0,1.0,2026-08-16 15:25:33.547
2026-08-15,BOX,BOX,Michael Nelson,Casey Dixon,Michael Nelson,-,0.0,0.0,-,0.0,0.0,10.0,0.0,0.0,2026-08-16 15:25:33.547
2026-08-15,BOX,BOX,Michael Nelson,Casey Dixon,Casey Dixon,-,0.0,0.0,-,0.0,0.0,1.05,1.0,1.0,2026-08-16 15:25:33.547
2026-08-15,BOX,BOX,Rahmel McKinley,Daniel Mercado,Rahmel McKinley,-,0.0,0.0,-,0.0,0.0,17.0,0.0,0.0,2026-08-16 15:25:33.547
2026-08-15,BOX,BOX,Rahmel McKinley,Daniel Mercado,Daniel Mercado,-,0.0,0.0,-,0.0,0.0,1.01,1.0,1.0,2026-08-16 15:25:33.547
2026-08-15,BOX,BOX,Marianela Ramirez,Shannel Butler,Marianela Ramirez,-,0.0,0.0,-,0.0,0.0,8.5,0.0,0.0,2026-08-16 15:25:33.547
2026-08-15,BOX,BOX,Marianela Ramirez,Shannel Butler,Shannel Butler,-,0.0,0.0,-,0.0,0.0,1.0625,1.0,1.0,2026-08-16 15:25:33.547
2026-08-15,BOX,BOX,Da'Velle Smith,Hakim Lopez,Da'Velle Smith,-,0.0,0.0,-,0.0,0.0,1.3846154,1.0,1.0,2026-08-16 15:25:33.547
2026-08-15,BOX,BOX,Da'Velle Smith,Hakim Lopez,Hakim Lopez,-,0.0,0.0,-,0.0,0.0,3.0,0.0,0.0,2026-08-16 15:25:33.547
2026-08-15,BOX,BOX,Olivia Curry,Danielle Perkins,Olivia Curry,-,0.0,0.0,-,0.0,0.0,5.75,0.0,0.0,2026-08-16 15:25:33.547
2026-08-15,BOX,BOX,Olivia Curry,Danielle Perkins,Danielle Perkins,-,0.0,0.0,-,0.0,0.0,1.1333333,1.0,1.0,2026-08-16 15:25:33.547
2026-08-15,BOX,BOX,Roamer Angulo,Atif Oberlton,Roamer Angulo,-,0.0,0.0,-,0.0,0.0,10.0,0.11,0.05,2026-08-16 15:25:33.547
2026-08-15,BOX,BOX,Roamer Angulo,Atif Oberlton,Atif Oberlton,-,0.0,0.0,-,0.0,0.0,1.05,0.89,0.95,2026-08-16 15:25:33.547
2026-08-15,BOX,BOX,Bernice Ferreira,Caroline Veyre,Bernice Ferreira,-,0.0,0.0,-,0.0,0.0,4.2,0.0,0.0,2026-08-16 15:25:33.547
2026-08-15,BOX,BOX,Bernice Ferreira,Caroline Veyre,Caroline Veyre,-,0.0,0.0,-,0.0,0.0,1.2222222,1.0,1.0,2026-08-16 15:25:33.547
2026-08-15,BOX,BOX,Paulette Cuesta,Ashleyann Lozada,Paulette Cuesta,-,0.0,0.0,-,0.0,0.0,7.5,0.0,0.0,2026-08-16 15:25:33.547
2026-08-15,BOX,BOX,Paulette Cuesta,Ashleyann Lozada,Ashleyann Lozada,-,0.0,0.0,-,0.0,0.0,1.0833334,1.0,1.0,2026-08-16 15:25:33.547
2026-08-15,BOX,BOX,Joseph Hicks,Troy Isley,Joseph Hicks,-,0.0,0.0,-,0.0,0.0,5.75,0.0,0.0,2026-08-16 15:25:33.547
2026-08-15,BOX,BOX,Joseph Hicks,Troy Isley,Troy Isley,-,0.0,0.0,-,0.0,0.0,1.1333333,1.0,1.0,2026-08-16 15:25:33.547
2026-08-15,BOX,BOX,Roger Hilley,Ernesto Mercado,Roger Hilley,-,0.0,0.0,-,0.0,0.0,14.0,0.0,0.0,2026-08-16 15:25:33.547
2026-08-15,BOX,BOX,Roger Hilley,Ernesto Mercado,Ernesto Mercado,-,0.0,0.0,-,0.0,0.0,1.02,1.0,1.0,2026-08-16 15:25:33.547
2026-08-16,BOX,BOX,Kaye Scott,Claressa Shields,Kaye Scott,-,0.0,0.0,-,0.0,0.0,13.0,0.94,0.18,2026-08-16 15:25:33.547
2026-08-16,BOX,BOX,Kaye Scott,Claressa Shields,Claressa Shields,-,0.0,0.0,-,0.0,0.0,1.0333333,0.06,0.82,2026-08-16 15:25:33.547
2026-08-16,BOX,BOX,Emmanuel Tagoe,Ernesto Mercado,Emmanuel Tagoe,-,0.0,0.0,-,0.0,0.0,12.0,0.0,0.0,2026-08-16 15:25:33.547
2026-08-16,BOX,BOX,Emmanuel Tagoe,Ernesto Mercado,Ernesto Mercado,-,0.0,0.0,-,0.0,0.0,1.0333333,1.0,1.0,2026-08-16 15:25:33.547
2026-08-15,AFL,AFL,Collingwood Magpies,Hawthorn Hawks,Collingwood Magpies,+21.5,0.88,0.5,-,0.0,0.0,3.45,0.0,0.0,2026-08-16 15:25:35.045
2026-08-15,AFL,AFL,Collingwood Magpies,Hawthorn Hawks,Hawthorn Hawks,-21.5,0.12,0.5,-,0.0,0.0,1.3030303,1.0,1.0,2026-08-16 15:25:35.045
2026-08-15,AFL,AFL,Melbourne Demons,Port Adelaide Power,Melbourne Demons,-25.5,1.0,1.0,-,0.0,0.0,1.2564102,1.0,1.0,2026-08-16 15:25:35.045
2026-08-15,AFL,AFL,Melbourne Demons,Port Adelaide Power,Port Adelaide Power,+25.5,0.0,0.0,-,0.0,0.0,3.9,0.0,0.0,2026-08-16 15:25:35.045
2026-08-15,AFL,AFL,West Coast Eagles,GWS Giants,West Coast Eagles,+31.5,1.0,1.0,"182.5",0.0,0.0,4.9,0.0,0.0,2026-08-16 15:25:35.045
2026-08-15,AFL,AFL,West Coast Eagles,GWS Giants,GWS Giants,-31.5,0.0,0.0,"182.5",1.0,1.0,1.173913,1.0,1.0,2026-08-16 15:25:35.045
2026-08-16,AFL,AFL,Carlton Blues,Western Bulldogs,Carlton Blues,-19.5,0.18,0.5,-,0.0,0.0,1.3508772,0.0,0.0,2026-08-16 15:25:35.045
2026-08-16,AFL,AFL,Carlton Blues,Western Bulldogs,Western Bulldogs,+19.5,0.82,0.5,-,0.0,0.0,3.15,1.0,1.0,2026-08-16 15:25:35.045
2026-08-15,MLB,MLB,Chicago White Sox,Detroit Tigers,Chicago White Sox,+1.5,0.14,0.53,"8",0.65,0.65,2.3,0.39,0.29,2026-08-16 15:55:06.958
2026-08-15,MLB,MLB,Chicago White Sox,Detroit Tigers,Detroit Tigers,-1.5,0.86,0.47,"8",0.35,0.35,1.7142857,0.61,0.71,2026-08-16 15:55:06.958
2026-08-15,MLB,MLB,ST Louis Cardinals,Chicago Cubs,ST Louis Cardinals,+1.5,0.12,0.23,"9",0.53,0.49,2.68,0.21,0.14,2026-08-16 15:55:06.958
2026-08-15,MLB,MLB,ST Louis Cardinals,Chicago Cubs,Chicago Cubs,-1.5,0.88,0.77,"9",0.47,0.51,1.5524862,0.79,0.86,2026-08-16 15:55:06.958
2026-08-15,MLB,MLB,New York Yankees,Toronto Blue Jays,New York Yankees,-1.5,0.85,0.7,"7",0.52,0.49,1.5376344,0.83,0.83,2026-08-16 15:55:06.958
2026-08-15,MLB,MLB,New York Yankees,Toronto Blue Jays,Toronto Blue Jays,+1.5,0.15,0.3,"7",0.48,0.51,2.73,0.17,0.17,2026-08-16 15:55:06.958
2026-08-15,MLB,MLB,Colorado Rockies,San Francisco Giants,Colorado Rockies,+1.5,0.09,0.37,"7.5",0.84,0.75,2.55,0.26,0.21,2026-08-16 15:55:06.958
2026-08-15,MLB,MLB,Colorado Rockies,San Francisco Giants,San Francisco Giants,-1.5,0.91,0.63,"7.5",0.16,0.25,1.5988024,0.74,0.79,2026-08-16 15:55:06.958
2026-08-15,MLB,MLB,Washington Nationals,New York Mets,Washington Nationals,+1.5,0.1,0.6,"7.5",0.79,0.65,2.21,0.17,0.35,2026-08-16 15:55:06.958
2026-08-15,MLB,MLB,Washington Nationals,New York Mets,New York Mets,-1.5,0.9,0.4,"7.5",0.21,0.35,1.7692307,0.83,0.65,2026-08-16 15:55:06.958
2026-08-15,MLB,MLB,Baltimore Orioles,Tampa Bay Rays,Baltimore Orioles,+1.5,0.03,0.39,"7.5",0.45,0.61,2.31,0.2,0.18,2026-08-16 15:55:06.958
2026-08-15,MLB,MLB,Baltimore Orioles,Tampa Bay Rays,Tampa Bay Rays,-1.5,0.97,0.61,"7.5",0.55,0.39,1.7092198,0.8,0.82,2026-08-16 15:55:06.958
2026-08-15,MLB,MLB,Miami Marlins,Cincinnati Reds,Miami Marlins,-1.5,0.69,0.18,"9",0.94,0.53,1.9803921,0.66,0.49,2026-08-16 15:55:06.958
2026-08-15,MLB,MLB,Miami Marlins,Cincinnati Reds,Cincinnati Reds,+1.5,0.31,0.82,"9",0.06,0.47,1.9523809,0.34,0.51,2026-08-16 15:55:06.958
2026-08-15,MLB,MLB,San Diego Padres,Cleveland Guardians,San Diego Padres,-1.5,0.69,0.42,"8.5",0.31,0.55,2.01,0.79,0.56,2026-08-16 15:55:06.958
2026-08-15,MLB,MLB,San Diego Padres,Cleveland Guardians,Cleveland Guardians,+1.5,0.31,0.58,"8.5",0.69,0.45,1.925926,0.21,0.44,2026-08-16 15:55:06.958
2026-08-15,MLB,MLB,Philadelphia Phillies,Minnesota Twins,Philadelphia Phillies,-1.5,0.75,0.63,"8",0.95,0.69,1.7518797,0.77,0.87,2026-08-16 15:55:06.958
2026-08-15,MLB,MLB,Philadelphia Phillies,Minnesota Twins,Minnesota Twins,+1.5,0.25,0.37,"8",0.05,0.31,2.23,0.23,0.13,2026-08-16 15:55:06.958
2026-08-15,MLB,MLB,Seattle Mariners,Houston Astros,Seattle Mariners,+1.5,0.19,0.64,"8.5",0.82,0.59,2.1,0.33,0.28,2026-08-16 15:55:06.958
2026-08-15,MLB,MLB,Seattle Mariners,Houston Astros,Houston Astros,-1.5,0.81,0.36,"8.5",0.18,0.41,1.8474576,0.67,0.72,2026-08-16 15:55:06.958
2026-08-15,MLB,MLB,Arizona Diamondbacks,Atlanta Braves,Arizona Diamondbacks,+1.5,0.56,0.64,"9",0.77,0.37,2.23,0.38,0.26,2026-08-16 15:55:06.958
2026-08-15,MLB,MLB,Arizona Diamondbacks,Atlanta Braves,Atlanta Braves,-1.5,0.44,0.36,"9",0.23,0.63,1.7518797,0.62,0.74,2026-08-16 15:55:06.958
2026-08-15,MLB,MLB,Boston Red Sox,Pittsburgh Pirates,Boston Red Sox,-1.5,0.83,0.64,"7.5",0.74,0.7,1.8403361,0.91,0.84,2026-08-16 15:55:06.958
2026-08-15,MLB,MLB,Boston Red Sox,Pittsburgh Pirates,Pittsburgh Pirates,+1.5,0.17,0.36,"7.5",0.26,0.3,2.11,0.09,0.16,2026-08-16 15:55:06.958
2026-08-15,MLB,MLB,Milwaukee Brewers,Los Angeles Dodgers,Milwaukee Brewers,-1.5,0.26,0.2,"7.5",0.16,0.4,1.8196721,0.64,0.56,2026-08-16 15:55:06.958
2026-08-15,MLB,MLB,Milwaukee Brewers,Los Angeles Dodgers,Los Angeles Dodgers,+1.5,0.74,0.8,"7.5",0.84,0.6,2.14,0.36,0.44,2026-08-16 15:55:06.958
2026-08-15,MLB,MLB,Kansas City Royals,Los Angeles Angels,Kansas City Royals,+1.5,0.63,0.78,"8",0.48,0.49,2.42,0.49,0.38,2026-08-16 15:55:06.958
2026-08-15,MLB,MLB,Kansas City Royals,Los Angeles Angels,Los Angeles Angels,-1.5,0.37,0.22,"8",0.52,0.51,1.6535947,0.51,0.62,2026-08-16 15:55:06.958
2026-08-15,MLB,MLB,Texas Rangers,Athletics,Texas Rangers,-1.5,0.77,0.35,"9.5",0.71,0.42,1.6493506,0.7,0.72,2026-08-16 15:55:06.958
2026-08-15,MLB,MLB,Texas Rangers,Athletics,Athletics,+1.5,0.23,0.65,"9.5",0.29,0.58,2.43,0.3,0.28,2026-08-16 15:55:06.958
2026-08-16,MLB,MLB,Baltimore Orioles,Tampa Bay Rays,Baltimore Orioles,+1.5,0.1,0.48,"8",0.68,0.59,2.24,0.27,0.31,2026-08-16 15:55:06.958
2026-08-16,MLB,MLB,Baltimore Orioles,Tampa Bay Rays,Tampa Bay Rays,-1.5,0.9,0.52,"8",0.32,0.41,1.7518797,0.73,0.69,2026-08-16 15:55:06.958
2026-08-16,MLB,MLB,Arizona Diamondbacks,Atlanta Braves,Arizona Diamondbacks,+1.5,0.11,0.58,"8.5",0.54,0.62,2.16,0.35,0.36,2026-08-16 15:55:06.958
2026-08-16,MLB,MLB,Arizona Diamondbacks,Atlanta Braves,Atlanta Braves,-1.5,0.89,0.42,"8.5",0.46,0.38,1.8064516,0.65,0.64,2026-08-16 15:55:06.958
2026-08-16,MLB,MLB,Boston Red Sox,Pittsburgh Pirates,Boston Red Sox,-1.5,0.16,0.4,"8",0.68,0.45,1.877193,0.8,0.64,2026-08-16 15:55:06.958
2026-08-16,MLB,MLB,Boston Red Sox,Pittsburgh Pirates,Pittsburgh Pirates,+1.5,0.84,0.6,"8",0.32,0.55,2.06,0.2,0.36,2026-08-16 15:55:06.958
2026-08-16,MLB,MLB,New York Yankees,Toronto Blue Jays,New York Yankees,+1.5,0.26,0.39,"7.5",0.06,0.29,2.12,0.64,0.56,2026-08-16 15:55:06.958
2026-08-16,MLB,MLB,New York Yankees,Toronto Blue Jays,Toronto Blue Jays,-1.5,0.74,0.61,"7.5",0.94,0.71,1.8333334,0.36,0.44,2026-08-16 15:55:06.958
2026-08-16,MLB,MLB,San Diego Padres,Cleveland Guardians,San Diego Padres,-1.5,0.89,0.37,"8.5",0.29,0.33,1.925926,0.82,0.61,2026-08-16 15:55:06.958
2026-08-16,MLB,MLB,San Diego Padres,Cleveland Guardians,Cleveland Guardians,+1.5,0.11,0.63,"8.5",0.71,0.67,2.01,0.18,0.39,2026-08-16 15:55:06.958
2026-08-16,MLB,MLB,Washington Nationals,New York Mets,Washington Nationals,+1.5,0.0,0.56,"8.5",0.88,0.42,2.53,0.19,0.33,2026-08-16 15:55:06.958
2026-08-16,MLB,MLB,Washington Nationals,New York Mets,New York Mets,-1.5,1.0,0.44,"8.5",0.12,0.58,1.6060606,0.81,0.67,2026-08-16 15:55:06.958
2026-08-16,MLB,MLB,Miami Marlins,Cincinnati Reds,Miami Marlins,-1.5,0.93,0.34,"9",0.54,0.42,1.8403361,0.6,0.57,2026-08-16 15:55:06.958
2026-08-16,MLB,MLB,Miami Marlins,Cincinnati Reds,Cincinnati Reds,+1.5,0.07,0.66,"9",0.46,0.58,2.11,0.4,0.43,2026-08-16 15:55:06.958
2026-08-16,MLB,MLB,Chicago White Sox,Detroit Tigers,Chicago White Sox,-1.5,0.92,0.3,"8",0.85,0.54,1.9803921,0.66,0.56,2026-08-16 15:55:06.958
2026-08-16,MLB,MLB,Chicago White Sox,Detroit Tigers,Detroit Tigers,+1.5,0.08,0.7,"8",0.15,0.46,1.9523809,0.34,0.44,2026-08-16 15:55:06.958
2026-08-16,MLB,MLB,Philadelphia Phillies,Minnesota Twins,Philadelphia Phillies,-1.5,0.3,0.53,"9",0.6,0.57,1.925926,0.87,0.7,2026-08-16 15:55:06.958
2026-08-16,MLB,MLB,Philadelphia Phillies,Minnesota Twins,Minnesota Twins,+1.5,0.7,0.47,"9",0.4,0.43,2.01,0.13,0.3,2026-08-16 15:55:06.958
2026-08-16,MLB,MLB,ST Louis Cardinals,Chicago Cubs,ST Louis Cardinals,+1.5,0.06,0.48,"9",0.97,0.33,2.34,0.37,0.24,2026-08-16 15:55:06.958
2026-08-16,MLB,MLB,ST Louis Cardinals,Chicago Cubs,Chicago Cubs,-1.5,0.94,0.52,"9",0.03,0.67,1.6172839,0.63,0.77,2026-08-16 15:55:06.958
2026-08-16,MLB,MLB,Texas Rangers,Athletics,Texas Rangers,-1.5,0.91,0.43,"10.5",0.66,0.4,1.7042253,0.48,0.63,2026-08-16 15:55:06.958
2026-08-16,MLB,MLB,Texas Rangers,Athletics,Athletics,+1.5,0.09,0.57,"10.5",0.34,0.6,2.18,0.52,0.37,2026-08-16 15:55:06.958
2026-08-16,MLB,MLB,Colorado Rockies,San Francisco Giants,Colorado Rockies,+1.5,0.1,0.54,"8",0.28,0.52,2.12,0.29,0.31,2026-08-16 15:55:06.958
2026-08-16,MLB,MLB,Colorado Rockies,San Francisco Giants,San Francisco Giants,-1.5,0.9,0.46,"8",0.72,0.48,1.7407408,0.71,0.69,2026-08-16 15:55:06.958
2026-08-16,MLB,MLB,Kansas City Royals,Los Angeles Angels,Kansas City Royals,-1.5,0.98,0.31,"9.5",0.15,0.12,1.7936507,0.8,0.6,2026-08-16 15:55:06.958
2026-08-16,MLB,MLB,Kansas City Royals,Los Angeles Angels,Los Angeles Angels,+1.5,0.02,0.69,"9.5",0.85,0.88,2.04,0.2,0.4,2026-08-16 15:55:06.958
2026-08-16,MLB,MLB,Milwaukee Brewers,Los Angeles Dodgers,Milwaukee Brewers,+1.5,0.06,0.51,"7.5",0.27,0.34,2.49,0.33,0.28,2026-08-16 15:55:06.958
2026-08-16,MLB,MLB,Milwaukee Brewers,Los Angeles Dodgers,Los Angeles Dodgers,-1.5,0.94,0.49,"7.5",0.73,0.66,1.5524862,0.67,0.72,2026-08-16 15:55:06.958
2026-08-16,MLB,MLB,Seattle Mariners,Houston Astros,Seattle Mariners,+1.5,0.11,0.74,"7.5",0.33,0.61,2.18,0.25,0.32,2026-08-16 15:55:06.958
2026-08-16,MLB,MLB,Seattle Mariners,Houston Astros,Houston Astros,-1.5,0.89,0.26,"7.5",0.67,0.39,1.7042253,0.75,0.68,2026-08-16 15:55:06.958
2026-08-15,SOC,"40031",Getafe,Alaves,Getafe,-,0.0,0.0,-,0.0,0.0,3.75,0.24,0.34,2026-08-16 15:55:17.671
2026-08-15,SOC,"40031",Getafe,Alaves,Alaves,-,0.0,0.0,-,0.0,0.0,2.4,0.76,0.66,2026-08-16 15:55:17.671
2026-08-15,SOC,"40031",Vallecano,Sevilla,Vallecano,-,0.0,0.0,-,0.0,0.0,3.05,0.17,0.12,2026-08-16 15:55:17.671
2026-08-15,SOC,"40031",Vallecano,Sevilla,Sevilla,-,0.0,0.0,-,0.0,0.0,2.7,0.83,0.88,2026-08-16 15:55:17.671
2026-08-16,SOC,"40031",Villarreal,Racing Santander,Villarreal,-,0.0,0.0,-,0.0,0.0,2.1,0.98,0.97,2026-08-16 15:55:17.671
2026-08-16,SOC,"40031",Villarreal,Racing Santander,Racing Santander,-,0.0,0.0,-,0.0,0.0,3.35,0.02,0.03,2026-08-16 15:55:17.671
2026-08-16,SOC,"40031",Levante,Espanyol,Levante,-,0.0,0.0,-,0.0,0.0,3.7,0.16,0.11,2026-08-16 15:55:17.671
2026-08-16,SOC,"40031",Levante,Espanyol,Espanyol,-,0.0,0.0,-,0.0,0.0,2.1,0.84,0.89,2026-08-16 15:55:17.671
2026-08-16,SOC,"40031",Osasuna,Celta Vigo,Osasuna,-,0.0,0.0,-,0.0,0.0,3.65,0.08,0.09,2026-08-16 15:55:17.671
2026-08-16,SOC,"40031",Osasuna,Celta Vigo,Celta Vigo,-,0.0,0.0,-,0.0,0.0,2.05,0.92,0.91,2026-08-16 15:55:17.671
2026-08-17,SOC,"40031",Elche,Dep La Coruna,Elche,-,0.0,0.0,-,0.0,0.0,3.25,0.55,0.56,2026-08-16 15:55:17.671
2026-08-17,SOC,"40031",Elche,Dep La Coruna,Dep La Coruna,-,0.0,0.0,-,0.0,0.0,2.35,0.45,0.44,2026-08-16 15:55:17.671
2026-08-15,SOC,"40817",Preston,Bolton,Preston,-,0.0,0.0,-,0.0,0.0,3.05,0.19,0.3,2026-08-16 15:55:19.264
2026-08-15,SOC,"40817",Preston,Bolton,Bolton,-,0.0,0.0,-,0.0,0.0,2.35,0.81,0.7,2026-08-16 15:55:19.264
2026-08-15,SOC,"40817",West Brom,Norwich,West Brom,-,0.0,0.0,-,0.0,0.0,3.75,0.05,0.11,2026-08-16 15:55:19.264
2026-08-15,SOC,"40817",West Brom,Norwich,Norwich,-,0.0,0.0,-,0.0,0.0,2.0,0.95,0.89,2026-08-16 15:55:19.264
2026-08-15,SOC,"40817",Swansea,Stoke City,Swansea,-,0.0,0.0,-,0.0,0.0,3.05,0.19,0.21,2026-08-16 15:55:19.264
2026-08-15,SOC,"40817",Swansea,Stoke City,Stoke City,-,0.0,0.0,-,0.0,0.0,2.35,0.81,0.79,2026-08-16 15:55:19.264
2026-08-15,SOC,"40817",Millwall,Bristol City,Millwall,-,0.0,0.0,-,0.0,0.0,2.8,0.58,0.44,2026-08-16 15:55:19.264
2026-08-15,SOC,"40817",Millwall,Bristol City,Bristol City,-,0.0,0.0,-,0.0,0.0,2.5,0.42,0.56,2026-08-16 15:55:19.264
2026-08-15,SOC,"40817",Lincoln City,Middlesbrough,Lincoln City,-,0.0,0.0,-,0.0,0.0,6.5,0.03,0.02,2026-08-16 15:55:19.264
2026-08-15,SOC,"40817",Lincoln City,Middlesbrough,Middlesbrough,-,0.0,0.0,-,0.0,0.0,1.5128205,0.97,0.98,2026-08-16 15:55:19.264
2026-08-15,SOC,"40817",Derby County,Charlton,Derby County,-,0.0,0.0,-,0.0,0.0,2.75,0.42,0.53,2026-08-16 15:55:19.264
2026-08-15,SOC,"40817",Derby County,Charlton,Charlton,-,0.0,0.0,-,0.0,0.0,2.7,0.58,0.47,2026-08-16 15:55:19.264
2026-08-15,SOC,"40817",Queens Park Rangers,Portsmouth,Queens Park Rangers,-,0.0,0.0,-,0.0,0.0,3.15,0.66,0.25,2026-08-16 15:55:19.264
2026-08-15,SOC,"40817",Queens Park Rangers,Portsmouth,Portsmouth,-,0.0,0.0,-,0.0,0.0,2.35,0.34,0.75,2026-08-16 15:55:19.264
2026-08-15,SOC,"40817",Birmingham,Sheffield Utd,Birmingham,-,0.0,0.0,-,0.0,0.0,3.3,0.24,0.25,2026-08-16 15:55:19.264
2026-08-15,SOC,"40817",Birmingham,Sheffield Utd,Sheffield Utd,-,0.0,0.0,-,0.0,0.0,2.25,0.76,0.75,2026-08-16 15:55:19.264
2026-08-16,SOC,"40817",Southampton,Watford,Southampton,-,0.0,0.0,-,0.0,0.0,2.05,0.92,0.89,2026-08-16 15:55:19.264
2026-08-16,SOC,"40817",Southampton,Watford,Watford,-,0.0,0.0,-,0.0,0.0,3.55,0.08,0.11,2026-08-16 15:55:19.264
2026-08-16,SOC,"40817",West Ham,Burnley,West Ham,-,0.0,0.0,-,0.0,0.0,2.25,0.93,0.89,2026-08-16 15:55:19.264
2026-08-16,SOC,"40817",West Ham,Burnley,Burnley,-,0.0,0.0,-,0.0,0.0,3.1,0.07,0.11,2026-08-16 15:55:19.264
2026-08-17,SOC,"40817",Wrexham,Cardiff City,Wrexham,-,0.0,0.0,-,0.0,0.0,2.8,0.76,0.45,2026-08-16 15:55:19.264
2026-08-17,SOC,"40817",Wrexham,Cardiff City,Cardiff City,-,0.0,0.0,-,0.0,0.0,2.45,0.24,0.55,2026-08-16 15:55:19.264
2026-08-15,SOC,"89345",New York Red Bulls,Atlanta Utd,New York Red Bulls,-,0.0,0.0,-,0.0,0.0,3.0,0.51,0.38,2026-08-16 15:55:27.904
2026-08-15,SOC,"89345",New York Red Bulls,Atlanta Utd,Atlanta Utd,-,0.0,0.0,-,0.0,0.0,2.05,0.49,0.62,2026-08-16 15:55:27.904
2026-08-15,SOC,"89345",DC Utd,CF Montreal,DC Utd,-,0.0,0.0,-,0.0,0.0,3.05,0.38,0.32,2026-08-16 15:55:27.904
2026-08-15,SOC,"89345",DC Utd,CF Montreal,CF Montreal,-,0.0,0.0,-,0.0,0.0,2.1,0.62,0.68,2026-08-16 15:55:27.904
2026-08-15,SOC,"89345",Columbus Crew,Charlotte FC,Columbus Crew,-,0.0,0.0,-,0.0,0.0,3.1,0.15,0.32,2026-08-16 15:55:27.904
2026-08-15,SOC,"89345",Columbus Crew,Charlotte FC,Charlotte FC,-,0.0,0.0,-,0.0,0.0,2.1,0.85,0.68,2026-08-16 15:55:27.904
2026-08-15,SOC,"89345",FC Cincinnati,Orlando City,FC Cincinnati,-,0.0,0.0,-,0.0,0.0,2.3,0.39,0.35,2026-08-16 15:55:27.904
2026-08-15,SOC,"89345",FC Cincinnati,Orlando City,Orlando City,-,0.0,0.0,-,0.0,0.0,2.5,0.61,0.65,2026-08-16 15:55:27.904
2026-08-15,SOC,"89345",NE Revolution,Toronto FC,NE Revolution,-,0.0,0.0,-,0.0,0.0,2.95,0.42,0.41,2026-08-16 15:55:27.904
2026-08-15,SOC,"89345",NE Revolution,Toronto FC,Toronto FC,-,0.0,0.0,-,0.0,0.0,2.15,0.58,0.59,2026-08-16 15:55:27.904
2026-08-15,SOC,"89345",Inter Miami,Nashville SC,Inter Miami,-,0.0,0.0,-,0.0,0.0,2.55,0.91,0.71,2026-08-16 15:55:27.904
2026-08-15,SOC,"89345",Inter Miami,Nashville SC,Nashville SC,-,0.0,0.0,-,0.0,0.0,2.4,0.09,0.29,2026-08-16 15:55:27.904
2026-08-15,SOC,"89345",LA Galaxy,HOU Dynamo,LA Galaxy,-,0.0,0.0,-,0.0,0.0,4.6,0.06,0.19,2026-08-16 15:55:27.904
2026-08-15,SOC,"89345",LA Galaxy,HOU Dynamo,HOU Dynamo,-,0.0,0.0,-,0.0,0.0,1.6451613,0.94,0.81,2026-08-16 15:55:27.904
2026-08-15,SOC,"89345",Sporting KC,COL Rapids,Sporting KC,-,0.0,0.0,-,0.0,0.0,5.75,0.02,0.21,2026-08-16 15:55:27.904
2026-08-15,SOC,"89345",Sporting KC,COL Rapids,COL Rapids,-,0.0,0.0,-,0.0,0.0,1.4545455,0.98,0.79,2026-08-16 15:55:27.904
2026-08-15,SOC,"89345",Minnesota Utd,Real Salt Lake,Minnesota Utd,-,0.0,0.0,-,0.0,0.0,3.8,0.04,0.19,2026-08-16 15:55:27.904
2026-08-15,SOC,"89345",Minnesota Utd,Real Salt Lake,Real Salt Lake,-,0.0,0.0,-,0.0,0.0,1.8333334,0.96,0.81,2026-08-16 15:55:27.920
2026-08-15,SOC,"89345",San Diego FC,LAFC,San Diego FC,-,0.0,0.0,-,0.0,0.0,4.6,0.01,0.12,2026-08-16 15:55:27.920
2026-08-15,SOC,"89345",San Diego FC,LAFC,LAFC,-,0.0,0.0,-,0.0,0.0,1.6060606,0.99,0.88,2026-08-16 15:55:27.920
2026-08-15,SOC,"89345",St Louis City SC,SJ Earthquakes,St Louis City SC,-,0.0,0.0,-,0.0,0.0,3.0,0.23,0.4,2026-08-16 15:55:27.920
2026-08-15,SOC,"89345",St Louis City SC,SJ Earthquakes,SJ Earthquakes,-,0.0,0.0,-,0.0,0.0,2.05,0.77,0.6,2026-08-16 15:55:27.920
2026-08-16,SOC,"89345",PHI Union,NYCFC,PHI Union,-,0.0,0.0,-,0.0,0.0,2.75,0.14,0.56,2026-08-16 15:55:27.920
2026-08-16,SOC,"89345",PHI Union,NYCFC,NYCFC,-,0.0,0.0,-,0.0,0.0,2.3,0.86,0.44,2026-08-16 15:55:27.920
2026-08-16,SOC,"89345",POR Timbers,CHI Fire,POR Timbers,-,0.0,0.0,-,0.0,0.0,5.0,0.38,0.44,2026-08-16 15:55:27.920
2026-08-16,SOC,"89345",POR Timbers,CHI Fire,CHI Fire,-,0.0,0.0,-,0.0,0.0,1.5,0.62,0.56,2026-08-16 15:55:27.920
2026-08-16,SOC,"89345",FC Dallas,Austin FC,FC Dallas,-,0.0,0.0,-,0.0,0.0,2.25,0.31,0.77,2026-08-16 15:55:27.920
2026-08-16,SOC,"89345",FC Dallas,Austin FC,Austin FC,-,0.0,0.0,-,0.0,0.0,2.8,0.69,0.23,2026-08-16 15:55:27.920
2026-08-16,SOC,"89345",Vancouver Whitecaps,Seattle Sounders,Vancouver Whitecaps,-,0.0,0.0,-,0.0,0.0,1.8,0.79,0.88,2026-08-16 15:55:27.920
2026-08-16,SOC,"89345",Vancouver Whitecaps,Seattle Sounders,Seattle Sounders,-,0.0,0.0,-,0.0,0.0,3.8,0.21,0.12,2026-08-16 15:55:27.920
2026-08-15,UFC,UFC,Chidi Njokuani,Joel Alvarez,Chidi Njokuani,-,0.0,0.0,-,0.0,0.0,3.0,0.0,0.0,2026-08-16 15:55:31.949
2026-08-15,UFC,UFC,Chidi Njokuani,Joel Alvarez,Joel Alvarez,-,0.0,0.0,-,0.0,0.0,1.4081633,1.0,1.0,2026-08-16 15:55:31.949
2026-08-15,UFC,UFC,Myktybek Orolbai,Jeremiah Wells,Myktybek Orolbai,-,0.0,0.0,-,0.0,0.0,1.074074,0.78,0.89,2026-08-16 15:55:31.949
2026-08-15,UFC,UFC,Myktybek Orolbai,Jeremiah Wells,Jeremiah Wells,-,0.0,0.0,-,0.0,0.0,9.0,0.22,0.11,2026-08-16 15:55:31.949
2026-08-15,UFC,UFC,Ramiz Brahimaj,Neil Magny,Ramiz Brahimaj,-,0.0,0.0,-,0.0,0.0,1.7042253,0.75,0.59,2026-08-16 15:55:31.949
2026-08-15,UFC,UFC,Ramiz Brahimaj,Neil Magny,Neil Magny,-,0.0,0.0,-,0.0,0.0,2.2,0.25,0.41,2026-08-16 15:55:31.949
2026-08-15,UFC,UFC,Lucas Fernando,Rafael Tobias,Lucas Fernando,-,0.0,0.0,-,0.0,0.0,1.3508772,0.62,0.79,2026-08-16 15:55:31.949
2026-08-15,UFC,UFC,Lucas Fernando,Rafael Tobias,Rafael Tobias,-,0.0,0.0,-,0.0,0.0,3.3,0.38,0.21,2026-08-16 15:55:31.949
2026-08-15,UFC,UFC,Tresean Gore,Vicente Luque,Tresean Gore,-,0.0,0.0,-,0.0,0.0,1.8474576,0.6,0.49,2026-08-16 15:55:31.949
2026-08-15,UFC,UFC,Tresean Gore,Vicente Luque,Vicente Luque,-,0.0,0.0,-,0.0,0.0,1.9803921,0.4,0.51,2026-08-16 15:55:31.949
2026-08-15,UFC,UFC,Eric McConico,Donte Johnson,Eric McConico,-,0.0,0.0,-,0.0,0.0,3.8,0.29,0.16,2026-08-16 15:55:31.949
2026-08-15,UFC,UFC,Eric McConico,Donte Johnson,Donte Johnson,-,0.0,0.0,-,0.0,0.0,1.2816901,0.71,0.84,2026-08-16 15:55:31.949
2026-08-15,UFC,UFC,Eduardo Henrique,Charles Johnson,Eduardo Henrique,-,0.0,0.0,-,0.0,0.0,1.9803921,0.39,0.3,2026-08-16 15:55:31.949
2026-08-15,UFC,UFC,Eduardo Henrique,Charles Johnson,Charles Johnson,-,0.0,0.0,-,0.0,0.0,1.8474576,0.61,0.7,2026-08-16 15:55:31.949
2026-08-15,UFC,UFC,Joel Alvarez,Chidi Njokuani,Joel Alvarez,-,0.0,0.0,-,0.0,0.0,1.2666667,0.78,0.87,2026-08-16 15:55:31.949
2026-08-15,UFC,UFC,Joel Alvarez,Chidi Njokuani,Chidi Njokuani,-,0.0,0.0,-,0.0,0.0,3.95,0.22,0.13,2026-08-16 15:55:31.949
2026-08-15,UFC,UFC,Esteban Ribovics,Edson Barboza,Esteban Ribovics,-,0.0,0.0,-,0.0,0.0,1.1333333,0.3,0.75,2026-08-16 15:55:31.949
2026-08-15,UFC,UFC,Esteban Ribovics,Edson Barboza,Edson Barboza,-,0.0,0.0,-,0.0,0.0,6.25,0.7,0.25,2026-08-16 15:55:31.949
2026-08-15,UFC,UFC,Dustin Stoltzfus,Mansur Abdul-Malik,Dustin Stoltzfus,-,0.0,0.0,-,0.0,0.0,5.9,0.38,0.13,2026-08-16 15:55:31.949
2026-08-15,UFC,UFC,Dustin Stoltzfus,Mansur Abdul-Malik,Mansur Abdul-Malik,-,0.0,0.0,-,0.0,0.0,1.1481482,0.62,0.87,2026-08-16 15:55:31.949
2026-08-15,UFC,UFC,Jose Ochoa,Charles Johnson,Jose Ochoa,-,0.0,0.0,-,0.0,0.0,1.2197802,0.77,0.82,2026-08-16 15:55:31.949
2026-08-15,UFC,UFC,Jose Ochoa,Charles Johnson,Charles Johnson,-,0.0,0.0,-,0.0,0.0,4.5,0.23,0.18,2026-08-16 15:55:31.949
2026-08-15,UFC,UFC,Kaue Fernandes,Jalin Turner,Kaue Fernandes,-,0.0,0.0,-,0.0,0.0,2.0,0.56,0.37,2026-08-16 15:55:31.949
2026-08-15,UFC,UFC,Kaue Fernandes,Jalin Turner,Jalin Turner,-,0.0,0.0,-,0.0,0.0,1.8333334,0.44,0.63,2026-08-16 15:55:31.949
2026-08-15,UFC,UFC,Gillian Robertson,Mackenzie Dern,Gillian Robertson,-,0.0,0.0,-,0.0,0.0,2.8,0.3,0.28,2026-08-16 15:55:31.949
2026-08-15,UFC,UFC,Gillian Robertson,Mackenzie Dern,Mackenzie Dern,-,0.0,0.0,-,0.0,0.0,1.4587156,0.7,0.72,2026-08-16 15:55:31.949
2026-08-15,UFC,UFC,Ian Machado Garry,Islam Makhachev,Ian Machado Garry,-,0.0,0.0,-,0.0,0.0,3.6,0.56,0.31,2026-08-16 15:55:31.949
2026-08-15,UFC,UFC,Ian Machado Garry,Islam Makhachev,Islam Makhachev,-,0.0,0.0,-,0.0,0.0,1.3076923,0.44,0.69,2026-08-16 15:55:31.949
2026-08-15,BOX,BOX,Alexander Thiel,Jaquan McElroy,Alexander Thiel,-,0.0,0.0,-,0.0,0.0,9.0,0.0,0.0,2026-08-16 15:55:34.221
2026-08-15,BOX,BOX,Alexander Thiel,Jaquan McElroy,Jaquan McElroy,-,0.0,0.0,-,0.0,0.0,1.0625,1.0,1.0,2026-08-16 15:55:34.221
2026-08-15,BOX,BOX,Michael Nelson,Casey Dixon,Michael Nelson,-,0.0,0.0,-,0.0,0.0,10.0,0.0,0.0,2026-08-16 15:55:34.221
2026-08-15,BOX,BOX,Michael Nelson,Casey Dixon,Casey Dixon,-,0.0,0.0,-,0.0,0.0,1.05,1.0,1.0,2026-08-16 15:55:34.221
2026-08-15,BOX,BOX,Rahmel McKinley,Daniel Mercado,Rahmel McKinley,-,0.0,0.0,-,0.0,0.0,17.0,0.0,0.0,2026-08-16 15:55:34.221
2026-08-15,BOX,BOX,Rahmel McKinley,Daniel Mercado,Daniel Mercado,-,0.0,0.0,-,0.0,0.0,1.01,1.0,1.0,2026-08-16 15:55:34.221
2026-08-15,BOX,BOX,Marianela Ramirez,Shannel Butler,Marianela Ramirez,-,0.0,0.0,-,0.0,0.0,8.5,0.0,0.0,2026-08-16 15:55:34.221
2026-08-15,BOX,BOX,Marianela Ramirez,Shannel Butler,Shannel Butler,-,0.0,0.0,-,0.0,0.0,1.0625,1.0,1.0,2026-08-16 15:55:34.221
2026-08-15,BOX,BOX,Da'Velle Smith,Hakim Lopez,Da'Velle Smith,-,0.0,0.0,-,0.0,0.0,1.3846154,1.0,1.0,2026-08-16 15:55:34.221
2026-08-15,BOX,BOX,Da'Velle Smith,Hakim Lopez,Hakim Lopez,-,0.0,0.0,-,0.0,0.0,3.0,0.0,0.0,2026-08-16 15:55:34.221
2026-08-15,BOX,BOX,Olivia Curry,Danielle Perkins,Olivia Curry,-,0.0,0.0,-,0.0,0.0,5.75,0.0,0.0,2026-08-16 15:55:34.221
2026-08-15,BOX,BOX,Olivia Curry,Danielle Perkins,Danielle Perkins,-,0.0,0.0,-,0.0,0.0,1.1333333,1.0,1.0,2026-08-16 15:55:34.221
2026-08-15,BOX,BOX,Roamer Angulo,Atif Oberlton,Roamer Angulo,-,0.0,0.0,-,0.0,0.0,10.0,0.11,0.05,2026-08-16 15:55:34.221
2026-08-15,BOX,BOX,Roamer Angulo,Atif Oberlton,Atif Oberlton,-,0.0,0.0,-,0.0,0.0,1.05,0.89,0.95,2026-08-16 15:55:34.221
2026-08-15,BOX,BOX,Bernice Ferreira,Caroline Veyre,Bernice Ferreira,-,0.0,0.0,-,0.0,0.0,4.2,0.0,0.0,2026-08-16 15:55:34.221
2026-08-15,BOX,BOX,Bernice Ferreira,Caroline Veyre,Caroline Veyre,-,0.0,0.0,-,0.0,0.0,1.2222222,1.0,1.0,2026-08-16 15:55:34.221
2026-08-15,BOX,BOX,Paulette Cuesta,Ashleyann Lozada,Paulette Cuesta,-,0.0,0.0,-,0.0,0.0,7.5,0.0,0.0,2026-08-16 15:55:34.221
2026-08-15,BOX,BOX,Paulette Cuesta,Ashleyann Lozada,Ashleyann Lozada,-,0.0,0.0,-,0.0,0.0,1.0833334,1.0,1.0,2026-08-16 15:55:34.221
2026-08-15,BOX,BOX,Joseph Hicks,Troy Isley,Joseph Hicks,-,0.0,0.0,-,0.0,0.0,5.75,0.0,0.0,2026-08-16 15:55:34.221
2026-08-15,BOX,BOX,Joseph Hicks,Troy Isley,Troy Isley,-,0.0,0.0,-,0.0,0.0,1.1333333,1.0,1.0,2026-08-16 15:55:34.221
2026-08-15,BOX,BOX,Roger Hilley,Ernesto Mercado,Roger Hilley,-,0.0,0.0,-,0.0,0.0,14.0,0.0,0.0,2026-08-16 15:55:34.221
2026-08-15,BOX,BOX,Roger Hilley,Ernesto Mercado,Ernesto Mercado,-,0.0,0.0,-,0.0,0.0,1.02,1.0,1.0,2026-08-16 15:55:34.221
2026-08-16,BOX,BOX,Kaye Scott,Claressa Shields,Kaye Scott,-,0.0,0.0,-,0.0,0.0,13.0,0.94,0.18,2026-08-16 15:55:34.221
2026-08-16,BOX,BOX,Kaye Scott,Claressa Shields,Claressa Shields,-,0.0,0.0,-,0.0,0.0,1.0333333,0.06,0.82,2026-08-16 15:55:34.221
2026-08-16,BOX,BOX,Emmanuel Tagoe,Ernesto Mercado,Emmanuel Tagoe,-,0.0,0.0,-,0.0,0.0,12.0,0.0,0.0,2026-08-16 15:55:34.221
2026-08-16,BOX,BOX,Emmanuel Tagoe,Ernesto Mercado,Ernesto Mercado,-,0.0,0.0,-,0.0,0.0,1.0333333,1.0,1.0,2026-08-16 15:55:34.221
2026-08-15,AFL,AFL,Collingwood Magpies,Hawthorn Hawks,Collingwood Magpies,+21.5,0.88,0.5,-,0.0,0.0,3.45,0.0,0.0,2026-08-16 15:55:35.858
2026-08-15,AFL,AFL,Collingwood Magpies,Hawthorn Hawks,Hawthorn Hawks,-21.5,0.12,0.5,-,0.0,0.0,1.3030303,1.0,1.0,2026-08-16 15:55:35.858
2026-08-15,AFL,AFL,Melbourne Demons,Port Adelaide Power,Melbourne Demons,-25.5,1.0,1.0,-,0.0,0.0,1.2564102,1.0,1.0,2026-08-16 15:55:35.858
2026-08-15,AFL,AFL,Melbourne Demons,Port Adelaide Power,Port Adelaide Power,+25.5,0.0,0.0,-,0.0,0.0,3.9,0.0,0.0,2026-08-16 15:55:35.858
2026-08-15,AFL,AFL,West Coast Eagles,GWS Giants,West Coast Eagles,+31.5,1.0,1.0,"182.5",0.0,0.0,4.9,0.0,0.0,2026-08-16 15:55:35.858
2026-08-15,AFL,AFL,West Coast Eagles,GWS Giants,GWS Giants,-31.5,0.0,0.0,"182.5",1.0,1.0,1.173913,1.0,1.0,2026-08-16 15:55:35.858
2026-08-16,AFL,AFL,Carlton Blues,Western Bulldogs,Carlton Blues,-19.5,0.18,0.5,-,0.0,0.0,1.3508772,0.0,0.0,2026-08-16 15:55:35.858
2026-08-16,AFL,AFL,Carlton Blues,Western Bulldogs,Western Bulldogs,+19.5,0.82,0.5,-,0.0,0.0,3.15,1.0,1.0,2026-08-16 15:55:35.858
2026-08-15,MLB,MLB,Chicago White Sox,Detroit Tigers,Chicago White Sox,+1.5,0.14,0.53,"8",0.65,0.65,2.3,0.39,0.29,2026-08-16 16:25:07.088
2026-08-15,MLB,MLB,Chicago White Sox,Detroit Tigers,Detroit Tigers,-1.5,0.86,0.47,"8",0.35,0.35,1.7142857,0.61,0.71,2026-08-16 16:25:07.088
2026-08-15,MLB,MLB,ST Louis Cardinals,Chicago Cubs,ST Louis Cardinals,+1.5,0.12,0.23,"9",0.53,0.49,2.68,0.21,0.14,2026-08-16 16:25:07.088
2026-08-15,MLB,MLB,ST Louis Cardinals,Chicago Cubs,Chicago Cubs,-1.5,0.88,0.77,"9",0.47,0.51,1.5524862,0.79,0.86,2026-08-16 16:25:07.088
2026-08-15,MLB,MLB,New York Yankees,Toronto Blue Jays,New York Yankees,-1.5,0.85,0.7,"7",0.52,0.49,1.5376344,0.83,0.83,2026-08-16 16:25:07.088
2026-08-15,MLB,MLB,New York Yankees,Toronto Blue Jays,Toronto Blue Jays,+1.5,0.15,0.3,"7",0.48,0.51,2.73,0.17,0.17,2026-08-16 16:25:07.088
2026-08-15,MLB,MLB,Colorado Rockies,San Francisco Giants,Colorado Rockies,+1.5,0.09,0.37,"7.5",0.84,0.75,2.55,0.26,0.21,2026-08-16 16:25:07.088
2026-08-15,MLB,MLB,Colorado Rockies,San Francisco Giants,San Francisco Giants,-1.5,0.91,0.63,"7.5",0.16,0.25,1.5988024,0.74,0.79,2026-08-16 16:25:07.088
2026-08-15,MLB,MLB,Washington Nationals,New York Mets,Washington Nationals,+1.5,0.1,0.6,"7.5",0.79,0.65,2.21,0.17,0.35,2026-08-16 16:25:07.088
2026-08-15,MLB,MLB,Washington Nationals,New York Mets,New York Mets,-1.5,0.9,0.4,"7.5",0.21,0.35,1.7692307,0.83,0.65,2026-08-16 16:25:07.088
2026-08-15,MLB,MLB,Baltimore Orioles,Tampa Bay Rays,Baltimore Orioles,+1.5,0.03,0.39,"7.5",0.45,0.61,2.31,0.2,0.18,2026-08-16 16:25:07.088
2026-08-15,MLB,MLB,Baltimore Orioles,Tampa Bay Rays,Tampa Bay Rays,-1.5,0.97,0.61,"7.5",0.55,0.39,1.7092198,0.8,0.82,2026-08-16 16:25:07.088
2026-08-15,MLB,MLB,Miami Marlins,Cincinnati Reds,Miami Marlins,-1.5,0.69,0.18,"9",0.94,0.53,1.9803921,0.66,0.49,2026-08-16 16:25:07.088
2026-08-15,MLB,MLB,Miami Marlins,Cincinnati Reds,Cincinnati Reds,+1.5,0.31,0.82,"9",0.06,0.47,1.9523809,0.34,0.51,2026-08-16 16:25:07.088
2026-08-15,MLB,MLB,San Diego Padres,Cleveland Guardians,San Diego Padres,-1.5,0.69,0.42,"8.5",0.31,0.55,2.01,0.79,0.56,2026-08-16 16:25:07.088
2026-08-15,MLB,MLB,San Diego Padres,Cleveland Guardians,Cleveland Guardians,+1.5,0.31,0.58,"8.5",0.69,0.45,1.925926,0.21,0.44,2026-08-16 16:25:07.088
2026-08-15,MLB,MLB,Philadelphia Phillies,Minnesota Twins,Philadelphia Phillies,-1.5,0.75,0.63,"8",0.95,0.69,1.7518797,0.77,0.87,2026-08-16 16:25:07.088
2026-08-15,MLB,MLB,Philadelphia Phillies,Minnesota Twins,Minnesota Twins,+1.5,0.25,0.37,"8",0.05,0.31,2.23,0.23,0.13,2026-08-16 16:25:07.088
2026-08-15,MLB,MLB,Seattle Mariners,Houston Astros,Seattle Mariners,+1.5,0.19,0.64,"8.5",0.82,0.59,2.1,0.33,0.28,2026-08-16 16:25:07.088
2026-08-15,MLB,MLB,Seattle Mariners,Houston Astros,Houston Astros,-1.5,0.81,0.36,"8.5",0.18,0.41,1.8474576,0.67,0.72,2026-08-16 16:25:07.088
2026-08-15,MLB,MLB,Arizona Diamondbacks,Atlanta Braves,Arizona Diamondbacks,+1.5,0.56,0.64,"9",0.77,0.37,2.23,0.38,0.26,2026-08-16 16:25:07.088
2026-08-15,MLB,MLB,Arizona Diamondbacks,Atlanta Braves,Atlanta Braves,-1.5,0.44,0.36,"9",0.23,0.63,1.7518797,0.62,0.74,2026-08-16 16:25:07.088
2026-08-15,MLB,MLB,Boston Red Sox,Pittsburgh Pirates,Boston Red Sox,-1.5,0.83,0.64,"7.5",0.74,0.7,1.8403361,0.91,0.84,2026-08-16 16:25:07.088
2026-08-15,MLB,MLB,Boston Red Sox,Pittsburgh Pirates,Pittsburgh Pirates,+1.5,0.17,0.36,"7.5",0.26,0.3,2.11,0.09,0.16,2026-08-16 16:25:07.088
2026-08-15,MLB,MLB,Milwaukee Brewers,Los Angeles Dodgers,Milwaukee Brewers,-1.5,0.26,0.2,"7.5",0.16,0.4,1.8196721,0.64,0.56,2026-08-16 16:25:07.088
2026-08-15,MLB,MLB,Milwaukee Brewers,Los Angeles Dodgers,Los Angeles Dodgers,+1.5,0.74,0.8,"7.5",0.84,0.6,2.14,0.36,0.44,2026-08-16 16:25:07.088
2026-08-15,MLB,MLB,Kansas City Royals,Los Angeles Angels,Kansas City Royals,+1.5,0.63,0.78,"8",0.48,0.49,2.42,0.49,0.38,2026-08-16 16:25:07.088
2026-08-15,MLB,MLB,Kansas City Royals,Los Angeles Angels,Los Angeles Angels,-1.5,0.37,0.22,"8",0.52,0.51,1.6535947,0.51,0.62,2026-08-16 16:25:07.088
2026-08-15,MLB,MLB,Texas Rangers,Athletics,Texas Rangers,-1.5,0.77,0.35,"9.5",0.71,0.42,1.6493506,0.7,0.72,2026-08-16 16:25:07.088
2026-08-15,MLB,MLB,Texas Rangers,Athletics,Athletics,+1.5,0.23,0.65,"9.5",0.29,0.58,2.43,0.3,0.28,2026-08-16 16:25:07.088
2026-08-16,MLB,MLB,Baltimore Orioles,Tampa Bay Rays,Baltimore Orioles,+1.5,0.09,0.48,"8",0.68,0.59,2.24,0.27,0.32,2026-08-16 16:25:07.088
2026-08-16,MLB,MLB,Baltimore Orioles,Tampa Bay Rays,Tampa Bay Rays,-1.5,0.91,0.52,"8",0.32,0.41,1.7518797,0.73,0.68,2026-08-16 16:25:07.088
2026-08-16,MLB,MLB,Arizona Diamondbacks,Atlanta Braves,Arizona Diamondbacks,+1.5,0.12,0.56,"8.5",0.54,0.62,2.16,0.35,0.36,2026-08-16 16:25:07.088
2026-08-16,MLB,MLB,Arizona Diamondbacks,Atlanta Braves,Atlanta Braves,-1.5,0.88,0.44,"8.5",0.46,0.38,1.8064516,0.65,0.64,2026-08-16 16:25:07.088
2026-08-16,MLB,MLB,Boston Red Sox,Pittsburgh Pirates,Boston Red Sox,-1.5,0.16,0.42,"8",0.68,0.46,1.877193,0.8,0.64,2026-08-16 16:25:07.088
2026-08-16,MLB,MLB,Boston Red Sox,Pittsburgh Pirates,Pittsburgh Pirates,+1.5,0.84,0.58,"8",0.32,0.54,2.06,0.2,0.36,2026-08-16 16:25:07.088
2026-08-16,MLB,MLB,New York Yankees,Toronto Blue Jays,New York Yankees,+1.5,0.26,0.4,"7.5",0.06,0.29,2.12,0.64,0.55,2026-08-16 16:25:07.088
2026-08-16,MLB,MLB,New York Yankees,Toronto Blue Jays,Toronto Blue Jays,-1.5,0.74,0.6,"7.5",0.94,0.71,1.8333334,0.36,0.45,2026-08-16 16:25:07.088
2026-08-16,MLB,MLB,San Diego Padres,Cleveland Guardians,San Diego Padres,-1.5,0.89,0.41,"8.5",0.29,0.33,1.925926,0.86,0.62,2026-08-16 16:25:07.088
2026-08-16,MLB,MLB,San Diego Padres,Cleveland Guardians,Cleveland Guardians,+1.5,0.11,0.59,"8.5",0.71,0.67,2.01,0.14,0.38,2026-08-16 16:25:07.088
2026-08-16,MLB,MLB,Washington Nationals,New York Mets,Washington Nationals,+1.5,0.0,0.57,"8.5",0.88,0.43,2.53,0.19,0.33,2026-08-16 16:25:07.088
2026-08-16,MLB,MLB,Washington Nationals,New York Mets,New York Mets,-1.5,1.0,0.43,"8.5",0.12,0.57,1.6060606,0.81,0.67,2026-08-16 16:25:07.088
2026-08-16,MLB,MLB,Miami Marlins,Cincinnati Reds,Miami Marlins,-1.5,0.93,0.34,"9",0.54,0.43,1.8403361,0.7,0.57,2026-08-16 16:25:07.088
2026-08-16,MLB,MLB,Miami Marlins,Cincinnati Reds,Cincinnati Reds,+1.5,0.07,0.66,"9",0.46,0.57,2.11,0.3,0.43,2026-08-16 16:25:07.088
2026-08-16,MLB,MLB,Chicago White Sox,Detroit Tigers,Chicago White Sox,-1.5,0.91,0.3,"8",0.86,0.55,1.9803921,0.67,0.56,2026-08-16 16:25:07.088
2026-08-16,MLB,MLB,Chicago White Sox,Detroit Tigers,Detroit Tigers,+1.5,0.09,0.7,"8",0.14,0.45,1.9523809,0.33,0.44,2026-08-16 16:25:07.088
2026-08-16,MLB,MLB,Philadelphia Phillies,Minnesota Twins,Philadelphia Phillies,-1.5,0.3,0.54,"9",0.61,0.58,1.925926,0.87,0.7,2026-08-16 16:25:07.088
2026-08-16,MLB,MLB,Philadelphia Phillies,Minnesota Twins,Minnesota Twins,+1.5,0.7,0.46,"9",0.39,0.42,2.01,0.13,0.3,2026-08-16 16:25:07.088
2026-08-16,MLB,MLB,ST Louis Cardinals,Chicago Cubs,ST Louis Cardinals,+1.5,0.06,0.48,"9",0.97,0.34,2.34,0.36,0.23,2026-08-16 16:25:07.088
2026-08-16,MLB,MLB,ST Louis Cardinals,Chicago Cubs,Chicago Cubs,-1.5,0.94,0.52,"9",0.03,0.66,1.6172839,0.64,0.77,2026-08-16 16:25:07.088
2026-08-16,MLB,MLB,Texas Rangers,Athletics,Texas Rangers,-1.5,0.9,0.42,"10.5",0.66,0.42,1.7042253,0.49,0.63,2026-08-16 16:25:07.088
2026-08-16,MLB,MLB,Texas Rangers,Athletics,Athletics,+1.5,0.1,0.58,"10.5",0.34,0.58,2.18,0.51,0.37,2026-08-16 16:25:07.088
2026-08-16,MLB,MLB,Colorado Rockies,San Francisco Giants,Colorado Rockies,+1.5,0.1,0.54,"8",0.28,0.53,2.12,0.28,0.31,2026-08-16 16:25:07.088
2026-08-16,MLB,MLB,Colorado Rockies,San Francisco Giants,San Francisco Giants,-1.5,0.9,0.46,"8",0.72,0.47,1.7407408,0.72,0.69,2026-08-16 16:25:07.088
2026-08-16,MLB,MLB,Kansas City Royals,Los Angeles Angels,Kansas City Royals,-1.5,0.98,0.28,"9.5",0.11,0.14,1.7936507,0.79,0.61,2026-08-16 16:25:07.088
2026-08-16,MLB,MLB,Kansas City Royals,Los Angeles Angels,Los Angeles Angels,+1.5,0.02,0.73,"9.5",0.89,0.86,2.04,0.21,0.39,2026-08-16 16:25:07.088
2026-08-16,MLB,MLB,Milwaukee Brewers,Los Angeles Dodgers,Milwaukee Brewers,+1.5,0.06,0.52,"7.5",0.27,0.37,2.49,0.28,0.27,2026-08-16 16:25:07.088
2026-08-16,MLB,MLB,Milwaukee Brewers,Los Angeles Dodgers,Los Angeles Dodgers,-1.5,0.94,0.48,"7.5",0.73,0.63,1.5524862,0.72,0.73,2026-08-16 16:25:07.088
2026-08-16,MLB,MLB,Seattle Mariners,Houston Astros,Seattle Mariners,+1.5,0.11,0.75,"7.5",0.36,0.61,2.18,0.19,0.32,2026-08-16 16:25:07.088
2026-08-16,MLB,MLB,Seattle Mariners,Houston Astros,Houston Astros,-1.5,0.89,0.25,"7.5",0.64,0.39,1.7042253,0.81,0.68,2026-08-16 16:25:07.088
2026-08-15,SOC,"40031",Getafe,Alaves,Getafe,-,0.0,0.0,-,0.0,0.0,3.75,0.24,0.34,2026-08-16 16:25:15.237
2026-08-15,SOC,"40031",Getafe,Alaves,Alaves,-,0.0,0.0,-,0.0,0.0,2.4,0.76,0.66,2026-08-16 16:25:15.237
2026-08-15,SOC,"40031",Vallecano,Sevilla,Vallecano,-,0.0,0.0,-,0.0,0.0,3.05,0.17,0.12,2026-08-16 16:25:15.237
2026-08-15,SOC,"40031",Vallecano,Sevilla,Sevilla,-,0.0,0.0,-,0.0,0.0,2.7,0.83,0.88,2026-08-16 16:25:15.237
2026-08-16,SOC,"40031",Villarreal,Racing Santander,Villarreal,-,0.0,0.0,-,0.0,0.0,2.05,0.98,0.97,2026-08-16 16:25:15.237
2026-08-16,SOC,"40031",Villarreal,Racing Santander,Racing Santander,-,0.0,0.0,-,0.0,0.0,3.5,0.02,0.03,2026-08-16 16:25:15.237
2026-08-16,SOC,"40031",Levante,Espanyol,Levante,-,0.0,0.0,-,0.0,0.0,3.7,0.16,0.11,2026-08-16 16:25:15.237
2026-08-16,SOC,"40031",Levante,Espanyol,Espanyol,-,0.0,0.0,-,0.0,0.0,2.1,0.84,0.89,2026-08-16 16:25:15.237
2026-08-16,SOC,"40031",Osasuna,Celta Vigo,Osasuna,-,0.0,0.0,-,0.0,0.0,3.65,0.08,0.09,2026-08-16 16:25:15.237
2026-08-16,SOC,"40031",Osasuna,Celta Vigo,Celta Vigo,-,0.0,0.0,-,0.0,0.0,2.05,0.92,0.91,2026-08-16 16:25:15.237
2026-08-17,SOC,"40031",Elche,Dep La Coruna,Elche,-,0.0,0.0,-,0.0,0.0,3.35,0.54,0.56,2026-08-16 16:25:15.237
2026-08-17,SOC,"40031",Elche,Dep La Coruna,Dep La Coruna,-,0.0,0.0,-,0.0,0.0,2.35,0.46,0.44,2026-08-16 16:25:15.237
2026-08-15,SOC,"40817",Preston,Bolton,Preston,-,0.0,0.0,-,0.0,0.0,3.05,0.19,0.3,2026-08-16 16:25:16.805
2026-08-15,SOC,"40817",Preston,Bolton,Bolton,-,0.0,0.0,-,0.0,0.0,2.35,0.81,0.7,2026-08-16 16:25:16.805
2026-08-15,SOC,"40817",West Brom,Norwich,West Brom,-,0.0,0.0,-,0.0,0.0,3.75,0.05,0.11,2026-08-16 16:25:16.805
2026-08-15,SOC,"40817",West Brom,Norwich,Norwich,-,0.0,0.0,-,0.0,0.0,2.0,0.95,0.89,2026-08-16 16:25:16.805
2026-08-15,SOC,"40817",Swansea,Stoke City,Swansea,-,0.0,0.0,-,0.0,0.0,3.05,0.19,0.21,2026-08-16 16:25:16.805
2026-08-15,SOC,"40817",Swansea,Stoke City,Stoke City,-,0.0,0.0,-,0.0,0.0,2.35,0.81,0.79,2026-08-16 16:25:16.805
2026-08-15,SOC,"40817",Millwall,Bristol City,Millwall,-,0.0,0.0,-,0.0,0.0,2.8,0.58,0.44,2026-08-16 16:25:16.805
2026-08-15,SOC,"40817",Millwall,Bristol City,Bristol City,-,0.0,0.0,-,0.0,0.0,2.5,0.42,0.56,2026-08-16 16:25:16.805
2026-08-15,SOC,"40817",Lincoln City,Middlesbrough,Lincoln City,-,0.0,0.0,-,0.0,0.0,6.5,0.03,0.02,2026-08-16 16:25:16.805
2026-08-15,SOC,"40817",Lincoln City,Middlesbrough,Middlesbrough,-,0.0,0.0,-,0.0,0.0,1.5128205,0.97,0.98,2026-08-16 16:25:16.805
2026-08-15,SOC,"40817",Derby County,Charlton,Derby County,-,0.0,0.0,-,0.0,0.0,2.75,0.42,0.53,2026-08-16 16:25:16.805
2026-08-15,SOC,"40817",Derby County,Charlton,Charlton,-,0.0,0.0,-,0.0,0.0,2.7,0.58,0.47,2026-08-16 16:25:16.805
2026-08-15,SOC,"40817",Queens Park Rangers,Portsmouth,Queens Park Rangers,-,0.0,0.0,-,0.0,0.0,3.15,0.66,0.25,2026-08-16 16:25:16.805
2026-08-15,SOC,"40817",Queens Park Rangers,Portsmouth,Portsmouth,-,0.0,0.0,-,0.0,0.0,2.35,0.34,0.75,2026-08-16 16:25:16.805
2026-08-15,SOC,"40817",Birmingham,Sheffield Utd,Birmingham,-,0.0,0.0,-,0.0,0.0,3.3,0.24,0.25,2026-08-16 16:25:16.805
2026-08-15,SOC,"40817",Birmingham,Sheffield Utd,Sheffield Utd,-,0.0,0.0,-,0.0,0.0,2.25,0.76,0.75,2026-08-16 16:25:16.805
2026-08-16,SOC,"40817",Southampton,Watford,Southampton,-,0.0,0.0,-,0.0,0.0,2.05,0.93,0.89,2026-08-16 16:25:16.805
2026-08-16,SOC,"40817",Southampton,Watford,Watford,-,0.0,0.0,-,0.0,0.0,3.55,0.07,0.11,2026-08-16 16:25:16.805
2026-08-16,SOC,"40817",West Ham,Burnley,West Ham,-,0.0,0.0,-,0.0,0.0,2.25,0.93,0.89,2026-08-16 16:25:16.805
2026-08-16,SOC,"40817",West Ham,Burnley,Burnley,-,0.0,0.0,-,0.0,0.0,3.1,0.07,0.11,2026-08-16 16:25:16.805
2026-08-17,SOC,"40817",Wrexham,Cardiff City,Wrexham,-,0.0,0.0,-,0.0,0.0,2.8,0.76,0.45,2026-08-16 16:25:16.805
2026-08-17,SOC,"40817",Wrexham,Cardiff City,Cardiff City,-,0.0,0.0,-,0.0,0.0,2.45,0.24,0.55,2026-08-16 16:25:16.805
2026-08-15,SOC,"89345",New York Red Bulls,Atlanta Utd,New York Red Bulls,-,0.0,0.0,-,0.0,0.0,3.0,0.51,0.38,2026-08-16 16:25:24.353
2026-08-15,SOC,"89345",New York Red Bulls,Atlanta Utd,Atlanta Utd,-,0.0,0.0,-,0.0,0.0,2.05,0.49,0.62,2026-08-16 16:25:24.353
2026-08-15,SOC,"89345",DC Utd,CF Montreal,DC Utd,-,0.0,0.0,-,0.0,0.0,3.05,0.38,0.32,2026-08-16 16:25:24.353
2026-08-15,SOC,"89345",DC Utd,CF Montreal,CF Montreal,-,0.0,0.0,-,0.0,0.0,2.1,0.62,0.68,2026-08-16 16:25:24.353
2026-08-15,SOC,"89345",Columbus Crew,Charlotte FC,Columbus Crew,-,0.0,0.0,-,0.0,0.0,3.1,0.15,0.32,2026-08-16 16:25:24.353
2026-08-15,SOC,"89345",Columbus Crew,Charlotte FC,Charlotte FC,-,0.0,0.0,-,0.0,0.0,2.1,0.85,0.68,2026-08-16 16:25:24.353
2026-08-15,SOC,"89345",FC Cincinnati,Orlando City,FC Cincinnati,-,0.0,0.0,-,0.0,0.0,2.3,0.39,0.35,2026-08-16 16:25:24.353
2026-08-15,SOC,"89345",FC Cincinnati,Orlando City,Orlando City,-,0.0,0.0,-,0.0,0.0,2.5,0.61,0.65,2026-08-16 16:25:24.353
2026-08-15,SOC,"89345",NE Revolution,Toronto FC,NE Revolution,-,0.0,0.0,-,0.0,0.0,2.95,0.42,0.41,2026-08-16 16:25:24.353
2026-08-15,SOC,"89345",NE Revolution,Toronto FC,Toronto FC,-,0.0,0.0,-,0.0,0.0,2.15,0.58,0.59,2026-08-16 16:25:24.353
2026-08-15,SOC,"89345",Inter Miami,Nashville SC,Inter Miami,-,0.0,0.0,-,0.0,0.0,2.55,0.91,0.71,2026-08-16 16:25:24.353
2026-08-15,SOC,"89345",Inter Miami,Nashville SC,Nashville SC,-,0.0,0.0,-,0.0,0.0,2.4,0.09,0.29,2026-08-16 16:25:24.353
2026-08-15,SOC,"89345",LA Galaxy,HOU Dynamo,LA Galaxy,-,0.0,0.0,-,0.0,0.0,4.6,0.06,0.19,2026-08-16 16:25:24.353
2026-08-15,SOC,"89345",LA Galaxy,HOU Dynamo,HOU Dynamo,-,0.0,0.0,-,0.0,0.0,1.6451613,0.94,0.81,2026-08-16 16:25:24.353
2026-08-15,SOC,"89345",Sporting KC,COL Rapids,Sporting KC,-,0.0,0.0,-,0.0,0.0,5.75,0.02,0.21,2026-08-16 16:25:24.353
2026-08-15,SOC,"89345",Sporting KC,COL Rapids,COL Rapids,-,0.0,0.0,-,0.0,0.0,1.4545455,0.98,0.79,2026-08-16 16:25:24.353
2026-08-15,SOC,"89345",Minnesota Utd,Real Salt Lake,Minnesota Utd,-,0.0,0.0,-,0.0,0.0,3.8,0.04,0.19,2026-08-16 16:25:24.353
2026-08-15,SOC,"89345",Minnesota Utd,Real Salt Lake,Real Salt Lake,-,0.0,0.0,-,0.0,0.0,1.8333334,0.96,0.81,2026-08-16 16:25:24.353
2026-08-15,SOC,"89345",San Diego FC,LAFC,San Diego FC,-,0.0,0.0,-,0.0,0.0,4.6,0.01,0.12,2026-08-16 16:25:24.353
2026-08-15,SOC,"89345",San Diego FC,LAFC,LAFC,-,0.0,0.0,-,0.0,0.0,1.6060606,0.99,0.88,2026-08-16 16:25:24.353
2026-08-15,SOC,"89345",St Louis City SC,SJ Earthquakes,St Louis City SC,-,0.0,0.0,-,0.0,0.0,3.0,0.23,0.4,2026-08-16 16:25:24.353
2026-08-15,SOC,"89345",St Louis City SC,SJ Earthquakes,SJ Earthquakes,-,0.0,0.0,-,0.0,0.0,2.05,0.77,0.6,2026-08-16 16:25:24.353
2026-08-16,SOC,"89345",PHI Union,NYCFC,PHI Union,-,0.0,0.0,-,0.0,0.0,2.75,0.13,0.55,2026-08-16 16:25:24.353
2026-08-16,SOC,"89345",PHI Union,NYCFC,NYCFC,-,0.0,0.0,-,0.0,0.0,2.3,0.87,0.45,2026-08-16 16:25:24.353
2026-08-16,SOC,"89345",POR Timbers,CHI Fire,POR Timbers,-,0.0,0.0,-,0.0,0.0,5.0,0.39,0.43,2026-08-16 16:25:24.353
2026-08-16,SOC,"89345",POR Timbers,CHI Fire,CHI Fire,-,0.0,0.0,-,0.0,0.0,1.5,0.61,0.57,2026-08-16 16:25:24.353
2026-08-16,SOC,"89345",FC Dallas,Austin FC,FC Dallas,-,0.0,0.0,-,0.0,0.0,2.25,0.31,0.77,2026-08-16 16:25:24.353
2026-08-16,SOC,"89345",FC Dallas,Austin FC,Austin FC,-,0.0,0.0,-,0.0,0.0,2.8,0.69,0.23,2026-08-16 16:25:24.353
2026-08-16,SOC,"89345",Vancouver Whitecaps,Seattle Sounders,Vancouver Whitecaps,-,0.0,0.0,-,0.0,0.0,1.8,0.79,0.88,2026-08-16 16:25:24.353
2026-08-16,SOC,"89345",Vancouver Whitecaps,Seattle Sounders,Seattle Sounders,-,0.0,0.0,-,0.0,0.0,3.8,0.21,0.12,2026-08-16 16:25:24.353
2026-08-15,UFC,UFC,Chidi Njokuani,Joel Alvarez,Chidi Njokuani,-,0.0,0.0,-,0.0,0.0,3.0,0.0,0.0,2026-08-16 16:25:26.255
2026-08-15,UFC,UFC,Chidi Njokuani,Joel Alvarez,Joel Alvarez,-,0.0,0.0,-,0.0,0.0,1.4081633,1.0,1.0,2026-08-16 16:25:26.255
2026-08-15,UFC,UFC,Myktybek Orolbai,Jeremiah Wells,Myktybek Orolbai,-,0.0,0.0,-,0.0,0.0,1.074074,0.78,0.89,2026-08-16 16:25:26.255
2026-08-15,UFC,UFC,Myktybek Orolbai,Jeremiah Wells,Jeremiah Wells,-,0.0,0.0,-,0.0,0.0,9.0,0.22,0.11,2026-08-16 16:25:26.255
2026-08-15,UFC,UFC,Ramiz Brahimaj,Neil Magny,Ramiz Brahimaj,-,0.0,0.0,-,0.0,0.0,1.7042253,0.75,0.59,2026-08-16 16:25:26.255
2026-08-15,UFC,UFC,Ramiz Brahimaj,Neil Magny,Neil Magny,-,0.0,0.0,-,0.0,0.0,2.2,0.25,0.41,2026-08-16 16:25:26.255
2026-08-15,UFC,UFC,Lucas Fernando,Rafael Tobias,Lucas Fernando,-,0.0,0.0,-,0.0,0.0,1.3508772,0.62,0.79,2026-08-16 16:25:26.255
2026-08-15,UFC,UFC,Lucas Fernando,Rafael Tobias,Rafael Tobias,-,0.0,0.0,-,0.0,0.0,3.3,0.38,0.21,2026-08-16 16:25:26.255
2026-08-15,UFC,UFC,Tresean Gore,Vicente Luque,Tresean Gore,-,0.0,0.0,-,0.0,0.0,1.8474576,0.6,0.49,2026-08-16 16:25:26.255
2026-08-15,UFC,UFC,Tresean Gore,Vicente Luque,Vicente Luque,-,0.0,0.0,-,0.0,0.0,1.9803921,0.4,0.51,2026-08-16 16:25:26.255
2026-08-15,UFC,UFC,Eric McConico,Donte Johnson,Eric McConico,-,0.0,0.0,-,0.0,0.0,3.8,0.29,0.16,2026-08-16 16:25:26.255
2026-08-15,UFC,UFC,Eric McConico,Donte Johnson,Donte Johnson,-,0.0,0.0,-,0.0,0.0,1.2816901,0.71,0.84,2026-08-16 16:25:26.255
2026-08-15,UFC,UFC,Eduardo Henrique,Charles Johnson,Eduardo Henrique,-,0.0,0.0,-,0.0,0.0,1.9803921,0.39,0.3,2026-08-16 16:25:26.255
2026-08-15,UFC,UFC,Eduardo Henrique,Charles Johnson,Charles Johnson,-,0.0,0.0,-,0.0,0.0,1.8474576,0.61,0.7,2026-08-16 16:25:26.255
2026-08-15,UFC,UFC,Joel Alvarez,Chidi Njokuani,Joel Alvarez,-,0.0,0.0,-,0.0,0.0,1.2666667,0.78,0.87,2026-08-16 16:25:26.255
2026-08-15,UFC,UFC,Joel Alvarez,Chidi Njokuani,Chidi Njokuani,-,0.0,0.0,-,0.0,0.0,3.95,0.22,0.13,2026-08-16 16:25:26.255
2026-08-15,UFC,UFC,Esteban Ribovics,Edson Barboza,Esteban Ribovics,-,0.0,0.0,-,0.0,0.0,1.1333333,0.3,0.75,2026-08-16 16:25:26.255
2026-08-15,UFC,UFC,Esteban Ribovics,Edson Barboza,Edson Barboza,-,0.0,0.0,-,0.0,0.0,6.25,0.7,0.25,2026-08-16 16:25:26.255
2026-08-15,UFC,UFC,Dustin Stoltzfus,Mansur Abdul-Malik,Dustin Stoltzfus,-,0.0,0.0,-,0.0,0.0,5.9,0.38,0.13,2026-08-16 16:25:26.255
2026-08-15,UFC,UFC,Dustin Stoltzfus,Mansur Abdul-Malik,Mansur Abdul-Malik,-,0.0,0.0,-,0.0,0.0,1.1481482,0.62,0.87,2026-08-16 16:25:26.255
2026-08-15,UFC,UFC,Jose Ochoa,Charles Johnson,Jose Ochoa,-,0.0,0.0,-,0.0,0.0,1.2197802,0.77,0.82,2026-08-16 16:25:26.255
2026-08-15,UFC,UFC,Jose Ochoa,Charles Johnson,Charles Johnson,-,0.0,0.0,-,0.0,0.0,4.5,0.23,0.18,2026-08-16 16:25:26.255
2026-08-15,UFC,UFC,Kaue Fernandes,Jalin Turner,Kaue Fernandes,-,0.0,0.0,-,0.0,0.0,2.0,0.56,0.37,2026-08-16 16:25:26.255
2026-08-15,UFC,UFC,Kaue Fernandes,Jalin Turner,Jalin Turner,-,0.0,0.0,-,0.0,0.0,1.8333334,0.44,0.63,2026-08-16 16:25:26.255
2026-08-15,UFC,UFC,Gillian Robertson,Mackenzie Dern,Gillian Robertson,-,0.0,0.0,-,0.0,0.0,2.8,0.3,0.28,2026-08-16 16:25:26.255
2026-08-15,UFC,UFC,Gillian Robertson,Mackenzie Dern,Mackenzie Dern,-,0.0,0.0,-,0.0,0.0,1.4587156,0.7,0.72,2026-08-16 16:25:26.255
2026-08-15,UFC,UFC,Ian Machado Garry,Islam Makhachev,Ian Machado Garry,-,0.0,0.0,-,0.0,0.0,3.6,0.56,0.31,2026-08-16 16:25:26.255
2026-08-15,UFC,UFC,Ian Machado Garry,Islam Makhachev,Islam Makhachev,-,0.0,0.0,-,0.0,0.0,1.3076923,0.44,0.69,2026-08-16 16:25:26.255
2026-08-15,BOX,BOX,Alexander Thiel,Jaquan McElroy,Alexander Thiel,-,0.0,0.0,-,0.0,0.0,9.0,0.0,0.0,2026-08-16 16:25:30.470
2026-08-15,BOX,BOX,Alexander Thiel,Jaquan McElroy,Jaquan McElroy,-,0.0,0.0,-,0.0,0.0,1.0625,1.0,1.0,2026-08-16 16:25:30.470
2026-08-15,BOX,BOX,Michael Nelson,Casey Dixon,Michael Nelson,-,0.0,0.0,-,0.0,0.0,10.0,0.0,0.0,2026-08-16 16:25:30.470
2026-08-15,BOX,BOX,Michael Nelson,Casey Dixon,Casey Dixon,-,0.0,0.0,-,0.0,0.0,1.05,1.0,1.0,2026-08-16 16:25:30.470
2026-08-15,BOX,BOX,Rahmel McKinley,Daniel Mercado,Rahmel McKinley,-,0.0,0.0,-,0.0,0.0,17.0,0.0,0.0,2026-08-16 16:25:30.470
2026-08-15,BOX,BOX,Rahmel McKinley,Daniel Mercado,Daniel Mercado,-,0.0,0.0,-,0.0,0.0,1.01,1.0,1.0,2026-08-16 16:25:30.470
2026-08-15,BOX,BOX,Marianela Ramirez,Shannel Butler,Marianela Ramirez,-,0.0,0.0,-,0.0,0.0,8.5,0.0,0.0,2026-08-16 16:25:30.470
2026-08-15,BOX,BOX,Marianela Ramirez,Shannel Butler,Shannel Butler,-,0.0,0.0,-,0.0,0.0,1.0625,1.0,1.0,2026-08-16 16:25:30.470
2026-08-15,BOX,BOX,Da'Velle Smith,Hakim Lopez,Da'Velle Smith,-,0.0,0.0,-,0.0,0.0,1.3846154,1.0,1.0,2026-08-16 16:25:30.470
2026-08-15,BOX,BOX,Da'Velle Smith,Hakim Lopez,Hakim Lopez,-,0.0,0.0,-,0.0,0.0,3.0,0.0,0.0,2026-08-16 16:25:30.470
2026-08-15,BOX,BOX,Olivia Curry,Danielle Perkins,Olivia Curry,-,0.0,0.0,-,0.0,0.0,5.75,0.0,0.0,2026-08-16 16:25:30.470
2026-08-15,BOX,BOX,Olivia Curry,Danielle Perkins,Danielle Perkins,-,0.0,0.0,-,0.0,0.0,1.1333333,1.0,1.0,2026-08-16 16:25:30.470
2026-08-15,BOX,BOX,Roamer Angulo,Atif Oberlton,Roamer Angulo,-,0.0,0.0,-,0.0,0.0,10.0,0.11,0.05,2026-08-16 16:25:30.470
2026-08-15,BOX,BOX,Roamer Angulo,Atif Oberlton,Atif Oberlton,-,0.0,0.0,-,0.0,0.0,1.05,0.89,0.95,2026-08-16 16:25:30.470
2026-08-15,BOX,BOX,Bernice Ferreira,Caroline Veyre,Bernice Ferreira,-,0.0,0.0,-,0.0,0.0,4.2,0.0,0.0,2026-08-16 16:25:30.470
2026-08-15,BOX,BOX,Bernice Ferreira,Caroline Veyre,Caroline Veyre,-,0.0,0.0,-,0.0,0.0,1.2222222,1.0,1.0,2026-08-16 16:25:30.470
2026-08-15,BOX,BOX,Paulette Cuesta,Ashleyann Lozada,Paulette Cuesta,-,0.0,0.0,-,0.0,0.0,7.5,0.0,0.0,2026-08-16 16:25:30.517
2026-08-15,BOX,BOX,Paulette Cuesta,Ashleyann Lozada,Ashleyann Lozada,-,0.0,0.0,-,0.0,0.0,1.0833334,1.0,1.0,2026-08-16 16:25:30.517
2026-08-15,BOX,BOX,Joseph Hicks,Troy Isley,Joseph Hicks,-,0.0,0.0,-,0.0,0.0,5.75,0.0,0.0,2026-08-16 16:25:30.517
2026-08-15,BOX,BOX,Joseph Hicks,Troy Isley,Troy Isley,-,0.0,0.0,-,0.0,0.0,1.1333333,1.0,1.0,2026-08-16 16:25:30.517
2026-08-15,BOX,BOX,Roger Hilley,Ernesto Mercado,Roger Hilley,-,0.0,0.0,-,0.0,0.0,14.0,0.0,0.0,2026-08-16 16:25:30.517
2026-08-15,BOX,BOX,Roger Hilley,Ernesto Mercado,Ernesto Mercado,-,0.0,0.0,-,0.0,0.0,1.02,1.0,1.0,2026-08-16 16:25:30.517
2026-08-16,BOX,BOX,Kaye Scott,Claressa Shields,Kaye Scott,-,0.0,0.0,-,0.0,0.0,13.0,0.94,0.18,2026-08-16 16:25:30.517
2026-08-16,BOX,BOX,Kaye Scott,Claressa Shields,Claressa Shields,-,0.0,0.0,-,0.0,0.0,1.0333333,0.06,0.82,2026-08-16 16:25:30.517
2026-08-16,BOX,BOX,Emmanuel Tagoe,Ernesto Mercado,Emmanuel Tagoe,-,0.0,0.0,-,0.0,0.0,12.0,0.0,0.0,2026-08-16 16:25:30.517
2026-08-16,BOX,BOX,Emmanuel Tagoe,Ernesto Mercado,Ernesto Mercado,-,0.0,0.0,-,0.0,0.0,1.0333333,1.0,1.0,2026-08-16 16:25:30.517
2026-08-15,AFL,AFL,Collingwood Magpies,Hawthorn Hawks,Collingwood Magpies,+21.5,0.88,0.5,-,0.0,0.0,3.45,0.0,0.0,2026-08-16 16:25:32.116
2026-08-15,AFL,AFL,Collingwood Magpies,Hawthorn Hawks,Hawthorn Hawks,-21.5,0.12,0.5,-,0.0,0.0,1.3030303,1.0,1.0,2026-08-16 16:25:32.116
2026-08-15,AFL,AFL,Melbourne Demons,Port Adelaide Power,Melbourne Demons,-25.5,1.0,1.0,-,0.0,0.0,1.2564102,1.0,1.0,2026-08-16 16:25:32.116
2026-08-15,AFL,AFL,Melbourne Demons,Port Adelaide Power,Port Adelaide Power,+25.5,0.0,0.0,-,0.0,0.0,3.9,0.0,0.0,2026-08-16 16:25:32.116
2026-08-15,AFL,AFL,West Coast Eagles,GWS Giants,West Coast Eagles,+31.5,1.0,1.0,"182.5",0.0,0.0,4.9,0.0,0.0,2026-08-16 16:25:32.116
2026-08-15,AFL,AFL,West Coast Eagles,GWS Giants,GWS Giants,-31.5,0.0,0.0,"182.5",1.0,1.0,1.173913,1.0,1.0,2026-08-16 16:25:32.116
2026-08-16,AFL,AFL,Carlton Blues,Western Bulldogs,Carlton Blues,-19.5,0.18,0.5,-,0.0,0.0,1.3508772,0.0,0.0,2026-08-16 16:25:32.116
2026-08-16,AFL,AFL,Carlton Blues,Western Bulldogs,Western Bulldogs,+19.5,0.82,0.5,-,0.0,0.0,3.15,1.0,1.0,2026-08-16 16:25:32.116
2026-08-15,MLB,MLB,Chicago White Sox,Detroit Tigers,Chicago White Sox,+1.5,0.14,0.53,"8",0.65,0.65,2.3,0.39,0.29,2026-08-16 16:55:08.728
2026-08-15,MLB,MLB,Chicago White Sox,Detroit Tigers,Detroit Tigers,-1.5,0.86,0.47,"8",0.35,0.35,1.7142857,0.61,0.71,2026-08-16 16:55:08.728
2026-08-15,MLB,MLB,ST Louis Cardinals,Chicago Cubs,ST Louis Cardinals,+1.5,0.12,0.23,"9",0.53,0.49,2.68,0.21,0.14,2026-08-16 16:55:08.728
2026-08-15,MLB,MLB,ST Louis Cardinals,Chicago Cubs,Chicago Cubs,-1.5,0.88,0.77,"9",0.47,0.51,1.5524862,0.79,0.86,2026-08-16 16:55:08.728
2026-08-15,MLB,MLB,New York Yankees,Toronto Blue Jays,New York Yankees,-1.5,0.85,0.7,"7",0.52,0.49,1.5376344,0.83,0.83,2026-08-16 16:55:08.728
2026-08-15,MLB,MLB,New York Yankees,Toronto Blue Jays,Toronto Blue Jays,+1.5,0.15,0.3,"7",0.48,0.51,2.73,0.17,0.17,2026-08-16 16:55:08.728
2026-08-15,MLB,MLB,Colorado Rockies,San Francisco Giants,Colorado Rockies,+1.5,0.09,0.37,"7.5",0.84,0.75,2.55,0.26,0.21,2026-08-16 16:55:08.728
2026-08-15,MLB,MLB,Colorado Rockies,San Francisco Giants,San Francisco Giants,-1.5,0.91,0.63,"7.5",0.16,0.25,1.5988024,0.74,0.79,2026-08-16 16:55:08.728
2026-08-15,MLB,MLB,Washington Nationals,New York Mets,Washington Nationals,+1.5,0.1,0.6,"7.5",0.79,0.65,2.21,0.17,0.35,2026-08-16 16:55:08.728
2026-08-15,MLB,MLB,Washington Nationals,New York Mets,New York Mets,-1.5,0.9,0.4,"7.5",0.21,0.35,1.7692307,0.83,0.65,2026-08-16 16:55:08.728
2026-08-15,MLB,MLB,Baltimore Orioles,Tampa Bay Rays,Baltimore Orioles,+1.5,0.03,0.39,"7.5",0.45,0.61,2.31,0.2,0.18,2026-08-16 16:55:08.728
2026-08-15,MLB,MLB,Baltimore Orioles,Tampa Bay Rays,Tampa Bay Rays,-1.5,0.97,0.61,"7.5",0.55,0.39,1.7092198,0.8,0.82,2026-08-16 16:55:08.728
2026-08-15,MLB,MLB,Miami Marlins,Cincinnati Reds,Miami Marlins,-1.5,0.69,0.18,"9",0.94,0.53,1.9803921,0.66,0.49,2026-08-16 16:55:08.728
2026-08-15,MLB,MLB,Miami Marlins,Cincinnati Reds,Cincinnati Reds,+1.5,0.31,0.82,"9",0.06,0.47,1.9523809,0.34,0.51,2026-08-16 16:55:08.728
2026-08-15,MLB,MLB,San Diego Padres,Cleveland Guardians,San Diego Padres,-1.5,0.69,0.42,"8.5",0.31,0.55,2.01,0.79,0.56,2026-08-16 16:55:08.728
2026-08-15,MLB,MLB,San Diego Padres,Cleveland Guardians,Cleveland Guardians,+1.5,0.31,0.58,"8.5",0.69,0.45,1.925926,0.21,0.44,2026-08-16 16:55:08.728
2026-08-15,MLB,MLB,Philadelphia Phillies,Minnesota Twins,Philadelphia Phillies,-1.5,0.75,0.63,"8",0.95,0.69,1.7518797,0.77,0.87,2026-08-16 16:55:08.728
2026-08-15,MLB,MLB,Philadelphia Phillies,Minnesota Twins,Minnesota Twins,+1.5,0.25,0.37,"8",0.05,0.31,2.23,0.23,0.13,2026-08-16 16:55:08.728
2026-08-15,MLB,MLB,Seattle Mariners,Houston Astros,Seattle Mariners,+1.5,0.19,0.64,"8.5",0.82,0.59,2.1,0.33,0.28,2026-08-16 16:55:08.728
2026-08-15,MLB,MLB,Seattle Mariners,Houston Astros,Houston Astros,-1.5,0.81,0.36,"8.5",0.18,0.41,1.8474576,0.67,0.72,2026-08-16 16:55:08.728
2026-08-15,MLB,MLB,Arizona Diamondbacks,Atlanta Braves,Arizona Diamondbacks,+1.5,0.56,0.64,"9",0.77,0.37,2.23,0.38,0.26,2026-08-16 16:55:08.728
2026-08-15,MLB,MLB,Arizona Diamondbacks,Atlanta Braves,Atlanta Braves,-1.5,0.44,0.36,"9",0.23,0.63,1.7518797,0.62,0.74,2026-08-16 16:55:08.728
2026-08-15,MLB,MLB,Boston Red Sox,Pittsburgh Pirates,Boston Red Sox,-1.5,0.83,0.64,"7.5",0.74,0.7,1.8403361,0.91,0.84,2026-08-16 16:55:08.728
2026-08-15,MLB,MLB,Boston Red Sox,Pittsburgh Pirates,Pittsburgh Pirates,+1.5,0.17,0.36,"7.5",0.26,0.3,2.11,0.09,0.16,2026-08-16 16:55:08.728
2026-08-15,MLB,MLB,Milwaukee Brewers,Los Angeles Dodgers,Milwaukee Brewers,-1.5,0.26,0.2,"7.5",0.16,0.4,1.8196721,0.64,0.56,2026-08-16 16:55:08.728
2026-08-15,MLB,MLB,Milwaukee Brewers,Los Angeles Dodgers,Los Angeles Dodgers,+1.5,0.74,0.8,"7.5",0.84,0.6,2.14,0.36,0.44,2026-08-16 16:55:08.728
2026-08-15,MLB,MLB,Kansas City Royals,Los Angeles Angels,Kansas City Royals,+1.5,0.63,0.78,"8",0.48,0.49,2.42,0.49,0.38,2026-08-16 16:55:08.728
2026-08-15,MLB,MLB,Kansas City Royals,Los Angeles Angels,Los Angeles Angels,-1.5,0.37,0.22,"8",0.52,0.51,1.6535947,0.51,0.62,2026-08-16 16:55:08.728
2026-08-15,MLB,MLB,Texas Rangers,Athletics,Texas Rangers,-1.5,0.77,0.35,"9.5",0.71,0.42,1.6493506,0.7,0.72,2026-08-16 16:55:08.728
2026-08-15,MLB,MLB,Texas Rangers,Athletics,Athletics,+1.5,0.23,0.65,"9.5",0.29,0.58,2.43,0.3,0.28,2026-08-16 16:55:08.728
2026-08-16,MLB,MLB,Baltimore Orioles,Tampa Bay Rays,Baltimore Orioles,+1.5,0.09,0.48,"8",0.67,0.59,2.27,0.26,0.32,2026-08-16 16:55:08.728
2026-08-16,MLB,MLB,Baltimore Orioles,Tampa Bay Rays,Tampa Bay Rays,-1.5,0.91,0.52,"8",0.33,0.41,1.7352941,0.74,0.68,2026-08-16 16:55:08.728
2026-08-16,MLB,MLB,Arizona Diamondbacks,Atlanta Braves,Arizona Diamondbacks,+1.5,0.12,0.57,"8.5",0.76,0.63,2.16,0.36,0.36,2026-08-16 16:55:08.728
2026-08-16,MLB,MLB,Arizona Diamondbacks,Atlanta Braves,Atlanta Braves,-1.5,0.88,0.43,"8.5",0.24,0.37,1.8064516,0.64,0.64,2026-08-16 16:55:08.728
2026-08-16,MLB,MLB,Boston Red Sox,Pittsburgh Pirates,Boston Red Sox,-1.5,0.16,0.43,"8",0.68,0.47,1.877193,0.8,0.64,2026-08-16 16:55:08.728
2026-08-16,MLB,MLB,Boston Red Sox,Pittsburgh Pirates,Pittsburgh Pirates,+1.5,0.84,0.57,"8",0.32,0.53,2.06,0.2,0.36,2026-08-16 16:55:08.728
2026-08-16,MLB,MLB,New York Yankees,Toronto Blue Jays,New York Yankees,+1.5,0.26,0.4,"7",0.06,0.3,2.12,0.64,0.56,2026-08-16 16:55:08.728
2026-08-16,MLB,MLB,New York Yankees,Toronto Blue Jays,Toronto Blue Jays,-1.5,0.74,0.6,"7",0.94,0.7,1.8333334,0.36,0.44,2026-08-16 16:55:08.728
2026-08-16,MLB,MLB,San Diego Padres,Cleveland Guardians,San Diego Padres,-1.5,0.9,0.41,"8.5",0.29,0.34,1.925926,0.9,0.63,2026-08-16 16:55:08.728
2026-08-16,MLB,MLB,San Diego Padres,Cleveland Guardians,Cleveland Guardians,+1.5,0.1,0.59,"8.5",0.71,0.66,2.01,0.1,0.37,2026-08-16 16:55:08.728
2026-08-16,MLB,MLB,Washington Nationals,New York Mets,Washington Nationals,+1.5,0.0,0.56,"8.5",0.88,0.44,2.53,0.17,0.34,2026-08-16 16:55:08.728
2026-08-16,MLB,MLB,Washington Nationals,New York Mets,New York Mets,-1.5,1.0,0.44,"8.5",0.12,0.56,1.6060606,0.83,0.66,2026-08-16 16:55:08.728
2026-08-16,MLB,MLB,Miami Marlins,Cincinnati Reds,Miami Marlins,-1.5,0.93,0.34,"9",0.54,0.43,1.8403361,0.7,0.57,2026-08-16 16:55:08.728
2026-08-16,MLB,MLB,Miami Marlins,Cincinnati Reds,Cincinnati Reds,+1.5,0.07,0.66,"9",0.46,0.57,2.11,0.3,0.43,2026-08-16 16:55:08.728
2026-08-16,MLB,MLB,Chicago White Sox,Detroit Tigers,Chicago White Sox,-1.5,0.91,0.31,"8",0.86,0.55,1.9803921,0.67,0.56,2026-08-16 16:55:08.728
2026-08-16,MLB,MLB,Chicago White Sox,Detroit Tigers,Detroit Tigers,+1.5,0.09,0.69,"8",0.14,0.45,1.9523809,0.33,0.44,2026-08-16 16:55:08.728
2026-08-16,MLB,MLB,Philadelphia Phillies,Minnesota Twins,Philadelphia Phillies,-1.5,0.3,0.54,"9",0.61,0.57,1.925926,0.87,0.7,2026-08-16 16:55:08.728
2026-08-16,MLB,MLB,Philadelphia Phillies,Minnesota Twins,Minnesota Twins,+1.5,0.7,0.46,"9",0.39,0.43,2.01,0.13,0.3,2026-08-16 16:55:08.728
2026-08-16,MLB,MLB,ST Louis Cardinals,Chicago Cubs,ST Louis Cardinals,+1.5,0.06,0.47,"9",0.97,0.34,2.42,0.36,0.23,2026-08-16 16:55:08.728
2026-08-16,MLB,MLB,ST Louis Cardinals,Chicago Cubs,Chicago Cubs,-1.5,0.94,0.53,"9",0.03,0.66,1.6535947,0.64,0.77,2026-08-16 16:55:08.728
2026-08-16,MLB,MLB,Texas Rangers,Athletics,Texas Rangers,-1.5,0.95,0.44,"10.5",0.66,0.42,1.7042253,0.49,0.64,2026-08-16 16:55:08.728
2026-08-16,MLB,MLB,Texas Rangers,Athletics,Athletics,+1.5,0.05,0.56,"10.5",0.34,0.58,2.18,0.51,0.36,2026-08-16 16:55:08.728
2026-08-16,MLB,MLB,Colorado Rockies,San Francisco Giants,Colorado Rockies,+1.5,0.1,0.54,"8",0.28,0.52,2.12,0.28,0.31,2026-08-16 16:55:08.728
2026-08-16,MLB,MLB,Colorado Rockies,San Francisco Giants,San Francisco Giants,-1.5,0.9,0.46,"8",0.72,0.48,1.7407408,0.72,0.69,2026-08-16 16:55:08.728
2026-08-16,MLB,MLB,Kansas City Royals,Los Angeles Angels,Kansas City Royals,-1.5,0.98,0.28,"9.5",0.11,0.14,1.7936507,0.79,0.6,2026-08-16 16:55:08.728
2026-08-16,MLB,MLB,Kansas City Royals,Los Angeles Angels,Los Angeles Angels,+1.5,0.02,0.73,"9.5",0.89,0.86,2.04,0.21,0.4,2026-08-16 16:55:08.728
2026-08-16,MLB,MLB,Milwaukee Brewers,Los Angeles Dodgers,Milwaukee Brewers,+1.5,0.06,0.52,"7.5",0.25,0.36,2.52,0.28,0.26,2026-08-16 16:55:08.728
2026-08-16,MLB,MLB,Milwaukee Brewers,Los Angeles Dodgers,Los Angeles Dodgers,-1.5,0.94,0.48,"7.5",0.75,0.64,1.5405406,0.72,0.74,2026-08-16 16:55:08.728
2026-08-16,MLB,MLB,Seattle Mariners,Houston Astros,Seattle Mariners,+1.5,0.07,0.71,"7.5",0.35,0.6,2.18,0.18,0.32,2026-08-16 16:55:08.728
2026-08-16,MLB,MLB,Seattle Mariners,Houston Astros,Houston Astros,-1.5,0.93,0.29,"7.5",0.65,0.4,1.7042253,0.82,0.68,2026-08-16 16:55:08.728
2026-08-15,SOC,"40031",Getafe,Alaves,Getafe,-,0.0,0.0,-,0.0,0.0,3.75,0.24,0.34,2026-08-16 16:55:25.450
2026-08-15,SOC,"40031",Getafe,Alaves,Alaves,-,0.0,0.0,-,0.0,0.0,2.4,0.76,0.66,2026-08-16 16:55:25.450
2026-08-15,SOC,"40031",Vallecano,Sevilla,Vallecano,-,0.0,0.0,-,0.0,0.0,3.05,0.17,0.12,2026-08-16 16:55:25.450
2026-08-15,SOC,"40031",Vallecano,Sevilla,Sevilla,-,0.0,0.0,-,0.0,0.0,2.7,0.83,0.88,2026-08-16 16:55:25.450
2026-08-16,SOC,"40031",Villarreal,Racing Santander,Villarreal,-,0.0,0.0,-,0.0,0.0,2.05,0.99,0.97,2026-08-16 16:55:25.450
2026-08-16,SOC,"40031",Villarreal,Racing Santander,Racing Santander,-,0.0,0.0,-,0.0,0.0,3.5,0.01,0.03,2026-08-16 16:55:25.450
2026-08-16,SOC,"40031",Levante,Espanyol,Levante,-,0.0,0.0,-,0.0,0.0,3.7,0.16,0.11,2026-08-16 16:55:25.450
2026-08-16,SOC,"40031",Levante,Espanyol,Espanyol,-,0.0,0.0,-,0.0,0.0,2.1,0.84,0.89,2026-08-16 16:55:25.450
2026-08-16,SOC,"40031",Osasuna,Celta Vigo,Osasuna,-,0.0,0.0,-,0.0,0.0,3.65,0.08,0.09,2026-08-16 16:55:25.450
2026-08-16,SOC,"40031",Osasuna,Celta Vigo,Celta Vigo,-,0.0,0.0,-,0.0,0.0,2.05,0.92,0.91,2026-08-16 16:55:25.450
2026-08-17,SOC,"40031",Elche,Dep La Coruna,Elche,-,0.0,0.0,-,0.0,0.0,3.35,0.54,0.55,2026-08-16 16:55:25.450
2026-08-17,SOC,"40031",Elche,Dep La Coruna,Dep La Coruna,-,0.0,0.0,-,0.0,0.0,2.35,0.46,0.45,2026-08-16 16:55:25.450
2026-08-15,SOC,"40817",Preston,Bolton,Preston,-,0.0,0.0,-,0.0,0.0,3.05,0.19,0.3,2026-08-16 16:55:27.062
2026-08-15,SOC,"40817",Preston,Bolton,Bolton,-,0.0,0.0,-,0.0,0.0,2.35,0.81,0.7,2026-08-16 16:55:27.062
2026-08-15,SOC,"40817",West Brom,Norwich,West Brom,-,0.0,0.0,-,0.0,0.0,3.75,0.05,0.11,2026-08-16 16:55:27.062
2026-08-15,SOC,"40817",West Brom,Norwich,Norwich,-,0.0,0.0,-,0.0,0.0,2.0,0.95,0.89,2026-08-16 16:55:27.062
2026-08-15,SOC,"40817",Swansea,Stoke City,Swansea,-,0.0,0.0,-,0.0,0.0,3.05,0.19,0.21,2026-08-16 16:55:27.062
2026-08-15,SOC,"40817",Swansea,Stoke City,Stoke City,-,0.0,0.0,-,0.0,0.0,2.35,0.81,0.79,2026-08-16 16:55:27.062
2026-08-15,SOC,"40817",Millwall,Bristol City,Millwall,-,0.0,0.0,-,0.0,0.0,2.8,0.58,0.44,2026-08-16 16:55:27.062
2026-08-15,SOC,"40817",Millwall,Bristol City,Bristol City,-,0.0,0.0,-,0.0,0.0,2.5,0.42,0.56,2026-08-16 16:55:27.062
2026-08-15,SOC,"40817",Lincoln City,Middlesbrough,Lincoln City,-,0.0,0.0,-,0.0,0.0,6.5,0.03,0.02,2026-08-16 16:55:27.062
2026-08-15,SOC,"40817",Lincoln City,Middlesbrough,Middlesbrough,-,0.0,0.0,-,0.0,0.0,1.5128205,0.97,0.98,2026-08-16 16:55:27.062
2026-08-15,SOC,"40817",Derby County,Charlton,Derby County,-,0.0,0.0,-,0.0,0.0,2.75,0.42,0.53,2026-08-16 16:55:27.062
2026-08-15,SOC,"40817",Derby County,Charlton,Charlton,-,0.0,0.0,-,0.0,0.0,2.7,0.58,0.47,2026-08-16 16:55:27.062
2026-08-15,SOC,"40817",Queens Park Rangers,Portsmouth,Queens Park Rangers,-,0.0,0.0,-,0.0,0.0,3.15,0.66,0.25,2026-08-16 16:55:27.062
2026-08-15,SOC,"40817",Queens Park Rangers,Portsmouth,Portsmouth,-,0.0,0.0,-,0.0,0.0,2.35,0.34,0.75,2026-08-16 16:55:27.062
2026-08-15,SOC,"40817",Birmingham,Sheffield Utd,Birmingham,-,0.0,0.0,-,0.0,0.0,3.3,0.24,0.25,2026-08-16 16:55:27.062
2026-08-15,SOC,"40817",Birmingham,Sheffield Utd,Sheffield Utd,-,0.0,0.0,-,0.0,0.0,2.25,0.76,0.75,2026-08-16 16:55:27.062
2026-08-16,SOC,"40817",Southampton,Watford,Southampton,-,0.0,0.0,-,0.0,0.0,2.05,0.93,0.89,2026-08-16 16:55:27.062
2026-08-16,SOC,"40817",Southampton,Watford,Watford,-,0.0,0.0,-,0.0,0.0,3.55,0.07,0.11,2026-08-16 16:55:27.062
2026-08-16,SOC,"40817",West Ham,Burnley,West Ham,-,0.0,0.0,-,0.0,0.0,2.25,0.93,0.89,2026-08-16 16:55:27.062
2026-08-16,SOC,"40817",West Ham,Burnley,Burnley,-,0.0,0.0,-,0.0,0.0,3.1,0.07,0.11,2026-08-16 16:55:27.062
2026-08-17,SOC,"40817",Wrexham,Cardiff City,Wrexham,-,0.0,0.0,-,0.0,0.0,2.8,0.76,0.46,2026-08-16 16:55:27.062
2026-08-17,SOC,"40817",Wrexham,Cardiff City,Cardiff City,-,0.0,0.0,-,0.0,0.0,2.45,0.24,0.54,2026-08-16 16:55:27.062
2026-08-15,SOC,"89345",New York Red Bulls,Atlanta Utd,New York Red Bulls,-,0.0,0.0,-,0.0,0.0,3.0,0.51,0.38,2026-08-16 16:55:34.655
2026-08-15,SOC,"89345",New York Red Bulls,Atlanta Utd,Atlanta Utd,-,0.0,0.0,-,0.0,0.0,2.05,0.49,0.62,2026-08-16 16:55:34.655
2026-08-15,SOC,"89345",DC Utd,CF Montreal,DC Utd,-,0.0,0.0,-,0.0,0.0,3.05,0.38,0.32,2026-08-16 16:55:34.655
2026-08-15,SOC,"89345",DC Utd,CF Montreal,CF Montreal,-,0.0,0.0,-,0.0,0.0,2.1,0.62,0.68,2026-08-16 16:55:34.655
2026-08-15,SOC,"89345",Columbus Crew,Charlotte FC,Columbus Crew,-,0.0,0.0,-,0.0,0.0,3.1,0.15,0.32,2026-08-16 16:55:34.655
2026-08-15,SOC,"89345",Columbus Crew,Charlotte FC,Charlotte FC,-,0.0,0.0,-,0.0,0.0,2.1,0.85,0.68,2026-08-16 16:55:34.655
2026-08-15,SOC,"89345",FC Cincinnati,Orlando City,FC Cincinnati,-,0.0,0.0,-,0.0,0.0,2.3,0.39,0.35,2026-08-16 16:55:34.655
2026-08-15,SOC,"89345",FC Cincinnati,Orlando City,Orlando City,-,0.0,0.0,-,0.0,0.0,2.5,0.61,0.65,2026-08-16 16:55:34.655
2026-08-15,SOC,"89345",NE Revolution,Toronto FC,NE Revolution,-,0.0,0.0,-,0.0,0.0,2.95,0.42,0.41,2026-08-16 16:55:34.655
2026-08-15,SOC,"89345",NE Revolution,Toronto FC,Toronto FC,-,0.0,0.0,-,0.0,0.0,2.15,0.58,0.59,2026-08-16 16:55:34.655
2026-08-15,SOC,"89345",Inter Miami,Nashville SC,Inter Miami,-,0.0,0.0,-,0.0,0.0,2.55,0.91,0.71,2026-08-16 16:55:34.655
2026-08-15,SOC,"89345",Inter Miami,Nashville SC,Nashville SC,-,0.0,0.0,-,0.0,0.0,2.4,0.09,0.29,2026-08-16 16:55:34.655
2026-08-15,SOC,"89345",LA Galaxy,HOU Dynamo,LA Galaxy,-,0.0,0.0,-,0.0,0.0,4.6,0.06,0.19,2026-08-16 16:55:34.655
2026-08-15,SOC,"89345",LA Galaxy,HOU Dynamo,HOU Dynamo,-,0.0,0.0,-,0.0,0.0,1.6451613,0.94,0.81,2026-08-16 16:55:34.655
2026-08-15,SOC,"89345",Sporting KC,COL Rapids,Sporting KC,-,0.0,0.0,-,0.0,0.0,5.75,0.02,0.21,2026-08-16 16:55:34.655
2026-08-15,SOC,"89345",Sporting KC,COL Rapids,COL Rapids,-,0.0,0.0,-,0.0,0.0,1.4545455,0.98,0.79,2026-08-16 16:55:34.655
2026-08-15,SOC,"89345",Minnesota Utd,Real Salt Lake,Minnesota Utd,-,0.0,0.0,-,0.0,0.0,3.8,0.04,0.19,2026-08-16 16:55:34.655
2026-08-15,SOC,"89345",Minnesota Utd,Real Salt Lake,Real Salt Lake,-,0.0,0.0,-,0.0,0.0,1.8333334,0.96,0.81,2026-08-16 16:55:34.655
2026-08-15,SOC,"89345",San Diego FC,LAFC,San Diego FC,-,0.0,0.0,-,0.0,0.0,4.6,0.01,0.12,2026-08-16 16:55:34.655
2026-08-15,SOC,"89345",San Diego FC,LAFC,LAFC,-,0.0,0.0,-,0.0,0.0,1.6060606,0.99,0.88,2026-08-16 16:55:34.655
2026-08-15,SOC,"89345",St Louis City SC,SJ Earthquakes,St Louis City SC,-,0.0,0.0,-,0.0,0.0,3.0,0.23,0.4,2026-08-16 16:55:34.655
2026-08-15,SOC,"89345",St Louis City SC,SJ Earthquakes,SJ Earthquakes,-,0.0,0.0,-,0.0,0.0,2.05,0.77,0.6,2026-08-16 16:55:34.655
2026-08-16,SOC,"89345",PHI Union,NYCFC,PHI Union,-,0.0,0.0,-,0.0,0.0,2.75,0.13,0.55,2026-08-16 16:55:34.655
2026-08-16,SOC,"89345",PHI Union,NYCFC,NYCFC,-,0.0,0.0,-,0.0,0.0,2.3,0.87,0.45,2026-08-16 16:55:34.655
2026-08-16,SOC,"89345",POR Timbers,CHI Fire,POR Timbers,-,0.0,0.0,-,0.0,0.0,5.0,0.39,0.43,2026-08-16 16:55:34.655
2026-08-16,SOC,"89345",POR Timbers,CHI Fire,CHI Fire,-,0.0,0.0,-,0.0,0.0,1.5,0.61,0.57,2026-08-16 16:55:34.655
2026-08-16,SOC,"89345",FC Dallas,Austin FC,FC Dallas,-,0.0,0.0,-,0.0,0.0,2.25,0.31,0.77,2026-08-16 16:55:34.655
2026-08-16,SOC,"89345",FC Dallas,Austin FC,Austin FC,-,0.0,0.0,-,0.0,0.0,2.8,0.69,0.23,2026-08-16 16:55:34.655
2026-08-16,SOC,"89345",Vancouver Whitecaps,Seattle Sounders,Vancouver Whitecaps,-,0.0,0.0,-,0.0,0.0,1.8,0.79,0.88,2026-08-16 16:55:34.655
2026-08-16,SOC,"89345",Vancouver Whitecaps,Seattle Sounders,Seattle Sounders,-,0.0,0.0,-,0.0,0.0,3.8,0.21,0.12,2026-08-16 16:55:34.655
2026-08-15,UFC,UFC,Chidi Njokuani,Joel Alvarez,Chidi Njokuani,-,0.0,0.0,-,0.0,0.0,3.0,0.0,0.0,2026-08-16 16:55:37.401
2026-08-15,UFC,UFC,Chidi Njokuani,Joel Alvarez,Joel Alvarez,-,0.0,0.0,-,0.0,0.0,1.4081633,1.0,1.0,2026-08-16 16:55:37.401
2026-08-15,UFC,UFC,Myktybek Orolbai,Jeremiah Wells,Myktybek Orolbai,-,0.0,0.0,-,0.0,0.0,1.074074,0.78,0.89,2026-08-16 16:55:37.401
2026-08-15,UFC,UFC,Myktybek Orolbai,Jeremiah Wells,Jeremiah Wells,-,0.0,0.0,-,0.0,0.0,9.0,0.22,0.11,2026-08-16 16:55:37.401
2026-08-15,UFC,UFC,Ramiz Brahimaj,Neil Magny,Ramiz Brahimaj,-,0.0,0.0,-,0.0,0.0,1.7042253,0.75,0.59,2026-08-16 16:55:37.401
2026-08-15,UFC,UFC,Ramiz Brahimaj,Neil Magny,Neil Magny,-,0.0,0.0,-,0.0,0.0,2.2,0.25,0.41,2026-08-16 16:55:37.401
2026-08-15,UFC,UFC,Lucas Fernando,Rafael Tobias,Lucas Fernando,-,0.0,0.0,-,0.0,0.0,1.3508772,0.62,0.79,2026-08-16 16:55:37.401
2026-08-15,UFC,UFC,Lucas Fernando,Rafael Tobias,Rafael Tobias,-,0.0,0.0,-,0.0,0.0,3.3,0.38,0.21,2026-08-16 16:55:37.401
2026-08-15,UFC,UFC,Tresean Gore,Vicente Luque,Tresean Gore,-,0.0,0.0,-,0.0,0.0,1.8474576,0.6,0.49,2026-08-16 16:55:37.401
2026-08-15,UFC,UFC,Tresean Gore,Vicente Luque,Vicente Luque,-,0.0,0.0,-,0.0,0.0,1.9803921,0.4,0.51,2026-08-16 16:55:37.401
2026-08-15,UFC,UFC,Eric McConico,Donte Johnson,Eric McConico,-,0.0,0.0,-,0.0,0.0,3.8,0.29,0.16,2026-08-16 16:55:37.401
2026-08-15,UFC,UFC,Eric McConico,Donte Johnson,Donte Johnson,-,0.0,0.0,-,0.0,0.0,1.2816901,0.71,0.84,2026-08-16 16:55:37.401
2026-08-15,UFC,UFC,Eduardo Henrique,Charles Johnson,Eduardo Henrique,-,0.0,0.0,-,0.0,0.0,1.9803921,0.39,0.3,2026-08-16 16:55:37.401
2026-08-15,UFC,UFC,Eduardo Henrique,Charles Johnson,Charles Johnson,-,0.0,0.0,-,0.0,0.0,1.8474576,0.61,0.7,2026-08-16 16:55:37.401
2026-08-15,UFC,UFC,Joel Alvarez,Chidi Njokuani,Joel Alvarez,-,0.0,0.0,-,0.0,0.0,1.2666667,0.78,0.87,2026-08-16 16:55:37.401
2026-08-15,UFC,UFC,Joel Alvarez,Chidi Njokuani,Chidi Njokuani,-,0.0,0.0,-,0.0,0.0,3.95,0.22,0.13,2026-08-16 16:55:37.401
2026-08-15,UFC,UFC,Esteban Ribovics,Edson Barboza,Esteban Ribovics,-,0.0,0.0,-,0.0,0.0,1.1333333,0.3,0.75,2026-08-16 16:55:37.401
2026-08-15,UFC,UFC,Esteban Ribovics,Edson Barboza,Edson Barboza,-,0.0,0.0,-,0.0,0.0,6.25,0.7,0.25,2026-08-16 16:55:37.401
2026-08-15,UFC,UFC,Dustin Stoltzfus,Mansur Abdul-Malik,Dustin Stoltzfus,-,0.0,0.0,-,0.0,0.0,5.9,0.38,0.13,2026-08-16 16:55:37.401
2026-08-15,UFC,UFC,Dustin Stoltzfus,Mansur Abdul-Malik,Mansur Abdul-Malik,-,0.0,0.0,-,0.0,0.0,1.1481482,0.62,0.87,2026-08-16 16:55:37.401
2026-08-15,UFC,UFC,Jose Ochoa,Charles Johnson,Jose Ochoa,-,0.0,0.0,-,0.0,0.0,1.2197802,0.77,0.82,2026-08-16 16:55:37.401
2026-08-15,UFC,UFC,Jose Ochoa,Charles Johnson,Charles Johnson,-,0.0,0.0,-,0.0,0.0,4.5,0.23,0.18,2026-08-16 16:55:37.401
2026-08-15,UFC,UFC,Kaue Fernandes,Jalin Turner,Kaue Fernandes,-,0.0,0.0,-,0.0,0.0,2.0,0.56,0.37,2026-08-16 16:55:37.401
2026-08-15,UFC,UFC,Kaue Fernandes,Jalin Turner,Jalin Turner,-,0.0,0.0,-,0.0,0.0,1.8333334,0.44,0.63,2026-08-16 16:55:37.401
2026-08-15,UFC,UFC,Gillian Robertson,Mackenzie Dern,Gillian Robertson,-,0.0,0.0,-,0.0,0.0,2.8,0.3,0.28,2026-08-16 16:55:37.401
2026-08-15,UFC,UFC,Gillian Robertson,Mackenzie Dern,Mackenzie Dern,-,0.0,0.0,-,0.0,0.0,1.4587156,0.7,0.72,2026-08-16 16:55:37.401
2026-08-15,UFC,UFC,Ian Machado Garry,Islam Makhachev,Ian Machado Garry,-,0.0,0.0,-,0.0,0.0,3.6,0.56,0.31,2026-08-16 16:55:37.401
2026-08-15,UFC,UFC,Ian Machado Garry,Islam Makhachev,Islam Makhachev,-,0.0,0.0,-,0.0,0.0,1.3076923,0.44,0.69,2026-08-16 16:55:37.401
2026-08-15,BOX,BOX,Alexander Thiel,Jaquan McElroy,Alexander Thiel,-,0.0,0.0,-,0.0,0.0,9.0,0.0,0.0,2026-08-16 16:55:39.016
2026-08-15,BOX,BOX,Alexander Thiel,Jaquan McElroy,Jaquan McElroy,-,0.0,0.0,-,0.0,0.0,1.0625,1.0,1.0,2026-08-16 16:55:39.016
2026-08-15,BOX,BOX,Michael Nelson,Casey Dixon,Michael Nelson,-,0.0,0.0,-,0.0,0.0,10.0,0.0,0.0,2026-08-16 16:55:39.016
2026-08-15,BOX,BOX,Michael Nelson,Casey Dixon,Casey Dixon,-,0.0,0.0,-,0.0,0.0,1.05,1.0,1.0,2026-08-16 16:55:39.016
2026-08-15,BOX,BOX,Rahmel McKinley,Daniel Mercado,Rahmel McKinley,-,0.0,0.0,-,0.0,0.0,17.0,0.0,0.0,2026-08-16 16:55:39.016
2026-08-15,BOX,BOX,Rahmel McKinley,Daniel Mercado,Daniel Mercado,-,0.0,0.0,-,0.0,0.0,1.01,1.0,1.0,2026-08-16 16:55:39.016
2026-08-15,BOX,BOX,Marianela Ramirez,Shannel Butler,Marianela Ramirez,-,0.0,0.0,-,0.0,0.0,8.5,0.0,0.0,2026-08-16 16:55:39.016
2026-08-15,BOX,BOX,Marianela Ramirez,Shannel Butler,Shannel Butler,-,0.0,0.0,-,0.0,0.0,1.0625,1.0,1.0,2026-08-16 16:55:39.016
2026-08-15,BOX,BOX,Da'Velle Smith,Hakim Lopez,Da'Velle Smith,-,0.0,0.0,-,0.0,0.0,1.3846154,1.0,1.0,2026-08-16 16:55:39.016
2026-08-15,BOX,BOX,Da'Velle Smith,Hakim Lopez,Hakim Lopez,-,0.0,0.0,-,0.0,0.0,3.0,0.0,0.0,2026-08-16 16:55:39.016
2026-08-15,BOX,BOX,Olivia Curry,Danielle Perkins,Olivia Curry,-,0.0,0.0,-,0.0,0.0,5.75,0.0,0.0,2026-08-16 16:55:39.016
2026-08-15,BOX,BOX,Olivia Curry,Danielle Perkins,Danielle Perkins,-,0.0,0.0,-,0.0,0.0,1.1333333,1.0,1.0,2026-08-16 16:55:39.016
2026-08-15,BOX,BOX,Roamer Angulo,Atif Oberlton,Roamer Angulo,-,0.0,0.0,-,0.0,0.0,10.0,0.11,0.05,2026-08-16 16:55:39.016
2026-08-15,BOX,BOX,Roamer Angulo,Atif Oberlton,Atif Oberlton,-,0.0,0.0,-,0.0,0.0,1.05,0.89,0.95,2026-08-16 16:55:39.016
2026-08-15,BOX,BOX,Bernice Ferreira,Caroline Veyre,Bernice Ferreira,-,0.0,0.0,-,0.0,0.0,4.2,0.0,0.0,2026-08-16 16:55:39.016
2026-08-15,BOX,BOX,Bernice Ferreira,Caroline Veyre,Caroline Veyre,-,0.0,0.0,-,0.0,0.0,1.2222222,1.0,1.0,2026-08-16 16:55:39.016
2026-08-15,BOX,BOX,Paulette Cuesta,Ashleyann Lozada,Paulette Cuesta,-,0.0,0.0,-,0.0,0.0,7.5,0.0,0.0,2026-08-16 16:55:39.016
2026-08-15,BOX,BOX,Paulette Cuesta,Ashleyann Lozada,Ashleyann Lozada,-,0.0,0.0,-,0.0,0.0,1.0833334,1.0,1.0,2026-08-16 16:55:39.016
2026-08-15,BOX,BOX,Joseph Hicks,Troy Isley,Joseph Hicks,-,0.0,0.0,-,0.0,0.0,5.75,0.0,0.0,2026-08-16 16:55:39.016
2026-08-15,BOX,BOX,Joseph Hicks,Troy Isley,Troy Isley,-,0.0,0.0,-,0.0,0.0,1.1333333,1.0,1.0,2026-08-16 16:55:39.016
2026-08-15,BOX,BOX,Roger Hilley,Ernesto Mercado,Roger Hilley,-,0.0,0.0,-,0.0,0.0,14.0,0.0,0.0,2026-08-16 16:55:39.016
2026-08-15,BOX,BOX,Roger Hilley,Ernesto Mercado,Ernesto Mercado,-,0.0,0.0,-,0.0,0.0,1.02,1.0,1.0,2026-08-16 16:55:39.016
2026-08-16,BOX,BOX,Kaye Scott,Claressa Shields,Kaye Scott,-,0.0,0.0,-,0.0,0.0,13.0,0.94,0.18,2026-08-16 16:55:39.016
2026-08-16,BOX,BOX,Kaye Scott,Claressa Shields,Claressa Shields,-,0.0,0.0,-,0.0,0.0,1.0333333,0.06,0.82,2026-08-16 16:55:39.016
2026-08-16,BOX,BOX,Emmanuel Tagoe,Ernesto Mercado,Emmanuel Tagoe,-,0.0,0.0,-,0.0,0.0,12.0,0.0,0.0,2026-08-16 16:55:39.016
2026-08-16,BOX,BOX,Emmanuel Tagoe,Ernesto Mercado,Ernesto Mercado,-,0.0,0.0,-,0.0,0.0,1.0333333,1.0,1.0,2026-08-16 16:55:39.016
2026-08-15,AFL,AFL,Collingwood Magpies,Hawthorn Hawks,Collingwood Magpies,+21.5,0.88,0.5,-,0.0,0.0,3.45,0.0,0.0,2026-08-16 16:55:40.860
2026-08-15,AFL,AFL,Collingwood Magpies,Hawthorn Hawks,Hawthorn Hawks,-21.5,0.12,0.5,-,0.0,0.0,1.3030303,1.0,1.0,2026-08-16 16:55:40.860
2026-08-15,AFL,AFL,Melbourne Demons,Port Adelaide Power,Melbourne Demons,-25.5,1.0,1.0,-,0.0,0.0,1.2564102,1.0,1.0,2026-08-16 16:55:40.860
2026-08-15,AFL,AFL,Melbourne Demons,Port Adelaide Power,Port Adelaide Power,+25.5,0.0,0.0,-,0.0,0.0,3.9,0.0,0.0,2026-08-16 16:55:40.860
2026-08-15,AFL,AFL,West Coast Eagles,GWS Giants,West Coast Eagles,+31.5,1.0,1.0,"182.5",0.0,0.0,4.9,0.0,0.0,2026-08-16 16:55:40.860
2026-08-15,AFL,AFL,West Coast Eagles,GWS Giants,GWS Giants,-31.5,0.0,0.0,"182.5",1.0,1.0,1.173913,1.0,1.0,2026-08-16 16:55:40.860
2026-08-16,AFL,AFL,Carlton Blues,Western Bulldogs,Carlton Blues,-19.5,0.18,0.5,-,0.0,0.0,1.3508772,0.0,0.0,2026-08-16 16:55:40.860
2026-08-16,AFL,AFL,Carlton Blues,Western Bulldogs,Western Bulldogs,+19.5,0.82,0.5,-,0.0,0.0,3.15,1.0,1.0,2026-08-16 16:55:40.860
2026-08-15,MLB,MLB,Chicago White Sox,Detroit Tigers,Chicago White Sox,+1.5,0.14,0.53,"8",0.65,0.65,2.3,0.39,0.29,2026-08-16 17:25:06.196
2026-08-15,MLB,MLB,Chicago White Sox,Detroit Tigers,Detroit Tigers,-1.5,0.86,0.47,"8",0.35,0.35,1.7142857,0.61,0.71,2026-08-16 17:25:06.196
2026-08-15,MLB,MLB,ST Louis Cardinals,Chicago Cubs,ST Louis Cardinals,+1.5,0.12,0.23,"9",0.53,0.49,2.68,0.21,0.14,2026-08-16 17:25:06.196
2026-08-15,MLB,MLB,ST Louis Cardinals,Chicago Cubs,Chicago Cubs,-1.5,0.88,0.77,"9",0.47,0.51,1.5524862,0.79,0.86,2026-08-16 17:25:06.196
2026-08-15,MLB,MLB,New York Yankees,Toronto Blue Jays,New York Yankees,-1.5,0.85,0.7,"7",0.52,0.49,1.5376344,0.83,0.83,2026-08-16 17:25:06.196
2026-08-15,MLB,MLB,New York Yankees,Toronto Blue Jays,Toronto Blue Jays,+1.5,0.15,0.3,"7",0.48,0.51,2.73,0.17,0.17,2026-08-16 17:25:06.196
2026-08-15,MLB,MLB,Colorado Rockies,San Francisco Giants,Colorado Rockies,+1.5,0.09,0.37,"7.5",0.84,0.75,2.55,0.26,0.21,2026-08-16 17:25:06.196
2026-08-15,MLB,MLB,Colorado Rockies,San Francisco Giants,San Francisco Giants,-1.5,0.91,0.63,"7.5",0.16,0.25,1.5988024,0.74,0.79,2026-08-16 17:25:06.196
2026-08-15,MLB,MLB,Washington Nationals,New York Mets,Washington Nationals,+1.5,0.1,0.6,"7.5",0.79,0.65,2.21,0.17,0.35,2026-08-16 17:25:06.196
2026-08-15,MLB,MLB,Washington Nationals,New York Mets,New York Mets,-1.5,0.9,0.4,"7.5",0.21,0.35,1.7692307,0.83,0.65,2026-08-16 17:25:06.196
2026-08-15,MLB,MLB,Baltimore Orioles,Tampa Bay Rays,Baltimore Orioles,+1.5,0.03,0.39,"7.5",0.45,0.61,2.31,0.2,0.18,2026-08-16 17:25:06.196
2026-08-15,MLB,MLB,Baltimore Orioles,Tampa Bay Rays,Tampa Bay Rays,-1.5,0.97,0.61,"7.5",0.55,0.39,1.7092198,0.8,0.82,2026-08-16 17:25:06.196
2026-08-15,MLB,MLB,Miami Marlins,Cincinnati Reds,Miami Marlins,-1.5,0.69,0.18,"9",0.94,0.53,1.9803921,0.66,0.49,2026-08-16 17:25:06.196
2026-08-15,MLB,MLB,Miami Marlins,Cincinnati Reds,Cincinnati Reds,+1.5,0.31,0.82,"9",0.06,0.47,1.9523809,0.34,0.51,2026-08-16 17:25:06.196
2026-08-15,MLB,MLB,San Diego Padres,Cleveland Guardians,San Diego Padres,-1.5,0.69,0.42,"8.5",0.31,0.55,2.01,0.79,0.56,2026-08-16 17:25:06.196
2026-08-15,MLB,MLB,San Diego Padres,Cleveland Guardians,Cleveland Guardians,+1.5,0.31,0.58,"8.5",0.69,0.45,1.925926,0.21,0.44,2026-08-16 17:25:06.196
2026-08-15,MLB,MLB,Philadelphia Phillies,Minnesota Twins,Philadelphia Phillies,-1.5,0.75,0.63,"8",0.95,0.69,1.7518797,0.77,0.87,2026-08-16 17:25:06.196
2026-08-15,MLB,MLB,Philadelphia Phillies,Minnesota Twins,Minnesota Twins,+1.5,0.25,0.37,"8",0.05,0.31,2.23,0.23,0.13,2026-08-16 17:25:06.196
2026-08-15,MLB,MLB,Seattle Mariners,Houston Astros,Seattle Mariners,+1.5,0.19,0.64,"8.5",0.82,0.59,2.1,0.33,0.28,2026-08-16 17:25:06.196
2026-08-15,MLB,MLB,Seattle Mariners,Houston Astros,Houston Astros,-1.5,0.81,0.36,"8.5",0.18,0.41,1.8474576,0.67,0.72,2026-08-16 17:25:06.196
2026-08-15,MLB,MLB,Arizona Diamondbacks,Atlanta Braves,Arizona Diamondbacks,+1.5,0.56,0.64,"9",0.77,0.37,2.23,0.38,0.26,2026-08-16 17:25:06.196
2026-08-15,MLB,MLB,Arizona Diamondbacks,Atlanta Braves,Atlanta Braves,-1.5,0.44,0.36,"9",0.23,0.63,1.7518797,0.62,0.74,2026-08-16 17:25:06.196
2026-08-15,MLB,MLB,Boston Red Sox,Pittsburgh Pirates,Boston Red Sox,-1.5,0.83,0.64,"7.5",0.74,0.7,1.8403361,0.91,0.84,2026-08-16 17:25:06.196
2026-08-15,MLB,MLB,Boston Red Sox,Pittsburgh Pirates,Pittsburgh Pirates,+1.5,0.17,0.36,"7.5",0.26,0.3,2.11,0.09,0.16,2026-08-16 17:25:06.196
2026-08-15,MLB,MLB,Milwaukee Brewers,Los Angeles Dodgers,Milwaukee Brewers,-1.5,0.26,0.2,"7.5",0.16,0.4,1.8196721,0.64,0.56,2026-08-16 17:25:06.196
2026-08-15,MLB,MLB,Milwaukee Brewers,Los Angeles Dodgers,Los Angeles Dodgers,+1.5,0.74,0.8,"7.5",0.84,0.6,2.14,0.36,0.44,2026-08-16 17:25:06.196
2026-08-15,MLB,MLB,Kansas City Royals,Los Angeles Angels,Kansas City Royals,+1.5,0.63,0.78,"8",0.48,0.49,2.42,0.49,0.38,2026-08-16 17:25:06.196
2026-08-15,MLB,MLB,Kansas City Royals,Los Angeles Angels,Los Angeles Angels,-1.5,0.37,0.22,"8",0.52,0.51,1.6535947,0.51,0.62,2026-08-16 17:25:06.196
2026-08-15,MLB,MLB,Texas Rangers,Athletics,Texas Rangers,-1.5,0.77,0.35,"9.5",0.71,0.42,1.6493506,0.7,0.72,2026-08-16 17:25:06.196
2026-08-15,MLB,MLB,Texas Rangers,Athletics,Athletics,+1.5,0.23,0.65,"9.5",0.29,0.58,2.43,0.3,0.28,2026-08-16 17:25:06.196
2026-08-16,MLB,MLB,Baltimore Orioles,Tampa Bay Rays,Baltimore Orioles,+1.5,0.09,0.48,"8",0.67,0.6,2.31,0.25,0.32,2026-08-16 17:25:06.196
2026-08-16,MLB,MLB,Baltimore Orioles,Tampa Bay Rays,Tampa Bay Rays,-1.5,0.91,0.52,"8",0.33,0.4,1.7142857,0.75,0.68,2026-08-16 17:25:06.196
2026-08-16,MLB,MLB,Arizona Diamondbacks,Atlanta Braves,Arizona Diamondbacks,+1.5,0.12,0.6,"8.5",0.78,0.63,2.16,0.35,0.36,2026-08-16 17:25:06.196
2026-08-16,MLB,MLB,Arizona Diamondbacks,Atlanta Braves,Atlanta Braves,-1.5,0.88,0.4,"8.5",0.22,0.37,1.8064516,0.65,0.64,2026-08-16 17:25:06.196
2026-08-16,MLB,MLB,Boston Red Sox,Pittsburgh Pirates,Boston Red Sox,-1.5,0.16,0.44,"8",0.68,0.48,1.877193,0.8,0.65,2026-08-16 17:25:06.196
2026-08-16,MLB,MLB,Boston Red Sox,Pittsburgh Pirates,Pittsburgh Pirates,+1.5,0.84,0.56,"8",0.32,0.52,2.06,0.2,0.35,2026-08-16 17:25:06.196
2026-08-16,MLB,MLB,New York Yankees,Toronto Blue Jays,New York Yankees,+1.5,0.26,0.41,"7",0.06,0.3,2.12,0.64,0.56,2026-08-16 17:25:06.196
2026-08-16,MLB,MLB,New York Yankees,Toronto Blue Jays,Toronto Blue Jays,-1.5,0.74,0.59,"7",0.94,0.7,1.8333334,0.36,0.44,2026-08-16 17:25:06.196
2026-08-16,MLB,MLB,San Diego Padres,Cleveland Guardians,San Diego Padres,-1.5,0.89,0.41,"8.5",0.29,0.36,1.925926,0.89,0.63,2026-08-16 17:25:06.196
2026-08-16,MLB,MLB,San Diego Padres,Cleveland Guardians,Cleveland Guardians,+1.5,0.11,0.59,"8.5",0.71,0.64,2.01,0.11,0.37,2026-08-16 17:25:06.196
2026-08-16,MLB,MLB,Washington Nationals,New York Mets,Washington Nationals,+1.5,0.0,0.57,"8.5",0.87,0.43,2.53,0.18,0.34,2026-08-16 17:25:06.196
2026-08-16,MLB,MLB,Washington Nationals,New York Mets,New York Mets,-1.5,1.0,0.43,"8.5",0.13,0.57,1.6060606,0.82,0.66,2026-08-16 17:25:06.196
2026-08-16,MLB,MLB,Miami Marlins,Cincinnati Reds,Miami Marlins,-1.5,0.93,0.34,"9",0.54,0.43,1.8403361,0.71,0.57,2026-08-16 17:25:06.196
2026-08-16,MLB,MLB,Miami Marlins,Cincinnati Reds,Cincinnati Reds,+1.5,0.07,0.66,"9",0.46,0.57,2.11,0.29,0.43,2026-08-16 17:25:06.196
2026-08-16,MLB,MLB,Chicago White Sox,Detroit Tigers,Chicago White Sox,-1.5,0.9,0.3,"8",0.86,0.56,1.9803921,0.65,0.57,2026-08-16 17:25:06.196
2026-08-16,MLB,MLB,Chicago White Sox,Detroit Tigers,Detroit Tigers,+1.5,0.1,0.7,"8",0.14,0.44,1.9523809,0.35,0.43,2026-08-16 17:25:06.196
2026-08-16,MLB,MLB,Philadelphia Phillies,Minnesota Twins,Philadelphia Phillies,-1.5,0.3,0.55,"9",0.61,0.57,1.925926,0.87,0.71,2026-08-16 17:25:06.196
2026-08-16,MLB,MLB,Philadelphia Phillies,Minnesota Twins,Minnesota Twins,+1.5,0.7,0.45,"9",0.39,0.43,2.01,0.13,0.29,2026-08-16 17:25:06.196
2026-08-16,MLB,MLB,ST Louis Cardinals,Chicago Cubs,ST Louis Cardinals,+1.5,0.06,0.5,"9",0.97,0.34,2.42,0.36,0.23,2026-08-16 17:25:06.196
2026-08-16,MLB,MLB,ST Louis Cardinals,Chicago Cubs,Chicago Cubs,-1.5,0.94,0.5,"9",0.03,0.66,1.6535947,0.64,0.77,2026-08-16 17:25:06.196
2026-08-16,MLB,MLB,Texas Rangers,Athletics,Texas Rangers,-1.5,0.94,0.44,"10.5",0.66,0.38,1.7042253,0.49,0.64,2026-08-16 17:25:06.196
2026-08-16,MLB,MLB,Texas Rangers,Athletics,Athletics,+1.5,0.06,0.56,"10.5",0.34,0.62,2.18,0.51,0.36,2026-08-16 17:25:06.196
2026-08-16,MLB,MLB,Colorado Rockies,San Francisco Giants,Colorado Rockies,+1.5,0.1,0.54,"8",0.28,0.53,2.12,0.27,0.31,2026-08-16 17:25:06.196
2026-08-16,MLB,MLB,Colorado Rockies,San Francisco Giants,San Francisco Giants,-1.5,0.9,0.46,"8",0.72,0.47,1.7407408,0.73,0.69,2026-08-16 17:25:06.196
2026-08-16,MLB,MLB,Kansas City Royals,Los Angeles Angels,Kansas City Royals,-1.5,0.98,0.26,"9.5",0.11,0.13,1.8130082,0.79,0.61,2026-08-16 17:25:06.196
2026-08-16,MLB,MLB,Kansas City Royals,Los Angeles Angels,Los Angeles Angels,+1.5,0.02,0.74,"9.5",0.89,0.87,2.02,0.21,0.39,2026-08-16 17:25:06.196
2026-08-16,MLB,MLB,Milwaukee Brewers,Los Angeles Dodgers,Milwaukee Brewers,+1.5,0.06,0.53,"7.5",0.25,0.36,2.52,0.27,0.26,2026-08-16 17:25:06.196
2026-08-16,MLB,MLB,Milwaukee Brewers,Los Angeles Dodgers,Los Angeles Dodgers,-1.5,0.94,0.47,"7.5",0.75,0.64,1.5405406,0.73,0.74,2026-08-16 17:25:06.196
2026-08-16,MLB,MLB,Seattle Mariners,Houston Astros,Seattle Mariners,+1.5,0.07,0.7,"7.5",0.35,0.61,2.18,0.18,0.32,2026-08-16 17:25:06.196
2026-08-16,MLB,MLB,Seattle Mariners,Houston Astros,Houston Astros,-1.5,0.93,0.3,"7.5",0.65,0.39,1.7042253,0.82,0.68,2026-08-16 17:25:06.196
2026-08-15,SOC,"40031",Getafe,Alaves,Getafe,-,0.0,0.0,-,0.0,0.0,3.75,0.24,0.34,2026-08-16 17:25:19.931
2026-08-15,SOC,"40031",Getafe,Alaves,Alaves,-,0.0,0.0,-,0.0,0.0,2.4,0.76,0.66,2026-08-16 17:25:19.931
2026-08-15,SOC,"40031",Vallecano,Sevilla,Vallecano,-,0.0,0.0,-,0.0,0.0,3.05,0.17,0.12,2026-08-16 17:25:19.931
2026-08-15,SOC,"40031",Vallecano,Sevilla,Sevilla,-,0.0,0.0,-,0.0,0.0,2.7,0.83,0.88,2026-08-16 17:25:19.931
2026-08-16,SOC,"40031",Villarreal,Racing Santander,Villarreal,-,0.0,0.0,-,0.0,0.0,2.05,0.99,0.97,2026-08-16 17:25:19.931
2026-08-16,SOC,"40031",Villarreal,Racing Santander,Racing Santander,-,0.0,0.0,-,0.0,0.0,3.55,0.01,0.03,2026-08-16 17:25:19.931
2026-08-16,SOC,"40031",Levante,Espanyol,Levante,-,0.0,0.0,-,0.0,0.0,3.7,0.16,0.11,2026-08-16 17:25:19.931
2026-08-16,SOC,"40031",Levante,Espanyol,Espanyol,-,0.0,0.0,-,0.0,0.0,2.1,0.84,0.89,2026-08-16 17:25:19.931
2026-08-16,SOC,"40031",Osasuna,Celta Vigo,Osasuna,-,0.0,0.0,-,0.0,0.0,3.65,0.08,0.09,2026-08-16 17:25:19.931
2026-08-16,SOC,"40031",Osasuna,Celta Vigo,Celta Vigo,-,0.0,0.0,-,0.0,0.0,2.05,0.92,0.91,2026-08-16 17:25:19.931
2026-08-17,SOC,"40031",Elche,Dep La Coruna,Elche,-,0.0,0.0,-,0.0,0.0,3.35,0.54,0.55,2026-08-16 17:25:19.931
2026-08-17,SOC,"40031",Elche,Dep La Coruna,Dep La Coruna,-,0.0,0.0,-,0.0,0.0,2.35,0.46,0.45,2026-08-16 17:25:19.931
2026-08-15,SOC,"40817",Preston,Bolton,Preston,-,0.0,0.0,-,0.0,0.0,3.05,0.19,0.3,2026-08-16 17:25:21.512
2026-08-15,SOC,"40817",Preston,Bolton,Bolton,-,0.0,0.0,-,0.0,0.0,2.35,0.81,0.7,2026-08-16 17:25:21.512
2026-08-15,SOC,"40817",West Brom,Norwich,West Brom,-,0.0,0.0,-,0.0,0.0,3.75,0.05,0.11,2026-08-16 17:25:21.512
2026-08-15,SOC,"40817",West Brom,Norwich,Norwich,-,0.0,0.0,-,0.0,0.0,2.0,0.95,0.89,2026-08-16 17:25:21.512
2026-08-15,SOC,"40817",Swansea,Stoke City,Swansea,-,0.0,0.0,-,0.0,0.0,3.05,0.19,0.21,2026-08-16 17:25:21.512
2026-08-15,SOC,"40817",Swansea,Stoke City,Stoke City,-,0.0,0.0,-,0.0,0.0,2.35,0.81,0.79,2026-08-16 17:25:21.512
2026-08-15,SOC,"40817",Millwall,Bristol City,Millwall,-,0.0,0.0,-,0.0,0.0,2.8,0.58,0.44,2026-08-16 17:25:21.512
2026-08-15,SOC,"40817",Millwall,Bristol City,Bristol City,-,0.0,0.0,-,0.0,0.0,2.5,0.42,0.56,2026-08-16 17:25:21.512
2026-08-15,SOC,"40817",Lincoln City,Middlesbrough,Lincoln City,-,0.0,0.0,-,0.0,0.0,6.5,0.03,0.02,2026-08-16 17:25:21.512
2026-08-15,SOC,"40817",Lincoln City,Middlesbrough,Middlesbrough,-,0.0,0.0,-,0.0,0.0,1.5128205,0.97,0.98,2026-08-16 17:25:21.512
2026-08-15,SOC,"40817",Derby County,Charlton,Derby County,-,0.0,0.0,-,0.0,0.0,2.75,0.42,0.53,2026-08-16 17:25:21.512
2026-08-15,SOC,"40817",Derby County,Charlton,Charlton,-,0.0,0.0,-,0.0,0.0,2.7,0.58,0.47,2026-08-16 17:25:21.512
2026-08-15,SOC,"40817",Queens Park Rangers,Portsmouth,Queens Park Rangers,-,0.0,0.0,-,0.0,0.0,3.15,0.66,0.25,2026-08-16 17:25:21.512
2026-08-15,SOC,"40817",Queens Park Rangers,Portsmouth,Portsmouth,-,0.0,0.0,-,0.0,0.0,2.35,0.34,0.75,2026-08-16 17:25:21.512
2026-08-15,SOC,"40817",Birmingham,Sheffield Utd,Birmingham,-,0.0,0.0,-,0.0,0.0,3.3,0.24,0.25,2026-08-16 17:25:21.512
2026-08-15,SOC,"40817",Birmingham,Sheffield Utd,Sheffield Utd,-,0.0,0.0,-,0.0,0.0,2.25,0.76,0.75,2026-08-16 17:25:21.512
2026-08-16,SOC,"40817",Southampton,Watford,Southampton,-,0.0,0.0,-,0.0,0.0,2.05,0.95,0.89,2026-08-16 17:25:21.512
2026-08-16,SOC,"40817",Southampton,Watford,Watford,-,0.0,0.0,-,0.0,0.0,3.55,0.05,0.11,2026-08-16 17:25:21.512
2026-08-16,SOC,"40817",West Ham,Burnley,West Ham,-,0.0,0.0,-,0.0,0.0,2.25,0.93,0.89,2026-08-16 17:25:21.512
2026-08-16,SOC,"40817",West Ham,Burnley,Burnley,-,0.0,0.0,-,0.0,0.0,3.1,0.07,0.11,2026-08-16 17:25:21.512
2026-08-17,SOC,"40817",Wrexham,Cardiff City,Wrexham,-,0.0,0.0,-,0.0,0.0,2.8,0.76,0.46,2026-08-16 17:25:21.512
2026-08-17,SOC,"40817",Wrexham,Cardiff City,Cardiff City,-,0.0,0.0,-,0.0,0.0,2.45,0.24,0.54,2026-08-16 17:25:21.512
2026-08-15,SOC,"89345",New York Red Bulls,Atlanta Utd,New York Red Bulls,-,0.0,0.0,-,0.0,0.0,3.0,0.51,0.38,2026-08-16 17:25:28.996
2026-08-15,SOC,"89345",New York Red Bulls,Atlanta Utd,Atlanta Utd,-,0.0,0.0,-,0.0,0.0,2.05,0.49,0.62,2026-08-16 17:25:28.996
2026-08-15,SOC,"89345",DC Utd,CF Montreal,DC Utd,-,0.0,0.0,-,0.0,0.0,3.05,0.38,0.32,2026-08-16 17:25:28.996
2026-08-15,SOC,"89345",DC Utd,CF Montreal,CF Montreal,-,0.0,0.0,-,0.0,0.0,2.1,0.62,0.68,2026-08-16 17:25:28.996
2026-08-15,SOC,"89345",Columbus Crew,Charlotte FC,Columbus Crew,-,0.0,0.0,-,0.0,0.0,3.1,0.15,0.32,2026-08-16 17:25:28.996
2026-08-15,SOC,"89345",Columbus Crew,Charlotte FC,Charlotte FC,-,0.0,0.0,-,0.0,0.0,2.1,0.85,0.68,2026-08-16 17:25:28.996
2026-08-15,SOC,"89345",FC Cincinnati,Orlando City,FC Cincinnati,-,0.0,0.0,-,0.0,0.0,2.3,0.39,0.35,2026-08-16 17:25:28.996
2026-08-15,SOC,"89345",FC Cincinnati,Orlando City,Orlando City,-,0.0,0.0,-,0.0,0.0,2.5,0.61,0.65,2026-08-16 17:25:28.996
2026-08-15,SOC,"89345",NE Revolution,Toronto FC,NE Revolution,-,0.0,0.0,-,0.0,0.0,2.95,0.42,0.41,2026-08-16 17:25:28.996
2026-08-15,SOC,"89345",NE Revolution,Toronto FC,Toronto FC,-,0.0,0.0,-,0.0,0.0,2.15,0.58,0.59,2026-08-16 17:25:28.996
2026-08-15,SOC,"89345",Inter Miami,Nashville SC,Inter Miami,-,0.0,0.0,-,0.0,0.0,2.55,0.91,0.71,2026-08-16 17:25:28.996
2026-08-15,SOC,"89345",Inter Miami,Nashville SC,Nashville SC,-,0.0,0.0,-,0.0,0.0,2.4,0.09,0.29,2026-08-16 17:25:28.996
2026-08-15,SOC,"89345",LA Galaxy,HOU Dynamo,LA Galaxy,-,0.0,0.0,-,0.0,0.0,4.6,0.06,0.19,2026-08-16 17:25:28.996
2026-08-15,SOC,"89345",LA Galaxy,HOU Dynamo,HOU Dynamo,-,0.0,0.0,-,0.0,0.0,1.6451613,0.94,0.81,2026-08-16 17:25:28.996
2026-08-15,SOC,"89345",Sporting KC,COL Rapids,Sporting KC,-,0.0,0.0,-,0.0,0.0,5.75,0.02,0.21,2026-08-16 17:25:28.996
2026-08-15,SOC,"89345",Sporting KC,COL Rapids,COL Rapids,-,0.0,0.0,-,0.0,0.0,1.4545455,0.98,0.79,2026-08-16 17:25:28.996
2026-08-15,SOC,"89345",Minnesota Utd,Real Salt Lake,Minnesota Utd,-,0.0,0.0,-,0.0,0.0,3.8,0.04,0.19,2026-08-16 17:25:28.996
2026-08-15,SOC,"89345",Minnesota Utd,Real Salt Lake,Real Salt Lake,-,0.0,0.0,-,0.0,0.0,1.8333334,0.96,0.81,2026-08-16 17:25:28.996
2026-08-15,SOC,"89345",San Diego FC,LAFC,San Diego FC,-,0.0,0.0,-,0.0,0.0,4.6,0.01,0.12,2026-08-16 17:25:28.996
2026-08-15,SOC,"89345",San Diego FC,LAFC,LAFC,-,0.0,0.0,-,0.0,0.0,1.6060606,0.99,0.88,2026-08-16 17:25:28.996
2026-08-15,SOC,"89345",St Louis City SC,SJ Earthquakes,St Louis City SC,-,0.0,0.0,-,0.0,0.0,3.0,0.23,0.4,2026-08-16 17:25:28.996
2026-08-15,SOC,"89345",St Louis City SC,SJ Earthquakes,SJ Earthquakes,-,0.0,0.0,-,0.0,0.0,2.05,0.77,0.6,2026-08-16 17:25:28.996
2026-08-16,SOC,"89345",PHI Union,NYCFC,PHI Union,-,0.0,0.0,-,0.0,0.0,2.65,0.13,0.55,2026-08-16 17:25:28.996
2026-08-16,SOC,"89345",PHI Union,NYCFC,NYCFC,-,0.0,0.0,-,0.0,0.0,2.35,0.87,0.45,2026-08-16 17:25:28.996
2026-08-16,SOC,"89345",POR Timbers,CHI Fire,POR Timbers,-,0.0,0.0,-,0.0,0.0,5.0,0.39,0.43,2026-08-16 17:25:28.996
2026-08-16,SOC,"89345",POR Timbers,CHI Fire,CHI Fire,-,0.0,0.0,-,0.0,0.0,1.5,0.61,0.57,2026-08-16 17:25:28.996
2026-08-16,SOC,"89345",FC Dallas,Austin FC,FC Dallas,-,0.0,0.0,-,0.0,0.0,2.25,0.31,0.76,2026-08-16 17:25:28.996
2026-08-16,SOC,"89345",FC Dallas,Austin FC,Austin FC,-,0.0,0.0,-,0.0,0.0,2.8,0.69,0.24,2026-08-16 17:25:28.996
2026-08-16,SOC,"89345",Vancouver Whitecaps,Seattle Sounders,Vancouver Whitecaps,-,0.0,0.0,-,0.0,0.0,1.8,0.79,0.88,2026-08-16 17:25:28.996
2026-08-16,SOC,"89345",Vancouver Whitecaps,Seattle Sounders,Seattle Sounders,-,0.0,0.0,-,0.0,0.0,3.8,0.21,0.12,2026-08-16 17:25:28.996
2026-08-15,UFC,UFC,Chidi Njokuani,Joel Alvarez,Chidi Njokuani,-,0.0,0.0,-,0.0,0.0,3.0,0.0,0.0,2026-08-16 17:25:31.027
2026-08-15,UFC,UFC,Chidi Njokuani,Joel Alvarez,Joel Alvarez,-,0.0,0.0,-,0.0,0.0,1.4081633,1.0,1.0,2026-08-16 17:25:31.027
2026-08-15,UFC,UFC,Myktybek Orolbai,Jeremiah Wells,Myktybek Orolbai,-,0.0,0.0,-,0.0,0.0,1.074074,0.78,0.89,2026-08-16 17:25:31.027
2026-08-15,UFC,UFC,Myktybek Orolbai,Jeremiah Wells,Jeremiah Wells,-,0.0,0.0,-,0.0,0.0,9.0,0.22,0.11,2026-08-16 17:25:31.027
2026-08-15,UFC,UFC,Ramiz Brahimaj,Neil Magny,Ramiz Brahimaj,-,0.0,0.0,-,0.0,0.0,1.7042253,0.75,0.59,2026-08-16 17:25:31.027
2026-08-15,UFC,UFC,Ramiz Brahimaj,Neil Magny,Neil Magny,-,0.0,0.0,-,0.0,0.0,2.2,0.25,0.41,2026-08-16 17:25:31.027
2026-08-15,UFC,UFC,Lucas Fernando,Rafael Tobias,Lucas Fernando,-,0.0,0.0,-,0.0,0.0,1.3508772,0.62,0.79,2026-08-16 17:25:31.027
2026-08-15,UFC,UFC,Lucas Fernando,Rafael Tobias,Rafael Tobias,-,0.0,0.0,-,0.0,0.0,3.3,0.38,0.21,2026-08-16 17:25:31.027
2026-08-15,UFC,UFC,Tresean Gore,Vicente Luque,Tresean Gore,-,0.0,0.0,-,0.0,0.0,1.8474576,0.6,0.49,2026-08-16 17:25:31.027
2026-08-15,UFC,UFC,Tresean Gore,Vicente Luque,Vicente Luque,-,0.0,0.0,-,0.0,0.0,1.9803921,0.4,0.51,2026-08-16 17:25:31.027
2026-08-15,UFC,UFC,Eric McConico,Donte Johnson,Eric McConico,-,0.0,0.0,-,0.0,0.0,3.8,0.29,0.16,2026-08-16 17:25:31.027
2026-08-15,UFC,UFC,Eric McConico,Donte Johnson,Donte Johnson,-,0.0,0.0,-,0.0,0.0,1.2816901,0.71,0.84,2026-08-16 17:25:31.027
2026-08-15,UFC,UFC,Eduardo Henrique,Charles Johnson,Eduardo Henrique,-,0.0,0.0,-,0.0,0.0,1.9803921,0.39,0.3,2026-08-16 17:25:31.027
2026-08-15,UFC,UFC,Eduardo Henrique,Charles Johnson,Charles Johnson,-,0.0,0.0,-,0.0,0.0,1.8474576,0.61,0.7,2026-08-16 17:25:31.027
2026-08-15,UFC,UFC,Joel Alvarez,Chidi Njokuani,Joel Alvarez,-,0.0,0.0,-,0.0,0.0,1.2666667,0.78,0.87,2026-08-16 17:25:31.027
2026-08-15,UFC,UFC,Joel Alvarez,Chidi Njokuani,Chidi Njokuani,-,0.0,0.0,-,0.0,0.0,3.95,0.22,0.13,2026-08-16 17:25:31.027
2026-08-15,UFC,UFC,Esteban Ribovics,Edson Barboza,Esteban Ribovics,-,0.0,0.0,-,0.0,0.0,1.1333333,0.3,0.75,2026-08-16 17:25:31.027
2026-08-15,UFC,UFC,Esteban Ribovics,Edson Barboza,Edson Barboza,-,0.0,0.0,-,0.0,0.0,6.25,0.7,0.25,2026-08-16 17:25:31.027
2026-08-15,UFC,UFC,Dustin Stoltzfus,Mansur Abdul-Malik,Dustin Stoltzfus,-,0.0,0.0,-,0.0,0.0,5.9,0.38,0.13,2026-08-16 17:25:31.027
2026-08-15,UFC,UFC,Dustin Stoltzfus,Mansur Abdul-Malik,Mansur Abdul-Malik,-,0.0,0.0,-,0.0,0.0,1.1481482,0.62,0.87,2026-08-16 17:25:31.027
2026-08-15,UFC,UFC,Jose Ochoa,Charles Johnson,Jose Ochoa,-,0.0,0.0,-,0.0,0.0,1.2197802,0.77,0.82,2026-08-16 17:25:31.027
2026-08-15,UFC,UFC,Jose Ochoa,Charles Johnson,Charles Johnson,-,0.0,0.0,-,0.0,0.0,4.5,0.23,0.18,2026-08-16 17:25:31.027
2026-08-15,UFC,UFC,Kaue Fernandes,Jalin Turner,Kaue Fernandes,-,0.0,0.0,-,0.0,0.0,2.0,0.56,0.37,2026-08-16 17:25:31.027
2026-08-15,UFC,UFC,Kaue Fernandes,Jalin Turner,Jalin Turner,-,0.0,0.0,-,0.0,0.0,1.8333334,0.44,0.63,2026-08-16 17:25:31.027
2026-08-15,UFC,UFC,Gillian Robertson,Mackenzie Dern,Gillian Robertson,-,0.0,0.0,-,0.0,0.0,2.8,0.3,0.28,2026-08-16 17:25:31.027
2026-08-15,UFC,UFC,Gillian Robertson,Mackenzie Dern,Mackenzie Dern,-,0.0,0.0,-,0.0,0.0,1.4587156,0.7,0.72,2026-08-16 17:25:31.027
2026-08-15,UFC,UFC,Ian Machado Garry,Islam Makhachev,Ian Machado Garry,-,0.0,0.0,-,0.0,0.0,3.6,0.56,0.31,2026-08-16 17:25:31.027
2026-08-15,UFC,UFC,Ian Machado Garry,Islam Makhachev,Islam Makhachev,-,0.0,0.0,-,0.0,0.0,1.3076923,0.44,0.69,2026-08-16 17:25:31.027
2026-08-15,BOX,BOX,Alexander Thiel,Jaquan McElroy,Alexander Thiel,-,0.0,0.0,-,0.0,0.0,9.0,0.0,0.0,2026-08-16 17:25:32.546
2026-08-15,BOX,BOX,Alexander Thiel,Jaquan McElroy,Jaquan McElroy,-,0.0,0.0,-,0.0,0.0,1.0625,1.0,1.0,2026-08-16 17:25:32.546
2026-08-15,BOX,BOX,Michael Nelson,Casey Dixon,Michael Nelson,-,0.0,0.0,-,0.0,0.0,10.0,0.0,0.0,2026-08-16 17:25:32.546
2026-08-15,BOX,BOX,Michael Nelson,Casey Dixon,Casey Dixon,-,0.0,0.0,-,0.0,0.0,1.05,1.0,1.0,2026-08-16 17:25:32.546
2026-08-15,BOX,BOX,Rahmel McKinley,Daniel Mercado,Rahmel McKinley,-,0.0,0.0,-,0.0,0.0,17.0,0.0,0.0,2026-08-16 17:25:32.546
2026-08-15,BOX,BOX,Rahmel McKinley,Daniel Mercado,Daniel Mercado,-,0.0,0.0,-,0.0,0.0,1.01,1.0,1.0,2026-08-16 17:25:32.546
2026-08-15,BOX,BOX,Marianela Ramirez,Shannel Butler,Marianela Ramirez,-,0.0,0.0,-,0.0,0.0,8.5,0.0,0.0,2026-08-16 17:25:32.546
2026-08-15,BOX,BOX,Marianela Ramirez,Shannel Butler,Shannel Butler,-,0.0,0.0,-,0.0,0.0,1.0625,1.0,1.0,2026-08-16 17:25:32.546
2026-08-15,BOX,BOX,Da'Velle Smith,Hakim Lopez,Da'Velle Smith,-,0.0,0.0,-,0.0,0.0,1.3846154,1.0,1.0,2026-08-16 17:25:32.546
2026-08-15,BOX,BOX,Da'Velle Smith,Hakim Lopez,Hakim Lopez,-,0.0,0.0,-,0.0,0.0,3.0,0.0,0.0,2026-08-16 17:25:32.546
2026-08-15,BOX,BOX,Olivia Curry,Danielle Perkins,Olivia Curry,-,0.0,0.0,-,0.0,0.0,5.75,0.0,0.0,2026-08-16 17:25:32.546
2026-08-15,BOX,BOX,Olivia Curry,Danielle Perkins,Danielle Perkins,-,0.0,0.0,-,0.0,0.0,1.1333333,1.0,1.0,2026-08-16 17:25:32.546
2026-08-15,BOX,BOX,Roamer Angulo,Atif Oberlton,Roamer Angulo,-,0.0,0.0,-,0.0,0.0,10.0,0.11,0.05,2026-08-16 17:25:32.546
2026-08-15,BOX,BOX,Roamer Angulo,Atif Oberlton,Atif Oberlton,-,0.0,0.0,-,0.0,0.0,1.05,0.89,0.95,2026-08-16 17:25:32.546
2026-08-15,BOX,BOX,Bernice Ferreira,Caroline Veyre,Bernice Ferreira,-,0.0,0.0,-,0.0,0.0,4.2,0.0,0.0,2026-08-16 17:25:32.546
2026-08-15,BOX,BOX,Bernice Ferreira,Caroline Veyre,Caroline Veyre,-,0.0,0.0,-,0.0,0.0,1.2222222,1.0,1.0,2026-08-16 17:25:32.546
2026-08-15,BOX,BOX,Paulette Cuesta,Ashleyann Lozada,Paulette Cuesta,-,0.0,0.0,-,0.0,0.0,7.5,0.0,0.0,2026-08-16 17:25:32.546
2026-08-15,BOX,BOX,Paulette Cuesta,Ashleyann Lozada,Ashleyann Lozada,-,0.0,0.0,-,0.0,0.0,1.0833334,1.0,1.0,2026-08-16 17:25:32.546
2026-08-15,BOX,BOX,Joseph Hicks,Troy Isley,Joseph Hicks,-,0.0,0.0,-,0.0,0.0,5.75,0.0,0.0,2026-08-16 17:25:32.546
2026-08-15,BOX,BOX,Joseph Hicks,Troy Isley,Troy Isley,-,0.0,0.0,-,0.0,0.0,1.1333333,1.0,1.0,2026-08-16 17:25:32.546
2026-08-15,BOX,BOX,Roger Hilley,Ernesto Mercado,Roger Hilley,-,0.0,0.0,-,0.0,0.0,14.0,0.0,0.0,2026-08-16 17:25:32.546
2026-08-15,BOX,BOX,Roger Hilley,Ernesto Mercado,Ernesto Mercado,-,0.0,0.0,-,0.0,0.0,1.02,1.0,1.0,2026-08-16 17:25:32.546
2026-08-16,BOX,BOX,Kaye Scott,Claressa Shields,Kaye Scott,-,0.0,0.0,-,0.0,0.0,13.0,0.94,0.18,2026-08-16 17:25:32.546
2026-08-16,BOX,BOX,Kaye Scott,Claressa Shields,Claressa Shields,-,0.0,0.0,-,0.0,0.0,1.0333333,0.06,0.82,2026-08-16 17:25:32.546
2026-08-16,BOX,BOX,Emmanuel Tagoe,Ernesto Mercado,Emmanuel Tagoe,-,0.0,0.0,-,0.0,0.0,12.0,0.0,0.0,2026-08-16 17:25:32.546
2026-08-16,BOX,BOX,Emmanuel Tagoe,Ernesto Mercado,Ernesto Mercado,-,0.0,0.0,-,0.0,0.0,1.0333333,1.0,1.0,2026-08-16 17:25:32.546
2026-08-15,AFL,AFL,Collingwood Magpies,Hawthorn Hawks,Collingwood Magpies,+21.5,0.88,0.5,-,0.0,0.0,3.45,0.0,0.0,2026-08-16 17:25:34.101
2026-08-15,AFL,AFL,Collingwood Magpies,Hawthorn Hawks,Hawthorn Hawks,-21.5,0.12,0.5,-,0.0,0.0,1.3030303,1.0,1.0,2026-08-16 17:25:34.101
2026-08-15,AFL,AFL,Melbourne Demons,Port Adelaide Power,Melbourne Demons,-25.5,1.0,1.0,-,0.0,0.0,1.2564102,1.0,1.0,2026-08-16 17:25:34.101
2026-08-15,AFL,AFL,Melbourne Demons,Port Adelaide Power,Port Adelaide Power,+25.5,0.0,0.0,-,0.0,0.0,3.9,0.0,0.0,2026-08-16 17:25:34.101
2026-08-15,AFL,AFL,West Coast Eagles,GWS Giants,West Coast Eagles,+31.5,1.0,1.0,"182.5",0.0,0.0,4.9,0.0,0.0,2026-08-16 17:25:34.101
2026-08-15,AFL,AFL,West Coast Eagles,GWS Giants,GWS Giants,-31.5,0.0,0.0,"182.5",1.0,1.0,1.173913,1.0,1.0,2026-08-16 17:25:34.101
2026-08-16,AFL,AFL,Carlton Blues,Western Bulldogs,Carlton Blues,-19.5,0.18,0.5,-,0.0,0.0,1.3508772,0.0,0.0,2026-08-16 17:25:34.101
2026-08-16,AFL,AFL,Carlton Blues,Western Bulldogs,Western Bulldogs,+19.5,0.82,0.5,-,0.0,0.0,3.15,1.0,1.0,2026-08-16 17:25:34.101
2026-08-15,MLB,MLB,Chicago White Sox,Detroit Tigers,Chicago White Sox,+1.5,0.14,0.53,"8",0.65,0.65,2.3,0.39,0.29,2026-08-16 17:55:07.330
2026-08-15,MLB,MLB,Chicago White Sox,Detroit Tigers,Detroit Tigers,-1.5,0.86,0.47,"8",0.35,0.35,1.7142857,0.61,0.71,2026-08-16 17:55:07.330
2026-08-15,MLB,MLB,ST Louis Cardinals,Chicago Cubs,ST Louis Cardinals,+1.5,0.12,0.23,"9",0.53,0.49,2.68,0.21,0.14,2026-08-16 17:55:07.330
2026-08-15,MLB,MLB,ST Louis Cardinals,Chicago Cubs,Chicago Cubs,-1.5,0.88,0.77,"9",0.47,0.51,1.5524862,0.79,0.86,2026-08-16 17:55:07.330
2026-08-15,MLB,MLB,New York Yankees,Toronto Blue Jays,New York Yankees,-1.5,0.85,0.7,"7",0.52,0.49,1.5376344,0.83,0.83,2026-08-16 17:55:07.330
2026-08-15,MLB,MLB,New York Yankees,Toronto Blue Jays,Toronto Blue Jays,+1.5,0.15,0.3,"7",0.48,0.51,2.73,0.17,0.17,2026-08-16 17:55:07.330
2026-08-15,MLB,MLB,Colorado Rockies,San Francisco Giants,Colorado Rockies,+1.5,0.09,0.37,"7.5",0.84,0.75,2.55,0.26,0.21,2026-08-16 17:55:07.330
2026-08-15,MLB,MLB,Colorado Rockies,San Francisco Giants,San Francisco Giants,-1.5,0.91,0.63,"7.5",0.16,0.25,1.5988024,0.74,0.79,2026-08-16 17:55:07.330
2026-08-15,MLB,MLB,Washington Nationals,New York Mets,Washington Nationals,+1.5,0.1,0.6,"7.5",0.79,0.65,2.21,0.17,0.35,2026-08-16 17:55:07.330
2026-08-15,MLB,MLB,Washington Nationals,New York Mets,New York Mets,-1.5,0.9,0.4,"7.5",0.21,0.35,1.7692307,0.83,0.65,2026-08-16 17:55:07.330
2026-08-15,MLB,MLB,Baltimore Orioles,Tampa Bay Rays,Baltimore Orioles,+1.5,0.03,0.39,"7.5",0.45,0.61,2.31,0.2,0.18,2026-08-16 17:55:07.330
2026-08-15,MLB,MLB,Baltimore Orioles,Tampa Bay Rays,Tampa Bay Rays,-1.5,0.97,0.61,"7.5",0.55,0.39,1.7092198,0.8,0.82,2026-08-16 17:55:07.330
2026-08-15,MLB,MLB,Miami Marlins,Cincinnati Reds,Miami Marlins,-1.5,0.69,0.18,"9",0.94,0.53,1.9803921,0.66,0.49,2026-08-16 17:55:07.330
2026-08-15,MLB,MLB,Miami Marlins,Cincinnati Reds,Cincinnati Reds,+1.5,0.31,0.82,"9",0.06,0.47,1.9523809,0.34,0.51,2026-08-16 17:55:07.330
2026-08-15,MLB,MLB,San Diego Padres,Cleveland Guardians,San Diego Padres,-1.5,0.69,0.42,"8.5",0.31,0.55,2.01,0.79,0.56,2026-08-16 17:55:07.330
2026-08-15,MLB,MLB,San Diego Padres,Cleveland Guardians,Cleveland Guardians,+1.5,0.31,0.58,"8.5",0.69,0.45,1.925926,0.21,0.44,2026-08-16 17:55:07.330
2026-08-15,MLB,MLB,Philadelphia Phillies,Minnesota Twins,Philadelphia Phillies,-1.5,0.75,0.63,"8",0.95,0.69,1.7518797,0.77,0.87,2026-08-16 17:55:07.330
2026-08-15,MLB,MLB,Philadelphia Phillies,Minnesota Twins,Minnesota Twins,+1.5,0.25,0.37,"8",0.05,0.31,2.23,0.23,0.13,2026-08-16 17:55:07.330
2026-08-15,MLB,MLB,Seattle Mariners,Houston Astros,Seattle Mariners,+1.5,0.19,0.64,"8.5",0.82,0.59,2.1,0.33,0.28,2026-08-16 17:55:07.330
2026-08-15,MLB,MLB,Seattle Mariners,Houston Astros,Houston Astros,-1.5,0.81,0.36,"8.5",0.18,0.41,1.8474576,0.67,0.72,2026-08-16 17:55:07.330
2026-08-15,MLB,MLB,Arizona Diamondbacks,Atlanta Braves,Arizona Diamondbacks,+1.5,0.56,0.64,"9",0.77,0.37,2.23,0.38,0.26,2026-08-16 17:55:07.330
2026-08-15,MLB,MLB,Arizona Diamondbacks,Atlanta Braves,Atlanta Braves,-1.5,0.44,0.36,"9",0.23,0.63,1.7518797,0.62,0.74,2026-08-16 17:55:07.330
2026-08-15,MLB,MLB,Boston Red Sox,Pittsburgh Pirates,Boston Red Sox,-1.5,0.83,0.64,"7.5",0.74,0.7,1.8403361,0.91,0.84,2026-08-16 17:55:07.330
2026-08-15,MLB,MLB,Boston Red Sox,Pittsburgh Pirates,Pittsburgh Pirates,+1.5,0.17,0.36,"7.5",0.26,0.3,2.11,0.09,0.16,2026-08-16 17:55:07.330
2026-08-15,MLB,MLB,Milwaukee Brewers,Los Angeles Dodgers,Milwaukee Brewers,-1.5,0.26,0.2,"7.5",0.16,0.4,1.8196721,0.64,0.56,2026-08-16 17:55:07.330
2026-08-15,MLB,MLB,Milwaukee Brewers,Los Angeles Dodgers,Los Angeles Dodgers,+1.5,0.74,0.8,"7.5",0.84,0.6,2.14,0.36,0.44,2026-08-16 17:55:07.346
2026-08-15,MLB,MLB,Kansas City Royals,Los Angeles Angels,Kansas City Royals,+1.5,0.63,0.78,"8",0.48,0.49,2.42,0.49,0.38,2026-08-16 17:55:07.346
2026-08-15,MLB,MLB,Kansas City Royals,Los Angeles Angels,Los Angeles Angels,-1.5,0.37,0.22,"8",0.52,0.51,1.6535947,0.51,0.62,2026-08-16 17:55:07.346
2026-08-15,MLB,MLB,Texas Rangers,Athletics,Texas Rangers,-1.5,0.77,0.35,"9.5",0.71,0.42,1.6493506,0.7,0.72,2026-08-16 17:55:07.346
2026-08-15,MLB,MLB,Texas Rangers,Athletics,Athletics,+1.5,0.23,0.65,"9.5",0.29,0.58,2.43,0.3,0.28,2026-08-16 17:55:07.346
2026-08-16,MLB,MLB,Baltimore Orioles,Tampa Bay Rays,Baltimore Orioles,+1.5,0.09,0.49,"8",0.67,0.6,2.31,0.25,0.31,2026-08-16 17:55:07.346
2026-08-16,MLB,MLB,Baltimore Orioles,Tampa Bay Rays,Tampa Bay Rays,-1.5,0.91,0.51,"8",0.33,0.4,1.7142857,0.75,0.69,2026-08-16 17:55:07.346
2026-08-16,MLB,MLB,Arizona Diamondbacks,Atlanta Braves,Arizona Diamondbacks,+1.5,0.13,0.6,"8.5",0.78,0.63,2.16,0.35,0.36,2026-08-16 17:55:07.346
2026-08-16,MLB,MLB,Arizona Diamondbacks,Atlanta Braves,Atlanta Braves,-1.5,0.87,0.4,"8.5",0.22,0.37,1.8064516,0.65,0.64,2026-08-16 17:55:07.346
2026-08-16,MLB,MLB,Boston Red Sox,Pittsburgh Pirates,Boston Red Sox,-1.5,0.16,0.45,"8",0.69,0.48,1.877193,0.81,0.65,2026-08-16 17:55:07.346
2026-08-16,MLB,MLB,Boston Red Sox,Pittsburgh Pirates,Pittsburgh Pirates,+1.5,0.84,0.55,"8",0.31,0.52,2.06,0.19,0.35,2026-08-16 17:55:07.346
2026-08-16,MLB,MLB,New York Yankees,Toronto Blue Jays,New York Yankees,+1.5,0.26,0.43,"7",0.06,0.3,2.12,0.64,0.55,2026-08-16 17:55:07.346
2026-08-16,MLB,MLB,New York Yankees,Toronto Blue Jays,Toronto Blue Jays,-1.5,0.74,0.57,"7",0.94,0.7,1.8333334,0.36,0.45,2026-08-16 17:55:07.346
2026-08-16,MLB,MLB,San Diego Padres,Cleveland Guardians,San Diego Padres,-1.5,0.89,0.4,"8.5",0.34,0.38,1.925926,0.9,0.63,2026-08-16 17:55:07.346
2026-08-16,MLB,MLB,San Diego Padres,Cleveland Guardians,Cleveland Guardians,+1.5,0.11,0.6,"8.5",0.66,0.63,2.01,0.1,0.37,2026-08-16 17:55:07.346
2026-08-16,MLB,MLB,Washington Nationals,New York Mets,Washington Nationals,+1.5,0.0,0.57,"8.5",0.86,0.44,2.53,0.18,0.34,2026-08-16 17:55:07.346
2026-08-16,MLB,MLB,Washington Nationals,New York Mets,New York Mets,-1.5,1.0,0.43,"8.5",0.14,0.56,1.6060606,0.82,0.66,2026-08-16 17:55:07.346
2026-08-16,MLB,MLB,Miami Marlins,Cincinnati Reds,Miami Marlins,-1.5,0.93,0.35,"9",0.52,0.42,1.8403361,0.73,0.58,2026-08-16 17:55:07.346
2026-08-16,MLB,MLB,Miami Marlins,Cincinnati Reds,Cincinnati Reds,+1.5,0.07,0.65,"9",0.48,0.58,2.11,0.27,0.42,2026-08-16 17:55:07.346
2026-08-16,MLB,MLB,Chicago White Sox,Detroit Tigers,Chicago White Sox,-1.5,0.9,0.31,"8",0.86,0.57,1.9803921,0.65,0.57,2026-08-16 17:55:07.346
2026-08-16,MLB,MLB,Chicago White Sox,Detroit Tigers,Detroit Tigers,+1.5,0.1,0.69,"8",0.14,0.43,1.9523809,0.35,0.43,2026-08-16 17:55:07.346
2026-08-16,MLB,MLB,Philadelphia Phillies,Minnesota Twins,Philadelphia Phillies,-1.5,0.3,0.56,"9",0.94,0.57,1.925926,0.86,0.7,2026-08-16 17:55:07.346
2026-08-16,MLB,MLB,Philadelphia Phillies,Minnesota Twins,Minnesota Twins,+1.5,0.7,0.44,"9",0.06,0.43,2.01,0.14,0.3,2026-08-16 17:55:07.346
2026-08-16,MLB,MLB,ST Louis Cardinals,Chicago Cubs,ST Louis Cardinals,+1.5,0.06,0.52,"9",0.96,0.34,2.42,0.37,0.22,2026-08-16 17:55:07.346
2026-08-16,MLB,MLB,ST Louis Cardinals,Chicago Cubs,Chicago Cubs,-1.5,0.94,0.48,"9",0.04,0.66,1.6535947,0.63,0.78,2026-08-16 17:55:07.346
2026-08-16,MLB,MLB,Texas Rangers,Athletics,Texas Rangers,-1.5,0.94,0.45,"10.5",0.66,0.4,1.7462686,0.49,0.64,2026-08-16 17:55:07.346
2026-08-16,MLB,MLB,Texas Rangers,Athletics,Athletics,+1.5,0.06,0.55,"10.5",0.34,0.6,2.25,0.51,0.36,2026-08-16 17:55:07.346
2026-08-16,MLB,MLB,Colorado Rockies,San Francisco Giants,Colorado Rockies,+1.5,0.09,0.54,"8",0.25,0.53,2.19,0.27,0.31,2026-08-16 17:55:07.346
2026-08-16,MLB,MLB,Colorado Rockies,San Francisco Giants,San Francisco Giants,-1.5,0.91,0.46,"8",0.75,0.47,1.7874016,0.73,0.69,2026-08-16 17:55:07.346
2026-08-16,MLB,MLB,Kansas City Royals,Los Angeles Angels,Kansas City Royals,-1.5,0.98,0.27,"9.5",0.11,0.13,1.862069,0.79,0.61,2026-08-16 17:55:07.346
2026-08-16,MLB,MLB,Kansas City Royals,Los Angeles Angels,Los Angeles Angels,+1.5,0.02,0.73,"9.5",0.89,0.87,2.08,0.21,0.39,2026-08-16 17:55:07.346
2026-08-16,MLB,MLB,Milwaukee Brewers,Los Angeles Dodgers,Milwaukee Brewers,+1.5,0.11,0.52,"7.5",0.25,0.39,2.62,0.28,0.26,2026-08-16 17:55:07.346
2026-08-16,MLB,MLB,Milwaukee Brewers,Los Angeles Dodgers,Los Angeles Dodgers,-1.5,0.89,0.48,"7.5",0.75,0.61,1.5747126,0.72,0.74,2026-08-16 17:55:07.346
2026-08-16,MLB,MLB,Seattle Mariners,Houston Astros,Seattle Mariners,+1.5,0.07,0.72,"7.5",0.35,0.59,2.18,0.18,0.32,2026-08-16 17:55:07.346
2026-08-16,MLB,MLB,Seattle Mariners,Houston Astros,Houston Astros,-1.5,0.93,0.28,"7.5",0.65,0.41,1.7042253,0.82,0.68,2026-08-16 17:55:07.346
2026-08-15,SOC,"40031",Getafe,Alaves,Getafe,-,0.0,0.0,-,0.0,0.0,3.75,0.24,0.34,2026-08-16 17:55:18.876
2026-08-15,SOC,"40031",Getafe,Alaves,Alaves,-,0.0,0.0,-,0.0,0.0,2.4,0.76,0.66,2026-08-16 17:55:18.876
2026-08-15,SOC,"40031",Vallecano,Sevilla,Vallecano,-,0.0,0.0,-,0.0,0.0,3.05,0.17,0.12,2026-08-16 17:55:18.876
2026-08-15,SOC,"40031",Vallecano,Sevilla,Sevilla,-,0.0,0.0,-,0.0,0.0,2.7,0.83,0.88,2026-08-16 17:55:18.876
2026-08-16,SOC,"40031",Villarreal,Racing Santander,Villarreal,-,0.0,0.0,-,0.0,0.0,2.05,0.99,0.97,2026-08-16 17:55:18.876
2026-08-16,SOC,"40031",Villarreal,Racing Santander,Racing Santander,-,0.0,0.0,-,0.0,0.0,3.55,0.01,0.03,2026-08-16 17:55:18.876
2026-08-16,SOC,"40031",Levante,Espanyol,Levante,-,0.0,0.0,-,0.0,0.0,3.7,0.16,0.11,2026-08-16 17:55:18.876
2026-08-16,SOC,"40031",Levante,Espanyol,Espanyol,-,0.0,0.0,-,0.0,0.0,2.1,0.84,0.89,2026-08-16 17:55:18.876
2026-08-16,SOC,"40031",Osasuna,Celta Vigo,Osasuna,-,0.0,0.0,-,0.0,0.0,3.65,0.08,0.09,2026-08-16 17:55:18.876
2026-08-16,SOC,"40031",Osasuna,Celta Vigo,Celta Vigo,-,0.0,0.0,-,0.0,0.0,2.05,0.92,0.91,2026-08-16 17:55:18.876
2026-08-17,SOC,"40031",Elche,Dep La Coruna,Elche,-,0.0,0.0,-,0.0,0.0,3.35,0.53,0.55,2026-08-16 17:55:18.876
2026-08-17,SOC,"40031",Elche,Dep La Coruna,Dep La Coruna,-,0.0,0.0,-,0.0,0.0,2.35,0.47,0.45,2026-08-16 17:55:18.876
2026-08-15,SOC,"40817",Preston,Bolton,Preston,-,0.0,0.0,-,0.0,0.0,3.05,0.19,0.3,2026-08-16 17:55:20.375
2026-08-15,SOC,"40817",Preston,Bolton,Bolton,-,0.0,0.0,-,0.0,0.0,2.35,0.81,0.7,2026-08-16 17:55:20.375
2026-08-15,SOC,"40817",West Brom,Norwich,West Brom,-,0.0,0.0,-,0.0,0.0,3.75,0.05,0.11,2026-08-16 17:55:20.375
2026-08-15,SOC,"40817",West Brom,Norwich,Norwich,-,0.0,0.0,-,0.0,0.0,2.0,0.95,0.89,2026-08-16 17:55:20.375
2026-08-15,SOC,"40817",Swansea,Stoke City,Swansea,-,0.0,0.0,-,0.0,0.0,3.05,0.19,0.21,2026-08-16 17:55:20.375
2026-08-15,SOC,"40817",Swansea,Stoke City,Stoke City,-,0.0,0.0,-,0.0,0.0,2.35,0.81,0.79,2026-08-16 17:55:20.375
2026-08-15,SOC,"40817",Millwall,Bristol City,Millwall,-,0.0,0.0,-,0.0,0.0,2.8,0.58,0.44,2026-08-16 17:55:20.375
2026-08-15,SOC,"40817",Millwall,Bristol City,Bristol City,-,0.0,0.0,-,0.0,0.0,2.5,0.42,0.56,2026-08-16 17:55:20.375
2026-08-15,SOC,"40817",Lincoln City,Middlesbrough,Lincoln City,-,0.0,0.0,-,0.0,0.0,6.5,0.03,0.02,2026-08-16 17:55:20.375
2026-08-15,SOC,"40817",Lincoln City,Middlesbrough,Middlesbrough,-,0.0,0.0,-,0.0,0.0,1.5128205,0.97,0.98,2026-08-16 17:55:20.375
2026-08-15,SOC,"40817",Derby County,Charlton,Derby County,-,0.0,0.0,-,0.0,0.0,2.75,0.42,0.53,2026-08-16 17:55:20.375
2026-08-15,SOC,"40817",Derby County,Charlton,Charlton,-,0.0,0.0,-,0.0,0.0,2.7,0.58,0.47,2026-08-16 17:55:20.375
2026-08-15,SOC,"40817",Queens Park Rangers,Portsmouth,Queens Park Rangers,-,0.0,0.0,-,0.0,0.0,3.15,0.66,0.25,2026-08-16 17:55:20.375
2026-08-15,SOC,"40817",Queens Park Rangers,Portsmouth,Portsmouth,-,0.0,0.0,-,0.0,0.0,2.35,0.34,0.75,2026-08-16 17:55:20.375
2026-08-15,SOC,"40817",Birmingham,Sheffield Utd,Birmingham,-,0.0,0.0,-,0.0,0.0,3.3,0.24,0.25,2026-08-16 17:55:20.375
2026-08-15,SOC,"40817",Birmingham,Sheffield Utd,Sheffield Utd,-,0.0,0.0,-,0.0,0.0,2.25,0.76,0.75,2026-08-16 17:55:20.375
2026-08-16,SOC,"40817",Southampton,Watford,Southampton,-,0.0,0.0,-,0.0,0.0,2.05,0.95,0.9,2026-08-16 17:55:20.375
2026-08-16,SOC,"40817",Southampton,Watford,Watford,-,0.0,0.0,-,0.0,0.0,3.55,0.05,0.1,2026-08-16 17:55:20.375
2026-08-16,SOC,"40817",West Ham,Burnley,West Ham,-,0.0,0.0,-,0.0,0.0,2.25,0.92,0.88,2026-08-16 17:55:20.375
2026-08-16,SOC,"40817",West Ham,Burnley,Burnley,-,0.0,0.0,-,0.0,0.0,3.1,0.08,0.12,2026-08-16 17:55:20.375
2026-08-17,SOC,"40817",Wrexham,Cardiff City,Wrexham,-,0.0,0.0,-,0.0,0.0,2.8,0.76,0.46,2026-08-16 17:55:20.375
2026-08-17,SOC,"40817",Wrexham,Cardiff City,Cardiff City,-,0.0,0.0,-,0.0,0.0,2.45,0.24,0.54,2026-08-16 17:55:20.375
2026-08-15,SOC,"89345",New York Red Bulls,Atlanta Utd,New York Red Bulls,-,0.0,0.0,-,0.0,0.0,3.0,0.51,0.38,2026-08-16 17:55:31.459
2026-08-15,SOC,"89345",New York Red Bulls,Atlanta Utd,Atlanta Utd,-,0.0,0.0,-,0.0,0.0,2.05,0.49,0.62,2026-08-16 17:55:31.459
2026-08-15,SOC,"89345",DC Utd,CF Montreal,DC Utd,-,0.0,0.0,-,0.0,0.0,3.05,0.38,0.32,2026-08-16 17:55:31.459
2026-08-15,SOC,"89345",DC Utd,CF Montreal,CF Montreal,-,0.0,0.0,-,0.0,0.0,2.1,0.62,0.68,2026-08-16 17:55:31.459
2026-08-15,SOC,"89345",Columbus Crew,Charlotte FC,Columbus Crew,-,0.0,0.0,-,0.0,0.0,3.1,0.15,0.32,2026-08-16 17:55:31.459
2026-08-15,SOC,"89345",Columbus Crew,Charlotte FC,Charlotte FC,-,0.0,0.0,-,0.0,0.0,2.1,0.85,0.68,2026-08-16 17:55:31.459
2026-08-15,SOC,"89345",FC Cincinnati,Orlando City,FC Cincinnati,-,0.0,0.0,-,0.0,0.0,2.3,0.39,0.35,2026-08-16 17:55:31.459
2026-08-15,SOC,"89345",FC Cincinnati,Orlando City,Orlando City,-,0.0,0.0,-,0.0,0.0,2.5,0.61,0.65,2026-08-16 17:55:31.459
2026-08-15,SOC,"89345",NE Revolution,Toronto FC,NE Revolution,-,0.0,0.0,-,0.0,0.0,2.95,0.42,0.41,2026-08-16 17:55:31.459
2026-08-15,SOC,"89345",NE Revolution,Toronto FC,Toronto FC,-,0.0,0.0,-,0.0,0.0,2.15,0.58,0.59,2026-08-16 17:55:31.459
2026-08-15,SOC,"89345",Inter Miami,Nashville SC,Inter Miami,-,0.0,0.0,-,0.0,0.0,2.55,0.91,0.71,2026-08-16 17:55:31.459
2026-08-15,SOC,"89345",Inter Miami,Nashville SC,Nashville SC,-,0.0,0.0,-,0.0,0.0,2.4,0.09,0.29,2026-08-16 17:55:31.459
2026-08-15,SOC,"89345",LA Galaxy,HOU Dynamo,LA Galaxy,-,0.0,0.0,-,0.0,0.0,4.6,0.06,0.19,2026-08-16 17:55:31.459
2026-08-15,SOC,"89345",LA Galaxy,HOU Dynamo,HOU Dynamo,-,0.0,0.0,-,0.0,0.0,1.6451613,0.94,0.81,2026-08-16 17:55:31.459
2026-08-15,SOC,"89345",Sporting KC,COL Rapids,Sporting KC,-,0.0,0.0,-,0.0,0.0,5.75,0.02,0.21,2026-08-16 17:55:31.459
2026-08-15,SOC,"89345",Sporting KC,COL Rapids,COL Rapids,-,0.0,0.0,-,0.0,0.0,1.4545455,0.98,0.79,2026-08-16 17:55:31.459
2026-08-15,SOC,"89345",Minnesota Utd,Real Salt Lake,Minnesota Utd,-,0.0,0.0,-,0.0,0.0,3.8,0.04,0.19,2026-08-16 17:55:31.459
2026-08-15,SOC,"89345",Minnesota Utd,Real Salt Lake,Real Salt Lake,-,0.0,0.0,-,0.0,0.0,1.8333334,0.96,0.81,2026-08-16 17:55:31.459
2026-08-15,SOC,"89345",San Diego FC,LAFC,San Diego FC,-,0.0,0.0,-,0.0,0.0,4.6,0.01,0.12,2026-08-16 17:55:31.459
2026-08-15,SOC,"89345",San Diego FC,LAFC,LAFC,-,0.0,0.0,-,0.0,0.0,1.6060606,0.99,0.88,2026-08-16 17:55:31.459
2026-08-15,SOC,"89345",St Louis City SC,SJ Earthquakes,St Louis City SC,-,0.0,0.0,-,0.0,0.0,3.0,0.23,0.4,2026-08-16 17:55:31.459
2026-08-15,SOC,"89345",St Louis City SC,SJ Earthquakes,SJ Earthquakes,-,0.0,0.0,-,0.0,0.0,2.05,0.77,0.6,2026-08-16 17:55:31.459
2026-08-16,SOC,"89345",PHI Union,NYCFC,PHI Union,-,0.0,0.0,-,0.0,0.0,2.65,0.13,0.55,2026-08-16 17:55:31.459
2026-08-16,SOC,"89345",PHI Union,NYCFC,NYCFC,-,0.0,0.0,-,0.0,0.0,2.35,0.87,0.45,2026-08-16 17:55:31.459
2026-08-16,SOC,"89345",POR Timbers,CHI Fire,POR Timbers,-,0.0,0.0,-,0.0,0.0,5.0,0.39,0.43,2026-08-16 17:55:31.459
2026-08-16,SOC,"89345",POR Timbers,CHI Fire,CHI Fire,-,0.0,0.0,-,0.0,0.0,1.5,0.61,0.57,2026-08-16 17:55:31.459
2026-08-16,SOC,"89345",FC Dallas,Austin FC,FC Dallas,-,0.0,0.0,-,0.0,0.0,2.25,0.31,0.76,2026-08-16 17:55:31.459
2026-08-16,SOC,"89345",FC Dallas,Austin FC,Austin FC,-,0.0,0.0,-,0.0,0.0,2.8,0.69,0.24,2026-08-16 17:55:31.459
2026-08-16,SOC,"89345",Vancouver Whitecaps,Seattle Sounders,Vancouver Whitecaps,-,0.0,0.0,-,0.0,0.0,1.8,0.79,0.88,2026-08-16 17:55:31.459
2026-08-16,SOC,"89345",Vancouver Whitecaps,Seattle Sounders,Seattle Sounders,-,0.0,0.0,-,0.0,0.0,3.8,0.21,0.12,2026-08-16 17:55:31.459
2026-08-15,UFC,UFC,Chidi Njokuani,Joel Alvarez,Chidi Njokuani,-,0.0,0.0,-,0.0,0.0,3.0,0.0,0.0,2026-08-16 17:55:32.988
2026-08-15,UFC,UFC,Chidi Njokuani,Joel Alvarez,Joel Alvarez,-,0.0,0.0,-,0.0,0.0,1.4081633,1.0,1.0,2026-08-16 17:55:32.988
2026-08-15,UFC,UFC,Myktybek Orolbai,Jeremiah Wells,Myktybek Orolbai,-,0.0,0.0,-,0.0,0.0,1.074074,0.78,0.89,2026-08-16 17:55:32.988
2026-08-15,UFC,UFC,Myktybek Orolbai,Jeremiah Wells,Jeremiah Wells,-,0.0,0.0,-,0.0,0.0,9.0,0.22,0.11,2026-08-16 17:55:32.988
2026-08-15,UFC,UFC,Ramiz Brahimaj,Neil Magny,Ramiz Brahimaj,-,0.0,0.0,-,0.0,0.0,1.7042253,0.75,0.59,2026-08-16 17:55:32.988
2026-08-15,UFC,UFC,Ramiz Brahimaj,Neil Magny,Neil Magny,-,0.0,0.0,-,0.0,0.0,2.2,0.25,0.41,2026-08-16 17:55:32.988
2026-08-15,UFC,UFC,Lucas Fernando,Rafael Tobias,Lucas Fernando,-,0.0,0.0,-,0.0,0.0,1.3508772,0.62,0.79,2026-08-16 17:55:32.988
2026-08-15,UFC,UFC,Lucas Fernando,Rafael Tobias,Rafael Tobias,-,0.0,0.0,-,0.0,0.0,3.3,0.38,0.21,2026-08-16 17:55:32.988
2026-08-15,UFC,UFC,Tresean Gore,Vicente Luque,Tresean Gore,-,0.0,0.0,-,0.0,0.0,1.8474576,0.6,0.49,2026-08-16 17:55:32.988
2026-08-15,UFC,UFC,Tresean Gore,Vicente Luque,Vicente Luque,-,0.0,0.0,-,0.0,0.0,1.9803921,0.4,0.51,2026-08-16 17:55:32.988
2026-08-15,UFC,UFC,Eric McConico,Donte Johnson,Eric McConico,-,0.0,0.0,-,0.0,0.0,3.8,0.29,0.16,2026-08-16 17:55:32.988
2026-08-15,UFC,UFC,Eric McConico,Donte Johnson,Donte Johnson,-,0.0,0.0,-,0.0,0.0,1.2816901,0.71,0.84,2026-08-16 17:55:32.988
2026-08-15,UFC,UFC,Eduardo Henrique,Charles Johnson,Eduardo Henrique,-,0.0,0.0,-,0.0,0.0,1.9803921,0.39,0.3,2026-08-16 17:55:32.988
2026-08-15,UFC,UFC,Eduardo Henrique,Charles Johnson,Charles Johnson,-,0.0,0.0,-,0.0,0.0,1.8474576,0.61,0.7,2026-08-16 17:55:32.988
2026-08-15,UFC,UFC,Joel Alvarez,Chidi Njokuani,Joel Alvarez,-,0.0,0.0,-,0.0,0.0,1.2666667,0.78,0.87,2026-08-16 17:55:32.988
2026-08-15,UFC,UFC,Joel Alvarez,Chidi Njokuani,Chidi Njokuani,-,0.0,0.0,-,0.0,0.0,3.95,0.22,0.13,2026-08-16 17:55:32.988
2026-08-15,UFC,UFC,Esteban Ribovics,Edson Barboza,Esteban Ribovics,-,0.0,0.0,-,0.0,0.0,1.1333333,0.3,0.75,2026-08-16 17:55:32.988
2026-08-15,UFC,UFC,Esteban Ribovics,Edson Barboza,Edson Barboza,-,0.0,0.0,-,0.0,0.0,6.25,0.7,0.25,2026-08-16 17:55:32.988
2026-08-15,UFC,UFC,Dustin Stoltzfus,Mansur Abdul-Malik,Dustin Stoltzfus,-,0.0,0.0,-,0.0,0.0,5.9,0.38,0.13,2026-08-16 17:55:32.988
2026-08-15,UFC,UFC,Dustin Stoltzfus,Mansur Abdul-Malik,Mansur Abdul-Malik,-,0.0,0.0,-,0.0,0.0,1.1481482,0.62,0.87,2026-08-16 17:55:32.988
2026-08-15,UFC,UFC,Jose Ochoa,Charles Johnson,Jose Ochoa,-,0.0,0.0,-,0.0,0.0,1.2197802,0.77,0.82,2026-08-16 17:55:32.988
2026-08-15,UFC,UFC,Jose Ochoa,Charles Johnson,Charles Johnson,-,0.0,0.0,-,0.0,0.0,4.5,0.23,0.18,2026-08-16 17:55:32.988
2026-08-15,UFC,UFC,Kaue Fernandes,Jalin Turner,Kaue Fernandes,-,0.0,0.0,-,0.0,0.0,2.0,0.56,0.37,2026-08-16 17:55:32.988
2026-08-15,UFC,UFC,Kaue Fernandes,Jalin Turner,Jalin Turner,-,0.0,0.0,-,0.0,0.0,1.8333334,0.44,0.63,2026-08-16 17:55:32.988
2026-08-15,UFC,UFC,Gillian Robertson,Mackenzie Dern,Gillian Robertson,-,0.0,0.0,-,0.0,0.0,2.8,0.3,0.28,2026-08-16 17:55:32.988
2026-08-15,UFC,UFC,Gillian Robertson,Mackenzie Dern,Mackenzie Dern,-,0.0,0.0,-,0.0,0.0,1.4587156,0.7,0.72,2026-08-16 17:55:32.988
2026-08-15,UFC,UFC,Ian Machado Garry,Islam Makhachev,Ian Machado Garry,-,0.0,0.0,-,0.0,0.0,3.6,0.56,0.31,2026-08-16 17:55:32.988
2026-08-15,UFC,UFC,Ian Machado Garry,Islam Makhachev,Islam Makhachev,-,0.0,0.0,-,0.0,0.0,1.3076923,0.44,0.69,2026-08-16 17:55:32.988
2026-08-15,BOX,BOX,Alexander Thiel,Jaquan McElroy,Alexander Thiel,-,0.0,0.0,-,0.0,0.0,9.0,0.0,0.0,2026-08-16 17:55:34.537
2026-08-15,BOX,BOX,Alexander Thiel,Jaquan McElroy,Jaquan McElroy,-,0.0,0.0,-,0.0,0.0,1.0625,1.0,1.0,2026-08-16 17:55:34.537
2026-08-15,BOX,BOX,Michael Nelson,Casey Dixon,Michael Nelson,-,0.0,0.0,-,0.0,0.0,10.0,0.0,0.0,2026-08-16 17:55:34.537
2026-08-15,BOX,BOX,Michael Nelson,Casey Dixon,Casey Dixon,-,0.0,0.0,-,0.0,0.0,1.05,1.0,1.0,2026-08-16 17:55:34.537
2026-08-15,BOX,BOX,Rahmel McKinley,Daniel Mercado,Rahmel McKinley,-,0.0,0.0,-,0.0,0.0,17.0,0.0,0.0,2026-08-16 17:55:34.537
2026-08-15,BOX,BOX,Rahmel McKinley,Daniel Mercado,Daniel Mercado,-,0.0,0.0,-,0.0,0.0,1.01,1.0,1.0,2026-08-16 17:55:34.537
2026-08-15,BOX,BOX,Marianela Ramirez,Shannel Butler,Marianela Ramirez,-,0.0,0.0,-,0.0,0.0,8.5,0.0,0.0,2026-08-16 17:55:34.537
2026-08-15,BOX,BOX,Marianela Ramirez,Shannel Butler,Shannel Butler,-,0.0,0.0,-,0.0,0.0,1.0625,1.0,1.0,2026-08-16 17:55:34.537
2026-08-15,BOX,BOX,Da'Velle Smith,Hakim Lopez,Da'Velle Smith,-,0.0,0.0,-,0.0,0.0,1.3846154,1.0,1.0,2026-08-16 17:55:34.537
2026-08-15,BOX,BOX,Da'Velle Smith,Hakim Lopez,Hakim Lopez,-,0.0,0.0,-,0.0,0.0,3.0,0.0,0.0,2026-08-16 17:55:34.537
2026-08-15,BOX,BOX,Olivia Curry,Danielle Perkins,Olivia Curry,-,0.0,0.0,-,0.0,0.0,5.75,0.0,0.0,2026-08-16 17:55:34.537
2026-08-15,BOX,BOX,Olivia Curry,Danielle Perkins,Danielle Perkins,-,0.0,0.0,-,0.0,0.0,1.1333333,1.0,1.0,2026-08-16 17:55:34.537
2026-08-15,BOX,BOX,Roamer Angulo,Atif Oberlton,Roamer Angulo,-,0.0,0.0,-,0.0,0.0,10.0,0.11,0.05,2026-08-16 17:55:34.537
2026-08-15,BOX,BOX,Roamer Angulo,Atif Oberlton,Atif Oberlton,-,0.0,0.0,-,0.0,0.0,1.05,0.89,0.95,2026-08-16 17:55:34.537
2026-08-15,BOX,BOX,Bernice Ferreira,Caroline Veyre,Bernice Ferreira,-,0.0,0.0,-,0.0,0.0,4.2,0.0,0.0,2026-08-16 17:55:34.537
2026-08-15,BOX,BOX,Bernice Ferreira,Caroline Veyre,Caroline Veyre,-,0.0,0.0,-,0.0,0.0,1.2222222,1.0,1.0,2026-08-16 17:55:34.537
2026-08-15,BOX,BOX,Paulette Cuesta,Ashleyann Lozada,Paulette Cuesta,-,0.0,0.0,-,0.0,0.0,7.5,0.0,0.0,2026-08-16 17:55:34.537
2026-08-15,BOX,BOX,Paulette Cuesta,Ashleyann Lozada,Ashleyann Lozada,-,0.0,0.0,-,0.0,0.0,1.0833334,1.0,1.0,2026-08-16 17:55:34.537
2026-08-15,BOX,BOX,Joseph Hicks,Troy Isley,Joseph Hicks,-,0.0,0.0,-,0.0,0.0,5.75,0.0,0.0,2026-08-16 17:55:34.537
2026-08-15,BOX,BOX,Joseph Hicks,Troy Isley,Troy Isley,-,0.0,0.0,-,0.0,0.0,1.1333333,1.0,1.0,2026-08-16 17:55:34.537
2026-08-15,BOX,BOX,Roger Hilley,Ernesto Mercado,Roger Hilley,-,0.0,0.0,-,0.0,0.0,14.0,0.0,0.0,2026-08-16 17:55:34.537
2026-08-15,BOX,BOX,Roger Hilley,Ernesto Mercado,Ernesto Mercado,-,0.0,0.0,-,0.0,0.0,1.02,1.0,1.0,2026-08-16 17:55:34.537
2026-08-16,BOX,BOX,Kaye Scott,Claressa Shields,Kaye Scott,-,0.0,0.0,-,0.0,0.0,13.0,0.94,0.18,2026-08-16 17:55:34.537
2026-08-16,BOX,BOX,Kaye Scott,Claressa Shields,Claressa Shields,-,0.0,0.0,-,0.0,0.0,1.0333333,0.06,0.82,2026-08-16 17:55:34.537
2026-08-16,BOX,BOX,Emmanuel Tagoe,Ernesto Mercado,Emmanuel Tagoe,-,0.0,0.0,-,0.0,0.0,12.0,0.0,0.0,2026-08-16 17:55:34.537
2026-08-16,BOX,BOX,Emmanuel Tagoe,Ernesto Mercado,Ernesto Mercado,-,0.0,0.0,-,0.0,0.0,1.0333333,1.0,1.0,2026-08-16 17:55:34.537
2026-08-15,AFL,AFL,Collingwood Magpies,Hawthorn Hawks,Collingwood Magpies,+21.5,0.88,0.5,-,0.0,0.0,3.45,0.0,0.0,2026-08-16 17:55:36.025
2026-08-15,AFL,AFL,Collingwood Magpies,Hawthorn Hawks,Hawthorn Hawks,-21.5,0.12,0.5,-,0.0,0.0,1.3030303,1.0,1.0,2026-08-16 17:55:36.025
2026-08-15,AFL,AFL,Melbourne Demons,Port Adelaide Power,Melbourne Demons,-25.5,1.0,1.0,-,0.0,0.0,1.2564102,1.0,1.0,2026-08-16 17:55:36.025
2026-08-15,AFL,AFL,Melbourne Demons,Port Adelaide Power,Port Adelaide Power,+25.5,0.0,0.0,-,0.0,0.0,3.9,0.0,0.0,2026-08-16 17:55:36.025
2026-08-15,AFL,AFL,West Coast Eagles,GWS Giants,West Coast Eagles,+31.5,1.0,1.0,"182.5",0.0,0.0,4.9,0.0,0.0,2026-08-16 17:55:36.025
2026-08-15,AFL,AFL,West Coast Eagles,GWS Giants,GWS Giants,-31.5,0.0,0.0,"182.5",1.0,1.0,1.173913,1.0,1.0,2026-08-16 17:55:36.025
2026-08-16,AFL,AFL,Carlton Blues,Western Bulldogs,Carlton Blues,-19.5,0.18,0.5,-,0.0,0.0,1.3508772,0.0,0.0,2026-08-16 17:55:36.025
2026-08-16,AFL,AFL,Carlton Blues,Western Bulldogs,Western Bulldogs,+19.5,0.82,0.5,-,0.0,0.0,3.15,1.0,1.0,2026-08-16 17:55:36.025
2026-08-15,MLB,MLB,Chicago White Sox,Detroit Tigers,Chicago White Sox,+1.5,0.14,0.53,"8",0.65,0.65,2.3,0.39,0.29,2026-08-16 18:25:07.659
2026-08-15,MLB,MLB,Chicago White Sox,Detroit Tigers,Detroit Tigers,-1.5,0.86,0.47,"8",0.35,0.35,1.7142857,0.61,0.71,2026-08-16 18:25:07.659
2026-08-15,MLB,MLB,ST Louis Cardinals,Chicago Cubs,ST Louis Cardinals,+1.5,0.12,0.23,"9",0.53,0.49,2.68,0.21,0.14,2026-08-16 18:25:07.659
2026-08-15,MLB,MLB,ST Louis Cardinals,Chicago Cubs,Chicago Cubs,-1.5,0.88,0.77,"9",0.47,0.51,1.5524862,0.79,0.86,2026-08-16 18:25:07.659
2026-08-15,MLB,MLB,New York Yankees,Toronto Blue Jays,New York Yankees,-1.5,0.85,0.7,"7",0.52,0.49,1.5376344,0.83,0.83,2026-08-16 18:25:07.659
2026-08-15,MLB,MLB,New York Yankees,Toronto Blue Jays,Toronto Blue Jays,+1.5,0.15,0.3,"7",0.48,0.51,2.73,0.17,0.17,2026-08-16 18:25:07.659
2026-08-15,MLB,MLB,Colorado Rockies,San Francisco Giants,Colorado Rockies,+1.5,0.09,0.37,"7.5",0.84,0.75,2.55,0.26,0.21,2026-08-16 18:25:07.659
2026-08-15,MLB,MLB,Colorado Rockies,San Francisco Giants,San Francisco Giants,-1.5,0.91,0.63,"7.5",0.16,0.25,1.5988024,0.74,0.79,2026-08-16 18:25:07.659
2026-08-15,MLB,MLB,Washington Nationals,New York Mets,Washington Nationals,+1.5,0.1,0.6,"7.5",0.79,0.65,2.21,0.17,0.35,2026-08-16 18:25:07.659
2026-08-15,MLB,MLB,Washington Nationals,New York Mets,New York Mets,-1.5,0.9,0.4,"7.5",0.21,0.35,1.7692307,0.83,0.65,2026-08-16 18:25:07.659
2026-08-15,MLB,MLB,Baltimore Orioles,Tampa Bay Rays,Baltimore Orioles,+1.5,0.03,0.39,"7.5",0.45,0.61,2.31,0.2,0.18,2026-08-16 18:25:07.659
2026-08-15,MLB,MLB,Baltimore Orioles,Tampa Bay Rays,Tampa Bay Rays,-1.5,0.97,0.61,"7.5",0.55,0.39,1.7092198,0.8,0.82,2026-08-16 18:25:07.659
2026-08-15,MLB,MLB,Miami Marlins,Cincinnati Reds,Miami Marlins,-1.5,0.69,0.18,"9",0.94,0.53,1.9803921,0.66,0.49,2026-08-16 18:25:07.659
2026-08-15,MLB,MLB,Miami Marlins,Cincinnati Reds,Cincinnati Reds,+1.5,0.31,0.82,"9",0.06,0.47,1.9523809,0.34,0.51,2026-08-16 18:25:07.659
2026-08-15,MLB,MLB,San Diego Padres,Cleveland Guardians,San Diego Padres,-1.5,0.69,0.42,"8.5",0.31,0.55,2.01,0.79,0.56,2026-08-16 18:25:07.659
2026-08-15,MLB,MLB,San Diego Padres,Cleveland Guardians,Cleveland Guardians,+1.5,0.31,0.58,"8.5",0.69,0.45,1.925926,0.21,0.44,2026-08-16 18:25:07.659
2026-08-15,MLB,MLB,Philadelphia Phillies,Minnesota Twins,Philadelphia Phillies,-1.5,0.75,0.63,"8",0.95,0.69,1.7518797,0.77,0.87,2026-08-16 18:25:07.659
2026-08-15,MLB,MLB,Philadelphia Phillies,Minnesota Twins,Minnesota Twins,+1.5,0.25,0.37,"8",0.05,0.31,2.23,0.23,0.13,2026-08-16 18:25:07.659
2026-08-15,MLB,MLB,Seattle Mariners,Houston Astros,Seattle Mariners,+1.5,0.19,0.64,"8.5",0.82,0.59,2.1,0.33,0.28,2026-08-16 18:25:07.659
2026-08-15,MLB,MLB,Seattle Mariners,Houston Astros,Houston Astros,-1.5,0.81,0.36,"8.5",0.18,0.41,1.8474576,0.67,0.72,2026-08-16 18:25:07.659
2026-08-15,MLB,MLB,Arizona Diamondbacks,Atlanta Braves,Arizona Diamondbacks,+1.5,0.56,0.64,"9",0.77,0.37,2.23,0.38,0.26,2026-08-16 18:25:07.659
2026-08-15,MLB,MLB,Arizona Diamondbacks,Atlanta Braves,Atlanta Braves,-1.5,0.44,0.36,"9",0.23,0.63,1.7518797,0.62,0.74,2026-08-16 18:25:07.659
2026-08-15,MLB,MLB,Boston Red Sox,Pittsburgh Pirates,Boston Red Sox,-1.5,0.83,0.64,"7.5",0.74,0.7,1.8403361,0.91,0.84,2026-08-16 18:25:07.659
2026-08-15,MLB,MLB,Boston Red Sox,Pittsburgh Pirates,Pittsburgh Pirates,+1.5,0.17,0.36,"7.5",0.26,0.3,2.11,0.09,0.16,2026-08-16 18:25:07.659
2026-08-15,MLB,MLB,Milwaukee Brewers,Los Angeles Dodgers,Milwaukee Brewers,-1.5,0.26,0.2,"7.5",0.16,0.4,1.8196721,0.64,0.56,2026-08-16 18:25:07.659
2026-08-15,MLB,MLB,Milwaukee Brewers,Los Angeles Dodgers,Los Angeles Dodgers,+1.5,0.74,0.8,"7.5",0.84,0.6,2.14,0.36,0.44,2026-08-16 18:25:07.659
2026-08-15,MLB,MLB,Kansas City Royals,Los Angeles Angels,Kansas City Royals,+1.5,0.63,0.78,"8",0.48,0.49,2.42,0.49,0.38,2026-08-16 18:25:07.659
2026-08-15,MLB,MLB,Kansas City Royals,Los Angeles Angels,Los Angeles Angels,-1.5,0.37,0.22,"8",0.52,0.51,1.6535947,0.51,0.62,2026-08-16 18:25:07.659
2026-08-15,MLB,MLB,Texas Rangers,Athletics,Texas Rangers,-1.5,0.77,0.35,"9.5",0.71,0.42,1.6493506,0.7,0.72,2026-08-16 18:25:07.659
2026-08-15,MLB,MLB,Texas Rangers,Athletics,Athletics,+1.5,0.23,0.65,"9.5",0.29,0.58,2.43,0.3,0.28,2026-08-16 18:25:07.659
2026-08-16,MLB,MLB,Baltimore Orioles,Tampa Bay Rays,Baltimore Orioles,+1.5,0.09,0.48,"8",0.67,0.6,2.31,0.25,0.32,2026-08-16 18:25:07.659
2026-08-16,MLB,MLB,Baltimore Orioles,Tampa Bay Rays,Tampa Bay Rays,-1.5,0.91,0.52,"8",0.33,0.4,1.7142857,0.75,0.68,2026-08-16 18:25:07.659
2026-08-16,MLB,MLB,Arizona Diamondbacks,Atlanta Braves,Arizona Diamondbacks,+1.5,0.13,0.61,"8.5",0.77,0.62,2.16,0.35,0.36,2026-08-16 18:25:07.659
2026-08-16,MLB,MLB,Arizona Diamondbacks,Atlanta Braves,Atlanta Braves,-1.5,0.87,0.39,"8.5",0.23,0.38,1.8064516,0.65,0.64,2026-08-16 18:25:07.659
2026-08-16,MLB,MLB,Boston Red Sox,Pittsburgh Pirates,Boston Red Sox,-1.5,0.16,0.45,"8",0.71,0.49,1.877193,0.81,0.66,2026-08-16 18:25:07.659
2026-08-16,MLB,MLB,Boston Red Sox,Pittsburgh Pirates,Pittsburgh Pirates,+1.5,0.84,0.55,"8",0.29,0.51,2.06,0.19,0.34,2026-08-16 18:25:07.659
2026-08-16,MLB,MLB,New York Yankees,Toronto Blue Jays,New York Yankees,+1.5,0.27,0.44,"7",0.08,0.31,2.16,0.64,0.55,2026-08-16 18:25:07.659
2026-08-16,MLB,MLB,New York Yankees,Toronto Blue Jays,Toronto Blue Jays,-1.5,0.73,0.56,"7",0.92,0.69,1.8064516,0.36,0.45,2026-08-16 18:25:07.659
2026-08-16,MLB,MLB,San Diego Padres,Cleveland Guardians,San Diego Padres,-1.5,0.89,0.43,"8.5",0.34,0.37,1.925926,0.9,0.63,2026-08-16 18:25:07.659
2026-08-16,MLB,MLB,San Diego Padres,Cleveland Guardians,Cleveland Guardians,+1.5,0.11,0.57,"8.5",0.66,0.63,2.01,0.1,0.37,2026-08-16 18:25:07.659
2026-08-16,MLB,MLB,Washington Nationals,New York Mets,Washington Nationals,+1.5,0.0,0.58,"8.5",0.87,0.43,2.53,0.18,0.34,2026-08-16 18:25:07.659
2026-08-16,MLB,MLB,Washington Nationals,New York Mets,New York Mets,-1.5,1.0,0.42,"8.5",0.13,0.57,1.6060606,0.82,0.66,2026-08-16 18:25:07.659
2026-08-16,MLB,MLB,Miami Marlins,Cincinnati Reds,Miami Marlins,-1.5,0.93,0.38,"9",0.51,0.41,1.8403361,0.73,0.58,2026-08-16 18:25:07.659
2026-08-16,MLB,MLB,Miami Marlins,Cincinnati Reds,Cincinnati Reds,+1.5,0.07,0.63,"9",0.49,0.59,2.11,0.27,0.42,2026-08-16 18:25:07.659
2026-08-16,MLB,MLB,Chicago White Sox,Detroit Tigers,Chicago White Sox,-1.5,0.9,0.37,"8",0.87,0.58,1.9803921,0.64,0.56,2026-08-16 18:25:07.659
2026-08-16,MLB,MLB,Chicago White Sox,Detroit Tigers,Detroit Tigers,+1.5,0.1,0.63,"8",0.13,0.42,1.9523809,0.36,0.44,2026-08-16 18:25:07.659
2026-08-16,MLB,MLB,Philadelphia Phillies,Minnesota Twins,Philadelphia Phillies,-1.5,0.3,0.56,"9",0.94,0.57,1.925926,0.86,0.7,2026-08-16 18:25:07.659
2026-08-16,MLB,MLB,Philadelphia Phillies,Minnesota Twins,Minnesota Twins,+1.5,0.7,0.44,"9",0.06,0.43,2.01,0.14,0.3,2026-08-16 18:25:07.659
2026-08-16,MLB,MLB,ST Louis Cardinals,Chicago Cubs,ST Louis Cardinals,+1.5,0.06,0.53,"9",0.96,0.33,2.42,0.35,0.23,2026-08-16 18:25:07.659
2026-08-16,MLB,MLB,ST Louis Cardinals,Chicago Cubs,Chicago Cubs,-1.5,0.94,0.47,"9",0.04,0.67,1.6535947,0.65,0.77,2026-08-16 18:25:07.659
2026-08-16,MLB,MLB,Texas Rangers,Athletics,Texas Rangers,-1.5,0.94,0.45,"10.5",0.65,0.38,1.7462686,0.49,0.64,2026-08-16 18:25:07.659
2026-08-16,MLB,MLB,Texas Rangers,Athletics,Athletics,+1.5,0.06,0.55,"10.5",0.35,0.62,2.25,0.51,0.36,2026-08-16 18:25:07.659
2026-08-16,MLB,MLB,Colorado Rockies,San Francisco Giants,Colorado Rockies,+1.5,0.09,0.52,"8",0.25,0.53,2.19,0.27,0.31,2026-08-16 18:25:07.659
2026-08-16,MLB,MLB,Colorado Rockies,San Francisco Giants,San Francisco Giants,-1.5,0.91,0.48,"8",0.75,0.47,1.7874016,0.73,0.69,2026-08-16 18:25:07.659
2026-08-16,MLB,MLB,Kansas City Royals,Los Angeles Angels,Kansas City Royals,-1.5,0.98,0.31,"9.5",0.25,0.13,1.862069,0.79,0.61,2026-08-16 18:25:07.659
2026-08-16,MLB,MLB,Kansas City Royals,Los Angeles Angels,Los Angeles Angels,+1.5,0.02,0.69,"9.5",0.75,0.87,2.08,0.21,0.39,2026-08-16 18:25:07.659
2026-08-16,MLB,MLB,Milwaukee Brewers,Los Angeles Dodgers,Milwaukee Brewers,+1.5,0.12,0.52,"7.5",0.2,0.38,2.62,0.28,0.26,2026-08-16 18:25:07.659
2026-08-16,MLB,MLB,Milwaukee Brewers,Los Angeles Dodgers,Los Angeles Dodgers,-1.5,0.88,0.48,"7.5",0.8,0.62,1.5747126,0.72,0.74,2026-08-16 18:25:07.659
2026-08-16,MLB,MLB,Seattle Mariners,Houston Astros,Seattle Mariners,+1.5,0.07,0.7,"7.5",0.35,0.59,2.18,0.18,0.31,2026-08-16 18:25:07.659
2026-08-16,MLB,MLB,Seattle Mariners,Houston Astros,Houston Astros,-1.5,0.93,0.3,"7.5",0.65,0.41,1.7042253,0.82,0.69,2026-08-16 18:25:07.659
2026-08-15,SOC,"40031",Getafe,Alaves,Getafe,-,0.0,0.0,-,0.0,0.0,3.75,0.24,0.34,2026-08-16 18:25:19.658
2026-08-15,SOC,"40031",Getafe,Alaves,Alaves,-,0.0,0.0,-,0.0,0.0,2.4,0.76,0.66,2026-08-16 18:25:19.658
2026-08-15,SOC,"40031",Vallecano,Sevilla,Vallecano,-,0.0,0.0,-,0.0,0.0,3.05,0.17,0.12,2026-08-16 18:25:19.658
2026-08-15,SOC,"40031",Vallecano,Sevilla,Sevilla,-,0.0,0.0,-,0.0,0.0,2.7,0.83,0.88,2026-08-16 18:25:19.658
2026-08-16,SOC,"40031",Villarreal,Racing Santander,Villarreal,-,0.0,0.0,-,0.0,0.0,2.05,0.98,0.97,2026-08-16 18:25:19.658
2026-08-16,SOC,"40031",Villarreal,Racing Santander,Racing Santander,-,0.0,0.0,-,0.0,0.0,3.55,0.02,0.03,2026-08-16 18:25:19.658
2026-08-16,SOC,"40031",Levante,Espanyol,Levante,-,0.0,0.0,-,0.0,0.0,3.7,0.16,0.11,2026-08-16 18:25:19.658
2026-08-16,SOC,"40031",Levante,Espanyol,Espanyol,-,0.0,0.0,-,0.0,0.0,2.1,0.84,0.89,2026-08-16 18:25:19.658
2026-08-16,SOC,"40031",Osasuna,Celta Vigo,Osasuna,-,0.0,0.0,-,0.0,0.0,3.65,0.08,0.09,2026-08-16 18:25:19.658
2026-08-16,SOC,"40031",Osasuna,Celta Vigo,Celta Vigo,-,0.0,0.0,-,0.0,0.0,2.05,0.92,0.91,2026-08-16 18:25:19.658
2026-08-17,SOC,"40031",Elche,Dep La Coruna,Elche,-,0.0,0.0,-,0.0,0.0,3.35,0.53,0.55,2026-08-16 18:25:19.658
2026-08-17,SOC,"40031",Elche,Dep La Coruna,Dep La Coruna,-,0.0,0.0,-,0.0,0.0,2.35,0.47,0.45,2026-08-16 18:25:19.658
2026-08-15,SOC,"40817",Preston,Bolton,Preston,-,0.0,0.0,-,0.0,0.0,3.05,0.19,0.3,2026-08-16 18:25:21.355
2026-08-15,SOC,"40817",Preston,Bolton,Bolton,-,0.0,0.0,-,0.0,0.0,2.35,0.81,0.7,2026-08-16 18:25:21.355
2026-08-15,SOC,"40817",West Brom,Norwich,West Brom,-,0.0,0.0,-,0.0,0.0,3.75,0.05,0.11,2026-08-16 18:25:21.355
2026-08-15,SOC,"40817",West Brom,Norwich,Norwich,-,0.0,0.0,-,0.0,0.0,2.0,0.95,0.89,2026-08-16 18:25:21.355
2026-08-15,SOC,"40817",Swansea,Stoke City,Swansea,-,0.0,0.0,-,0.0,0.0,3.05,0.19,0.21,2026-08-16 18:25:21.355
2026-08-15,SOC,"40817",Swansea,Stoke City,Stoke City,-,0.0,0.0,-,0.0,0.0,2.35,0.81,0.79,2026-08-16 18:25:21.355
2026-08-15,SOC,"40817",Millwall,Bristol City,Millwall,-,0.0,0.0,-,0.0,0.0,2.8,0.58,0.44,2026-08-16 18:25:21.355
2026-08-15,SOC,"40817",Millwall,Bristol City,Bristol City,-,0.0,0.0,-,0.0,0.0,2.5,0.42,0.56,2026-08-16 18:25:21.355
2026-08-15,SOC,"40817",Lincoln City,Middlesbrough,Lincoln City,-,0.0,0.0,-,0.0,0.0,6.5,0.03,0.02,2026-08-16 18:25:21.355
2026-08-15,SOC,"40817",Lincoln City,Middlesbrough,Middlesbrough,-,0.0,0.0,-,0.0,0.0,1.5128205,0.97,0.98,2026-08-16 18:25:21.355
2026-08-15,SOC,"40817",Derby County,Charlton,Derby County,-,0.0,0.0,-,0.0,0.0,2.75,0.42,0.53,2026-08-16 18:25:21.355
2026-08-15,SOC,"40817",Derby County,Charlton,Charlton,-,0.0,0.0,-,0.0,0.0,2.7,0.58,0.47,2026-08-16 18:25:21.355
2026-08-15,SOC,"40817",Queens Park Rangers,Portsmouth,Queens Park Rangers,-,0.0,0.0,-,0.0,0.0,3.15,0.66,0.25,2026-08-16 18:25:21.355
2026-08-15,SOC,"40817",Queens Park Rangers,Portsmouth,Portsmouth,-,0.0,0.0,-,0.0,0.0,2.35,0.34,0.75,2026-08-16 18:25:21.355
2026-08-15,SOC,"40817",Birmingham,Sheffield Utd,Birmingham,-,0.0,0.0,-,0.0,0.0,3.3,0.24,0.25,2026-08-16 18:25:21.355
2026-08-15,SOC,"40817",Birmingham,Sheffield Utd,Sheffield Utd,-,0.0,0.0,-,0.0,0.0,2.25,0.76,0.75,2026-08-16 18:25:21.355
2026-08-16,SOC,"40817",Southampton,Watford,Southampton,-,0.0,0.0,-,0.0,0.0,2.05,0.95,0.89,2026-08-16 18:25:21.355
2026-08-16,SOC,"40817",Southampton,Watford,Watford,-,0.0,0.0,-,0.0,0.0,3.55,0.05,0.11,2026-08-16 18:25:21.355
2026-08-16,SOC,"40817",West Ham,Burnley,West Ham,-,0.0,0.0,-,0.0,0.0,2.25,0.92,0.88,2026-08-16 18:25:21.355
2026-08-16,SOC,"40817",West Ham,Burnley,Burnley,-,0.0,0.0,-,0.0,0.0,3.1,0.08,0.12,2026-08-16 18:25:21.355
2026-08-17,SOC,"40817",Wrexham,Cardiff City,Wrexham,-,0.0,0.0,-,0.0,0.0,2.8,0.76,0.46,2026-08-16 18:25:21.355
2026-08-17,SOC,"40817",Wrexham,Cardiff City,Cardiff City,-,0.0,0.0,-,0.0,0.0,2.45,0.24,0.54,2026-08-16 18:25:21.355
2026-08-15,SOC,"89345",New York Red Bulls,Atlanta Utd,New York Red Bulls,-,0.0,0.0,-,0.0,0.0,3.0,0.51,0.38,2026-08-16 18:25:29.056
2026-08-15,SOC,"89345",New York Red Bulls,Atlanta Utd,Atlanta Utd,-,0.0,0.0,-,0.0,0.0,2.05,0.49,0.62,2026-08-16 18:25:29.056
2026-08-15,SOC,"89345",DC Utd,CF Montreal,DC Utd,-,0.0,0.0,-,0.0,0.0,3.05,0.38,0.32,2026-08-16 18:25:29.056
2026-08-15,SOC,"89345",DC Utd,CF Montreal,CF Montreal,-,0.0,0.0,-,0.0,0.0,2.1,0.62,0.68,2026-08-16 18:25:29.056
2026-08-15,SOC,"89345",Columbus Crew,Charlotte FC,Columbus Crew,-,0.0,0.0,-,0.0,0.0,3.1,0.15,0.32,2026-08-16 18:25:29.056
2026-08-15,SOC,"89345",Columbus Crew,Charlotte FC,Charlotte FC,-,0.0,0.0,-,0.0,0.0,2.1,0.85,0.68,2026-08-16 18:25:29.056
2026-08-15,SOC,"89345",FC Cincinnati,Orlando City,FC Cincinnati,-,0.0,0.0,-,0.0,0.0,2.3,0.39,0.35,2026-08-16 18:25:29.056
2026-08-15,SOC,"89345",FC Cincinnati,Orlando City,Orlando City,-,0.0,0.0,-,0.0,0.0,2.5,0.61,0.65,2026-08-16 18:25:29.056
2026-08-15,SOC,"89345",NE Revolution,Toronto FC,NE Revolution,-,0.0,0.0,-,0.0,0.0,2.95,0.42,0.41,2026-08-16 18:25:29.056
2026-08-15,SOC,"89345",NE Revolution,Toronto FC,Toronto FC,-,0.0,0.0,-,0.0,0.0,2.15,0.58,0.59,2026-08-16 18:25:29.056
2026-08-15,SOC,"89345",Inter Miami,Nashville SC,Inter Miami,-,0.0,0.0,-,0.0,0.0,2.55,0.91,0.71,2026-08-16 18:25:29.056
2026-08-15,SOC,"89345",Inter Miami,Nashville SC,Nashville SC,-,0.0,0.0,-,0.0,0.0,2.4,0.09,0.29,2026-08-16 18:25:29.056
2026-08-15,SOC,"89345",LA Galaxy,HOU Dynamo,LA Galaxy,-,0.0,0.0,-,0.0,0.0,4.6,0.06,0.19,2026-08-16 18:25:29.056
2026-08-15,SOC,"89345",LA Galaxy,HOU Dynamo,HOU Dynamo,-,0.0,0.0,-,0.0,0.0,1.6451613,0.94,0.81,2026-08-16 18:25:29.056
2026-08-15,SOC,"89345",Sporting KC,COL Rapids,Sporting KC,-,0.0,0.0,-,0.0,0.0,5.75,0.02,0.21,2026-08-16 18:25:29.056
2026-08-15,SOC,"89345",Sporting KC,COL Rapids,COL Rapids,-,0.0,0.0,-,0.0,0.0,1.4545455,0.98,0.79,2026-08-16 18:25:29.056
2026-08-15,SOC,"89345",Minnesota Utd,Real Salt Lake,Minnesota Utd,-,0.0,0.0,-,0.0,0.0,3.8,0.04,0.19,2026-08-16 18:25:29.056
2026-08-15,SOC,"89345",Minnesota Utd,Real Salt Lake,Real Salt Lake,-,0.0,0.0,-,0.0,0.0,1.8333334,0.96,0.81,2026-08-16 18:25:29.056
2026-08-15,SOC,"89345",San Diego FC,LAFC,San Diego FC,-,0.0,0.0,-,0.0,0.0,4.6,0.01,0.12,2026-08-16 18:25:29.056
2026-08-15,SOC,"89345",San Diego FC,LAFC,LAFC,-,0.0,0.0,-,0.0,0.0,1.6060606,0.99,0.88,2026-08-16 18:25:29.056
2026-08-15,SOC,"89345",St Louis City SC,SJ Earthquakes,St Louis City SC,-,0.0,0.0,-,0.0,0.0,3.0,0.23,0.4,2026-08-16 18:25:29.056
2026-08-15,SOC,"89345",St Louis City SC,SJ Earthquakes,SJ Earthquakes,-,0.0,0.0,-,0.0,0.0,2.05,0.77,0.6,2026-08-16 18:25:29.056
2026-08-16,SOC,"89345",PHI Union,NYCFC,PHI Union,-,0.0,0.0,-,0.0,0.0,2.65,0.13,0.55,2026-08-16 18:25:29.056
2026-08-16,SOC,"89345",PHI Union,NYCFC,NYCFC,-,0.0,0.0,-,0.0,0.0,2.35,0.87,0.45,2026-08-16 18:25:29.056
2026-08-16,SOC,"89345",POR Timbers,CHI Fire,POR Timbers,-,0.0,0.0,-,0.0,0.0,5.0,0.37,0.43,2026-08-16 18:25:29.056
2026-08-16,SOC,"89345",POR Timbers,CHI Fire,CHI Fire,-,0.0,0.0,-,0.0,0.0,1.5,0.63,0.57,2026-08-16 18:25:29.056
2026-08-16,SOC,"89345",FC Dallas,Austin FC,FC Dallas,-,0.0,0.0,-,0.0,0.0,2.25,0.31,0.76,2026-08-16 18:25:29.056
2026-08-16,SOC,"89345",FC Dallas,Austin FC,Austin FC,-,0.0,0.0,-,0.0,0.0,2.8,0.69,0.24,2026-08-16 18:25:29.056
2026-08-16,SOC,"89345",Vancouver Whitecaps,Seattle Sounders,Vancouver Whitecaps,-,0.0,0.0,-,0.0,0.0,1.8,0.79,0.88,2026-08-16 18:25:29.056
2026-08-16,SOC,"89345",Vancouver Whitecaps,Seattle Sounders,Seattle Sounders,-,0.0,0.0,-,0.0,0.0,3.8,0.21,0.12,2026-08-16 18:25:29.056
2026-08-15,UFC,UFC,Chidi Njokuani,Joel Alvarez,Chidi Njokuani,-,0.0,0.0,-,0.0,0.0,3.0,0.0,0.0,2026-08-16 18:25:30.595
2026-08-15,UFC,UFC,Chidi Njokuani,Joel Alvarez,Joel Alvarez,-,0.0,0.0,-,0.0,0.0,1.4081633,1.0,1.0,2026-08-16 18:25:30.595
2026-08-15,UFC,UFC,Myktybek Orolbai,Jeremiah Wells,Myktybek Orolbai,-,0.0,0.0,-,0.0,0.0,1.074074,0.78,0.89,2026-08-16 18:25:30.595
2026-08-15,UFC,UFC,Myktybek Orolbai,Jeremiah Wells,Jeremiah Wells,-,0.0,0.0,-,0.0,0.0,9.0,0.22,0.11,2026-08-16 18:25:30.595
2026-08-15,UFC,UFC,Ramiz Brahimaj,Neil Magny,Ramiz Brahimaj,-,0.0,0.0,-,0.0,0.0,1.7042253,0.75,0.59,2026-08-16 18:25:30.595
2026-08-15,UFC,UFC,Ramiz Brahimaj,Neil Magny,Neil Magny,-,0.0,0.0,-,0.0,0.0,2.2,0.25,0.41,2026-08-16 18:25:30.595
2026-08-15,UFC,UFC,Lucas Fernando,Rafael Tobias,Lucas Fernando,-,0.0,0.0,-,0.0,0.0,1.3508772,0.62,0.79,2026-08-16 18:25:30.595
2026-08-15,UFC,UFC,Lucas Fernando,Rafael Tobias,Rafael Tobias,-,0.0,0.0,-,0.0,0.0,3.3,0.38,0.21,2026-08-16 18:25:30.595
2026-08-15,UFC,UFC,Tresean Gore,Vicente Luque,Tresean Gore,-,0.0,0.0,-,0.0,0.0,1.8474576,0.6,0.49,2026-08-16 18:25:30.595
2026-08-15,UFC,UFC,Tresean Gore,Vicente Luque,Vicente Luque,-,0.0,0.0,-,0.0,0.0,1.9803921,0.4,0.51,2026-08-16 18:25:30.595
2026-08-15,UFC,UFC,Eric McConico,Donte Johnson,Eric McConico,-,0.0,0.0,-,0.0,0.0,3.8,0.29,0.16,2026-08-16 18:25:30.595
2026-08-15,UFC,UFC,Eric McConico,Donte Johnson,Donte Johnson,-,0.0,0.0,-,0.0,0.0,1.2816901,0.71,0.84,2026-08-16 18:25:30.595
2026-08-15,UFC,UFC,Eduardo Henrique,Charles Johnson,Eduardo Henrique,-,0.0,0.0,-,0.0,0.0,1.9803921,0.39,0.3,2026-08-16 18:25:30.595
2026-08-15,UFC,UFC,Eduardo Henrique,Charles Johnson,Charles Johnson,-,0.0,0.0,-,0.0,0.0,1.8474576,0.61,0.7,2026-08-16 18:25:30.595
2026-08-15,UFC,UFC,Joel Alvarez,Chidi Njokuani,Joel Alvarez,-,0.0,0.0,-,0.0,0.0,1.2666667,0.78,0.87,2026-08-16 18:25:30.595
2026-08-15,UFC,UFC,Joel Alvarez,Chidi Njokuani,Chidi Njokuani,-,0.0,0.0,-,0.0,0.0,3.95,0.22,0.13,2026-08-16 18:25:30.595
2026-08-15,UFC,UFC,Esteban Ribovics,Edson Barboza,Esteban Ribovics,-,0.0,0.0,-,0.0,0.0,1.1333333,0.3,0.75,2026-08-16 18:25:30.595
2026-08-15,UFC,UFC,Esteban Ribovics,Edson Barboza,Edson Barboza,-,0.0,0.0,-,0.0,0.0,6.25,0.7,0.25,2026-08-16 18:25:30.595
2026-08-15,UFC,UFC,Dustin Stoltzfus,Mansur Abdul-Malik,Dustin Stoltzfus,-,0.0,0.0,-,0.0,0.0,5.9,0.38,0.13,2026-08-16 18:25:30.595
2026-08-15,UFC,UFC,Dustin Stoltzfus,Mansur Abdul-Malik,Mansur Abdul-Malik,-,0.0,0.0,-,0.0,0.0,1.1481482,0.62,0.87,2026-08-16 18:25:30.595
2026-08-15,UFC,UFC,Jose Ochoa,Charles Johnson,Jose Ochoa,-,0.0,0.0,-,0.0,0.0,1.2197802,0.77,0.82,2026-08-16 18:25:30.595
2026-08-15,UFC,UFC,Jose Ochoa,Charles Johnson,Charles Johnson,-,0.0,0.0,-,0.0,0.0,4.5,0.23,0.18,2026-08-16 18:25:30.595
2026-08-15,UFC,UFC,Kaue Fernandes,Jalin Turner,Kaue Fernandes,-,0.0,0.0,-,0.0,0.0,2.0,0.56,0.37,2026-08-16 18:25:30.595
2026-08-15,UFC,UFC,Kaue Fernandes,Jalin Turner,Jalin Turner,-,0.0,0.0,-,0.0,0.0,1.8333334,0.44,0.63,2026-08-16 18:25:30.595
2026-08-15,UFC,UFC,Gillian Robertson,Mackenzie Dern,Gillian Robertson,-,0.0,0.0,-,0.0,0.0,2.8,0.3,0.28,2026-08-16 18:25:30.595
2026-08-15,UFC,UFC,Gillian Robertson,Mackenzie Dern,Mackenzie Dern,-,0.0,0.0,-,0.0,0.0,1.4587156,0.7,0.72,2026-08-16 18:25:30.595
2026-08-15,UFC,UFC,Ian Machado Garry,Islam Makhachev,Ian Machado Garry,-,0.0,0.0,-,0.0,0.0,3.6,0.56,0.31,2026-08-16 18:25:30.595
2026-08-15,UFC,UFC,Ian Machado Garry,Islam Makhachev,Islam Makhachev,-,0.0,0.0,-,0.0,0.0,1.3076923,0.44,0.69,2026-08-16 18:25:30.595
2026-08-15,BOX,BOX,Alexander Thiel,Jaquan McElroy,Alexander Thiel,-,0.0,0.0,-,0.0,0.0,9.0,0.0,0.0,2026-08-16 18:25:32.137
2026-08-15,BOX,BOX,Alexander Thiel,Jaquan McElroy,Jaquan McElroy,-,0.0,0.0,-,0.0,0.0,1.0625,1.0,1.0,2026-08-16 18:25:32.137
2026-08-15,BOX,BOX,Michael Nelson,Casey Dixon,Michael Nelson,-,0.0,0.0,-,0.0,0.0,10.0,0.0,0.0,2026-08-16 18:25:32.137
2026-08-15,BOX,BOX,Michael Nelson,Casey Dixon,Casey Dixon,-,0.0,0.0,-,0.0,0.0,1.05,1.0,1.0,2026-08-16 18:25:32.137
2026-08-15,BOX,BOX,Rahmel McKinley,Daniel Mercado,Rahmel McKinley,-,0.0,0.0,-,0.0,0.0,17.0,0.0,0.0,2026-08-16 18:25:32.137
2026-08-15,BOX,BOX,Rahmel McKinley,Daniel Mercado,Daniel Mercado,-,0.0,0.0,-,0.0,0.0,1.01,1.0,1.0,2026-08-16 18:25:32.137
2026-08-15,BOX,BOX,Marianela Ramirez,Shannel Butler,Marianela Ramirez,-,0.0,0.0,-,0.0,0.0,8.5,0.0,0.0,2026-08-16 18:25:32.137
2026-08-15,BOX,BOX,Marianela Ramirez,Shannel Butler,Shannel Butler,-,0.0,0.0,-,0.0,0.0,1.0625,1.0,1.0,2026-08-16 18:25:32.137
2026-08-15,BOX,BOX,Da'Velle Smith,Hakim Lopez,Da'Velle Smith,-,0.0,0.0,-,0.0,0.0,1.3846154,1.0,1.0,2026-08-16 18:25:32.137
2026-08-15,BOX,BOX,Da'Velle Smith,Hakim Lopez,Hakim Lopez,-,0.0,0.0,-,0.0,0.0,3.0,0.0,0.0,2026-08-16 18:25:32.137
2026-08-15,BOX,BOX,Olivia Curry,Danielle Perkins,Olivia Curry,-,0.0,0.0,-,0.0,0.0,5.75,0.0,0.0,2026-08-16 18:25:32.137
2026-08-15,BOX,BOX,Olivia Curry,Danielle Perkins,Danielle Perkins,-,0.0,0.0,-,0.0,0.0,1.1333333,1.0,1.0,2026-08-16 18:25:32.137
2026-08-15,BOX,BOX,Roamer Angulo,Atif Oberlton,Roamer Angulo,-,0.0,0.0,-,0.0,0.0,10.0,0.11,0.05,2026-08-16 18:25:32.137
2026-08-15,BOX,BOX,Roamer Angulo,Atif Oberlton,Atif Oberlton,-,0.0,0.0,-,0.0,0.0,1.05,0.89,0.95,2026-08-16 18:25:32.137
2026-08-15,BOX,BOX,Bernice Ferreira,Caroline Veyre,Bernice Ferreira,-,0.0,0.0,-,0.0,0.0,4.2,0.0,0.0,2026-08-16 18:25:32.137
2026-08-15,BOX,BOX,Bernice Ferreira,Caroline Veyre,Caroline Veyre,-,0.0,0.0,-,0.0,0.0,1.2222222,1.0,1.0,2026-08-16 18:25:32.137
2026-08-15,BOX,BOX,Paulette Cuesta,Ashleyann Lozada,Paulette Cuesta,-,0.0,0.0,-,0.0,0.0,7.5,0.0,0.0,2026-08-16 18:25:32.137
2026-08-15,BOX,BOX,Paulette Cuesta,Ashleyann Lozada,Ashleyann Lozada,-,0.0,0.0,-,0.0,0.0,1.0833334,1.0,1.0,2026-08-16 18:25:32.137
2026-08-15,BOX,BOX,Joseph Hicks,Troy Isley,Joseph Hicks,-,0.0,0.0,-,0.0,0.0,5.75,0.0,0.0,2026-08-16 18:25:32.137
2026-08-15,BOX,BOX,Joseph Hicks,Troy Isley,Troy Isley,-,0.0,0.0,-,0.0,0.0,1.1333333,1.0,1.0,2026-08-16 18:25:32.137
2026-08-15,BOX,BOX,Roger Hilley,Ernesto Mercado,Roger Hilley,-,0.0,0.0,-,0.0,0.0,14.0,0.0,0.0,2026-08-16 18:25:32.137
2026-08-15,BOX,BOX,Roger Hilley,Ernesto Mercado,Ernesto Mercado,-,0.0,0.0,-,0.0,0.0,1.02,1.0,1.0,2026-08-16 18:25:32.137
2026-08-16,BOX,BOX,Kaye Scott,Claressa Shields,Kaye Scott,-,0.0,0.0,-,0.0,0.0,13.0,0.94,0.18,2026-08-16 18:25:32.137
2026-08-16,BOX,BOX,Kaye Scott,Claressa Shields,Claressa Shields,-,0.0,0.0,-,0.0,0.0,1.0333333,0.06,0.82,2026-08-16 18:25:32.137
2026-08-16,BOX,BOX,Emmanuel Tagoe,Ernesto Mercado,Emmanuel Tagoe,-,0.0,0.0,-,0.0,0.0,12.0,0.0,0.0,2026-08-16 18:25:32.137
2026-08-16,BOX,BOX,Emmanuel Tagoe,Ernesto Mercado,Ernesto Mercado,-,0.0,0.0,-,0.0,0.0,1.0333333,1.0,1.0,2026-08-16 18:25:32.137
2026-08-15,AFL,AFL,Collingwood Magpies,Hawthorn Hawks,Collingwood Magpies,+21.5,0.88,0.5,-,0.0,0.0,3.45,0.0,0.0,2026-08-16 18:25:33.520
2026-08-15,AFL,AFL,Collingwood Magpies,Hawthorn Hawks,Hawthorn Hawks,-21.5,0.12,0.5,-,0.0,0.0,1.3030303,1.0,1.0,2026-08-16 18:25:33.520
2026-08-15,AFL,AFL,Melbourne Demons,Port Adelaide Power,Melbourne Demons,-25.5,1.0,1.0,-,0.0,0.0,1.2564102,1.0,1.0,2026-08-16 18:25:33.520
2026-08-15,AFL,AFL,Melbourne Demons,Port Adelaide Power,Port Adelaide Power,+25.5,0.0,0.0,-,0.0,0.0,3.9,0.0,0.0,2026-08-16 18:25:33.520
2026-08-15,AFL,AFL,West Coast Eagles,GWS Giants,West Coast Eagles,+31.5,1.0,1.0,"182.5",0.0,0.0,4.9,0.0,0.0,2026-08-16 18:25:33.520
2026-08-15,AFL,AFL,West Coast Eagles,GWS Giants,GWS Giants,-31.5,0.0,0.0,"182.5",1.0,1.0,1.173913,1.0,1.0,2026-08-16 18:25:33.520
2026-08-16,AFL,AFL,Carlton Blues,Western Bulldogs,Carlton Blues,-19.5,0.18,0.5,-,0.0,0.0,1.3508772,0.0,0.0,2026-08-16 18:25:33.520
2026-08-16,AFL,AFL,Carlton Blues,Western Bulldogs,Western Bulldogs,+19.5,0.82,0.5,-,0.0,0.0,3.15,1.0,1.0,2026-08-16 18:25:33.520
2026-08-15,MLB,MLB,Chicago White Sox,Detroit Tigers,Chicago White Sox,+1.5,0.14,0.53,"8",0.65,0.65,2.3,0.39,0.29,2026-08-16 18:55:15.426
2026-08-15,MLB,MLB,Chicago White Sox,Detroit Tigers,Detroit Tigers,-1.5,0.86,0.47,"8",0.35,0.35,1.7142857,0.61,0.71,2026-08-16 18:55:15.426
2026-08-15,MLB,MLB,ST Louis Cardinals,Chicago Cubs,ST Louis Cardinals,+1.5,0.12,0.23,"9",0.53,0.49,2.68,0.21,0.14,2026-08-16 18:55:15.426
2026-08-15,MLB,MLB,ST Louis Cardinals,Chicago Cubs,Chicago Cubs,-1.5,0.88,0.77,"9",0.47,0.51,1.5524862,0.79,0.86,2026-08-16 18:55:15.426
2026-08-15,MLB,MLB,New York Yankees,Toronto Blue Jays,New York Yankees,-1.5,0.85,0.7,"7",0.52,0.49,1.5376344,0.83,0.83,2026-08-16 18:55:15.426
2026-08-15,MLB,MLB,New York Yankees,Toronto Blue Jays,Toronto Blue Jays,+1.5,0.15,0.3,"7",0.48,0.51,2.73,0.17,0.17,2026-08-16 18:55:15.426
2026-08-15,MLB,MLB,Colorado Rockies,San Francisco Giants,Colorado Rockies,+1.5,0.09,0.37,"7.5",0.84,0.75,2.55,0.26,0.21,2026-08-16 18:55:15.426
2026-08-15,MLB,MLB,Colorado Rockies,San Francisco Giants,San Francisco Giants,-1.5,0.91,0.63,"7.5",0.16,0.25,1.5988024,0.74,0.79,2026-08-16 18:55:15.426
2026-08-15,MLB,MLB,Washington Nationals,New York Mets,Washington Nationals,+1.5,0.1,0.6,"7.5",0.79,0.65,2.21,0.17,0.35,2026-08-16 18:55:15.426
2026-08-15,MLB,MLB,Washington Nationals,New York Mets,New York Mets,-1.5,0.9,0.4,"7.5",0.21,0.35,1.7692307,0.83,0.65,2026-08-16 18:55:15.426
2026-08-15,MLB,MLB,Baltimore Orioles,Tampa Bay Rays,Baltimore Orioles,+1.5,0.03,0.39,"7.5",0.45,0.61,2.31,0.2,0.18,2026-08-16 18:55:15.426
2026-08-15,MLB,MLB,Baltimore Orioles,Tampa Bay Rays,Tampa Bay Rays,-1.5,0.97,0.61,"7.5",0.55,0.39,1.7092198,0.8,0.82,2026-08-16 18:55:15.426
2026-08-15,MLB,MLB,Miami Marlins,Cincinnati Reds,Miami Marlins,-1.5,0.69,0.18,"9",0.94,0.53,1.9803921,0.66,0.49,2026-08-16 18:55:15.426
2026-08-15,MLB,MLB,Miami Marlins,Cincinnati Reds,Cincinnati Reds,+1.5,0.31,0.82,"9",0.06,0.47,1.9523809,0.34,0.51,2026-08-16 18:55:15.426
2026-08-15,MLB,MLB,San Diego Padres,Cleveland Guardians,San Diego Padres,-1.5,0.69,0.42,"8.5",0.31,0.55,2.01,0.79,0.56,2026-08-16 18:55:15.426
2026-08-15,MLB,MLB,San Diego Padres,Cleveland Guardians,Cleveland Guardians,+1.5,0.31,0.58,"8.5",0.69,0.45,1.925926,0.21,0.44,2026-08-16 18:55:15.426
2026-08-15,MLB,MLB,Philadelphia Phillies,Minnesota Twins,Philadelphia Phillies,-1.5,0.75,0.63,"8",0.95,0.69,1.7518797,0.77,0.87,2026-08-16 18:55:15.426
2026-08-15,MLB,MLB,Philadelphia Phillies,Minnesota Twins,Minnesota Twins,+1.5,0.25,0.37,"8",0.05,0.31,2.23,0.23,0.13,2026-08-16 18:55:15.426
2026-08-15,MLB,MLB,Seattle Mariners,Houston Astros,Seattle Mariners,+1.5,0.19,0.64,"8.5",0.82,0.59,2.1,0.33,0.28,2026-08-16 18:55:15.426
2026-08-15,MLB,MLB,Seattle Mariners,Houston Astros,Houston Astros,-1.5,0.81,0.36,"8.5",0.18,0.41,1.8474576,0.67,0.72,2026-08-16 18:55:15.426
2026-08-15,MLB,MLB,Arizona Diamondbacks,Atlanta Braves,Arizona Diamondbacks,+1.5,0.56,0.64,"9",0.77,0.37,2.23,0.38,0.26,2026-08-16 18:55:15.426
2026-08-15,MLB,MLB,Arizona Diamondbacks,Atlanta Braves,Atlanta Braves,-1.5,0.44,0.36,"9",0.23,0.63,1.7518797,0.62,0.74,2026-08-16 18:55:15.426
2026-08-15,MLB,MLB,Boston Red Sox,Pittsburgh Pirates,Boston Red Sox,-1.5,0.83,0.64,"7.5",0.74,0.7,1.8403361,0.91,0.84,2026-08-16 18:55:15.426
2026-08-15,MLB,MLB,Boston Red Sox,Pittsburgh Pirates,Pittsburgh Pirates,+1.5,0.17,0.36,"7.5",0.26,0.3,2.11,0.09,0.16,2026-08-16 18:55:15.426
2026-08-15,MLB,MLB,Milwaukee Brewers,Los Angeles Dodgers,Milwaukee Brewers,-1.5,0.26,0.2,"7.5",0.16,0.4,1.8196721,0.64,0.56,2026-08-16 18:55:15.426
2026-08-15,MLB,MLB,Milwaukee Brewers,Los Angeles Dodgers,Los Angeles Dodgers,+1.5,0.74,0.8,"7.5",0.84,0.6,2.14,0.36,0.44,2026-08-16 18:55:15.426
2026-08-15,MLB,MLB,Kansas City Royals,Los Angeles Angels,Kansas City Royals,+1.5,0.63,0.78,"8",0.48,0.49,2.42,0.49,0.38,2026-08-16 18:55:15.426
2026-08-15,MLB,MLB,Kansas City Royals,Los Angeles Angels,Los Angeles Angels,-1.5,0.37,0.22,"8",0.52,0.51,1.6535947,0.51,0.62,2026-08-16 18:55:15.426
2026-08-15,MLB,MLB,Texas Rangers,Athletics,Texas Rangers,-1.5,0.77,0.35,"9.5",0.71,0.42,1.6493506,0.7,0.72,2026-08-16 18:55:15.426
2026-08-15,MLB,MLB,Texas Rangers,Athletics,Athletics,+1.5,0.23,0.65,"9.5",0.29,0.58,2.43,0.3,0.28,2026-08-16 18:55:15.426
2026-08-16,MLB,MLB,Baltimore Orioles,Tampa Bay Rays,Baltimore Orioles,+1.5,0.09,0.48,"8",0.67,0.6,2.31,0.25,0.32,2026-08-16 18:55:15.426
2026-08-16,MLB,MLB,Baltimore Orioles,Tampa Bay Rays,Tampa Bay Rays,-1.5,0.91,0.52,"8",0.33,0.4,1.7142857,0.75,0.68,2026-08-16 18:55:15.426
2026-08-16,MLB,MLB,Arizona Diamondbacks,Atlanta Braves,Arizona Diamondbacks,+1.5,0.13,0.61,"8.5",0.78,0.62,2.16,0.35,0.36,2026-08-16 18:55:15.426
2026-08-16,MLB,MLB,Arizona Diamondbacks,Atlanta Braves,Atlanta Braves,-1.5,0.87,0.39,"8.5",0.22,0.38,1.8064516,0.65,0.64,2026-08-16 18:55:15.426
2026-08-16,MLB,MLB,Boston Red Sox,Pittsburgh Pirates,Boston Red Sox,-1.5,0.18,0.46,"8",0.71,0.49,1.877193,0.81,0.66,2026-08-16 18:55:15.426
2026-08-16,MLB,MLB,Boston Red Sox,Pittsburgh Pirates,Pittsburgh Pirates,+1.5,0.82,0.54,"8",0.29,0.51,2.06,0.19,0.34,2026-08-16 18:55:15.426
2026-08-16,MLB,MLB,New York Yankees,Toronto Blue Jays,New York Yankees,+1.5,0.29,0.46,"7",0.08,0.32,2.16,0.64,0.55,2026-08-16 18:55:15.426
2026-08-16,MLB,MLB,New York Yankees,Toronto Blue Jays,Toronto Blue Jays,-1.5,0.71,0.54,"7",0.92,0.68,1.8064516,0.36,0.45,2026-08-16 18:55:15.426
2026-08-16,MLB,MLB,San Diego Padres,Cleveland Guardians,San Diego Padres,-1.5,0.9,0.43,"8.5",0.34,0.37,1.925926,0.9,0.64,2026-08-16 18:55:15.426
2026-08-16,MLB,MLB,San Diego Padres,Cleveland Guardians,Cleveland Guardians,+1.5,0.1,0.57,"8.5",0.66,0.63,2.01,0.1,0.36,2026-08-16 18:55:15.426
2026-08-16,MLB,MLB,Washington Nationals,New York Mets,Washington Nationals,+1.5,0.0,0.59,"8.5",0.87,0.44,2.53,0.18,0.33,2026-08-16 18:55:15.426
2026-08-16,MLB,MLB,Washington Nationals,New York Mets,New York Mets,-1.5,1.0,0.41,"8.5",0.13,0.56,1.6060606,0.82,0.67,2026-08-16 18:55:15.426
2026-08-16,MLB,MLB,Miami Marlins,Cincinnati Reds,Miami Marlins,-1.5,0.92,0.37,"9",0.46,0.41,1.8403361,0.73,0.59,2026-08-16 18:55:15.426
2026-08-16,MLB,MLB,Miami Marlins,Cincinnati Reds,Cincinnati Reds,+1.5,0.08,0.63,"9",0.54,0.59,2.11,0.27,0.41,2026-08-16 18:55:15.426
2026-08-16,MLB,MLB,Chicago White Sox,Detroit Tigers,Chicago White Sox,-1.5,0.91,0.38,"8",0.87,0.58,1.9803921,0.63,0.56,2026-08-16 18:55:15.426
2026-08-16,MLB,MLB,Chicago White Sox,Detroit Tigers,Detroit Tigers,+1.5,0.09,0.63,"8",0.13,0.42,1.9523809,0.37,0.44,2026-08-16 18:55:15.426
2026-08-16,MLB,MLB,Philadelphia Phillies,Minnesota Twins,Philadelphia Phillies,-1.5,0.29,0.55,"9",0.94,0.58,1.925926,0.86,0.7,2026-08-16 18:55:15.426
2026-08-16,MLB,MLB,Philadelphia Phillies,Minnesota Twins,Minnesota Twins,+1.5,0.71,0.45,"9",0.06,0.43,2.01,0.14,0.3,2026-08-16 18:55:15.426
2026-08-16,MLB,MLB,ST Louis Cardinals,Chicago Cubs,ST Louis Cardinals,+1.5,0.08,0.54,"9",0.97,0.35,2.42,0.35,0.23,2026-08-16 18:55:15.426
2026-08-16,MLB,MLB,ST Louis Cardinals,Chicago Cubs,Chicago Cubs,-1.5,0.92,0.46,"9",0.03,0.65,1.6535947,0.65,0.77,2026-08-16 18:55:15.426
2026-08-16,MLB,MLB,Texas Rangers,Athletics,Texas Rangers,-1.5,0.95,0.47,"10.5",0.54,0.38,1.7462686,0.49,0.64,2026-08-16 18:55:15.426
2026-08-16,MLB,MLB,Texas Rangers,Athletics,Athletics,+1.5,0.05,0.53,"10.5",0.46,0.62,2.25,0.51,0.36,2026-08-16 18:55:15.426
2026-08-16,MLB,MLB,Colorado Rockies,San Francisco Giants,Colorado Rockies,+1.5,0.09,0.52,"8",0.25,0.53,2.19,0.25,0.32,2026-08-16 18:55:15.426
2026-08-16,MLB,MLB,Colorado Rockies,San Francisco Giants,San Francisco Giants,-1.5,0.91,0.48,"8",0.75,0.47,1.7874016,0.75,0.68,2026-08-16 18:55:15.426
2026-08-16,MLB,MLB,Kansas City Royals,Los Angeles Angels,Kansas City Royals,-1.5,0.98,0.3,"9.5",0.22,0.13,1.862069,0.79,0.6,2026-08-16 18:55:15.426
2026-08-16,MLB,MLB,Kansas City Royals,Los Angeles Angels,Los Angeles Angels,+1.5,0.02,0.7,"9.5",0.78,0.87,2.08,0.21,0.4,2026-08-16 18:55:15.426
2026-08-16,MLB,MLB,Milwaukee Brewers,Los Angeles Dodgers,Milwaukee Brewers,+1.5,0.18,0.53,"7.5",0.2,0.38,2.62,0.28,0.26,2026-08-16 18:55:15.426
2026-08-16,MLB,MLB,Milwaukee Brewers,Los Angeles Dodgers,Los Angeles Dodgers,-1.5,0.82,0.47,"7.5",0.8,0.62,1.5747126,0.72,0.74,2026-08-16 18:55:15.426
2026-08-16,MLB,MLB,Seattle Mariners,Houston Astros,Seattle Mariners,+1.5,0.25,0.71,"7.5",0.35,0.6,2.18,0.18,0.31,2026-08-16 18:55:15.426
2026-08-16,MLB,MLB,Seattle Mariners,Houston Astros,Houston Astros,-1.5,0.75,0.29,"7.5",0.65,0.4,1.7042253,0.82,0.69,2026-08-16 18:55:15.426
2026-08-15,SOC,"40031",Getafe,Alaves,Getafe,-,0.0,0.0,-,0.0,0.0,3.75,0.24,0.34,2026-08-16 18:55:24.084
2026-08-15,SOC,"40031",Getafe,Alaves,Alaves,-,0.0,0.0,-,0.0,0.0,2.4,0.76,0.66,2026-08-16 18:55:24.084
2026-08-15,SOC,"40031",Vallecano,Sevilla,Vallecano,-,0.0,0.0,-,0.0,0.0,3.05,0.17,0.12,2026-08-16 18:55:24.084
2026-08-15,SOC,"40031",Vallecano,Sevilla,Sevilla,-,0.0,0.0,-,0.0,0.0,2.7,0.83,0.88,2026-08-16 18:55:24.084
2026-08-16,SOC,"40031",Villarreal,Racing Santander,Villarreal,-,0.0,0.0,-,0.0,0.0,2.05,0.98,0.97,2026-08-16 18:55:24.084
2026-08-16,SOC,"40031",Villarreal,Racing Santander,Racing Santander,-,0.0,0.0,-,0.0,0.0,3.55,0.02,0.03,2026-08-16 18:55:24.084
2026-08-16,SOC,"40031",Levante,Espanyol,Levante,-,0.0,0.0,-,0.0,0.0,3.7,0.16,0.11,2026-08-16 18:55:24.084
2026-08-16,SOC,"40031",Levante,Espanyol,Espanyol,-,0.0,0.0,-,0.0,0.0,2.1,0.84,0.89,2026-08-16 18:55:24.084
2026-08-16,SOC,"40031",Osasuna,Celta Vigo,Osasuna,-,0.0,0.0,-,0.0,0.0,3.65,0.09,0.09,2026-08-16 18:55:24.084
2026-08-16,SOC,"40031",Osasuna,Celta Vigo,Celta Vigo,-,0.0,0.0,-,0.0,0.0,2.05,0.91,0.91,2026-08-16 18:55:24.084
2026-08-17,SOC,"40031",Elche,Dep La Coruna,Elche,-,0.0,0.0,-,0.0,0.0,3.35,0.53,0.55,2026-08-16 18:55:24.084
2026-08-17,SOC,"40031",Elche,Dep La Coruna,Dep La Coruna,-,0.0,0.0,-,0.0,0.0,2.35,0.47,0.45,2026-08-16 18:55:24.084
2026-08-15,SOC,"40817",Preston,Bolton,Preston,-,0.0,0.0,-,0.0,0.0,3.05,0.19,0.3,2026-08-16 18:55:25.663
2026-08-15,SOC,"40817",Preston,Bolton,Bolton,-,0.0,0.0,-,0.0,0.0,2.35,0.81,0.7,2026-08-16 18:55:25.663
2026-08-15,SOC,"40817",West Brom,Norwich,West Brom,-,0.0,0.0,-,0.0,0.0,3.75,0.05,0.11,2026-08-16 18:55:25.663
2026-08-15,SOC,"40817",West Brom,Norwich,Norwich,-,0.0,0.0,-,0.0,0.0,2.0,0.95,0.89,2026-08-16 18:55:25.663
2026-08-15,SOC,"40817",Swansea,Stoke City,Swansea,-,0.0,0.0,-,0.0,0.0,3.05,0.19,0.21,2026-08-16 18:55:25.663
2026-08-15,SOC,"40817",Swansea,Stoke City,Stoke City,-,0.0,0.0,-,0.0,0.0,2.35,0.81,0.79,2026-08-16 18:55:25.663
2026-08-15,SOC,"40817",Millwall,Bristol City,Millwall,-,0.0,0.0,-,0.0,0.0,2.8,0.58,0.44,2026-08-16 18:55:25.663
2026-08-15,SOC,"40817",Millwall,Bristol City,Bristol City,-,0.0,0.0,-,0.0,0.0,2.5,0.42,0.56,2026-08-16 18:55:25.663
2026-08-15,SOC,"40817",Lincoln City,Middlesbrough,Lincoln City,-,0.0,0.0,-,0.0,0.0,6.5,0.03,0.02,2026-08-16 18:55:25.663
2026-08-15,SOC,"40817",Lincoln City,Middlesbrough,Middlesbrough,-,0.0,0.0,-,0.0,0.0,1.5128205,0.97,0.98,2026-08-16 18:55:25.663
2026-08-15,SOC,"40817",Derby County,Charlton,Derby County,-,0.0,0.0,-,0.0,0.0,2.75,0.42,0.53,2026-08-16 18:55:25.663
2026-08-15,SOC,"40817",Derby County,Charlton,Charlton,-,0.0,0.0,-,0.0,0.0,2.7,0.58,0.47,2026-08-16 18:55:25.663
2026-08-15,SOC,"40817",Queens Park Rangers,Portsmouth,Queens Park Rangers,-,0.0,0.0,-,0.0,0.0,3.15,0.66,0.25,2026-08-16 18:55:25.663
2026-08-15,SOC,"40817",Queens Park Rangers,Portsmouth,Portsmouth,-,0.0,0.0,-,0.0,0.0,2.35,0.34,0.75,2026-08-16 18:55:25.663
2026-08-15,SOC,"40817",Birmingham,Sheffield Utd,Birmingham,-,0.0,0.0,-,0.0,0.0,3.3,0.24,0.25,2026-08-16 18:55:25.663
2026-08-15,SOC,"40817",Birmingham,Sheffield Utd,Sheffield Utd,-,0.0,0.0,-,0.0,0.0,2.25,0.76,0.75,2026-08-16 18:55:25.663
2026-08-16,SOC,"40817",Southampton,Watford,Southampton,-,0.0,0.0,-,0.0,0.0,2.05,0.95,0.9,2026-08-16 18:55:25.663
2026-08-16,SOC,"40817",Southampton,Watford,Watford,-,0.0,0.0,-,0.0,0.0,3.55,0.05,0.1,2026-08-16 18:55:25.663
2026-08-16,SOC,"40817",West Ham,Burnley,West Ham,-,0.0,0.0,-,0.0,0.0,2.25,0.92,0.88,2026-08-16 18:55:25.663
2026-08-16,SOC,"40817",West Ham,Burnley,Burnley,-,0.0,0.0,-,0.0,0.0,3.1,0.08,0.12,2026-08-16 18:55:25.663
2026-08-17,SOC,"40817",Wrexham,Cardiff City,Wrexham,-,0.0,0.0,-,0.0,0.0,2.8,0.76,0.46,2026-08-16 18:55:25.663
2026-08-17,SOC,"40817",Wrexham,Cardiff City,Cardiff City,-,0.0,0.0,-,0.0,0.0,2.45,0.24,0.54,2026-08-16 18:55:25.663
2026-08-15,SOC,"89345",New York Red Bulls,Atlanta Utd,New York Red Bulls,-,0.0,0.0,-,0.0,0.0,3.0,0.51,0.38,2026-08-16 18:55:33.751
2026-08-15,SOC,"89345",New York Red Bulls,Atlanta Utd,Atlanta Utd,-,0.0,0.0,-,0.0,0.0,2.05,0.49,0.62,2026-08-16 18:55:33.751
2026-08-15,SOC,"89345",DC Utd,CF Montreal,DC Utd,-,0.0,0.0,-,0.0,0.0,3.05,0.38,0.32,2026-08-16 18:55:33.751
2026-08-15,SOC,"89345",DC Utd,CF Montreal,CF Montreal,-,0.0,0.0,-,0.0,0.0,2.1,0.62,0.68,2026-08-16 18:55:33.751
2026-08-15,SOC,"89345",Columbus Crew,Charlotte FC,Columbus Crew,-,0.0,0.0,-,0.0,0.0,3.1,0.15,0.32,2026-08-16 18:55:33.751
2026-08-15,SOC,"89345",Columbus Crew,Charlotte FC,Charlotte FC,-,0.0,0.0,-,0.0,0.0,2.1,0.85,0.68,2026-08-16 18:55:33.751
2026-08-15,SOC,"89345",FC Cincinnati,Orlando City,FC Cincinnati,-,0.0,0.0,-,0.0,0.0,2.3,0.39,0.35,2026-08-16 18:55:33.751
2026-08-15,SOC,"89345",FC Cincinnati,Orlando City,Orlando City,-,0.0,0.0,-,0.0,0.0,2.5,0.61,0.65,2026-08-16 18:55:33.751
2026-08-15,SOC,"89345",NE Revolution,Toronto FC,NE Revolution,-,0.0,0.0,-,0.0,0.0,2.95,0.42,0.41,2026-08-16 18:55:33.751
2026-08-15,SOC,"89345",NE Revolution,Toronto FC,Toronto FC,-,0.0,0.0,-,0.0,0.0,2.15,0.58,0.59,2026-08-16 18:55:33.751
2026-08-15,SOC,"89345",Inter Miami,Nashville SC,Inter Miami,-,0.0,0.0,-,0.0,0.0,2.55,0.91,0.71,2026-08-16 18:55:33.751
2026-08-15,SOC,"89345",Inter Miami,Nashville SC,Nashville SC,-,0.0,0.0,-,0.0,0.0,2.4,0.09,0.29,2026-08-16 18:55:33.751
2026-08-15,SOC,"89345",LA Galaxy,HOU Dynamo,LA Galaxy,-,0.0,0.0,-,0.0,0.0,4.6,0.06,0.19,2026-08-16 18:55:33.751
2026-08-15,SOC,"89345",LA Galaxy,HOU Dynamo,HOU Dynamo,-,0.0,0.0,-,0.0,0.0,1.6451613,0.94,0.81,2026-08-16 18:55:33.751
2026-08-15,SOC,"89345",Sporting KC,COL Rapids,Sporting KC,-,0.0,0.0,-,0.0,0.0,5.75,0.02,0.21,2026-08-16 18:55:33.751
2026-08-15,SOC,"89345",Sporting KC,COL Rapids,COL Rapids,-,0.0,0.0,-,0.0,0.0,1.4545455,0.98,0.79,2026-08-16 18:55:33.751
2026-08-15,SOC,"89345",Minnesota Utd,Real Salt Lake,Minnesota Utd,-,0.0,0.0,-,0.0,0.0,3.8,0.04,0.19,2026-08-16 18:55:33.751
2026-08-15,SOC,"89345",Minnesota Utd,Real Salt Lake,Real Salt Lake,-,0.0,0.0,-,0.0,0.0,1.8333334,0.96,0.81,2026-08-16 18:55:33.751
2026-08-15,SOC,"89345",San Diego FC,LAFC,San Diego FC,-,0.0,0.0,-,0.0,0.0,4.6,0.01,0.12,2026-08-16 18:55:33.751
2026-08-15,SOC,"89345",San Diego FC,LAFC,LAFC,-,0.0,0.0,-,0.0,0.0,1.6060606,0.99,0.88,2026-08-16 18:55:33.751
2026-08-15,SOC,"89345",St Louis City SC,SJ Earthquakes,St Louis City SC,-,0.0,0.0,-,0.0,0.0,3.0,0.23,0.4,2026-08-16 18:55:33.751
2026-08-15,SOC,"89345",St Louis City SC,SJ Earthquakes,SJ Earthquakes,-,0.0,0.0,-,0.0,0.0,2.05,0.77,0.6,2026-08-16 18:55:33.751
2026-08-16,SOC,"89345",PHI Union,NYCFC,PHI Union,-,0.0,0.0,-,0.0,0.0,2.65,0.13,0.55,2026-08-16 18:55:33.751
2026-08-16,SOC,"89345",PHI Union,NYCFC,NYCFC,-,0.0,0.0,-,0.0,0.0,2.35,0.87,0.45,2026-08-16 18:55:33.751
2026-08-16,SOC,"89345",POR Timbers,CHI Fire,POR Timbers,-,0.0,0.0,-,0.0,0.0,5.0,0.37,0.42,2026-08-16 18:55:33.751
2026-08-16,SOC,"89345",POR Timbers,CHI Fire,CHI Fire,-,0.0,0.0,-,0.0,0.0,1.5,0.63,0.58,2026-08-16 18:55:33.751
2026-08-16,SOC,"89345",FC Dallas,Austin FC,FC Dallas,-,0.0,0.0,-,0.0,0.0,2.25,0.31,0.77,2026-08-16 18:55:33.751
2026-08-16,SOC,"89345",FC Dallas,Austin FC,Austin FC,-,0.0,0.0,-,0.0,0.0,2.8,0.69,0.23,2026-08-16 18:55:33.751
2026-08-16,SOC,"89345",Vancouver Whitecaps,Seattle Sounders,Vancouver Whitecaps,-,0.0,0.0,-,0.0,0.0,1.8,0.79,0.88,2026-08-16 18:55:33.751
2026-08-16,SOC,"89345",Vancouver Whitecaps,Seattle Sounders,Seattle Sounders,-,0.0,0.0,-,0.0,0.0,3.8,0.21,0.12,2026-08-16 18:55:33.751
2026-08-15,UFC,UFC,Chidi Njokuani,Joel Alvarez,Chidi Njokuani,-,0.0,0.0,-,0.0,0.0,3.0,0.0,0.0,2026-08-16 18:55:35.318
2026-08-15,UFC,UFC,Chidi Njokuani,Joel Alvarez,Joel Alvarez,-,0.0,0.0,-,0.0,0.0,1.4081633,1.0,1.0,2026-08-16 18:55:35.318
2026-08-15,UFC,UFC,Myktybek Orolbai,Jeremiah Wells,Myktybek Orolbai,-,0.0,0.0,-,0.0,0.0,1.074074,0.78,0.89,2026-08-16 18:55:35.318
2026-08-15,UFC,UFC,Myktybek Orolbai,Jeremiah Wells,Jeremiah Wells,-,0.0,0.0,-,0.0,0.0,9.0,0.22,0.11,2026-08-16 18:55:35.318
2026-08-15,UFC,UFC,Ramiz Brahimaj,Neil Magny,Ramiz Brahimaj,-,0.0,0.0,-,0.0,0.0,1.7042253,0.75,0.59,2026-08-16 18:55:35.318
2026-08-15,UFC,UFC,Ramiz Brahimaj,Neil Magny,Neil Magny,-,0.0,0.0,-,0.0,0.0,2.2,0.25,0.41,2026-08-16 18:55:35.318
2026-08-15,UFC,UFC,Lucas Fernando,Rafael Tobias,Lucas Fernando,-,0.0,0.0,-,0.0,0.0,1.3508772,0.62,0.79,2026-08-16 18:55:35.318
2026-08-15,UFC,UFC,Lucas Fernando,Rafael Tobias,Rafael Tobias,-,0.0,0.0,-,0.0,0.0,3.3,0.38,0.21,2026-08-16 18:55:35.318
2026-08-15,UFC,UFC,Tresean Gore,Vicente Luque,Tresean Gore,-,0.0,0.0,-,0.0,0.0,1.8474576,0.6,0.49,2026-08-16 18:55:35.318
2026-08-15,UFC,UFC,Tresean Gore,Vicente Luque,Vicente Luque,-,0.0,0.0,-,0.0,0.0,1.9803921,0.4,0.51,2026-08-16 18:55:35.318
2026-08-15,UFC,UFC,Eric McConico,Donte Johnson,Eric McConico,-,0.0,0.0,-,0.0,0.0,3.8,0.29,0.16,2026-08-16 18:55:35.318
2026-08-15,UFC,UFC,Eric McConico,Donte Johnson,Donte Johnson,-,0.0,0.0,-,0.0,0.0,1.2816901,0.71,0.84,2026-08-16 18:55:35.318
2026-08-15,UFC,UFC,Eduardo Henrique,Charles Johnson,Eduardo Henrique,-,0.0,0.0,-,0.0,0.0,1.9803921,0.39,0.3,2026-08-16 18:55:35.318
2026-08-15,UFC,UFC,Eduardo Henrique,Charles Johnson,Charles Johnson,-,0.0,0.0,-,0.0,0.0,1.8474576,0.61,0.7,2026-08-16 18:55:35.318
2026-08-15,UFC,UFC,Joel Alvarez,Chidi Njokuani,Joel Alvarez,-,0.0,0.0,-,0.0,0.0,1.2666667,0.78,0.87,2026-08-16 18:55:35.318
2026-08-15,UFC,UFC,Joel Alvarez,Chidi Njokuani,Chidi Njokuani,-,0.0,0.0,-,0.0,0.0,3.95,0.22,0.13,2026-08-16 18:55:35.318
2026-08-15,UFC,UFC,Esteban Ribovics,Edson Barboza,Esteban Ribovics,-,0.0,0.0,-,0.0,0.0,1.1333333,0.3,0.75,2026-08-16 18:55:35.318
2026-08-15,UFC,UFC,Esteban Ribovics,Edson Barboza,Edson Barboza,-,0.0,0.0,-,0.0,0.0,6.25,0.7,0.25,2026-08-16 18:55:35.318
2026-08-15,UFC,UFC,Dustin Stoltzfus,Mansur Abdul-Malik,Dustin Stoltzfus,-,0.0,0.0,-,0.0,0.0,5.9,0.38,0.13,2026-08-16 18:55:35.318
2026-08-15,UFC,UFC,Dustin Stoltzfus,Mansur Abdul-Malik,Mansur Abdul-Malik,-,0.0,0.0,-,0.0,0.0,1.1481482,0.62,0.87,2026-08-16 18:55:35.318
2026-08-15,UFC,UFC,Jose Ochoa,Charles Johnson,Jose Ochoa,-,0.0,0.0,-,0.0,0.0,1.2197802,0.77,0.82,2026-08-16 18:55:35.318
2026-08-15,UFC,UFC,Jose Ochoa,Charles Johnson,Charles Johnson,-,0.0,0.0,-,0.0,0.0,4.5,0.23,0.18,2026-08-16 18:55:35.318
2026-08-15,UFC,UFC,Kaue Fernandes,Jalin Turner,Kaue Fernandes,-,0.0,0.0,-,0.0,0.0,2.0,0.56,0.37,2026-08-16 18:55:35.318
2026-08-15,UFC,UFC,Kaue Fernandes,Jalin Turner,Jalin Turner,-,0.0,0.0,-,0.0,0.0,1.8333334,0.44,0.63,2026-08-16 18:55:35.318
2026-08-15,UFC,UFC,Gillian Robertson,Mackenzie Dern,Gillian Robertson,-,0.0,0.0,-,0.0,0.0,2.8,0.3,0.28,2026-08-16 18:55:35.318
2026-08-15,UFC,UFC,Gillian Robertson,Mackenzie Dern,Mackenzie Dern,-,0.0,0.0,-,0.0,0.0,1.4587156,0.7,0.72,2026-08-16 18:55:35.318
2026-08-15,UFC,UFC,Ian Machado Garry,Islam Makhachev,Ian Machado Garry,-,0.0,0.0,-,0.0,0.0,3.6,0.56,0.31,2026-08-16 18:55:35.318
2026-08-15,UFC,UFC,Ian Machado Garry,Islam Makhachev,Islam Makhachev,-,0.0,0.0,-,0.0,0.0,1.3076923,0.44,0.69,2026-08-16 18:55:35.318
2026-08-15,BOX,BOX,Alexander Thiel,Jaquan McElroy,Alexander Thiel,-,0.0,0.0,-,0.0,0.0,9.0,0.0,0.0,2026-08-16 18:55:36.916
2026-08-15,BOX,BOX,Alexander Thiel,Jaquan McElroy,Jaquan McElroy,-,0.0,0.0,-,0.0,0.0,1.0625,1.0,1.0,2026-08-16 18:55:36.916
2026-08-15,BOX,BOX,Michael Nelson,Casey Dixon,Michael Nelson,-,0.0,0.0,-,0.0,0.0,10.0,0.0,0.0,2026-08-16 18:55:36.916
2026-08-15,BOX,BOX,Michael Nelson,Casey Dixon,Casey Dixon,-,0.0,0.0,-,0.0,0.0,1.05,1.0,1.0,2026-08-16 18:55:36.916
2026-08-15,BOX,BOX,Rahmel McKinley,Daniel Mercado,Rahmel McKinley,-,0.0,0.0,-,0.0,0.0,17.0,0.0,0.0,2026-08-16 18:55:36.916
2026-08-15,BOX,BOX,Rahmel McKinley,Daniel Mercado,Daniel Mercado,-,0.0,0.0,-,0.0,0.0,1.01,1.0,1.0,2026-08-16 18:55:36.916
2026-08-15,BOX,BOX,Marianela Ramirez,Shannel Butler,Marianela Ramirez,-,0.0,0.0,-,0.0,0.0,8.5,0.0,0.0,2026-08-16 18:55:36.916
2026-08-15,BOX,BOX,Marianela Ramirez,Shannel Butler,Shannel Butler,-,0.0,0.0,-,0.0,0.0,1.0625,1.0,1.0,2026-08-16 18:55:36.916
2026-08-15,BOX,BOX,Da'Velle Smith,Hakim Lopez,Da'Velle Smith,-,0.0,0.0,-,0.0,0.0,1.3846154,1.0,1.0,2026-08-16 18:55:36.916
2026-08-15,BOX,BOX,Da'Velle Smith,Hakim Lopez,Hakim Lopez,-,0.0,0.0,-,0.0,0.0,3.0,0.0,0.0,2026-08-16 18:55:36.916
2026-08-15,BOX,BOX,Olivia Curry,Danielle Perkins,Olivia Curry,-,0.0,0.0,-,0.0,0.0,5.75,0.0,0.0,2026-08-16 18:55:36.916
2026-08-15,BOX,BOX,Olivia Curry,Danielle Perkins,Danielle Perkins,-,0.0,0.0,-,0.0,0.0,1.1333333,1.0,1.0,2026-08-16 18:55:36.916
2026-08-15,BOX,BOX,Roamer Angulo,Atif Oberlton,Roamer Angulo,-,0.0,0.0,-,0.0,0.0,10.0,0.11,0.05,2026-08-16 18:55:36.916
2026-08-15,BOX,BOX,Roamer Angulo,Atif Oberlton,Atif Oberlton,-,0.0,0.0,-,0.0,0.0,1.05,0.89,0.95,2026-08-16 18:55:36.916
2026-08-15,BOX,BOX,Bernice Ferreira,Caroline Veyre,Bernice Ferreira,-,0.0,0.0,-,0.0,0.0,4.2,0.0,0.0,2026-08-16 18:55:36.916
2026-08-15,BOX,BOX,Bernice Ferreira,Caroline Veyre,Caroline Veyre,-,0.0,0.0,-,0.0,0.0,1.2222222,1.0,1.0,2026-08-16 18:55:36.916
2026-08-15,BOX,BOX,Paulette Cuesta,Ashleyann Lozada,Paulette Cuesta,-,0.0,0.0,-,0.0,0.0,7.5,0.0,0.0,2026-08-16 18:55:36.916
2026-08-15,BOX,BOX,Paulette Cuesta,Ashleyann Lozada,Ashleyann Lozada,-,0.0,0.0,-,0.0,0.0,1.0833334,1.0,1.0,2026-08-16 18:55:36.916
2026-08-15,BOX,BOX,Joseph Hicks,Troy Isley,Joseph Hicks,-,0.0,0.0,-,0.0,0.0,5.75,0.0,0.0,2026-08-16 18:55:36.916
2026-08-15,BOX,BOX,Joseph Hicks,Troy Isley,Troy Isley,-,0.0,0.0,-,0.0,0.0,1.1333333,1.0,1.0,2026-08-16 18:55:36.916
2026-08-15,BOX,BOX,Roger Hilley,Ernesto Mercado,Roger Hilley,-,0.0,0.0,-,0.0,0.0,14.0,0.0,0.0,2026-08-16 18:55:36.916
2026-08-15,BOX,BOX,Roger Hilley,Ernesto Mercado,Ernesto Mercado,-,0.0,0.0,-,0.0,0.0,1.02,1.0,1.0,2026-08-16 18:55:36.916
2026-08-16,BOX,BOX,Kaye Scott,Claressa Shields,Kaye Scott,-,0.0,0.0,-,0.0,0.0,13.0,0.94,0.18,2026-08-16 18:55:36.916
2026-08-16,BOX,BOX,Kaye Scott,Claressa Shields,Claressa Shields,-,0.0,0.0,-,0.0,0.0,1.0333333,0.06,0.82,2026-08-16 18:55:36.916
2026-08-16,BOX,BOX,Emmanuel Tagoe,Ernesto Mercado,Emmanuel Tagoe,-,0.0,0.0,-,0.0,0.0,12.0,0.0,0.0,2026-08-16 18:55:36.916
2026-08-16,BOX,BOX,Emmanuel Tagoe,Ernesto Mercado,Ernesto Mercado,-,0.0,0.0,-,0.0,0.0,1.0333333,1.0,1.0,2026-08-16 18:55:36.916
2026-08-15,AFL,AFL,Collingwood Magpies,Hawthorn Hawks,Collingwood Magpies,+21.5,0.88,0.5,-,0.0,0.0,3.45,0.0,0.0,2026-08-16 18:55:38.547
2026-08-15,AFL,AFL,Collingwood Magpies,Hawthorn Hawks,Hawthorn Hawks,-21.5,0.12,0.5,-,0.0,0.0,1.3030303,1.0,1.0,2026-08-16 18:55:38.547
2026-08-15,AFL,AFL,Melbourne Demons,Port Adelaide Power,Melbourne Demons,-25.5,1.0,1.0,-,0.0,0.0,1.2564102,1.0,1.0,2026-08-16 18:55:38.547
2026-08-15,AFL,AFL,Melbourne Demons,Port Adelaide Power,Port Adelaide Power,+25.5,0.0,0.0,-,0.0,0.0,3.9,0.0,0.0,2026-08-16 18:55:38.547
2026-08-15,AFL,AFL,West Coast Eagles,GWS Giants,West Coast Eagles,+31.5,1.0,1.0,"182.5",0.0,0.0,4.9,0.0,0.0,2026-08-16 18:55:38.547
2026-08-15,AFL,AFL,West Coast Eagles,GWS Giants,GWS Giants,-31.5,0.0,0.0,"182.5",1.0,1.0,1.173913,1.0,1.0,2026-08-16 18:55:38.547
2026-08-16,AFL,AFL,Carlton Blues,Western Bulldogs,Carlton Blues,-19.5,0.18,0.5,-,0.0,0.0,1.3508772,0.0,0.0,2026-08-16 18:55:38.547
2026-08-16,AFL,AFL,Carlton Blues,Western Bulldogs,Western Bulldogs,+19.5,0.82,0.5,-,0.0,0.0,3.15,1.0,1.0,2026-08-16 18:55:38.547
2026-08-15,MLB,MLB,Chicago White Sox,Detroit Tigers,Chicago White Sox,+1.5,0.14,0.53,"8",0.65,0.65,2.3,0.39,0.29,2026-08-16 19:25:09.631
2026-08-15,MLB,MLB,Chicago White Sox,Detroit Tigers,Detroit Tigers,-1.5,0.86,0.47,"8",0.35,0.35,1.7142857,0.61,0.71,2026-08-16 19:25:09.631
2026-08-15,MLB,MLB,ST Louis Cardinals,Chicago Cubs,ST Louis Cardinals,+1.5,0.12,0.23,"9",0.53,0.49,2.68,0.21,0.14,2026-08-16 19:25:09.631
2026-08-15,MLB,MLB,ST Louis Cardinals,Chicago Cubs,Chicago Cubs,-1.5,0.88,0.77,"9",0.47,0.51,1.5524862,0.79,0.86,2026-08-16 19:25:09.631
2026-08-15,MLB,MLB,New York Yankees,Toronto Blue Jays,New York Yankees,-1.5,0.85,0.7,"7",0.52,0.49,1.5376344,0.83,0.83,2026-08-16 19:25:09.631
2026-08-15,MLB,MLB,New York Yankees,Toronto Blue Jays,Toronto Blue Jays,+1.5,0.15,0.3,"7",0.48,0.51,2.73,0.17,0.17,2026-08-16 19:25:09.631
2026-08-15,MLB,MLB,Colorado Rockies,San Francisco Giants,Colorado Rockies,+1.5,0.09,0.37,"7.5",0.84,0.75,2.55,0.26,0.21,2026-08-16 19:25:09.631
2026-08-15,MLB,MLB,Colorado Rockies,San Francisco Giants,San Francisco Giants,-1.5,0.91,0.63,"7.5",0.16,0.25,1.5988024,0.74,0.79,2026-08-16 19:25:09.631
2026-08-15,MLB,MLB,Washington Nationals,New York Mets,Washington Nationals,+1.5,0.1,0.6,"7.5",0.79,0.65,2.21,0.17,0.35,2026-08-16 19:25:09.631
2026-08-15,MLB,MLB,Washington Nationals,New York Mets,New York Mets,-1.5,0.9,0.4,"7.5",0.21,0.35,1.7692307,0.83,0.65,2026-08-16 19:25:09.631
2026-08-15,MLB,MLB,Baltimore Orioles,Tampa Bay Rays,Baltimore Orioles,+1.5,0.03,0.39,"7.5",0.45,0.61,2.31,0.2,0.18,2026-08-16 19:25:09.631
2026-08-15,MLB,MLB,Baltimore Orioles,Tampa Bay Rays,Tampa Bay Rays,-1.5,0.97,0.61,"7.5",0.55,0.39,1.7092198,0.8,0.82,2026-08-16 19:25:09.631
2026-08-15,MLB,MLB,Miami Marlins,Cincinnati Reds,Miami Marlins,-1.5,0.69,0.18,"9",0.94,0.53,1.9803921,0.66,0.49,2026-08-16 19:25:09.631
2026-08-15,MLB,MLB,Miami Marlins,Cincinnati Reds,Cincinnati Reds,+1.5,0.31,0.82,"9",0.06,0.47,1.9523809,0.34,0.51,2026-08-16 19:25:09.631
2026-08-15,MLB,MLB,San Diego Padres,Cleveland Guardians,San Diego Padres,-1.5,0.69,0.42,"8.5",0.31,0.55,2.01,0.79,0.56,2026-08-16 19:25:09.631
2026-08-15,MLB,MLB,San Diego Padres,Cleveland Guardians,Cleveland Guardians,+1.5,0.31,0.58,"8.5",0.69,0.45,1.925926,0.21,0.44,2026-08-16 19:25:09.631
2026-08-15,MLB,MLB,Philadelphia Phillies,Minnesota Twins,Philadelphia Phillies,-1.5,0.75,0.63,"8",0.95,0.69,1.7518797,0.77,0.87,2026-08-16 19:25:09.631
2026-08-15,MLB,MLB,Philadelphia Phillies,Minnesota Twins,Minnesota Twins,+1.5,0.25,0.37,"8",0.05,0.31,2.23,0.23,0.13,2026-08-16 19:25:09.631
2026-08-15,MLB,MLB,Seattle Mariners,Houston Astros,Seattle Mariners,+1.5,0.19,0.64,"8.5",0.82,0.59,2.1,0.33,0.28,2026-08-16 19:25:09.631
2026-08-15,MLB,MLB,Seattle Mariners,Houston Astros,Houston Astros,-1.5,0.81,0.36,"8.5",0.18,0.41,1.8474576,0.67,0.72,2026-08-16 19:25:09.631
2026-08-15,MLB,MLB,Arizona Diamondbacks,Atlanta Braves,Arizona Diamondbacks,+1.5,0.56,0.64,"9",0.77,0.37,2.23,0.38,0.26,2026-08-16 19:25:09.631
2026-08-15,MLB,MLB,Arizona Diamondbacks,Atlanta Braves,Atlanta Braves,-1.5,0.44,0.36,"9",0.23,0.63,1.7518797,0.62,0.74,2026-08-16 19:25:09.631
2026-08-15,MLB,MLB,Boston Red Sox,Pittsburgh Pirates,Boston Red Sox,-1.5,0.83,0.64,"7.5",0.74,0.7,1.8403361,0.91,0.84,2026-08-16 19:25:09.631
2026-08-15,MLB,MLB,Boston Red Sox,Pittsburgh Pirates,Pittsburgh Pirates,+1.5,0.17,0.36,"7.5",0.26,0.3,2.11,0.09,0.16,2026-08-16 19:25:09.631
2026-08-15,MLB,MLB,Milwaukee Brewers,Los Angeles Dodgers,Milwaukee Brewers,-1.5,0.26,0.2,"7.5",0.16,0.4,1.8196721,0.64,0.56,2026-08-16 19:25:09.631
2026-08-15,MLB,MLB,Milwaukee Brewers,Los Angeles Dodgers,Los Angeles Dodgers,+1.5,0.74,0.8,"7.5",0.84,0.6,2.14,0.36,0.44,2026-08-16 19:25:09.631
2026-08-15,MLB,MLB,Kansas City Royals,Los Angeles Angels,Kansas City Royals,+1.5,0.63,0.78,"8",0.48,0.49,2.42,0.49,0.38,2026-08-16 19:25:09.631
2026-08-15,MLB,MLB,Kansas City Royals,Los Angeles Angels,Los Angeles Angels,-1.5,0.37,0.22,"8",0.52,0.51,1.6535947,0.51,0.62,2026-08-16 19:25:09.631
2026-08-15,MLB,MLB,Texas Rangers,Athletics,Texas Rangers,-1.5,0.77,0.35,"9.5",0.71,0.42,1.6493506,0.7,0.72,2026-08-16 19:25:09.631
2026-08-15,MLB,MLB,Texas Rangers,Athletics,Athletics,+1.5,0.23,0.65,"9.5",0.29,0.58,2.43,0.3,0.28,2026-08-16 19:25:09.631
2026-08-16,MLB,MLB,Baltimore Orioles,Tampa Bay Rays,Baltimore Orioles,+1.5,0.08,0.48,"8",0.68,0.6,2.31,0.25,0.32,2026-08-16 19:25:09.631
2026-08-16,MLB,MLB,Baltimore Orioles,Tampa Bay Rays,Tampa Bay Rays,-1.5,0.92,0.52,"8",0.32,0.4,1.7142857,0.75,0.68,2026-08-16 19:25:09.631
2026-08-16,MLB,MLB,Arizona Diamondbacks,Atlanta Braves,Arizona Diamondbacks,+1.5,0.13,0.6,"8.5",0.78,0.62,2.16,0.31,0.36,2026-08-16 19:25:09.631
2026-08-16,MLB,MLB,Arizona Diamondbacks,Atlanta Braves,Atlanta Braves,-1.5,0.87,0.4,"8.5",0.22,0.38,1.8064516,0.69,0.64,2026-08-16 19:25:09.631
2026-08-16,MLB,MLB,Boston Red Sox,Pittsburgh Pirates,Boston Red Sox,-1.5,0.18,0.46,"8",0.73,0.5,1.877193,0.82,0.66,2026-08-16 19:25:09.631
2026-08-16,MLB,MLB,Boston Red Sox,Pittsburgh Pirates,Pittsburgh Pirates,+1.5,0.82,0.54,"8",0.27,0.5,2.06,0.18,0.34,2026-08-16 19:25:09.631
2026-08-16,MLB,MLB,New York Yankees,Toronto Blue Jays,New York Yankees,+1.5,0.28,0.46,"7.5",0.08,0.35,2.16,0.65,0.55,2026-08-16 19:25:09.631
2026-08-16,MLB,MLB,New York Yankees,Toronto Blue Jays,Toronto Blue Jays,-1.5,0.72,0.54,"7.5",0.92,0.65,1.8064516,0.35,0.45,2026-08-16 19:25:09.631
2026-08-16,MLB,MLB,San Diego Padres,Cleveland Guardians,San Diego Padres,-1.5,0.9,0.43,"8.5",0.01,0.38,1.925926,0.9,0.64,2026-08-16 19:25:09.631
2026-08-16,MLB,MLB,San Diego Padres,Cleveland Guardians,Cleveland Guardians,+1.5,0.1,0.57,"8.5",0.99,0.63,2.01,0.1,0.36,2026-08-16 19:25:09.631
2026-08-16,MLB,MLB,Washington Nationals,New York Mets,Washington Nationals,+1.5,0.0,0.58,"8.5",0.87,0.45,2.53,0.22,0.33,2026-08-16 19:25:09.631
2026-08-16,MLB,MLB,Washington Nationals,New York Mets,New York Mets,-1.5,1.0,0.42,"8.5",0.13,0.55,1.6060606,0.78,0.67,2026-08-16 19:25:09.631
2026-08-16,MLB,MLB,Miami Marlins,Cincinnati Reds,Miami Marlins,-1.5,0.92,0.37,"9",0.46,0.43,1.8403361,0.72,0.58,2026-08-16 19:25:09.631
2026-08-16,MLB,MLB,Miami Marlins,Cincinnati Reds,Cincinnati Reds,+1.5,0.08,0.63,"9",0.54,0.57,2.11,0.28,0.42,2026-08-16 19:25:09.631
2026-08-16,MLB,MLB,Chicago White Sox,Detroit Tigers,Chicago White Sox,-1.5,0.89,0.37,"8",0.9,0.57,1.9803921,0.63,0.56,2026-08-16 19:25:09.631
2026-08-16,MLB,MLB,Chicago White Sox,Detroit Tigers,Detroit Tigers,+1.5,0.11,0.63,"8",0.1,0.43,1.9523809,0.37,0.44,2026-08-16 19:25:09.631
2026-08-16,MLB,MLB,Philadelphia Phillies,Minnesota Twins,Philadelphia Phillies,-1.5,0.29,0.55,"9",0.94,0.57,1.925926,0.86,0.7,2026-08-16 19:25:09.631
2026-08-16,MLB,MLB,Philadelphia Phillies,Minnesota Twins,Minnesota Twins,+1.5,0.71,0.45,"9",0.06,0.43,2.01,0.14,0.3,2026-08-16 19:25:09.631
2026-08-16,MLB,MLB,ST Louis Cardinals,Chicago Cubs,ST Louis Cardinals,+1.5,0.08,0.54,"9",0.97,0.36,2.42,0.36,0.23,2026-08-16 19:25:09.631
2026-08-16,MLB,MLB,ST Louis Cardinals,Chicago Cubs,Chicago Cubs,-1.5,0.92,0.46,"9",0.03,0.64,1.6535947,0.64,0.77,2026-08-16 19:25:09.631
2026-08-16,MLB,MLB,Texas Rangers,Athletics,Texas Rangers,-1.5,0.95,0.47,"10.5",0.54,0.4,1.7462686,0.49,0.65,2026-08-16 19:25:09.631
2026-08-16,MLB,MLB,Texas Rangers,Athletics,Athletics,+1.5,0.05,0.53,"10.5",0.46,0.6,2.25,0.51,0.35,2026-08-16 19:25:09.631
2026-08-16,MLB,MLB,Colorado Rockies,San Francisco Giants,Colorado Rockies,+1.5,0.09,0.5,"8",0.25,0.53,2.19,0.21,0.31,2026-08-16 19:25:09.631
2026-08-16,MLB,MLB,Colorado Rockies,San Francisco Giants,San Francisco Giants,-1.5,0.91,0.5,"8",0.75,0.47,1.7874016,0.79,0.69,2026-08-16 19:25:09.631
2026-08-16,MLB,MLB,Kansas City Royals,Los Angeles Angels,Kansas City Royals,-1.5,0.97,0.3,"9.5",0.1,0.17,1.862069,0.79,0.6,2026-08-16 19:25:09.631
2026-08-16,MLB,MLB,Kansas City Royals,Los Angeles Angels,Los Angeles Angels,+1.5,0.03,0.7,"9.5",0.9,0.83,2.08,0.21,0.4,2026-08-16 19:25:09.631
2026-08-16,MLB,MLB,Milwaukee Brewers,Los Angeles Dodgers,Milwaukee Brewers,+1.5,0.18,0.53,"7.5",0.2,0.38,2.62,0.28,0.25,2026-08-16 19:25:09.631
2026-08-16,MLB,MLB,Milwaukee Brewers,Los Angeles Dodgers,Los Angeles Dodgers,-1.5,0.82,0.47,"7.5",0.8,0.62,1.5747126,0.72,0.75,2026-08-16 19:25:09.631
2026-08-16,MLB,MLB,Seattle Mariners,Houston Astros,Seattle Mariners,+1.5,0.25,0.72,"7.5",0.35,0.6,2.18,0.18,0.3,2026-08-16 19:25:09.631
2026-08-16,MLB,MLB,Seattle Mariners,Houston Astros,Houston Astros,-1.5,0.75,0.28,"7.5",0.65,0.4,1.7042253,0.82,0.7,2026-08-16 19:25:09.631
2026-08-15,SOC,"40031",Getafe,Alaves,Getafe,-,0.0,0.0,-,0.0,0.0,3.75,0.24,0.34,2026-08-16 19:25:18.507
2026-08-15,SOC,"40031",Getafe,Alaves,Alaves,-,0.0,0.0,-,0.0,0.0,2.4,0.76,0.66,2026-08-16 19:25:18.507
2026-08-15,SOC,"40031",Vallecano,Sevilla,Vallecano,-,0.0,0.0,-,0.0,0.0,3.05,0.17,0.12,2026-08-16 19:25:18.507
2026-08-15,SOC,"40031",Vallecano,Sevilla,Sevilla,-,0.0,0.0,-,0.0,0.0,2.7,0.83,0.88,2026-08-16 19:25:18.507
2026-08-16,SOC,"40031",Villarreal,Racing Santander,Villarreal,-,0.0,0.0,-,0.0,0.0,2.05,0.98,0.97,2026-08-16 19:25:18.507
2026-08-16,SOC,"40031",Villarreal,Racing Santander,Racing Santander,-,0.0,0.0,-,0.0,0.0,3.55,0.02,0.03,2026-08-16 19:25:18.507
2026-08-16,SOC,"40031",Levante,Espanyol,Levante,-,0.0,0.0,-,0.0,0.0,3.7,0.16,0.11,2026-08-16 19:25:18.507
2026-08-16,SOC,"40031",Levante,Espanyol,Espanyol,-,0.0,0.0,-,0.0,0.0,2.1,0.84,0.89,2026-08-16 19:25:18.507
2026-08-16,SOC,"40031",Osasuna,Celta Vigo,Osasuna,-,0.0,0.0,-,0.0,0.0,3.65,0.09,0.1,2026-08-16 19:25:18.507
2026-08-16,SOC,"40031",Osasuna,Celta Vigo,Celta Vigo,-,0.0,0.0,-,0.0,0.0,2.05,0.91,0.9,2026-08-16 19:25:18.507
2026-08-17,SOC,"40031",Elche,Dep La Coruna,Elche,-,0.0,0.0,-,0.0,0.0,3.35,0.53,0.55,2026-08-16 19:25:18.507
2026-08-17,SOC,"40031",Elche,Dep La Coruna,Dep La Coruna,-,0.0,0.0,-,0.0,0.0,2.35,0.47,0.45,2026-08-16 19:25:18.522
2026-08-15,SOC,"40817",Preston,Bolton,Preston,-,0.0,0.0,-,0.0,0.0,3.05,0.19,0.3,2026-08-16 19:25:20.305
2026-08-15,SOC,"40817",Preston,Bolton,Bolton,-,0.0,0.0,-,0.0,0.0,2.35,0.81,0.7,2026-08-16 19:25:20.305
2026-08-15,SOC,"40817",West Brom,Norwich,West Brom,-,0.0,0.0,-,0.0,0.0,3.75,0.05,0.11,2026-08-16 19:25:20.305
2026-08-15,SOC,"40817",West Brom,Norwich,Norwich,-,0.0,0.0,-,0.0,0.0,2.0,0.95,0.89,2026-08-16 19:25:20.305
2026-08-15,SOC,"40817",Swansea,Stoke City,Swansea,-,0.0,0.0,-,0.0,0.0,3.05,0.19,0.21,2026-08-16 19:25:20.305
2026-08-15,SOC,"40817",Swansea,Stoke City,Stoke City,-,0.0,0.0,-,0.0,0.0,2.35,0.81,0.79,2026-08-16 19:25:20.305
2026-08-15,SOC,"40817",Millwall,Bristol City,Millwall,-,0.0,0.0,-,0.0,0.0,2.8,0.58,0.44,2026-08-16 19:25:20.305
2026-08-15,SOC,"40817",Millwall,Bristol City,Bristol City,-,0.0,0.0,-,0.0,0.0,2.5,0.42,0.56,2026-08-16 19:25:20.305
2026-08-15,SOC,"40817",Lincoln City,Middlesbrough,Lincoln City,-,0.0,0.0,-,0.0,0.0,6.5,0.03,0.02,2026-08-16 19:25:20.305
2026-08-15,SOC,"40817",Lincoln City,Middlesbrough,Middlesbrough,-,0.0,0.0,-,0.0,0.0,1.5128205,0.97,0.98,2026-08-16 19:25:20.305
2026-08-15,SOC,"40817",Derby County,Charlton,Derby County,-,0.0,0.0,-,0.0,0.0,2.75,0.42,0.53,2026-08-16 19:25:20.305
2026-08-15,SOC,"40817",Derby County,Charlton,Charlton,-,0.0,0.0,-,0.0,0.0,2.7,0.58,0.47,2026-08-16 19:25:20.305
2026-08-15,SOC,"40817",Queens Park Rangers,Portsmouth,Queens Park Rangers,-,0.0,0.0,-,0.0,0.0,3.15,0.66,0.25,2026-08-16 19:25:20.305
2026-08-15,SOC,"40817",Queens Park Rangers,Portsmouth,Portsmouth,-,0.0,0.0,-,0.0,0.0,2.35,0.34,0.75,2026-08-16 19:25:20.305
2026-08-15,SOC,"40817",Birmingham,Sheffield Utd,Birmingham,-,0.0,0.0,-,0.0,0.0,3.3,0.24,0.25,2026-08-16 19:25:20.305
2026-08-15,SOC,"40817",Birmingham,Sheffield Utd,Sheffield Utd,-,0.0,0.0,-,0.0,0.0,2.25,0.76,0.75,2026-08-16 19:25:20.305
2026-08-16,SOC,"40817",Southampton,Watford,Southampton,-,0.0,0.0,-,0.0,0.0,2.05,0.95,0.9,2026-08-16 19:25:20.305
2026-08-16,SOC,"40817",Southampton,Watford,Watford,-,0.0,0.0,-,0.0,0.0,3.55,0.05,0.1,2026-08-16 19:25:20.305
2026-08-16,SOC,"40817",West Ham,Burnley,West Ham,-,0.0,0.0,-,0.0,0.0,2.25,0.92,0.88,2026-08-16 19:25:20.305
2026-08-16,SOC,"40817",West Ham,Burnley,Burnley,-,0.0,0.0,-,0.0,0.0,3.1,0.08,0.12,2026-08-16 19:25:20.305
2026-08-17,SOC,"40817",Wrexham,Cardiff City,Wrexham,-,0.0,0.0,-,0.0,0.0,2.8,0.76,0.46,2026-08-16 19:25:20.305
2026-08-17,SOC,"40817",Wrexham,Cardiff City,Cardiff City,-,0.0,0.0,-,0.0,0.0,2.45,0.24,0.54,2026-08-16 19:25:20.305
2026-08-15,SOC,"89345",New York Red Bulls,Atlanta Utd,New York Red Bulls,-,0.0,0.0,-,0.0,0.0,3.0,0.51,0.38,2026-08-16 19:25:30.642
2026-08-15,SOC,"89345",New York Red Bulls,Atlanta Utd,Atlanta Utd,-,0.0,0.0,-,0.0,0.0,2.05,0.49,0.62,2026-08-16 19:25:30.642
2026-08-15,SOC,"89345",DC Utd,CF Montreal,DC Utd,-,0.0,0.0,-,0.0,0.0,3.05,0.38,0.32,2026-08-16 19:25:30.642
2026-08-15,SOC,"89345",DC Utd,CF Montreal,CF Montreal,-,0.0,0.0,-,0.0,0.0,2.1,0.62,0.68,2026-08-16 19:25:30.642
2026-08-15,SOC,"89345",Columbus Crew,Charlotte FC,Columbus Crew,-,0.0,0.0,-,0.0,0.0,3.1,0.15,0.32,2026-08-16 19:25:30.642
2026-08-15,SOC,"89345",Columbus Crew,Charlotte FC,Charlotte FC,-,0.0,0.0,-,0.0,0.0,2.1,0.85,0.68,2026-08-16 19:25:30.642
2026-08-15,SOC,"89345",FC Cincinnati,Orlando City,FC Cincinnati,-,0.0,0.0,-,0.0,0.0,2.3,0.39,0.35,2026-08-16 19:25:30.642
2026-08-15,SOC,"89345",FC Cincinnati,Orlando City,Orlando City,-,0.0,0.0,-,0.0,0.0,2.5,0.61,0.65,2026-08-16 19:25:30.642
2026-08-15,SOC,"89345",NE Revolution,Toronto FC,NE Revolution,-,0.0,0.0,-,0.0,0.0,2.95,0.42,0.41,2026-08-16 19:25:30.642
2026-08-15,SOC,"89345",NE Revolution,Toronto FC,Toronto FC,-,0.0,0.0,-,0.0,0.0,2.15,0.58,0.59,2026-08-16 19:25:30.642
2026-08-15,SOC,"89345",Inter Miami,Nashville SC,Inter Miami,-,0.0,0.0,-,0.0,0.0,2.55,0.91,0.71,2026-08-16 19:25:30.642
2026-08-15,SOC,"89345",Inter Miami,Nashville SC,Nashville SC,-,0.0,0.0,-,0.0,0.0,2.4,0.09,0.29,2026-08-16 19:25:30.642
2026-08-15,SOC,"89345",LA Galaxy,HOU Dynamo,LA Galaxy,-,0.0,0.0,-,0.0,0.0,4.6,0.06,0.19,2026-08-16 19:25:30.642
2026-08-15,SOC,"89345",LA Galaxy,HOU Dynamo,HOU Dynamo,-,0.0,0.0,-,0.0,0.0,1.6451613,0.94,0.81,2026-08-16 19:25:30.642
2026-08-15,SOC,"89345",Sporting KC,COL Rapids,Sporting KC,-,0.0,0.0,-,0.0,0.0,5.75,0.02,0.21,2026-08-16 19:25:30.642
2026-08-15,SOC,"89345",Sporting KC,COL Rapids,COL Rapids,-,0.0,0.0,-,0.0,0.0,1.4545455,0.98,0.79,2026-08-16 19:25:30.642
2026-08-15,SOC,"89345",Minnesota Utd,Real Salt Lake,Minnesota Utd,-,0.0,0.0,-,0.0,0.0,3.8,0.04,0.19,2026-08-16 19:25:30.642
2026-08-15,SOC,"89345",Minnesota Utd,Real Salt Lake,Real Salt Lake,-,0.0,0.0,-,0.0,0.0,1.8333334,0.96,0.81,2026-08-16 19:25:30.642
2026-08-15,SOC,"89345",San Diego FC,LAFC,San Diego FC,-,0.0,0.0,-,0.0,0.0,4.6,0.01,0.12,2026-08-16 19:25:30.642
2026-08-15,SOC,"89345",San Diego FC,LAFC,LAFC,-,0.0,0.0,-,0.0,0.0,1.6060606,0.99,0.88,2026-08-16 19:25:30.642
2026-08-15,SOC,"89345",St Louis City SC,SJ Earthquakes,St Louis City SC,-,0.0,0.0,-,0.0,0.0,3.0,0.23,0.4,2026-08-16 19:25:30.642
2026-08-15,SOC,"89345",St Louis City SC,SJ Earthquakes,SJ Earthquakes,-,0.0,0.0,-,0.0,0.0,2.05,0.77,0.6,2026-08-16 19:25:30.642
2026-08-16,SOC,"89345",PHI Union,NYCFC,PHI Union,-,0.0,0.0,-,0.0,0.0,2.6,0.12,0.54,2026-08-16 19:25:30.642
2026-08-16,SOC,"89345",PHI Union,NYCFC,NYCFC,-,0.0,0.0,-,0.0,0.0,2.4,0.88,0.46,2026-08-16 19:25:30.642
2026-08-16,SOC,"89345",POR Timbers,CHI Fire,POR Timbers,-,0.0,0.0,-,0.0,0.0,5.0,0.37,0.42,2026-08-16 19:25:30.642
2026-08-16,SOC,"89345",POR Timbers,CHI Fire,CHI Fire,-,0.0,0.0,-,0.0,0.0,1.5,0.63,0.58,2026-08-16 19:25:30.642
2026-08-16,SOC,"89345",FC Dallas,Austin FC,FC Dallas,-,0.0,0.0,-,0.0,0.0,2.25,0.32,0.76,2026-08-16 19:25:30.642
2026-08-16,SOC,"89345",FC Dallas,Austin FC,Austin FC,-,0.0,0.0,-,0.0,0.0,2.8,0.68,0.24,2026-08-16 19:25:30.642
2026-08-16,SOC,"89345",Vancouver Whitecaps,Seattle Sounders,Vancouver Whitecaps,-,0.0,0.0,-,0.0,0.0,1.8,0.78,0.88,2026-08-16 19:25:30.642
2026-08-16,SOC,"89345",Vancouver Whitecaps,Seattle Sounders,Seattle Sounders,-,0.0,0.0,-,0.0,0.0,3.8,0.22,0.12,2026-08-16 19:25:30.642
2026-08-15,UFC,UFC,Chidi Njokuani,Joel Alvarez,Chidi Njokuani,-,0.0,0.0,-,0.0,0.0,3.0,0.0,0.0,2026-08-16 19:25:32.415
2026-08-15,UFC,UFC,Chidi Njokuani,Joel Alvarez,Joel Alvarez,-,0.0,0.0,-,0.0,0.0,1.4081633,1.0,1.0,2026-08-16 19:25:32.415
2026-08-15,UFC,UFC,Myktybek Orolbai,Jeremiah Wells,Myktybek Orolbai,-,0.0,0.0,-,0.0,0.0,1.074074,0.78,0.89,2026-08-16 19:25:32.415
2026-08-15,UFC,UFC,Myktybek Orolbai,Jeremiah Wells,Jeremiah Wells,-,0.0,0.0,-,0.0,0.0,9.0,0.22,0.11,2026-08-16 19:25:32.415
2026-08-15,UFC,UFC,Ramiz Brahimaj,Neil Magny,Ramiz Brahimaj,-,0.0,0.0,-,0.0,0.0,1.7042253,0.75,0.59,2026-08-16 19:25:32.415
2026-08-15,UFC,UFC,Ramiz Brahimaj,Neil Magny,Neil Magny,-,0.0,0.0,-,0.0,0.0,2.2,0.25,0.41,2026-08-16 19:25:32.415
2026-08-15,UFC,UFC,Lucas Fernando,Rafael Tobias,Lucas Fernando,-,0.0,0.0,-,0.0,0.0,1.3508772,0.62,0.79,2026-08-16 19:25:32.415
2026-08-15,UFC,UFC,Lucas Fernando,Rafael Tobias,Rafael Tobias,-,0.0,0.0,-,0.0,0.0,3.3,0.38,0.21,2026-08-16 19:25:32.415
2026-08-15,UFC,UFC,Tresean Gore,Vicente Luque,Tresean Gore,-,0.0,0.0,-,0.0,0.0,1.8474576,0.6,0.49,2026-08-16 19:25:32.415
2026-08-15,UFC,UFC,Tresean Gore,Vicente Luque,Vicente Luque,-,0.0,0.0,-,0.0,0.0,1.9803921,0.4,0.51,2026-08-16 19:25:32.415
2026-08-15,UFC,UFC,Eric McConico,Donte Johnson,Eric McConico,-,0.0,0.0,-,0.0,0.0,3.8,0.29,0.16,2026-08-16 19:25:32.415
2026-08-15,UFC,UFC,Eric McConico,Donte Johnson,Donte Johnson,-,0.0,0.0,-,0.0,0.0,1.2816901,0.71,0.84,2026-08-16 19:25:32.415
2026-08-15,UFC,UFC,Eduardo Henrique,Charles Johnson,Eduardo Henrique,-,0.0,0.0,-,0.0,0.0,1.9803921,0.39,0.3,2026-08-16 19:25:32.415
2026-08-15,UFC,UFC,Eduardo Henrique,Charles Johnson,Charles Johnson,-,0.0,0.0,-,0.0,0.0,1.8474576,0.61,0.7,2026-08-16 19:25:32.415
2026-08-15,UFC,UFC,Joel Alvarez,Chidi Njokuani,Joel Alvarez,-,0.0,0.0,-,0.0,0.0,1.2666667,0.78,0.87,2026-08-16 19:25:32.415
2026-08-15,UFC,UFC,Joel Alvarez,Chidi Njokuani,Chidi Njokuani,-,0.0,0.0,-,0.0,0.0,3.95,0.22,0.13,2026-08-16 19:25:32.415
2026-08-15,UFC,UFC,Esteban Ribovics,Edson Barboza,Esteban Ribovics,-,0.0,0.0,-,0.0,0.0,1.1333333,0.3,0.75,2026-08-16 19:25:32.415
2026-08-15,UFC,UFC,Esteban Ribovics,Edson Barboza,Edson Barboza,-,0.0,0.0,-,0.0,0.0,6.25,0.7,0.25,2026-08-16 19:25:32.415
2026-08-15,UFC,UFC,Dustin Stoltzfus,Mansur Abdul-Malik,Dustin Stoltzfus,-,0.0,0.0,-,0.0,0.0,5.9,0.38,0.13,2026-08-16 19:25:32.415
2026-08-15,UFC,UFC,Dustin Stoltzfus,Mansur Abdul-Malik,Mansur Abdul-Malik,-,0.0,0.0,-,0.0,0.0,1.1481482,0.62,0.87,2026-08-16 19:25:32.415
2026-08-15,UFC,UFC,Jose Ochoa,Charles Johnson,Jose Ochoa,-,0.0,0.0,-,0.0,0.0,1.2197802,0.77,0.82,2026-08-16 19:25:32.415
2026-08-15,UFC,UFC,Jose Ochoa,Charles Johnson,Charles Johnson,-,0.0,0.0,-,0.0,0.0,4.5,0.23,0.18,2026-08-16 19:25:32.415
2026-08-15,UFC,UFC,Kaue Fernandes,Jalin Turner,Kaue Fernandes,-,0.0,0.0,-,0.0,0.0,2.0,0.56,0.37,2026-08-16 19:25:32.415
2026-08-15,UFC,UFC,Kaue Fernandes,Jalin Turner,Jalin Turner,-,0.0,0.0,-,0.0,0.0,1.8333334,0.44,0.63,2026-08-16 19:25:32.415
2026-08-15,UFC,UFC,Gillian Robertson,Mackenzie Dern,Gillian Robertson,-,0.0,0.0,-,0.0,0.0,2.8,0.3,0.28,2026-08-16 19:25:32.415
2026-08-15,UFC,UFC,Gillian Robertson,Mackenzie Dern,Mackenzie Dern,-,0.0,0.0,-,0.0,0.0,1.4587156,0.7,0.72,2026-08-16 19:25:32.415
2026-08-15,UFC,UFC,Ian Machado Garry,Islam Makhachev,Ian Machado Garry,-,0.0,0.0,-,0.0,0.0,3.6,0.56,0.31,2026-08-16 19:25:32.415
2026-08-15,UFC,UFC,Ian Machado Garry,Islam Makhachev,Islam Makhachev,-,0.0,0.0,-,0.0,0.0,1.3076923,0.44,0.69,2026-08-16 19:25:32.415
2026-08-15,BOX,BOX,Alexander Thiel,Jaquan McElroy,Alexander Thiel,-,0.0,0.0,-,0.0,0.0,9.0,0.0,0.0,2026-08-16 19:25:34.020
2026-08-15,BOX,BOX,Alexander Thiel,Jaquan McElroy,Jaquan McElroy,-,0.0,0.0,-,0.0,0.0,1.0625,1.0,1.0,2026-08-16 19:25:34.020
2026-08-15,BOX,BOX,Michael Nelson,Casey Dixon,Michael Nelson,-,0.0,0.0,-,0.0,0.0,10.0,0.0,0.0,2026-08-16 19:25:34.020
2026-08-15,BOX,BOX,Michael Nelson,Casey Dixon,Casey Dixon,-,0.0,0.0,-,0.0,0.0,1.05,1.0,1.0,2026-08-16 19:25:34.020
2026-08-15,BOX,BOX,Rahmel McKinley,Daniel Mercado,Rahmel McKinley,-,0.0,0.0,-,0.0,0.0,17.0,0.0,0.0,2026-08-16 19:25:34.020
2026-08-15,BOX,BOX,Rahmel McKinley,Daniel Mercado,Daniel Mercado,-,0.0,0.0,-,0.0,0.0,1.01,1.0,1.0,2026-08-16 19:25:34.020
2026-08-15,BOX,BOX,Marianela Ramirez,Shannel Butler,Marianela Ramirez,-,0.0,0.0,-,0.0,0.0,8.5,0.0,0.0,2026-08-16 19:25:34.020
2026-08-15,BOX,BOX,Marianela Ramirez,Shannel Butler,Shannel Butler,-,0.0,0.0,-,0.0,0.0,1.0625,1.0,1.0,2026-08-16 19:25:34.020
2026-08-15,BOX,BOX,Da'Velle Smith,Hakim Lopez,Da'Velle Smith,-,0.0,0.0,-,0.0,0.0,1.3846154,1.0,1.0,2026-08-16 19:25:34.020
2026-08-15,BOX,BOX,Da'Velle Smith,Hakim Lopez,Hakim Lopez,-,0.0,0.0,-,0.0,0.0,3.0,0.0,0.0,2026-08-16 19:25:34.020
2026-08-15,BOX,BOX,Olivia Curry,Danielle Perkins,Olivia Curry,-,0.0,0.0,-,0.0,0.0,5.75,0.0,0.0,2026-08-16 19:25:34.020
2026-08-15,BOX,BOX,Olivia Curry,Danielle Perkins,Danielle Perkins,-,0.0,0.0,-,0.0,0.0,1.1333333,1.0,1.0,2026-08-16 19:25:34.020
2026-08-15,BOX,BOX,Roamer Angulo,Atif Oberlton,Roamer Angulo,-,0.0,0.0,-,0.0,0.0,10.0,0.11,0.05,2026-08-16 19:25:34.020
2026-08-15,BOX,BOX,Roamer Angulo,Atif Oberlton,Atif Oberlton,-,0.0,0.0,-,0.0,0.0,1.05,0.89,0.95,2026-08-16 19:25:34.020
2026-08-15,BOX,BOX,Bernice Ferreira,Caroline Veyre,Bernice Ferreira,-,0.0,0.0,-,0.0,0.0,4.2,0.0,0.0,2026-08-16 19:25:34.020
2026-08-15,BOX,BOX,Bernice Ferreira,Caroline Veyre,Caroline Veyre,-,0.0,0.0,-,0.0,0.0,1.2222222,1.0,1.0,2026-08-16 19:25:34.020
2026-08-15,BOX,BOX,Paulette Cuesta,Ashleyann Lozada,Paulette Cuesta,-,0.0,0.0,-,0.0,0.0,7.5,0.0,0.0,2026-08-16 19:25:34.020
2026-08-15,BOX,BOX,Paulette Cuesta,Ashleyann Lozada,Ashleyann Lozada,-,0.0,0.0,-,0.0,0.0,1.0833334,1.0,1.0,2026-08-16 19:25:34.020
2026-08-15,BOX,BOX,Joseph Hicks,Troy Isley,Joseph Hicks,-,0.0,0.0,-,0.0,0.0,5.75,0.0,0.0,2026-08-16 19:25:34.020
2026-08-15,BOX,BOX,Joseph Hicks,Troy Isley,Troy Isley,-,0.0,0.0,-,0.0,0.0,1.1333333,1.0,1.0,2026-08-16 19:25:34.020
2026-08-15,BOX,BOX,Roger Hilley,Ernesto Mercado,Roger Hilley,-,0.0,0.0,-,0.0,0.0,14.0,0.0,0.0,2026-08-16 19:25:34.020
2026-08-15,BOX,BOX,Roger Hilley,Ernesto Mercado,Ernesto Mercado,-,0.0,0.0,-,0.0,0.0,1.02,1.0,1.0,2026-08-16 19:25:34.020
2026-08-16,BOX,BOX,Kaye Scott,Claressa Shields,Kaye Scott,-,0.0,0.0,-,0.0,0.0,13.0,0.94,0.18,2026-08-16 19:25:34.020
2026-08-16,BOX,BOX,Kaye Scott,Claressa Shields,Claressa Shields,-,0.0,0.0,-,0.0,0.0,1.0333333,0.06,0.82,2026-08-16 19:25:34.020
2026-08-16,BOX,BOX,Emmanuel Tagoe,Ernesto Mercado,Emmanuel Tagoe,-,0.0,0.0,-,0.0,0.0,12.0,0.0,0.0,2026-08-16 19:25:34.020
2026-08-16,BOX,BOX,Emmanuel Tagoe,Ernesto Mercado,Ernesto Mercado,-,0.0,0.0,-,0.0,0.0,1.0333333,1.0,1.0,2026-08-16 19:25:34.020
2026-08-15,AFL,AFL,Collingwood Magpies,Hawthorn Hawks,Collingwood Magpies,+21.5,0.88,0.5,-,0.0,0.0,3.45,0.0,0.0,2026-08-16 19:25:35.470
2026-08-15,AFL,AFL,Collingwood Magpies,Hawthorn Hawks,Hawthorn Hawks,-21.5,0.12,0.5,-,0.0,0.0,1.3030303,1.0,1.0,2026-08-16 19:25:35.470
2026-08-15,AFL,AFL,Melbourne Demons,Port Adelaide Power,Melbourne Demons,-25.5,1.0,1.0,-,0.0,0.0,1.2564102,1.0,1.0,2026-08-16 19:25:35.470
2026-08-15,AFL,AFL,Melbourne Demons,Port Adelaide Power,Port Adelaide Power,+25.5,0.0,0.0,-,0.0,0.0,3.9,0.0,0.0,2026-08-16 19:25:35.470
2026-08-15,AFL,AFL,West Coast Eagles,GWS Giants,West Coast Eagles,+31.5,1.0,1.0,"182.5",0.0,0.0,4.9,0.0,0.0,2026-08-16 19:25:35.470
2026-08-15,AFL,AFL,West Coast Eagles,GWS Giants,GWS Giants,-31.5,0.0,0.0,"182.5",1.0,1.0,1.173913,1.0,1.0,2026-08-16 19:25:35.470
2026-08-16,AFL,AFL,Carlton Blues,Western Bulldogs,Carlton Blues,-19.5,0.18,0.5,-,0.0,0.0,1.3508772,0.0,0.0,2026-08-16 19:25:35.470
2026-08-16,AFL,AFL,Carlton Blues,Western Bulldogs,Western Bulldogs,+19.5,0.82,0.5,-,0.0,0.0,3.15,1.0,1.0,2026-08-16 19:25:35.470
2026-08-15,MLB,MLB,Chicago White Sox,Detroit Tigers,Chicago White Sox,+1.5,0.14,0.53,"8",0.65,0.65,2.3,0.39,0.29,2026-08-16 19:55:08.810
2026-08-15,MLB,MLB,Chicago White Sox,Detroit Tigers,Detroit Tigers,-1.5,0.86,0.47,"8",0.35,0.35,1.7142857,0.61,0.71,2026-08-16 19:55:08.810
2026-08-15,MLB,MLB,ST Louis Cardinals,Chicago Cubs,ST Louis Cardinals,+1.5,0.12,0.23,"9",0.53,0.49,2.68,0.21,0.14,2026-08-16 19:55:08.810
2026-08-15,MLB,MLB,ST Louis Cardinals,Chicago Cubs,Chicago Cubs,-1.5,0.88,0.77,"9",0.47,0.51,1.5524862,0.79,0.86,2026-08-16 19:55:08.810
2026-08-15,MLB,MLB,New York Yankees,Toronto Blue Jays,New York Yankees,-1.5,0.85,0.7,"7",0.52,0.49,1.5376344,0.83,0.83,2026-08-16 19:55:08.810
2026-08-15,MLB,MLB,New York Yankees,Toronto Blue Jays,Toronto Blue Jays,+1.5,0.15,0.3,"7",0.48,0.51,2.73,0.17,0.17,2026-08-16 19:55:08.810
2026-08-15,MLB,MLB,Colorado Rockies,San Francisco Giants,Colorado Rockies,+1.5,0.09,0.37,"7.5",0.84,0.75,2.55,0.26,0.21,2026-08-16 19:55:08.810
2026-08-15,MLB,MLB,Colorado Rockies,San Francisco Giants,San Francisco Giants,-1.5,0.91,0.63,"7.5",0.16,0.25,1.5988024,0.74,0.79,2026-08-16 19:55:08.810
2026-08-15,MLB,MLB,Washington Nationals,New York Mets,Washington Nationals,+1.5,0.1,0.6,"7.5",0.79,0.65,2.21,0.17,0.35,2026-08-16 19:55:08.810
2026-08-15,MLB,MLB,Washington Nationals,New York Mets,New York Mets,-1.5,0.9,0.4,"7.5",0.21,0.35,1.7692307,0.83,0.65,2026-08-16 19:55:08.810
2026-08-15,MLB,MLB,Baltimore Orioles,Tampa Bay Rays,Baltimore Orioles,+1.5,0.03,0.39,"7.5",0.45,0.61,2.31,0.2,0.18,2026-08-16 19:55:08.810
2026-08-15,MLB,MLB,Baltimore Orioles,Tampa Bay Rays,Tampa Bay Rays,-1.5,0.97,0.61,"7.5",0.55,0.39,1.7092198,0.8,0.82,2026-08-16 19:55:08.810
2026-08-15,MLB,MLB,Miami Marlins,Cincinnati Reds,Miami Marlins,-1.5,0.69,0.18,"9",0.94,0.53,1.9803921,0.66,0.49,2026-08-16 19:55:08.810
2026-08-15,MLB,MLB,Miami Marlins,Cincinnati Reds,Cincinnati Reds,+1.5,0.31,0.82,"9",0.06,0.47,1.9523809,0.34,0.51,2026-08-16 19:55:08.810
2026-08-15,MLB,MLB,San Diego Padres,Cleveland Guardians,San Diego Padres,-1.5,0.69,0.42,"8.5",0.31,0.55,2.01,0.79,0.56,2026-08-16 19:55:08.810
2026-08-15,MLB,MLB,San Diego Padres,Cleveland Guardians,Cleveland Guardians,+1.5,0.31,0.58,"8.5",0.69,0.45,1.925926,0.21,0.44,2026-08-16 19:55:08.810
2026-08-15,MLB,MLB,Philadelphia Phillies,Minnesota Twins,Philadelphia Phillies,-1.5,0.75,0.63,"8",0.95,0.69,1.7518797,0.77,0.87,2026-08-16 19:55:08.810
2026-08-15,MLB,MLB,Philadelphia Phillies,Minnesota Twins,Minnesota Twins,+1.5,0.25,0.37,"8",0.05,0.31,2.23,0.23,0.13,2026-08-16 19:55:08.810
2026-08-15,MLB,MLB,Seattle Mariners,Houston Astros,Seattle Mariners,+1.5,0.19,0.64,"8.5",0.82,0.59,2.1,0.33,0.28,2026-08-16 19:55:08.810
2026-08-15,MLB,MLB,Seattle Mariners,Houston Astros,Houston Astros,-1.5,0.81,0.36,"8.5",0.18,0.41,1.8474576,0.67,0.72,2026-08-16 19:55:08.810
2026-08-15,MLB,MLB,Arizona Diamondbacks,Atlanta Braves,Arizona Diamondbacks,+1.5,0.56,0.64,"9",0.77,0.37,2.23,0.38,0.26,2026-08-16 19:55:08.810
2026-08-15,MLB,MLB,Arizona Diamondbacks,Atlanta Braves,Atlanta Braves,-1.5,0.44,0.36,"9",0.23,0.63,1.7518797,0.62,0.74,2026-08-16 19:55:08.810
2026-08-15,MLB,MLB,Boston Red Sox,Pittsburgh Pirates,Boston Red Sox,-1.5,0.83,0.64,"7.5",0.74,0.7,1.8403361,0.91,0.84,2026-08-16 19:55:08.810
2026-08-15,MLB,MLB,Boston Red Sox,Pittsburgh Pirates,Pittsburgh Pirates,+1.5,0.17,0.36,"7.5",0.26,0.3,2.11,0.09,0.16,2026-08-16 19:55:08.810
2026-08-15,MLB,MLB,Milwaukee Brewers,Los Angeles Dodgers,Milwaukee Brewers,-1.5,0.26,0.2,"7.5",0.16,0.4,1.8196721,0.64,0.56,2026-08-16 19:55:08.810
2026-08-15,MLB,MLB,Milwaukee Brewers,Los Angeles Dodgers,Los Angeles Dodgers,+1.5,0.74,0.8,"7.5",0.84,0.6,2.14,0.36,0.44,2026-08-16 19:55:08.810
2026-08-15,MLB,MLB,Kansas City Royals,Los Angeles Angels,Kansas City Royals,+1.5,0.63,0.78,"8",0.48,0.49,2.42,0.49,0.38,2026-08-16 19:55:08.810
2026-08-15,MLB,MLB,Kansas City Royals,Los Angeles Angels,Los Angeles Angels,-1.5,0.37,0.22,"8",0.52,0.51,1.6535947,0.51,0.62,2026-08-16 19:55:08.810
2026-08-15,MLB,MLB,Texas Rangers,Athletics,Texas Rangers,-1.5,0.77,0.35,"9.5",0.71,0.42,1.6493506,0.7,0.72,2026-08-16 19:55:08.810
2026-08-15,MLB,MLB,Texas Rangers,Athletics,Athletics,+1.5,0.23,0.65,"9.5",0.29,0.58,2.43,0.3,0.28,2026-08-16 19:55:08.810
2026-08-16,MLB,MLB,Baltimore Orioles,Tampa Bay Rays,Baltimore Orioles,+1.5,0.07,0.47,"8",0.74,0.62,2.31,0.26,0.32,2026-08-16 19:55:08.810
2026-08-16,MLB,MLB,Baltimore Orioles,Tampa Bay Rays,Tampa Bay Rays,-1.5,0.93,0.53,"8",0.26,0.38,1.7142857,0.74,0.68,2026-08-16 19:55:08.810
2026-08-16,MLB,MLB,Arizona Diamondbacks,Atlanta Braves,Arizona Diamondbacks,+1.5,0.11,0.59,"8.5",0.69,0.62,2.16,0.32,0.37,2026-08-16 19:55:08.810
2026-08-16,MLB,MLB,Arizona Diamondbacks,Atlanta Braves,Atlanta Braves,-1.5,0.89,0.41,"8.5",0.31,0.38,1.8064516,0.68,0.63,2026-08-16 19:55:08.810
2026-08-16,MLB,MLB,Boston Red Sox,Pittsburgh Pirates,Boston Red Sox,-1.5,0.19,0.47,"8",0.73,0.5,1.877193,0.82,0.66,2026-08-16 19:55:08.810
2026-08-16,MLB,MLB,Boston Red Sox,Pittsburgh Pirates,Pittsburgh Pirates,+1.5,0.81,0.53,"8",0.27,0.5,2.06,0.18,0.34,2026-08-16 19:55:08.810
2026-08-16,MLB,MLB,New York Yankees,Toronto Blue Jays,New York Yankees,+1.5,0.28,0.46,"7",0.08,0.34,2.16,0.66,0.55,2026-08-16 19:55:08.810
2026-08-16,MLB,MLB,New York Yankees,Toronto Blue Jays,Toronto Blue Jays,-1.5,0.72,0.54,"7",0.92,0.66,1.8064516,0.34,0.45,2026-08-16 19:55:08.810
2026-08-16,MLB,MLB,San Diego Padres,Cleveland Guardians,San Diego Padres,-1.5,0.9,0.43,"8.5",0.03,0.37,1.925926,0.92,0.64,2026-08-16 19:55:08.810
2026-08-16,MLB,MLB,San Diego Padres,Cleveland Guardians,Cleveland Guardians,+1.5,0.1,0.57,"8.5",0.97,0.63,2.01,0.08,0.36,2026-08-16 19:55:08.810
2026-08-16,MLB,MLB,Washington Nationals,New York Mets,Washington Nationals,+1.5,0.0,0.57,"8.5",0.87,0.47,2.53,0.22,0.33,2026-08-16 19:55:08.810
2026-08-16,MLB,MLB,Washington Nationals,New York Mets,New York Mets,-1.5,1.0,0.43,"8.5",0.13,0.53,1.6060606,0.78,0.67,2026-08-16 19:55:08.810
2026-08-16,MLB,MLB,Miami Marlins,Cincinnati Reds,Miami Marlins,-1.5,0.92,0.37,"9",0.43,0.43,1.8403361,0.73,0.58,2026-08-16 19:55:08.810
2026-08-16,MLB,MLB,Miami Marlins,Cincinnati Reds,Cincinnati Reds,+1.5,0.08,0.63,"9",0.57,0.57,2.11,0.27,0.42,2026-08-16 19:55:08.810
2026-08-16,MLB,MLB,Chicago White Sox,Detroit Tigers,Chicago White Sox,-1.5,0.92,0.39,"8",0.54,0.57,1.9803921,0.62,0.57,2026-08-16 19:55:08.810
2026-08-16,MLB,MLB,Chicago White Sox,Detroit Tigers,Detroit Tigers,+1.5,0.08,0.61,"8",0.46,0.43,1.9523809,0.38,0.43,2026-08-16 19:55:08.810
2026-08-16,MLB,MLB,Philadelphia Phillies,Minnesota Twins,Philadelphia Phillies,-1.5,0.34,0.56,"9",0.94,0.58,1.925926,0.84,0.69,2026-08-16 19:55:08.810
2026-08-16,MLB,MLB,Philadelphia Phillies,Minnesota Twins,Minnesota Twins,+1.5,0.66,0.44,"9",0.06,0.42,2.01,0.16,0.31,2026-08-16 19:55:08.810
2026-08-16,MLB,MLB,ST Louis Cardinals,Chicago Cubs,ST Louis Cardinals,+1.5,0.08,0.55,"9",0.96,0.37,2.42,0.35,0.24,2026-08-16 19:55:08.810
2026-08-16,MLB,MLB,ST Louis Cardinals,Chicago Cubs,Chicago Cubs,-1.5,0.92,0.45,"9",0.04,0.63,1.6535947,0.65,0.76,2026-08-16 19:55:08.810
2026-08-16,MLB,MLB,Texas Rangers,Athletics,Texas Rangers,-1.5,0.95,0.47,"10.5",0.55,0.4,1.7462686,0.51,0.65,2026-08-16 19:55:08.810
2026-08-16,MLB,MLB,Texas Rangers,Athletics,Athletics,+1.5,0.05,0.53,"10.5",0.45,0.6,2.25,0.49,0.35,2026-08-16 19:55:08.810
2026-08-16,MLB,MLB,Colorado Rockies,San Francisco Giants,Colorado Rockies,+1.5,0.09,0.48,"8",0.26,0.54,2.19,0.2,0.31,2026-08-16 19:55:08.810
2026-08-16,MLB,MLB,Colorado Rockies,San Francisco Giants,San Francisco Giants,-1.5,0.91,0.52,"8",0.74,0.46,1.7874016,0.8,0.69,2026-08-16 19:55:08.810
2026-08-16,MLB,MLB,Kansas City Royals,Los Angeles Angels,Kansas City Royals,-1.5,0.97,0.3,"9.5",0.1,0.17,1.862069,0.79,0.61,2026-08-16 19:55:08.810
2026-08-16,MLB,MLB,Kansas City Royals,Los Angeles Angels,Los Angeles Angels,+1.5,0.03,0.7,"9.5",0.9,0.83,2.08,0.21,0.39,2026-08-16 19:55:08.810
2026-08-16,MLB,MLB,Milwaukee Brewers,Los Angeles Dodgers,Milwaukee Brewers,+1.5,0.16,0.51,"7.5",0.11,0.37,2.62,0.27,0.25,2026-08-16 19:55:08.810
2026-08-16,MLB,MLB,Milwaukee Brewers,Los Angeles Dodgers,Los Angeles Dodgers,-1.5,0.84,0.49,"7.5",0.89,0.63,1.5747126,0.73,0.75,2026-08-16 19:55:08.810
2026-08-16,MLB,MLB,Seattle Mariners,Houston Astros,Seattle Mariners,+1.5,0.25,0.71,"7.5",0.74,0.6,2.18,0.18,0.31,2026-08-16 19:55:08.810
2026-08-16,MLB,MLB,Seattle Mariners,Houston Astros,Houston Astros,-1.5,0.75,0.29,"7.5",0.26,0.4,1.7042253,0.82,0.69,2026-08-16 19:55:08.810
2026-08-15,SOC,"40031",Getafe,Alaves,Getafe,-,0.0,0.0,-,0.0,0.0,3.75,0.24,0.34,2026-08-16 19:55:17.699
2026-08-15,SOC,"40031",Getafe,Alaves,Alaves,-,0.0,0.0,-,0.0,0.0,2.4,0.76,0.66,2026-08-16 19:55:17.699
2026-08-15,SOC,"40031",Vallecano,Sevilla,Vallecano,-,0.0,0.0,-,0.0,0.0,3.05,0.17,0.12,2026-08-16 19:55:17.699
2026-08-15,SOC,"40031",Vallecano,Sevilla,Sevilla,-,0.0,0.0,-,0.0,0.0,2.7,0.83,0.88,2026-08-16 19:55:17.699
2026-08-16,SOC,"40031",Villarreal,Racing Santander,Villarreal,-,0.0,0.0,-,0.0,0.0,2.05,0.98,0.97,2026-08-16 19:55:17.699
2026-08-16,SOC,"40031",Villarreal,Racing Santander,Racing Santander,-,0.0,0.0,-,0.0,0.0,3.55,0.02,0.03,2026-08-16 19:55:17.699
2026-08-16,SOC,"40031",Levante,Espanyol,Levante,-,0.0,0.0,-,0.0,0.0,3.7,0.16,0.11,2026-08-16 19:55:17.699
2026-08-16,SOC,"40031",Levante,Espanyol,Espanyol,-,0.0,0.0,-,0.0,0.0,2.1,0.84,0.89,2026-08-16 19:55:17.699
2026-08-16,SOC,"40031",Osasuna,Celta Vigo,Osasuna,-,0.0,0.0,-,0.0,0.0,3.65,0.09,0.1,2026-08-16 19:55:17.699
2026-08-16,SOC,"40031",Osasuna,Celta Vigo,Celta Vigo,-,0.0,0.0,-,0.0,0.0,2.05,0.91,0.9,2026-08-16 19:55:17.699
2026-08-17,SOC,"40031",Elche,Dep La Coruna,Elche,-,0.0,0.0,-,0.0,0.0,3.35,0.54,0.55,2026-08-16 19:55:17.699
2026-08-17,SOC,"40031",Elche,Dep La Coruna,Dep La Coruna,-,0.0,0.0,-,0.0,0.0,2.35,0.46,0.45,2026-08-16 19:55:17.699
2026-08-15,SOC,"40817",Preston,Bolton,Preston,-,0.0,0.0,-,0.0,0.0,3.05,0.19,0.3,2026-08-16 19:55:19.315
2026-08-15,SOC,"40817",Preston,Bolton,Bolton,-,0.0,0.0,-,0.0,0.0,2.35,0.81,0.7,2026-08-16 19:55:19.315
2026-08-15,SOC,"40817",West Brom,Norwich,West Brom,-,0.0,0.0,-,0.0,0.0,3.75,0.05,0.11,2026-08-16 19:55:19.315
2026-08-15,SOC,"40817",West Brom,Norwich,Norwich,-,0.0,0.0,-,0.0,0.0,2.0,0.95,0.89,2026-08-16 19:55:19.315
2026-08-15,SOC,"40817",Swansea,Stoke City,Swansea,-,0.0,0.0,-,0.0,0.0,3.05,0.19,0.21,2026-08-16 19:55:19.315
2026-08-15,SOC,"40817",Swansea,Stoke City,Stoke City,-,0.0,0.0,-,0.0,0.0,2.35,0.81,0.79,2026-08-16 19:55:19.315
2026-08-15,SOC,"40817",Millwall,Bristol City,Millwall,-,0.0,0.0,-,0.0,0.0,2.8,0.58,0.44,2026-08-16 19:55:19.315
2026-08-15,SOC,"40817",Millwall,Bristol City,Bristol City,-,0.0,0.0,-,0.0,0.0,2.5,0.42,0.56,2026-08-16 19:55:19.315
2026-08-15,SOC,"40817",Lincoln City,Middlesbrough,Lincoln City,-,0.0,0.0,-,0.0,0.0,6.5,0.03,0.02,2026-08-16 19:55:19.315
2026-08-15,SOC,"40817",Lincoln City,Middlesbrough,Middlesbrough,-,0.0,0.0,-,0.0,0.0,1.5128205,0.97,0.98,2026-08-16 19:55:19.315
2026-08-15,SOC,"40817",Derby County,Charlton,Derby County,-,0.0,0.0,-,0.0,0.0,2.75,0.42,0.53,2026-08-16 19:55:19.315
2026-08-15,SOC,"40817",Derby County,Charlton,Charlton,-,0.0,0.0,-,0.0,0.0,2.7,0.58,0.47,2026-08-16 19:55:19.315
2026-08-15,SOC,"40817",Queens Park Rangers,Portsmouth,Queens Park Rangers,-,0.0,0.0,-,0.0,0.0,3.15,0.66,0.25,2026-08-16 19:55:19.315
2026-08-15,SOC,"40817",Queens Park Rangers,Portsmouth,Portsmouth,-,0.0,0.0,-,0.0,0.0,2.35,0.34,0.75,2026-08-16 19:55:19.315
2026-08-15,SOC,"40817",Birmingham,Sheffield Utd,Birmingham,-,0.0,0.0,-,0.0,0.0,3.3,0.24,0.25,2026-08-16 19:55:19.315
2026-08-15,SOC,"40817",Birmingham,Sheffield Utd,Sheffield Utd,-,0.0,0.0,-,0.0,0.0,2.25,0.76,0.75,2026-08-16 19:55:19.315
2026-08-16,SOC,"40817",Southampton,Watford,Southampton,-,0.0,0.0,-,0.0,0.0,2.05,0.95,0.9,2026-08-16 19:55:19.315
2026-08-16,SOC,"40817",Southampton,Watford,Watford,-,0.0,0.0,-,0.0,0.0,3.55,0.05,0.1,2026-08-16 19:55:19.315
2026-08-16,SOC,"40817",West Ham,Burnley,West Ham,-,0.0,0.0,-,0.0,0.0,2.2,0.92,0.88,2026-08-16 19:55:19.315
2026-08-16,SOC,"40817",West Ham,Burnley,Burnley,-,0.0,0.0,-,0.0,0.0,3.2,0.08,0.12,2026-08-16 19:55:19.315
2026-08-17,SOC,"40817",Wrexham,Cardiff City,Wrexham,-,0.0,0.0,-,0.0,0.0,2.8,0.76,0.46,2026-08-16 19:55:19.315
2026-08-17,SOC,"40817",Wrexham,Cardiff City,Cardiff City,-,0.0,0.0,-,0.0,0.0,2.45,0.24,0.54,2026-08-16 19:55:19.315
2026-08-15,SOC,"89345",New York Red Bulls,Atlanta Utd,New York Red Bulls,-,0.0,0.0,-,0.0,0.0,3.0,0.51,0.38,2026-08-16 19:55:26.464
2026-08-15,SOC,"89345",New York Red Bulls,Atlanta Utd,Atlanta Utd,-,0.0,0.0,-,0.0,0.0,2.05,0.49,0.62,2026-08-16 19:55:26.464
2026-08-15,SOC,"89345",DC Utd,CF Montreal,DC Utd,-,0.0,0.0,-,0.0,0.0,3.05,0.38,0.32,2026-08-16 19:55:26.464
2026-08-15,SOC,"89345",DC Utd,CF Montreal,CF Montreal,-,0.0,0.0,-,0.0,0.0,2.1,0.62,0.68,2026-08-16 19:55:26.464
2026-08-15,SOC,"89345",Columbus Crew,Charlotte FC,Columbus Crew,-,0.0,0.0,-,0.0,0.0,3.1,0.15,0.32,2026-08-16 19:55:26.464
2026-08-15,SOC,"89345",Columbus Crew,Charlotte FC,Charlotte FC,-,0.0,0.0,-,0.0,0.0,2.1,0.85,0.68,2026-08-16 19:55:26.464
2026-08-15,SOC,"89345",FC Cincinnati,Orlando City,FC Cincinnati,-,0.0,0.0,-,0.0,0.0,2.3,0.39,0.35,2026-08-16 19:55:26.464
2026-08-15,SOC,"89345",FC Cincinnati,Orlando City,Orlando City,-,0.0,0.0,-,0.0,0.0,2.5,0.61,0.65,2026-08-16 19:55:26.464
2026-08-15,SOC,"89345",NE Revolution,Toronto FC,NE Revolution,-,0.0,0.0,-,0.0,0.0,2.95,0.42,0.41,2026-08-16 19:55:26.464
2026-08-15,SOC,"89345",NE Revolution,Toronto FC,Toronto FC,-,0.0,0.0,-,0.0,0.0,2.15,0.58,0.59,2026-08-16 19:55:26.464
2026-08-15,SOC,"89345",Inter Miami,Nashville SC,Inter Miami,-,0.0,0.0,-,0.0,0.0,2.55,0.91,0.71,2026-08-16 19:55:26.464
2026-08-15,SOC,"89345",Inter Miami,Nashville SC,Nashville SC,-,0.0,0.0,-,0.0,0.0,2.4,0.09,0.29,2026-08-16 19:55:26.464
2026-08-15,SOC,"89345",LA Galaxy,HOU Dynamo,LA Galaxy,-,0.0,0.0,-,0.0,0.0,4.6,0.06,0.19,2026-08-16 19:55:26.464
2026-08-15,SOC,"89345",LA Galaxy,HOU Dynamo,HOU Dynamo,-,0.0,0.0,-,0.0,0.0,1.6451613,0.94,0.81,2026-08-16 19:55:26.464
2026-08-15,SOC,"89345",Sporting KC,COL Rapids,Sporting KC,-,0.0,0.0,-,0.0,0.0,5.75,0.02,0.21,2026-08-16 19:55:26.464
2026-08-15,SOC,"89345",Sporting KC,COL Rapids,COL Rapids,-,0.0,0.0,-,0.0,0.0,1.4545455,0.98,0.79,2026-08-16 19:55:26.464
2026-08-15,SOC,"89345",Minnesota Utd,Real Salt Lake,Minnesota Utd,-,0.0,0.0,-,0.0,0.0,3.8,0.04,0.19,2026-08-16 19:55:26.464
2026-08-15,SOC,"89345",Minnesota Utd,Real Salt Lake,Real Salt Lake,-,0.0,0.0,-,0.0,0.0,1.8333334,0.96,0.81,2026-08-16 19:55:26.464
2026-08-15,SOC,"89345",San Diego FC,LAFC,San Diego FC,-,0.0,0.0,-,0.0,0.0,4.6,0.01,0.12,2026-08-16 19:55:26.464
2026-08-15,SOC,"89345",San Diego FC,LAFC,LAFC,-,0.0,0.0,-,0.0,0.0,1.6060606,0.99,0.88,2026-08-16 19:55:26.464
2026-08-15,SOC,"89345",St Louis City SC,SJ Earthquakes,St Louis City SC,-,0.0,0.0,-,0.0,0.0,3.0,0.23,0.4,2026-08-16 19:55:26.464
2026-08-15,SOC,"89345",St Louis City SC,SJ Earthquakes,SJ Earthquakes,-,0.0,0.0,-,0.0,0.0,2.05,0.77,0.6,2026-08-16 19:55:26.464
2026-08-16,SOC,"89345",PHI Union,NYCFC,PHI Union,-,0.0,0.0,-,0.0,0.0,2.55,0.12,0.54,2026-08-16 19:55:26.464
2026-08-16,SOC,"89345",PHI Union,NYCFC,NYCFC,-,0.0,0.0,-,0.0,0.0,2.45,0.88,0.46,2026-08-16 19:55:26.464
2026-08-16,SOC,"89345",POR Timbers,CHI Fire,POR Timbers,-,0.0,0.0,-,0.0,0.0,5.0,0.37,0.42,2026-08-16 19:55:26.464
2026-08-16,SOC,"89345",POR Timbers,CHI Fire,CHI Fire,-,0.0,0.0,-,0.0,0.0,1.5,0.63,0.58,2026-08-16 19:55:26.464
2026-08-16,SOC,"89345",FC Dallas,Austin FC,FC Dallas,-,0.0,0.0,-,0.0,0.0,2.25,0.32,0.76,2026-08-16 19:55:26.464
2026-08-16,SOC,"89345",FC Dallas,Austin FC,Austin FC,-,0.0,0.0,-,0.0,0.0,2.8,0.68,0.24,2026-08-16 19:55:26.464
2026-08-16,SOC,"89345",Vancouver Whitecaps,Seattle Sounders,Vancouver Whitecaps,-,0.0,0.0,-,0.0,0.0,1.8,0.78,0.88,2026-08-16 19:55:26.464
2026-08-16,SOC,"89345",Vancouver Whitecaps,Seattle Sounders,Seattle Sounders,-,0.0,0.0,-,0.0,0.0,3.8,0.22,0.12,2026-08-16 19:55:26.464
2026-08-15,UFC,UFC,Chidi Njokuani,Joel Alvarez,Chidi Njokuani,-,0.0,0.0,-,0.0,0.0,3.0,0.0,0.0,2026-08-16 19:55:28.145
2026-08-15,UFC,UFC,Chidi Njokuani,Joel Alvarez,Joel Alvarez,-,0.0,0.0,-,0.0,0.0,1.4081633,1.0,1.0,2026-08-16 19:55:28.145
2026-08-15,UFC,UFC,Myktybek Orolbai,Jeremiah Wells,Myktybek Orolbai,-,0.0,0.0,-,0.0,0.0,1.074074,0.78,0.89,2026-08-16 19:55:28.145
2026-08-15,UFC,UFC,Myktybek Orolbai,Jeremiah Wells,Jeremiah Wells,-,0.0,0.0,-,0.0,0.0,9.0,0.22,0.11,2026-08-16 19:55:28.145
2026-08-15,UFC,UFC,Ramiz Brahimaj,Neil Magny,Ramiz Brahimaj,-,0.0,0.0,-,0.0,0.0,1.7042253,0.75,0.59,2026-08-16 19:55:28.145
2026-08-15,UFC,UFC,Ramiz Brahimaj,Neil Magny,Neil Magny,-,0.0,0.0,-,0.0,0.0,2.2,0.25,0.41,2026-08-16 19:55:28.145
2026-08-15,UFC,UFC,Lucas Fernando,Rafael Tobias,Lucas Fernando,-,0.0,0.0,-,0.0,0.0,1.3508772,0.62,0.79,2026-08-16 19:55:28.145
2026-08-15,UFC,UFC,Lucas Fernando,Rafael Tobias,Rafael Tobias,-,0.0,0.0,-,0.0,0.0,3.3,0.38,0.21,2026-08-16 19:55:28.145
2026-08-15,UFC,UFC,Tresean Gore,Vicente Luque,Tresean Gore,-,0.0,0.0,-,0.0,0.0,1.8474576,0.6,0.49,2026-08-16 19:55:28.145
2026-08-15,UFC,UFC,Tresean Gore,Vicente Luque,Vicente Luque,-,0.0,0.0,-,0.0,0.0,1.9803921,0.4,0.51,2026-08-16 19:55:28.145
2026-08-15,UFC,UFC,Eric McConico,Donte Johnson,Eric McConico,-,0.0,0.0,-,0.0,0.0,3.8,0.29,0.16,2026-08-16 19:55:28.145
2026-08-15,UFC,UFC,Eric McConico,Donte Johnson,Donte Johnson,-,0.0,0.0,-,0.0,0.0,1.2816901,0.71,0.84,2026-08-16 19:55:28.145
2026-08-15,UFC,UFC,Eduardo Henrique,Charles Johnson,Eduardo Henrique,-,0.0,0.0,-,0.0,0.0,1.9803921,0.39,0.3,2026-08-16 19:55:28.145
2026-08-15,UFC,UFC,Eduardo Henrique,Charles Johnson,Charles Johnson,-,0.0,0.0,-,0.0,0.0,1.8474576,0.61,0.7,2026-08-16 19:55:28.145
2026-08-15,UFC,UFC,Joel Alvarez,Chidi Njokuani,Joel Alvarez,-,0.0,0.0,-,0.0,0.0,1.2666667,0.78,0.87,2026-08-16 19:55:28.145
2026-08-15,UFC,UFC,Joel Alvarez,Chidi Njokuani,Chidi Njokuani,-,0.0,0.0,-,0.0,0.0,3.95,0.22,0.13,2026-08-16 19:55:28.145
2026-08-15,UFC,UFC,Esteban Ribovics,Edson Barboza,Esteban Ribovics,-,0.0,0.0,-,0.0,0.0,1.1333333,0.3,0.75,2026-08-16 19:55:28.145
2026-08-15,UFC,UFC,Esteban Ribovics,Edson Barboza,Edson Barboza,-,0.0,0.0,-,0.0,0.0,6.25,0.7,0.25,2026-08-16 19:55:28.145
2026-08-15,UFC,UFC,Dustin Stoltzfus,Mansur Abdul-Malik,Dustin Stoltzfus,-,0.0,0.0,-,0.0,0.0,5.9,0.38,0.13,2026-08-16 19:55:28.145
2026-08-15,UFC,UFC,Dustin Stoltzfus,Mansur Abdul-Malik,Mansur Abdul-Malik,-,0.0,0.0,-,0.0,0.0,1.1481482,0.62,0.87,2026-08-16 19:55:28.145
2026-08-15,UFC,UFC,Jose Ochoa,Charles Johnson,Jose Ochoa,-,0.0,0.0,-,0.0,0.0,1.2197802,0.77,0.82,2026-08-16 19:55:28.145
2026-08-15,UFC,UFC,Jose Ochoa,Charles Johnson,Charles Johnson,-,0.0,0.0,-,0.0,0.0,4.5,0.23,0.18,2026-08-16 19:55:28.145
2026-08-15,UFC,UFC,Kaue Fernandes,Jalin Turner,Kaue Fernandes,-,0.0,0.0,-,0.0,0.0,2.0,0.56,0.37,2026-08-16 19:55:28.145
2026-08-15,UFC,UFC,Kaue Fernandes,Jalin Turner,Jalin Turner,-,0.0,0.0,-,0.0,0.0,1.8333334,0.44,0.63,2026-08-16 19:55:28.145
2026-08-15,UFC,UFC,Gillian Robertson,Mackenzie Dern,Gillian Robertson,-,0.0,0.0,-,0.0,0.0,2.8,0.3,0.28,2026-08-16 19:55:28.145
2026-08-15,UFC,UFC,Gillian Robertson,Mackenzie Dern,Mackenzie Dern,-,0.0,0.0,-,0.0,0.0,1.4587156,0.7,0.72,2026-08-16 19:55:28.145
2026-08-15,UFC,UFC,Ian Machado Garry,Islam Makhachev,Ian Machado Garry,-,0.0,0.0,-,0.0,0.0,3.6,0.56,0.31,2026-08-16 19:55:28.145
2026-08-15,UFC,UFC,Ian Machado Garry,Islam Makhachev,Islam Makhachev,-,0.0,0.0,-,0.0,0.0,1.3076923,0.44,0.69,2026-08-16 19:55:28.145
2026-08-15,BOX,BOX,Alexander Thiel,Jaquan McElroy,Alexander Thiel,-,0.0,0.0,-,0.0,0.0,9.0,0.0,0.0,2026-08-16 19:55:29.977
2026-08-15,BOX,BOX,Alexander Thiel,Jaquan McElroy,Jaquan McElroy,-,0.0,0.0,-,0.0,0.0,1.0625,1.0,1.0,2026-08-16 19:55:29.977
2026-08-15,BOX,BOX,Michael Nelson,Casey Dixon,Michael Nelson,-,0.0,0.0,-,0.0,0.0,10.0,0.0,0.0,2026-08-16 19:55:29.977
2026-08-15,BOX,BOX,Michael Nelson,Casey Dixon,Casey Dixon,-,0.0,0.0,-,0.0,0.0,1.05,1.0,1.0,2026-08-16 19:55:29.977
2026-08-15,BOX,BOX,Rahmel McKinley,Daniel Mercado,Rahmel McKinley,-,0.0,0.0,-,0.0,0.0,17.0,0.0,0.0,2026-08-16 19:55:29.977
2026-08-15,BOX,BOX,Rahmel McKinley,Daniel Mercado,Daniel Mercado,-,0.0,0.0,-,0.0,0.0,1.01,1.0,1.0,2026-08-16 19:55:29.977
2026-08-15,BOX,BOX,Marianela Ramirez,Shannel Butler,Marianela Ramirez,-,0.0,0.0,-,0.0,0.0,8.5,0.0,0.0,2026-08-16 19:55:29.977
2026-08-15,BOX,BOX,Marianela Ramirez,Shannel Butler,Shannel Butler,-,0.0,0.0,-,0.0,0.0,1.0625,1.0,1.0,2026-08-16 19:55:29.977
2026-08-15,BOX,BOX,Da'Velle Smith,Hakim Lopez,Da'Velle Smith,-,0.0,0.0,-,0.0,0.0,1.3846154,1.0,1.0,2026-08-16 19:55:29.977
2026-08-15,BOX,BOX,Da'Velle Smith,Hakim Lopez,Hakim Lopez,-,0.0,0.0,-,0.0,0.0,3.0,0.0,0.0,2026-08-16 19:55:29.977
2026-08-15,BOX,BOX,Olivia Curry,Danielle Perkins,Olivia Curry,-,0.0,0.0,-,0.0,0.0,5.75,0.0,0.0,2026-08-16 19:55:29.977
2026-08-15,BOX,BOX,Olivia Curry,Danielle Perkins,Danielle Perkins,-,0.0,0.0,-,0.0,0.0,1.1333333,1.0,1.0,2026-08-16 19:55:29.977
2026-08-15,BOX,BOX,Roamer Angulo,Atif Oberlton,Roamer Angulo,-,0.0,0.0,-,0.0,0.0,10.0,0.11,0.05,2026-08-16 19:55:29.977
2026-08-15,BOX,BOX,Roamer Angulo,Atif Oberlton,Atif Oberlton,-,0.0,0.0,-,0.0,0.0,1.05,0.89,0.95,2026-08-16 19:55:29.977
2026-08-15,BOX,BOX,Bernice Ferreira,Caroline Veyre,Bernice Ferreira,-,0.0,0.0,-,0.0,0.0,4.2,0.0,0.0,2026-08-16 19:55:29.977
2026-08-15,BOX,BOX,Bernice Ferreira,Caroline Veyre,Caroline Veyre,-,0.0,0.0,-,0.0,0.0,1.2222222,1.0,1.0,2026-08-16 19:55:29.977
2026-08-15,BOX,BOX,Paulette Cuesta,Ashleyann Lozada,Paulette Cuesta,-,0.0,0.0,-,0.0,0.0,7.5,0.0,0.0,2026-08-16 19:55:29.977
2026-08-15,BOX,BOX,Paulette Cuesta,Ashleyann Lozada,Ashleyann Lozada,-,0.0,0.0,-,0.0,0.0,1.0833334,1.0,1.0,2026-08-16 19:55:29.977
2026-08-15,BOX,BOX,Joseph Hicks,Troy Isley,Joseph Hicks,-,0.0,0.0,-,0.0,0.0,5.75,0.0,0.0,2026-08-16 19:55:29.977
2026-08-15,BOX,BOX,Joseph Hicks,Troy Isley,Troy Isley,-,0.0,0.0,-,0.0,0.0,1.1333333,1.0,1.0,2026-08-16 19:55:29.977
2026-08-15,BOX,BOX,Roger Hilley,Ernesto Mercado,Roger Hilley,-,0.0,0.0,-,0.0,0.0,14.0,0.0,0.0,2026-08-16 19:55:29.977
2026-08-15,BOX,BOX,Roger Hilley,Ernesto Mercado,Ernesto Mercado,-,0.0,0.0,-,0.0,0.0,1.02,1.0,1.0,2026-08-16 19:55:29.977
2026-08-16,BOX,BOX,Kaye Scott,Claressa Shields,Kaye Scott,-,0.0,0.0,-,0.0,0.0,13.0,0.94,0.18,2026-08-16 19:55:29.977
2026-08-16,BOX,BOX,Kaye Scott,Claressa Shields,Claressa Shields,-,0.0,0.0,-,0.0,0.0,1.0333333,0.06,0.82,2026-08-16 19:55:29.977
2026-08-16,BOX,BOX,Emmanuel Tagoe,Ernesto Mercado,Emmanuel Tagoe,-,0.0,0.0,-,0.0,0.0,12.0,0.0,0.0,2026-08-16 19:55:29.977
2026-08-16,BOX,BOX,Emmanuel Tagoe,Ernesto Mercado,Ernesto Mercado,-,0.0,0.0,-,0.0,0.0,1.0333333,1.0,1.0,2026-08-16 19:55:29.977
2026-08-15,AFL,AFL,Collingwood Magpies,Hawthorn Hawks,Collingwood Magpies,+21.5,0.88,0.5,-,0.0,0.0,3.45,0.0,0.0,2026-08-16 19:55:31.550
2026-08-15,AFL,AFL,Collingwood Magpies,Hawthorn Hawks,Hawthorn Hawks,-21.5,0.12,0.5,-,0.0,0.0,1.3030303,1.0,1.0,2026-08-16 19:55:31.550
2026-08-15,AFL,AFL,Melbourne Demons,Port Adelaide Power,Melbourne Demons,-25.5,1.0,1.0,-,0.0,0.0,1.2564102,1.0,1.0,2026-08-16 19:55:31.550
2026-08-15,AFL,AFL,Melbourne Demons,Port Adelaide Power,Port Adelaide Power,+25.5,0.0,0.0,-,0.0,0.0,3.9,0.0,0.0,2026-08-16 19:55:31.550
2026-08-15,AFL,AFL,West Coast Eagles,GWS Giants,West Coast Eagles,+31.5,1.0,1.0,"182.5",0.0,0.0,4.9,0.0,0.0,2026-08-16 19:55:31.550
2026-08-15,AFL,AFL,West Coast Eagles,GWS Giants,GWS Giants,-31.5,0.0,0.0,"182.5",1.0,1.0,1.173913,1.0,1.0,2026-08-16 19:55:31.550
2026-08-16,AFL,AFL,Carlton Blues,Western Bulldogs,Carlton Blues,-19.5,0.18,0.5,-,0.0,0.0,1.3508772,0.0,0.0,2026-08-16 19:55:31.550
2026-08-16,AFL,AFL,Carlton Blues,Western Bulldogs,Western Bulldogs,+19.5,0.82,0.5,-,0.0,0.0,3.15,1.0,1.0,2026-08-16 19:55:31.550
2026-08-15,MLB,MLB,Chicago White Sox,Detroit Tigers,Chicago White Sox,+1.5,0.14,0.53,"8",0.65,0.65,2.3,0.39,0.29,2026-08-16 20:25:08.491
2026-08-15,MLB,MLB,Chicago White Sox,Detroit Tigers,Detroit Tigers,-1.5,0.86,0.47,"8",0.35,0.35,1.7142857,0.61,0.71,2026-08-16 20:25:08.491
2026-08-15,MLB,MLB,ST Louis Cardinals,Chicago Cubs,ST Louis Cardinals,+1.5,0.12,0.23,"9",0.53,0.49,2.68,0.21,0.14,2026-08-16 20:25:08.491
2026-08-15,MLB,MLB,ST Louis Cardinals,Chicago Cubs,Chicago Cubs,-1.5,0.88,0.77,"9",0.47,0.51,1.5524862,0.79,0.86,2026-08-16 20:25:08.491
2026-08-15,MLB,MLB,New York Yankees,Toronto Blue Jays,New York Yankees,-1.5,0.85,0.7,"7",0.52,0.49,1.5376344,0.83,0.83,2026-08-16 20:25:08.491
2026-08-15,MLB,MLB,New York Yankees,Toronto Blue Jays,Toronto Blue Jays,+1.5,0.15,0.3,"7",0.48,0.51,2.73,0.17,0.17,2026-08-16 20:25:08.491
2026-08-15,MLB,MLB,Colorado Rockies,San Francisco Giants,Colorado Rockies,+1.5,0.09,0.37,"7.5",0.84,0.75,2.55,0.26,0.21,2026-08-16 20:25:08.491
2026-08-15,MLB,MLB,Colorado Rockies,San Francisco Giants,San Francisco Giants,-1.5,0.91,0.63,"7.5",0.16,0.25,1.5988024,0.74,0.79,2026-08-16 20:25:08.491
2026-08-15,MLB,MLB,Washington Nationals,New York Mets,Washington Nationals,+1.5,0.1,0.6,"7.5",0.79,0.65,2.21,0.17,0.35,2026-08-16 20:25:08.491
2026-08-15,MLB,MLB,Washington Nationals,New York Mets,New York Mets,-1.5,0.9,0.4,"7.5",0.21,0.35,1.7692307,0.83,0.65,2026-08-16 20:25:08.491
2026-08-15,MLB,MLB,Baltimore Orioles,Tampa Bay Rays,Baltimore Orioles,+1.5,0.03,0.39,"7.5",0.45,0.61,2.31,0.2,0.18,2026-08-16 20:25:08.491
2026-08-15,MLB,MLB,Baltimore Orioles,Tampa Bay Rays,Tampa Bay Rays,-1.5,0.97,0.61,"7.5",0.55,0.39,1.7092198,0.8,0.82,2026-08-16 20:25:08.491
2026-08-15,MLB,MLB,Miami Marlins,Cincinnati Reds,Miami Marlins,-1.5,0.69,0.18,"9",0.94,0.53,1.9803921,0.66,0.49,2026-08-16 20:25:08.491
2026-08-15,MLB,MLB,Miami Marlins,Cincinnati Reds,Cincinnati Reds,+1.5,0.31,0.82,"9",0.06,0.47,1.9523809,0.34,0.51,2026-08-16 20:25:08.491
2026-08-15,MLB,MLB,San Diego Padres,Cleveland Guardians,San Diego Padres,-1.5,0.69,0.42,"8.5",0.31,0.55,2.01,0.79,0.56,2026-08-16 20:25:08.491
2026-08-15,MLB,MLB,San Diego Padres,Cleveland Guardians,Cleveland Guardians,+1.5,0.31,0.58,"8.5",0.69,0.45,1.925926,0.21,0.44,2026-08-16 20:25:08.491
2026-08-15,MLB,MLB,Philadelphia Phillies,Minnesota Twins,Philadelphia Phillies,-1.5,0.75,0.63,"8",0.95,0.69,1.7518797,0.77,0.87,2026-08-16 20:25:08.491
2026-08-15,MLB,MLB,Philadelphia Phillies,Minnesota Twins,Minnesota Twins,+1.5,0.25,0.37,"8",0.05,0.31,2.23,0.23,0.13,2026-08-16 20:25:08.491
2026-08-15,MLB,MLB,Seattle Mariners,Houston Astros,Seattle Mariners,+1.5,0.19,0.64,"8.5",0.82,0.59,2.1,0.33,0.28,2026-08-16 20:25:08.491
2026-08-15,MLB,MLB,Seattle Mariners,Houston Astros,Houston Astros,-1.5,0.81,0.36,"8.5",0.18,0.41,1.8474576,0.67,0.72,2026-08-16 20:25:08.491
2026-08-15,MLB,MLB,Arizona Diamondbacks,Atlanta Braves,Arizona Diamondbacks,+1.5,0.56,0.64,"9",0.77,0.37,2.23,0.38,0.26,2026-08-16 20:25:08.491
2026-08-15,MLB,MLB,Arizona Diamondbacks,Atlanta Braves,Atlanta Braves,-1.5,0.44,0.36,"9",0.23,0.63,1.7518797,0.62,0.74,2026-08-16 20:25:08.491
2026-08-15,MLB,MLB,Boston Red Sox,Pittsburgh Pirates,Boston Red Sox,-1.5,0.83,0.64,"7.5",0.74,0.7,1.8403361,0.91,0.84,2026-08-16 20:25:08.491
2026-08-15,MLB,MLB,Boston Red Sox,Pittsburgh Pirates,Pittsburgh Pirates,+1.5,0.17,0.36,"7.5",0.26,0.3,2.11,0.09,0.16,2026-08-16 20:25:08.491
2026-08-15,MLB,MLB,Milwaukee Brewers,Los Angeles Dodgers,Milwaukee Brewers,-1.5,0.26,0.2,"7.5",0.16,0.4,1.8196721,0.64,0.56,2026-08-16 20:25:08.491
2026-08-15,MLB,MLB,Milwaukee Brewers,Los Angeles Dodgers,Los Angeles Dodgers,+1.5,0.74,0.8,"7.5",0.84,0.6,2.14,0.36,0.44,2026-08-16 20:25:08.491
2026-08-15,MLB,MLB,Kansas City Royals,Los Angeles Angels,Kansas City Royals,+1.5,0.63,0.78,"8",0.48,0.49,2.42,0.49,0.38,2026-08-16 20:25:08.491
2026-08-15,MLB,MLB,Kansas City Royals,Los Angeles Angels,Los Angeles Angels,-1.5,0.37,0.22,"8",0.52,0.51,1.6535947,0.51,0.62,2026-08-16 20:25:08.491
2026-08-15,MLB,MLB,Texas Rangers,Athletics,Texas Rangers,-1.5,0.77,0.35,"9.5",0.71,0.42,1.6493506,0.7,0.72,2026-08-16 20:25:08.491
2026-08-15,MLB,MLB,Texas Rangers,Athletics,Athletics,+1.5,0.23,0.65,"9.5",0.29,0.58,2.43,0.3,0.28,2026-08-16 20:25:08.491
2026-08-16,MLB,MLB,Baltimore Orioles,Tampa Bay Rays,Baltimore Orioles,+1.5,0.07,0.48,"8",0.74,0.62,2.31,0.31,0.33,2026-08-16 20:25:08.491
2026-08-16,MLB,MLB,Baltimore Orioles,Tampa Bay Rays,Tampa Bay Rays,-1.5,0.93,0.52,"8",0.26,0.38,1.7142857,0.69,0.67,2026-08-16 20:25:08.491
2026-08-16,MLB,MLB,Arizona Diamondbacks,Atlanta Braves,Arizona Diamondbacks,+1.5,0.12,0.6,"8.5",0.69,0.62,2.16,0.32,0.37,2026-08-16 20:25:08.491
2026-08-16,MLB,MLB,Arizona Diamondbacks,Atlanta Braves,Atlanta Braves,-1.5,0.88,0.41,"8.5",0.31,0.38,1.8064516,0.68,0.63,2026-08-16 20:25:08.491
2026-08-16,MLB,MLB,Boston Red Sox,Pittsburgh Pirates,Boston Red Sox,-1.5,0.2,0.49,"8",0.73,0.49,1.877193,0.83,0.66,2026-08-16 20:25:08.491
2026-08-16,MLB,MLB,Boston Red Sox,Pittsburgh Pirates,Pittsburgh Pirates,+1.5,0.8,0.51,"8",0.27,0.51,2.06,0.17,0.34,2026-08-16 20:25:08.491
2026-08-16,MLB,MLB,New York Yankees,Toronto Blue Jays,New York Yankees,+1.5,0.28,0.46,"7",0.08,0.33,2.16,0.68,0.54,2026-08-16 20:25:08.491
2026-08-16,MLB,MLB,New York Yankees,Toronto Blue Jays,Toronto Blue Jays,-1.5,0.72,0.54,"7",0.92,0.67,1.8064516,0.32,0.46,2026-08-16 20:25:08.491
2026-08-16,MLB,MLB,San Diego Padres,Cleveland Guardians,San Diego Padres,-1.5,0.87,0.42,"8.5",0.03,0.36,1.925926,0.92,0.63,2026-08-16 20:25:08.491
2026-08-16,MLB,MLB,San Diego Padres,Cleveland Guardians,Cleveland Guardians,+1.5,0.13,0.58,"8.5",0.97,0.64,2.01,0.08,0.37,2026-08-16 20:25:08.491
2026-08-16,MLB,MLB,Washington Nationals,New York Mets,Washington Nationals,+1.5,0.0,0.57,"8.5",0.87,0.47,2.53,0.22,0.33,2026-08-16 20:25:08.491
2026-08-16,MLB,MLB,Washington Nationals,New York Mets,New York Mets,-1.5,1.0,0.43,"8.5",0.13,0.53,1.6060606,0.78,0.67,2026-08-16 20:25:08.491
2026-08-16,MLB,MLB,Miami Marlins,Cincinnati Reds,Miami Marlins,-1.5,0.92,0.38,"9",0.43,0.43,1.8403361,0.73,0.58,2026-08-16 20:25:08.491
2026-08-16,MLB,MLB,Miami Marlins,Cincinnati Reds,Cincinnati Reds,+1.5,0.08,0.62,"9",0.57,0.57,2.11,0.27,0.42,2026-08-16 20:25:08.491
2026-08-16,MLB,MLB,Chicago White Sox,Detroit Tigers,Chicago White Sox,-1.5,0.91,0.38,"8",0.54,0.56,1.9803921,0.62,0.57,2026-08-16 20:25:08.491
2026-08-16,MLB,MLB,Chicago White Sox,Detroit Tigers,Detroit Tigers,+1.5,0.09,0.62,"8",0.46,0.44,1.9523809,0.38,0.43,2026-08-16 20:25:08.491
2026-08-16,MLB,MLB,Philadelphia Phillies,Minnesota Twins,Philadelphia Phillies,-1.5,0.35,0.57,"9",0.94,0.58,1.925926,0.81,0.69,2026-08-16 20:25:08.491
2026-08-16,MLB,MLB,Philadelphia Phillies,Minnesota Twins,Minnesota Twins,+1.5,0.65,0.43,"9",0.06,0.42,2.01,0.19,0.31,2026-08-16 20:25:08.491
2026-08-16,MLB,MLB,ST Louis Cardinals,Chicago Cubs,ST Louis Cardinals,+1.5,0.08,0.55,"9",0.96,0.37,2.42,0.35,0.24,2026-08-16 20:25:08.491
2026-08-16,MLB,MLB,ST Louis Cardinals,Chicago Cubs,Chicago Cubs,-1.5,0.92,0.45,"9",0.04,0.63,1.6535947,0.65,0.76,2026-08-16 20:25:08.491
2026-08-16,MLB,MLB,Texas Rangers,Athletics,Texas Rangers,-1.5,0.96,0.46,"10.5",0.55,0.4,1.7462686,0.52,0.66,2026-08-16 20:25:08.491
2026-08-16,MLB,MLB,Texas Rangers,Athletics,Athletics,+1.5,0.04,0.54,"10.5",0.45,0.6,2.25,0.48,0.34,2026-08-16 20:25:08.491
2026-08-16,MLB,MLB,Colorado Rockies,San Francisco Giants,Colorado Rockies,+1.5,0.09,0.49,"8",0.26,0.53,2.19,0.2,0.31,2026-08-16 20:25:08.491
2026-08-16,MLB,MLB,Colorado Rockies,San Francisco Giants,San Francisco Giants,-1.5,0.91,0.51,"8",0.74,0.47,1.7874016,0.8,0.69,2026-08-16 20:25:08.491
2026-08-16,MLB,MLB,Kansas City Royals,Los Angeles Angels,Kansas City Royals,-1.5,0.96,0.31,"9.5",0.1,0.17,1.862069,0.79,0.61,2026-08-16 20:25:08.491
2026-08-16,MLB,MLB,Kansas City Royals,Los Angeles Angels,Los Angeles Angels,+1.5,0.04,0.69,"9.5",0.9,0.83,2.08,0.21,0.39,2026-08-16 20:25:08.491
2026-08-16,MLB,MLB,Milwaukee Brewers,Los Angeles Dodgers,Milwaukee Brewers,+1.5,0.16,0.52,"7.5",0.12,0.37,2.62,0.28,0.25,2026-08-16 20:25:08.491
2026-08-16,MLB,MLB,Milwaukee Brewers,Los Angeles Dodgers,Los Angeles Dodgers,-1.5,0.84,0.48,"7.5",0.88,0.63,1.5747126,0.72,0.75,2026-08-16 20:25:08.491
2026-08-16,MLB,MLB,Seattle Mariners,Houston Astros,Seattle Mariners,+1.5,0.25,0.72,"7.5",0.75,0.61,2.18,0.17,0.3,2026-08-16 20:25:08.491
2026-08-16,MLB,MLB,Seattle Mariners,Houston Astros,Houston Astros,-1.5,0.75,0.28,"7.5",0.25,0.39,1.7042253,0.83,0.7,2026-08-16 20:25:08.491
2026-08-15,SOC,"40031",Getafe,Alaves,Getafe,-,0.0,0.0,-,0.0,0.0,3.75,0.24,0.34,2026-08-16 20:25:16.551
2026-08-15,SOC,"40031",Getafe,Alaves,Alaves,-,0.0,0.0,-,0.0,0.0,2.4,0.76,0.66,2026-08-16 20:25:16.551
2026-08-15,SOC,"40031",Vallecano,Sevilla,Vallecano,-,0.0,0.0,-,0.0,0.0,3.05,0.17,0.12,2026-08-16 20:25:16.551
2026-08-15,SOC,"40031",Vallecano,Sevilla,Sevilla,-,0.0,0.0,-,0.0,0.0,2.7,0.83,0.88,2026-08-16 20:25:16.551
2026-08-16,SOC,"40031",Villarreal,Racing Santander,Villarreal,-,0.0,0.0,-,0.0,0.0,2.05,0.98,0.97,2026-08-16 20:25:16.551
2026-08-16,SOC,"40031",Villarreal,Racing Santander,Racing Santander,-,0.0,0.0,-,0.0,0.0,3.55,0.02,0.03,2026-08-16 20:25:16.551
2026-08-16,SOC,"40031",Levante,Espanyol,Levante,-,0.0,0.0,-,0.0,0.0,3.7,0.15,0.11,2026-08-16 20:25:16.551
2026-08-16,SOC,"40031",Levante,Espanyol,Espanyol,-,0.0,0.0,-,0.0,0.0,2.1,0.85,0.89,2026-08-16 20:25:16.551
2026-08-16,SOC,"40031",Osasuna,Celta Vigo,Osasuna,-,0.0,0.0,-,0.0,0.0,3.65,0.09,0.1,2026-08-16 20:25:16.551
2026-08-16,SOC,"40031",Osasuna,Celta Vigo,Celta Vigo,-,0.0,0.0,-,0.0,0.0,2.05,0.91,0.9,2026-08-16 20:25:16.551
2026-08-17,SOC,"40031",Elche,Dep La Coruna,Elche,-,0.0,0.0,-,0.0,0.0,3.35,0.5,0.55,2026-08-16 20:25:16.551
2026-08-17,SOC,"40031",Elche,Dep La Coruna,Dep La Coruna,-,0.0,0.0,-,0.0,0.0,2.35,0.5,0.45,2026-08-16 20:25:16.551
2026-08-15,SOC,"40817",Preston,Bolton,Preston,-,0.0,0.0,-,0.0,0.0,3.05,0.19,0.3,2026-08-16 20:25:18.144
2026-08-15,SOC,"40817",Preston,Bolton,Bolton,-,0.0,0.0,-,0.0,0.0,2.35,0.81,0.7,2026-08-16 20:25:18.144
2026-08-15,SOC,"40817",West Brom,Norwich,West Brom,-,0.0,0.0,-,0.0,0.0,3.75,0.05,0.11,2026-08-16 20:25:18.144
2026-08-15,SOC,"40817",West Brom,Norwich,Norwich,-,0.0,0.0,-,0.0,0.0,2.0,0.95,0.89,2026-08-16 20:25:18.144
2026-08-15,SOC,"40817",Swansea,Stoke City,Swansea,-,0.0,0.0,-,0.0,0.0,3.05,0.19,0.21,2026-08-16 20:25:18.144
2026-08-15,SOC,"40817",Swansea,Stoke City,Stoke City,-,0.0,0.0,-,0.0,0.0,2.35,0.81,0.79,2026-08-16 20:25:18.144
2026-08-15,SOC,"40817",Millwall,Bristol City,Millwall,-,0.0,0.0,-,0.0,0.0,2.8,0.58,0.44,2026-08-16 20:25:18.144
2026-08-15,SOC,"40817",Millwall,Bristol City,Bristol City,-,0.0,0.0,-,0.0,0.0,2.5,0.42,0.56,2026-08-16 20:25:18.144
2026-08-15,SOC,"40817",Lincoln City,Middlesbrough,Lincoln City,-,0.0,0.0,-,0.0,0.0,6.5,0.03,0.02,2026-08-16 20:25:18.144
2026-08-15,SOC,"40817",Lincoln City,Middlesbrough,Middlesbrough,-,0.0,0.0,-,0.0,0.0,1.5128205,0.97,0.98,2026-08-16 20:25:18.144
2026-08-15,SOC,"40817",Derby County,Charlton,Derby County,-,0.0,0.0,-,0.0,0.0,2.75,0.42,0.53,2026-08-16 20:25:18.144
2026-08-15,SOC,"40817",Derby County,Charlton,Charlton,-,0.0,0.0,-,0.0,0.0,2.7,0.58,0.47,2026-08-16 20:25:18.144
2026-08-15,SOC,"40817",Queens Park Rangers,Portsmouth,Queens Park Rangers,-,0.0,0.0,-,0.0,0.0,3.15,0.66,0.25,2026-08-16 20:25:18.144
2026-08-15,SOC,"40817",Queens Park Rangers,Portsmouth,Portsmouth,-,0.0,0.0,-,0.0,0.0,2.35,0.34,0.75,2026-08-16 20:25:18.144
2026-08-15,SOC,"40817",Birmingham,Sheffield Utd,Birmingham,-,0.0,0.0,-,0.0,0.0,3.3,0.24,0.25,2026-08-16 20:25:18.144
2026-08-15,SOC,"40817",Birmingham,Sheffield Utd,Sheffield Utd,-,0.0,0.0,-,0.0,0.0,2.25,0.76,0.75,2026-08-16 20:25:18.144
2026-08-16,SOC,"40817",Southampton,Watford,Southampton,-,0.0,0.0,-,0.0,0.0,2.05,0.96,0.9,2026-08-16 20:25:18.144
2026-08-16,SOC,"40817",Southampton,Watford,Watford,-,0.0,0.0,-,0.0,0.0,3.55,0.04,0.1,2026-08-16 20:25:18.144
2026-08-16,SOC,"40817",West Ham,Burnley,West Ham,-,0.0,0.0,-,0.0,0.0,2.2,0.92,0.88,2026-08-16 20:25:18.144
2026-08-16,SOC,"40817",West Ham,Burnley,Burnley,-,0.0,0.0,-,0.0,0.0,3.2,0.08,0.12,2026-08-16 20:25:18.144
2026-08-17,SOC,"40817",Wrexham,Cardiff City,Wrexham,-,0.0,0.0,-,0.0,0.0,2.8,0.76,0.46,2026-08-16 20:25:18.144
2026-08-17,SOC,"40817",Wrexham,Cardiff City,Cardiff City,-,0.0,0.0,-,0.0,0.0,2.45,0.24,0.54,2026-08-16 20:25:18.144
2026-08-15,SOC,"89345",New York Red Bulls,Atlanta Utd,New York Red Bulls,-,0.0,0.0,-,0.0,0.0,3.0,0.51,0.38,2026-08-16 20:25:26.497
2026-08-15,SOC,"89345",New York Red Bulls,Atlanta Utd,Atlanta Utd,-,0.0,0.0,-,0.0,0.0,2.05,0.49,0.62,2026-08-16 20:25:26.497
2026-08-15,SOC,"89345",DC Utd,CF Montreal,DC Utd,-,0.0,0.0,-,0.0,0.0,3.05,0.38,0.32,2026-08-16 20:25:26.497
2026-08-15,SOC,"89345",DC Utd,CF Montreal,CF Montreal,-,0.0,0.0,-,0.0,0.0,2.1,0.62,0.68,2026-08-16 20:25:26.497
2026-08-15,SOC,"89345",Columbus Crew,Charlotte FC,Columbus Crew,-,0.0,0.0,-,0.0,0.0,3.1,0.15,0.32,2026-08-16 20:25:26.497
2026-08-15,SOC,"89345",Columbus Crew,Charlotte FC,Charlotte FC,-,0.0,0.0,-,0.0,0.0,2.1,0.85,0.68,2026-08-16 20:25:26.497
2026-08-15,SOC,"89345",FC Cincinnati,Orlando City,FC Cincinnati,-,0.0,0.0,-,0.0,0.0,2.3,0.39,0.35,2026-08-16 20:25:26.497
2026-08-15,SOC,"89345",FC Cincinnati,Orlando City,Orlando City,-,0.0,0.0,-,0.0,0.0,2.5,0.61,0.65,2026-08-16 20:25:26.497
2026-08-15,SOC,"89345",NE Revolution,Toronto FC,NE Revolution,-,0.0,0.0,-,0.0,0.0,2.95,0.42,0.41,2026-08-16 20:25:26.497
2026-08-15,SOC,"89345",NE Revolution,Toronto FC,Toronto FC,-,0.0,0.0,-,0.0,0.0,2.15,0.58,0.59,2026-08-16 20:25:26.497
2026-08-15,SOC,"89345",Inter Miami,Nashville SC,Inter Miami,-,0.0,0.0,-,0.0,0.0,2.55,0.91,0.71,2026-08-16 20:25:26.497
2026-08-15,SOC,"89345",Inter Miami,Nashville SC,Nashville SC,-,0.0,0.0,-,0.0,0.0,2.4,0.09,0.29,2026-08-16 20:25:26.497
2026-08-15,SOC,"89345",LA Galaxy,HOU Dynamo,LA Galaxy,-,0.0,0.0,-,0.0,0.0,4.6,0.06,0.19,2026-08-16 20:25:26.497
2026-08-15,SOC,"89345",LA Galaxy,HOU Dynamo,HOU Dynamo,-,0.0,0.0,-,0.0,0.0,1.6451613,0.94,0.81,2026-08-16 20:25:26.497
2026-08-15,SOC,"89345",Sporting KC,COL Rapids,Sporting KC,-,0.0,0.0,-,0.0,0.0,5.75,0.02,0.21,2026-08-16 20:25:26.497
2026-08-15,SOC,"89345",Sporting KC,COL Rapids,COL Rapids,-,0.0,0.0,-,0.0,0.0,1.4545455,0.98,0.79,2026-08-16 20:25:26.497
2026-08-15,SOC,"89345",Minnesota Utd,Real Salt Lake,Minnesota Utd,-,0.0,0.0,-,0.0,0.0,3.8,0.04,0.19,2026-08-16 20:25:26.497
2026-08-15,SOC,"89345",Minnesota Utd,Real Salt Lake,Real Salt Lake,-,0.0,0.0,-,0.0,0.0,1.8333334,0.96,0.81,2026-08-16 20:25:26.497
2026-08-15,SOC,"89345",San Diego FC,LAFC,San Diego FC,-,0.0,0.0,-,0.0,0.0,4.6,0.01,0.12,2026-08-16 20:25:26.497
2026-08-15,SOC,"89345",San Diego FC,LAFC,LAFC,-,0.0,0.0,-,0.0,0.0,1.6060606,0.99,0.88,2026-08-16 20:25:26.497
2026-08-15,SOC,"89345",St Louis City SC,SJ Earthquakes,St Louis City SC,-,0.0,0.0,-,0.0,0.0,3.0,0.23,0.4,2026-08-16 20:25:26.497
2026-08-15,SOC,"89345",St Louis City SC,SJ Earthquakes,SJ Earthquakes,-,0.0,0.0,-,0.0,0.0,2.05,0.77,0.6,2026-08-16 20:25:26.497
2026-08-16,SOC,"89345",PHI Union,NYCFC,PHI Union,-,0.0,0.0,-,0.0,0.0,2.55,0.12,0.54,2026-08-16 20:25:26.497
2026-08-16,SOC,"89345",PHI Union,NYCFC,NYCFC,-,0.0,0.0,-,0.0,0.0,2.45,0.88,0.46,2026-08-16 20:25:26.497
2026-08-16,SOC,"89345",POR Timbers,CHI Fire,POR Timbers,-,0.0,0.0,-,0.0,0.0,5.0,0.36,0.41,2026-08-16 20:25:26.497
2026-08-16,SOC,"89345",POR Timbers,CHI Fire,CHI Fire,-,0.0,0.0,-,0.0,0.0,1.5,0.64,0.59,2026-08-16 20:25:26.497
2026-08-16,SOC,"89345",FC Dallas,Austin FC,FC Dallas,-,0.0,0.0,-,0.0,0.0,2.25,0.32,0.76,2026-08-16 20:25:26.497
2026-08-16,SOC,"89345",FC Dallas,Austin FC,Austin FC,-,0.0,0.0,-,0.0,0.0,2.8,0.68,0.24,2026-08-16 20:25:26.497
2026-08-16,SOC,"89345",Vancouver Whitecaps,Seattle Sounders,Vancouver Whitecaps,-,0.0,0.0,-,0.0,0.0,1.8,0.78,0.88,2026-08-16 20:25:26.497
2026-08-16,SOC,"89345",Vancouver Whitecaps,Seattle Sounders,Seattle Sounders,-,0.0,0.0,-,0.0,0.0,3.8,0.22,0.12,2026-08-16 20:25:26.497
2026-08-15,UFC,UFC,Chidi Njokuani,Joel Alvarez,Chidi Njokuani,-,0.0,0.0,-,0.0,0.0,3.0,0.0,0.0,2026-08-16 20:25:28.405
2026-08-15,UFC,UFC,Chidi Njokuani,Joel Alvarez,Joel Alvarez,-,0.0,0.0,-,0.0,0.0,1.4081633,1.0,1.0,2026-08-16 20:25:28.405
2026-08-15,UFC,UFC,Myktybek Orolbai,Jeremiah Wells,Myktybek Orolbai,-,0.0,0.0,-,0.0,0.0,1.074074,0.78,0.89,2026-08-16 20:25:28.405
2026-08-15,UFC,UFC,Myktybek Orolbai,Jeremiah Wells,Jeremiah Wells,-,0.0,0.0,-,0.0,0.0,9.0,0.22,0.11,2026-08-16 20:25:28.405
2026-08-15,UFC,UFC,Ramiz Brahimaj,Neil Magny,Ramiz Brahimaj,-,0.0,0.0,-,0.0,0.0,1.7042253,0.75,0.59,2026-08-16 20:25:28.405
2026-08-15,UFC,UFC,Ramiz Brahimaj,Neil Magny,Neil Magny,-,0.0,0.0,-,0.0,0.0,2.2,0.25,0.41,2026-08-16 20:25:28.405
2026-08-15,UFC,UFC,Lucas Fernando,Rafael Tobias,Lucas Fernando,-,0.0,0.0,-,0.0,0.0,1.3508772,0.62,0.79,2026-08-16 20:25:28.405
2026-08-15,UFC,UFC,Lucas Fernando,Rafael Tobias,Rafael Tobias,-,0.0,0.0,-,0.0,0.0,3.3,0.38,0.21,2026-08-16 20:25:28.405
2026-08-15,UFC,UFC,Tresean Gore,Vicente Luque,Tresean Gore,-,0.0,0.0,-,0.0,0.0,1.8474576,0.6,0.49,2026-08-16 20:25:28.405
2026-08-15,UFC,UFC,Tresean Gore,Vicente Luque,Vicente Luque,-,0.0,0.0,-,0.0,0.0,1.9803921,0.4,0.51,2026-08-16 20:25:28.405
2026-08-15,UFC,UFC,Eric McConico,Donte Johnson,Eric McConico,-,0.0,0.0,-,0.0,0.0,3.8,0.29,0.16,2026-08-16 20:25:28.405
2026-08-15,UFC,UFC,Eric McConico,Donte Johnson,Donte Johnson,-,0.0,0.0,-,0.0,0.0,1.2816901,0.71,0.84,2026-08-16 20:25:28.405
2026-08-15,UFC,UFC,Eduardo Henrique,Charles Johnson,Eduardo Henrique,-,0.0,0.0,-,0.0,0.0,1.9803921,0.39,0.3,2026-08-16 20:25:28.405
2026-08-15,UFC,UFC,Eduardo Henrique,Charles Johnson,Charles Johnson,-,0.0,0.0,-,0.0,0.0,1.8474576,0.61,0.7,2026-08-16 20:25:28.405
2026-08-15,UFC,UFC,Joel Alvarez,Chidi Njokuani,Joel Alvarez,-,0.0,0.0,-,0.0,0.0,1.2666667,0.78,0.87,2026-08-16 20:25:28.405
2026-08-15,UFC,UFC,Joel Alvarez,Chidi Njokuani,Chidi Njokuani,-,0.0,0.0,-,0.0,0.0,3.95,0.22,0.13,2026-08-16 20:25:28.405
2026-08-15,UFC,UFC,Esteban Ribovics,Edson Barboza,Esteban Ribovics,-,0.0,0.0,-,0.0,0.0,1.1333333,0.3,0.75,2026-08-16 20:25:28.405
2026-08-15,UFC,UFC,Esteban Ribovics,Edson Barboza,Edson Barboza,-,0.0,0.0,-,0.0,0.0,6.25,0.7,0.25,2026-08-16 20:25:28.405
2026-08-15,UFC,UFC,Dustin Stoltzfus,Mansur Abdul-Malik,Dustin Stoltzfus,-,0.0,0.0,-,0.0,0.0,5.9,0.38,0.13,2026-08-16 20:25:28.405
2026-08-15,UFC,UFC,Dustin Stoltzfus,Mansur Abdul-Malik,Mansur Abdul-Malik,-,0.0,0.0,-,0.0,0.0,1.1481482,0.62,0.87,2026-08-16 20:25:28.405
2026-08-15,UFC,UFC,Jose Ochoa,Charles Johnson,Jose Ochoa,-,0.0,0.0,-,0.0,0.0,1.2197802,0.77,0.82,2026-08-16 20:25:28.405
2026-08-15,UFC,UFC,Jose Ochoa,Charles Johnson,Charles Johnson,-,0.0,0.0,-,0.0,0.0,4.5,0.23,0.18,2026-08-16 20:25:28.405
2026-08-15,UFC,UFC,Kaue Fernandes,Jalin Turner,Kaue Fernandes,-,0.0,0.0,-,0.0,0.0,2.0,0.56,0.37,2026-08-16 20:25:28.405
2026-08-15,UFC,UFC,Kaue Fernandes,Jalin Turner,Jalin Turner,-,0.0,0.0,-,0.0,0.0,1.8333334,0.44,0.63,2026-08-16 20:25:28.405
2026-08-15,UFC,UFC,Gillian Robertson,Mackenzie Dern,Gillian Robertson,-,0.0,0.0,-,0.0,0.0,2.8,0.3,0.28,2026-08-16 20:25:28.405
2026-08-15,UFC,UFC,Gillian Robertson,Mackenzie Dern,Mackenzie Dern,-,0.0,0.0,-,0.0,0.0,1.4587156,0.7,0.72,2026-08-16 20:25:28.405
2026-08-15,UFC,UFC,Ian Machado Garry,Islam Makhachev,Ian Machado Garry,-,0.0,0.0,-,0.0,0.0,3.6,0.56,0.31,2026-08-16 20:25:28.405
2026-08-15,UFC,UFC,Ian Machado Garry,Islam Makhachev,Islam Makhachev,-,0.0,0.0,-,0.0,0.0,1.3076923,0.44,0.69,2026-08-16 20:25:28.405
2026-08-15,BOX,BOX,Alexander Thiel,Jaquan McElroy,Alexander Thiel,-,0.0,0.0,-,0.0,0.0,9.0,0.0,0.0,2026-08-16 20:25:29.944
2026-08-15,BOX,BOX,Alexander Thiel,Jaquan McElroy,Jaquan McElroy,-,0.0,0.0,-,0.0,0.0,1.0625,1.0,1.0,2026-08-16 20:25:29.944
2026-08-15,BOX,BOX,Michael Nelson,Casey Dixon,Michael Nelson,-,0.0,0.0,-,0.0,0.0,10.0,0.0,0.0,2026-08-16 20:25:29.944
2026-08-15,BOX,BOX,Michael Nelson,Casey Dixon,Casey Dixon,-,0.0,0.0,-,0.0,0.0,1.05,1.0,1.0,2026-08-16 20:25:29.944
2026-08-15,BOX,BOX,Rahmel McKinley,Daniel Mercado,Rahmel McKinley,-,0.0,0.0,-,0.0,0.0,17.0,0.0,0.0,2026-08-16 20:25:29.944
2026-08-15,BOX,BOX,Rahmel McKinley,Daniel Mercado,Daniel Mercado,-,0.0,0.0,-,0.0,0.0,1.01,1.0,1.0,2026-08-16 20:25:29.944
2026-08-15,BOX,BOX,Marianela Ramirez,Shannel Butler,Marianela Ramirez,-,0.0,0.0,-,0.0,0.0,8.5,0.0,0.0,2026-08-16 20:25:29.944
2026-08-15,BOX,BOX,Marianela Ramirez,Shannel Butler,Shannel Butler,-,0.0,0.0,-,0.0,0.0,1.0625,1.0,1.0,2026-08-16 20:25:29.944
2026-08-15,BOX,BOX,Da'Velle Smith,Hakim Lopez,Da'Velle Smith,-,0.0,0.0,-,0.0,0.0,1.3846154,1.0,1.0,2026-08-16 20:25:29.944
2026-08-15,BOX,BOX,Da'Velle Smith,Hakim Lopez,Hakim Lopez,-,0.0,0.0,-,0.0,0.0,3.0,0.0,0.0,2026-08-16 20:25:29.944
2026-08-15,BOX,BOX,Olivia Curry,Danielle Perkins,Olivia Curry,-,0.0,0.0,-,0.0,0.0,5.75,0.0,0.0,2026-08-16 20:25:29.944
2026-08-15,BOX,BOX,Olivia Curry,Danielle Perkins,Danielle Perkins,-,0.0,0.0,-,0.0,0.0,1.1333333,1.0,1.0,2026-08-16 20:25:29.944
2026-08-15,BOX,BOX,Roamer Angulo,Atif Oberlton,Roamer Angulo,-,0.0,0.0,-,0.0,0.0,10.0,0.11,0.05,2026-08-16 20:25:29.944
2026-08-15,BOX,BOX,Roamer Angulo,Atif Oberlton,Atif Oberlton,-,0.0,0.0,-,0.0,0.0,1.05,0.89,0.95,2026-08-16 20:25:29.944
2026-08-15,BOX,BOX,Bernice Ferreira,Caroline Veyre,Bernice Ferreira,-,0.0,0.0,-,0.0,0.0,4.2,0.0,0.0,2026-08-16 20:25:29.944
2026-08-15,BOX,BOX,Bernice Ferreira,Caroline Veyre,Caroline Veyre,-,0.0,0.0,-,0.0,0.0,1.2222222,1.0,1.0,2026-08-16 20:25:29.944
2026-08-15,BOX,BOX,Paulette Cuesta,Ashleyann Lozada,Paulette Cuesta,-,0.0,0.0,-,0.0,0.0,7.5,0.0,0.0,2026-08-16 20:25:29.944
2026-08-15,BOX,BOX,Paulette Cuesta,Ashleyann Lozada,Ashleyann Lozada,-,0.0,0.0,-,0.0,0.0,1.0833334,1.0,1.0,2026-08-16 20:25:29.944
2026-08-15,BOX,BOX,Joseph Hicks,Troy Isley,Joseph Hicks,-,0.0,0.0,-,0.0,0.0,5.75,0.0,0.0,2026-08-16 20:25:29.944
2026-08-15,BOX,BOX,Joseph Hicks,Troy Isley,Troy Isley,-,0.0,0.0,-,0.0,0.0,1.1333333,1.0,1.0,2026-08-16 20:25:29.944
2026-08-15,BOX,BOX,Roger Hilley,Ernesto Mercado,Roger Hilley,-,0.0,0.0,-,0.0,0.0,14.0,0.0,0.0,2026-08-16 20:25:29.944
2026-08-15,BOX,BOX,Roger Hilley,Ernesto Mercado,Ernesto Mercado,-,0.0,0.0,-,0.0,0.0,1.02,1.0,1.0,2026-08-16 20:25:29.944
2026-08-16,BOX,BOX,Kaye Scott,Claressa Shields,Kaye Scott,-,0.0,0.0,-,0.0,0.0,13.0,0.94,0.18,2026-08-16 20:25:29.944
2026-08-16,BOX,BOX,Kaye Scott,Claressa Shields,Claressa Shields,-,0.0,0.0,-,0.0,0.0,1.0333333,0.06,0.82,2026-08-16 20:25:29.944
2026-08-16,BOX,BOX,Emmanuel Tagoe,Ernesto Mercado,Emmanuel Tagoe,-,0.0,0.0,-,0.0,0.0,12.0,0.0,0.0,2026-08-16 20:25:29.944
2026-08-16,BOX,BOX,Emmanuel Tagoe,Ernesto Mercado,Ernesto Mercado,-,0.0,0.0,-,0.0,0.0,1.0333333,1.0,1.0,2026-08-16 20:25:29.944
2026-08-15,AFL,AFL,Collingwood Magpies,Hawthorn Hawks,Collingwood Magpies,+21.5,0.88,0.5,-,0.0,0.0,3.45,0.0,0.0,2026-08-16 20:25:31.300
2026-08-15,AFL,AFL,Collingwood Magpies,Hawthorn Hawks,Hawthorn Hawks,-21.5,0.12,0.5,-,0.0,0.0,1.3030303,1.0,1.0,2026-08-16 20:25:31.300
2026-08-15,AFL,AFL,Melbourne Demons,Port Adelaide Power,Melbourne Demons,-25.5,1.0,1.0,-,0.0,0.0,1.2564102,1.0,1.0,2026-08-16 20:25:31.300
2026-08-15,AFL,AFL,Melbourne Demons,Port Adelaide Power,Port Adelaide Power,+25.5,0.0,0.0,-,0.0,0.0,3.9,0.0,0.0,2026-08-16 20:25:31.300
2026-08-15,AFL,AFL,West Coast Eagles,GWS Giants,West Coast Eagles,+31.5,1.0,1.0,"182.5",0.0,0.0,4.9,0.0,0.0,2026-08-16 20:25:31.300
2026-08-15,AFL,AFL,West Coast Eagles,GWS Giants,GWS Giants,-31.5,0.0,0.0,"182.5",1.0,1.0,1.173913,1.0,1.0,2026-08-16 20:25:31.300
2026-08-16,AFL,AFL,Carlton Blues,Western Bulldogs,Carlton Blues,-19.5,0.18,0.5,-,0.0,0.0,1.3508772,0.0,0.0,2026-08-16 20:25:31.300
2026-08-16,AFL,AFL,Carlton Blues,Western Bulldogs,Western Bulldogs,+19.5,0.82,0.5,-,0.0,0.0,3.15,1.0,1.0,2026-08-16 20:25:31.300
2026-08-15,MLB,MLB,Chicago White Sox,Detroit Tigers,Chicago White Sox,+1.5,0.14,0.53,"8",0.65,0.65,2.3,0.39,0.29,2026-08-16 20:55:13.705
2026-08-15,MLB,MLB,Chicago White Sox,Detroit Tigers,Detroit Tigers,-1.5,0.86,0.47,"8",0.35,0.35,1.7142857,0.61,0.71,2026-08-16 20:55:13.705
2026-08-15,MLB,MLB,ST Louis Cardinals,Chicago Cubs,ST Louis Cardinals,+1.5,0.12,0.23,"9",0.53,0.49,2.68,0.21,0.14,2026-08-16 20:55:13.705
2026-08-15,MLB,MLB,ST Louis Cardinals,Chicago Cubs,Chicago Cubs,-1.5,0.88,0.77,"9",0.47,0.51,1.5524862,0.79,0.86,2026-08-16 20:55:13.705
2026-08-15,MLB,MLB,New York Yankees,Toronto Blue Jays,New York Yankees,-1.5,0.85,0.7,"7",0.52,0.49,1.5376344,0.83,0.83,2026-08-16 20:55:13.705
2026-08-15,MLB,MLB,New York Yankees,Toronto Blue Jays,Toronto Blue Jays,+1.5,0.15,0.3,"7",0.48,0.51,2.73,0.17,0.17,2026-08-16 20:55:13.705
2026-08-15,MLB,MLB,Colorado Rockies,San Francisco Giants,Colorado Rockies,+1.5,0.09,0.37,"7.5",0.84,0.75,2.55,0.26,0.21,2026-08-16 20:55:13.705
2026-08-15,MLB,MLB,Colorado Rockies,San Francisco Giants,San Francisco Giants,-1.5,0.91,0.63,"7.5",0.16,0.25,1.5988024,0.74,0.79,2026-08-16 20:55:13.705
2026-08-15,MLB,MLB,Washington Nationals,New York Mets,Washington Nationals,+1.5,0.1,0.6,"7.5",0.79,0.65,2.21,0.17,0.35,2026-08-16 20:55:13.705
2026-08-15,MLB,MLB,Washington Nationals,New York Mets,New York Mets,-1.5,0.9,0.4,"7.5",0.21,0.35,1.7692307,0.83,0.65,2026-08-16 20:55:13.705
2026-08-15,MLB,MLB,Baltimore Orioles,Tampa Bay Rays,Baltimore Orioles,+1.5,0.03,0.39,"7.5",0.45,0.61,2.31,0.2,0.18,2026-08-16 20:55:13.705
2026-08-15,MLB,MLB,Baltimore Orioles,Tampa Bay Rays,Tampa Bay Rays,-1.5,0.97,0.61,"7.5",0.55,0.39,1.7092198,0.8,0.82,2026-08-16 20:55:13.705
2026-08-15,MLB,MLB,Miami Marlins,Cincinnati Reds,Miami Marlins,-1.5,0.69,0.18,"9",0.94,0.53,1.9803921,0.66,0.49,2026-08-16 20:55:13.705
2026-08-15,MLB,MLB,Miami Marlins,Cincinnati Reds,Cincinnati Reds,+1.5,0.31,0.82,"9",0.06,0.47,1.9523809,0.34,0.51,2026-08-16 20:55:13.705
2026-08-15,MLB,MLB,San Diego Padres,Cleveland Guardians,San Diego Padres,-1.5,0.69,0.42,"8.5",0.31,0.55,2.01,0.79,0.56,2026-08-16 20:55:13.705
2026-08-15,MLB,MLB,San Diego Padres,Cleveland Guardians,Cleveland Guardians,+1.5,0.31,0.58,"8.5",0.69,0.45,1.925926,0.21,0.44,2026-08-16 20:55:13.705
2026-08-15,MLB,MLB,Philadelphia Phillies,Minnesota Twins,Philadelphia Phillies,-1.5,0.75,0.63,"8",0.95,0.69,1.7518797,0.77,0.87,2026-08-16 20:55:13.705
2026-08-15,MLB,MLB,Philadelphia Phillies,Minnesota Twins,Minnesota Twins,+1.5,0.25,0.37,"8",0.05,0.31,2.23,0.23,0.13,2026-08-16 20:55:13.705
2026-08-15,MLB,MLB,Seattle Mariners,Houston Astros,Seattle Mariners,+1.5,0.19,0.64,"8.5",0.82,0.59,2.1,0.33,0.28,2026-08-16 20:55:13.705
2026-08-15,MLB,MLB,Seattle Mariners,Houston Astros,Houston Astros,-1.5,0.81,0.36,"8.5",0.18,0.41,1.8474576,0.67,0.72,2026-08-16 20:55:13.705
2026-08-15,MLB,MLB,Arizona Diamondbacks,Atlanta Braves,Arizona Diamondbacks,+1.5,0.56,0.64,"9",0.77,0.37,2.23,0.38,0.26,2026-08-16 20:55:13.705
2026-08-15,MLB,MLB,Arizona Diamondbacks,Atlanta Braves,Atlanta Braves,-1.5,0.44,0.36,"9",0.23,0.63,1.7518797,0.62,0.74,2026-08-16 20:55:13.705
2026-08-15,MLB,MLB,Boston Red Sox,Pittsburgh Pirates,Boston Red Sox,-1.5,0.83,0.64,"7.5",0.74,0.7,1.8403361,0.91,0.84,2026-08-16 20:55:13.705
2026-08-15,MLB,MLB,Boston Red Sox,Pittsburgh Pirates,Pittsburgh Pirates,+1.5,0.17,0.36,"7.5",0.26,0.3,2.11,0.09,0.16,2026-08-16 20:55:13.705
2026-08-15,MLB,MLB,Milwaukee Brewers,Los Angeles Dodgers,Milwaukee Brewers,-1.5,0.26,0.2,"7.5",0.16,0.4,1.8196721,0.64,0.56,2026-08-16 20:55:13.706
2026-08-15,MLB,MLB,Milwaukee Brewers,Los Angeles Dodgers,Los Angeles Dodgers,+1.5,0.74,0.8,"7.5",0.84,0.6,2.14,0.36,0.44,2026-08-16 20:55:13.706
2026-08-15,MLB,MLB,Kansas City Royals,Los Angeles Angels,Kansas City Royals,+1.5,0.63,0.78,"8",0.48,0.49,2.42,0.49,0.38,2026-08-16 20:55:13.706
2026-08-15,MLB,MLB,Kansas City Royals,Los Angeles Angels,Los Angeles Angels,-1.5,0.37,0.22,"8",0.52,0.51,1.6535947,0.51,0.62,2026-08-16 20:55:13.706
2026-08-15,MLB,MLB,Texas Rangers,Athletics,Texas Rangers,-1.5,0.77,0.35,"9.5",0.71,0.42,1.6493506,0.7,0.72,2026-08-16 20:55:13.706
2026-08-15,MLB,MLB,Texas Rangers,Athletics,Athletics,+1.5,0.23,0.65,"9.5",0.29,0.58,2.43,0.3,0.28,2026-08-16 20:55:13.706
2026-08-16,MLB,MLB,Baltimore Orioles,Tampa Bay Rays,Baltimore Orioles,+1.5,0.08,0.48,"8",0.71,0.63,2.31,0.3,0.33,2026-08-16 20:55:13.706
2026-08-16,MLB,MLB,Baltimore Orioles,Tampa Bay Rays,Tampa Bay Rays,-1.5,0.92,0.52,"8",0.29,0.37,1.7142857,0.7,0.67,2026-08-16 20:55:13.706
2026-08-16,MLB,MLB,Arizona Diamondbacks,Atlanta Braves,Arizona Diamondbacks,+1.5,0.12,0.59,"8.5",0.62,0.59,2.16,0.36,0.36,2026-08-16 20:55:13.706
2026-08-16,MLB,MLB,Arizona Diamondbacks,Atlanta Braves,Atlanta Braves,-1.5,0.88,0.41,"8.5",0.38,0.41,1.8064516,0.64,0.64,2026-08-16 20:55:13.706
2026-08-16,MLB,MLB,Boston Red Sox,Pittsburgh Pirates,Boston Red Sox,-1.5,0.21,0.49,"8",0.74,0.5,1.877193,0.87,0.67,2026-08-16 20:55:13.706
2026-08-16,MLB,MLB,Boston Red Sox,Pittsburgh Pirates,Pittsburgh Pirates,+1.5,0.79,0.51,"8",0.26,0.5,2.06,0.13,0.33,2026-08-16 20:55:13.706
2026-08-16,MLB,MLB,New York Yankees,Toronto Blue Jays,New York Yankees,+1.5,0.28,0.49,"7",0.08,0.34,2.16,0.67,0.54,2026-08-16 20:55:13.706
2026-08-16,MLB,MLB,New York Yankees,Toronto Blue Jays,Toronto Blue Jays,-1.5,0.72,0.51,"7",0.92,0.66,1.8064516,0.33,0.46,2026-08-16 20:55:13.706
2026-08-16,MLB,MLB,San Diego Padres,Cleveland Guardians,San Diego Padres,-1.5,0.85,0.41,"8.5",0.03,0.37,1.925926,0.92,0.63,2026-08-16 20:55:13.706
2026-08-16,MLB,MLB,San Diego Padres,Cleveland Guardians,Cleveland Guardians,+1.5,0.15,0.59,"8.5",0.97,0.63,2.01,0.08,0.37,2026-08-16 20:55:13.706
2026-08-16,MLB,MLB,Washington Nationals,New York Mets,Washington Nationals,+1.5,0.0,0.57,"8.5",0.88,0.48,2.53,0.23,0.33,2026-08-16 20:55:13.706
2026-08-16,MLB,MLB,Washington Nationals,New York Mets,New York Mets,-1.5,1.0,0.43,"8.5",0.12,0.52,1.6060606,0.77,0.67,2026-08-16 20:55:13.706
2026-08-16,MLB,MLB,Miami Marlins,Cincinnati Reds,Miami Marlins,-1.5,0.92,0.39,"9",0.62,0.44,1.8403361,0.72,0.59,2026-08-16 20:55:13.706
2026-08-16,MLB,MLB,Miami Marlins,Cincinnati Reds,Cincinnati Reds,+1.5,0.08,0.61,"9",0.38,0.56,2.11,0.28,0.41,2026-08-16 20:55:13.706
2026-08-16,MLB,MLB,Chicago White Sox,Detroit Tigers,Chicago White Sox,-1.5,0.91,0.38,"8",0.59,0.56,1.9803921,0.61,0.57,2026-08-16 20:55:13.706
2026-08-16,MLB,MLB,Chicago White Sox,Detroit Tigers,Detroit Tigers,+1.5,0.09,0.62,"8",0.41,0.44,1.9523809,0.39,0.43,2026-08-16 20:55:13.706
2026-08-16,MLB,MLB,Philadelphia Phillies,Minnesota Twins,Philadelphia Phillies,-1.5,0.35,0.57,"9.5",0.95,0.59,1.925926,0.8,0.69,2026-08-16 20:55:13.706
2026-08-16,MLB,MLB,Philadelphia Phillies,Minnesota Twins,Minnesota Twins,+1.5,0.65,0.43,"9.5",0.05,0.41,2.01,0.2,0.31,2026-08-16 20:55:13.706
2026-08-16,MLB,MLB,ST Louis Cardinals,Chicago Cubs,ST Louis Cardinals,+1.5,0.08,0.56,"8.5",0.97,0.39,2.42,0.35,0.24,2026-08-16 20:55:13.706
2026-08-16,MLB,MLB,ST Louis Cardinals,Chicago Cubs,Chicago Cubs,-1.5,0.92,0.44,"8.5",0.03,0.61,1.6535947,0.65,0.76,2026-08-16 20:55:13.706
2026-08-16,MLB,MLB,Texas Rangers,Athletics,Texas Rangers,-1.5,0.96,0.45,"10.5",0.42,0.39,1.7462686,0.46,0.65,2026-08-16 20:55:13.706
2026-08-16,MLB,MLB,Texas Rangers,Athletics,Athletics,+1.5,0.04,0.55,"10.5",0.58,0.61,2.25,0.54,0.35,2026-08-16 20:55:13.706
2026-08-16,MLB,MLB,Colorado Rockies,San Francisco Giants,Colorado Rockies,+1.5,0.09,0.48,"8",0.29,0.54,2.19,0.27,0.31,2026-08-16 20:55:13.706
2026-08-16,MLB,MLB,Colorado Rockies,San Francisco Giants,San Francisco Giants,-1.5,0.91,0.52,"8",0.71,0.46,1.78125,0.73,0.69,2026-08-16 20:55:13.706
2026-08-16,MLB,MLB,Kansas City Royals,Los Angeles Angels,Kansas City Royals,-1.5,0.96,0.29,"9.5",0.13,0.17,1.8849558,0.71,0.62,2026-08-16 20:55:13.706
2026-08-16,MLB,MLB,Kansas City Royals,Los Angeles Angels,Los Angeles Angels,+1.5,0.04,0.71,"9.5",0.87,0.83,2.05,0.29,0.38,2026-08-16 20:55:13.706
2026-08-16,MLB,MLB,Milwaukee Brewers,Los Angeles Dodgers,Milwaukee Brewers,+1.5,0.09,0.51,"7.5",0.12,0.37,2.63,0.38,0.25,2026-08-16 20:55:13.706
2026-08-16,MLB,MLB,Milwaukee Brewers,Los Angeles Dodgers,Los Angeles Dodgers,-1.5,0.91,0.49,"7.5",0.88,0.63,1.5714285,0.62,0.75,2026-08-16 20:55:13.706
2026-08-16,MLB,MLB,Seattle Mariners,Houston Astros,Seattle Mariners,+1.5,0.45,0.7,"7.5",0.78,0.62,2.2,0.18,0.3,2026-08-16 20:55:13.706
2026-08-16,MLB,MLB,Seattle Mariners,Houston Astros,Houston Astros,-1.5,0.55,0.3,"7.5",0.22,0.38,1.7751938,0.82,0.7,2026-08-16 20:55:13.706
2026-08-15,SOC,"40031",Getafe,Alaves,Getafe,-,0.0,0.0,-,0.0,0.0,3.75,0.24,0.34,2026-08-16 20:55:23.498
2026-08-15,SOC,"40031",Getafe,Alaves,Alaves,-,0.0,0.0,-,0.0,0.0,2.4,0.76,0.66,2026-08-16 20:55:23.498
2026-08-15,SOC,"40031",Vallecano,Sevilla,Vallecano,-,0.0,0.0,-,0.0,0.0,3.05,0.17,0.12,2026-08-16 20:55:23.498
2026-08-15,SOC,"40031",Vallecano,Sevilla,Sevilla,-,0.0,0.0,-,0.0,0.0,2.7,0.83,0.88,2026-08-16 20:55:23.498
2026-08-16,SOC,"40031",Villarreal,Racing Santander,Villarreal,-,0.0,0.0,-,0.0,0.0,2.05,0.98,0.97,2026-08-16 20:55:23.498
2026-08-16,SOC,"40031",Villarreal,Racing Santander,Racing Santander,-,0.0,0.0,-,0.0,0.0,3.55,0.02,0.03,2026-08-16 20:55:23.498
2026-08-16,SOC,"40031",Levante,Espanyol,Levante,-,0.0,0.0,-,0.0,0.0,3.7,0.27,0.11,2026-08-16 20:55:23.498
2026-08-16,SOC,"40031",Levante,Espanyol,Espanyol,-,0.0,0.0,-,0.0,0.0,2.1,0.73,0.89,2026-08-16 20:55:23.498
2026-08-16,SOC,"40031",Osasuna,Celta Vigo,Osasuna,-,0.0,0.0,-,0.0,0.0,3.65,0.09,0.1,2026-08-16 20:55:23.498
2026-08-16,SOC,"40031",Osasuna,Celta Vigo,Celta Vigo,-,0.0,0.0,-,0.0,0.0,2.05,0.91,0.9,2026-08-16 20:55:23.498
2026-08-17,SOC,"40031",Elche,Dep La Coruna,Elche,-,0.0,0.0,-,0.0,0.0,3.35,0.5,0.55,2026-08-16 20:55:23.498
2026-08-17,SOC,"40031",Elche,Dep La Coruna,Dep La Coruna,-,0.0,0.0,-,0.0,0.0,2.35,0.5,0.45,2026-08-16 20:55:23.498
2026-08-15,SOC,"40817",Preston,Bolton,Preston,-,0.0,0.0,-,0.0,0.0,3.05,0.19,0.3,2026-08-16 20:55:25.056
2026-08-15,SOC,"40817",Preston,Bolton,Bolton,-,0.0,0.0,-,0.0,0.0,2.35,0.81,0.7,2026-08-16 20:55:25.056
2026-08-15,SOC,"40817",West Brom,Norwich,West Brom,-,0.0,0.0,-,0.0,0.0,3.75,0.05,0.11,2026-08-16 20:55:25.057
2026-08-15,SOC,"40817",West Brom,Norwich,Norwich,-,0.0,0.0,-,0.0,0.0,2.0,0.95,0.89,2026-08-16 20:55:25.057
2026-08-15,SOC,"40817",Swansea,Stoke City,Swansea,-,0.0,0.0,-,0.0,0.0,3.05,0.19,0.21,2026-08-16 20:55:25.057
2026-08-15,SOC,"40817",Swansea,Stoke City,Stoke City,-,0.0,0.0,-,0.0,0.0,2.35,0.81,0.79,2026-08-16 20:55:25.057
2026-08-15,SOC,"40817",Millwall,Bristol City,Millwall,-,0.0,0.0,-,0.0,0.0,2.8,0.58,0.44,2026-08-16 20:55:25.057
2026-08-15,SOC,"40817",Millwall,Bristol City,Bristol City,-,0.0,0.0,-,0.0,0.0,2.5,0.42,0.56,2026-08-16 20:55:25.057
2026-08-15,SOC,"40817",Lincoln City,Middlesbrough,Lincoln City,-,0.0,0.0,-,0.0,0.0,6.5,0.03,0.02,2026-08-16 20:55:25.057
2026-08-15,SOC,"40817",Lincoln City,Middlesbrough,Middlesbrough,-,0.0,0.0,-,0.0,0.0,1.5128205,0.97,0.98,2026-08-16 20:55:25.057
2026-08-15,SOC,"40817",Derby County,Charlton,Derby County,-,0.0,0.0,-,0.0,0.0,2.75,0.42,0.53,2026-08-16 20:55:25.057
2026-08-15,SOC,"40817",Derby County,Charlton,Charlton,-,0.0,0.0,-,0.0,0.0,2.7,0.58,0.47,2026-08-16 20:55:25.057
2026-08-15,SOC,"40817",Queens Park Rangers,Portsmouth,Queens Park Rangers,-,0.0,0.0,-,0.0,0.0,3.15,0.66,0.25,2026-08-16 20:55:25.057
2026-08-15,SOC,"40817",Queens Park Rangers,Portsmouth,Portsmouth,-,0.0,0.0,-,0.0,0.0,2.35,0.34,0.75,2026-08-16 20:55:25.057
2026-08-15,SOC,"40817",Birmingham,Sheffield Utd,Birmingham,-,0.0,0.0,-,0.0,0.0,3.3,0.24,0.25,2026-08-16 20:55:25.057
2026-08-15,SOC,"40817",Birmingham,Sheffield Utd,Sheffield Utd,-,0.0,0.0,-,0.0,0.0,2.25,0.76,0.75,2026-08-16 20:55:25.057
2026-08-16,SOC,"40817",Southampton,Watford,Southampton,-,0.0,0.0,-,0.0,0.0,2.05,0.96,0.9,2026-08-16 20:55:25.057
2026-08-16,SOC,"40817",Southampton,Watford,Watford,-,0.0,0.0,-,0.0,0.0,3.55,0.04,0.1,2026-08-16 20:55:25.057
2026-08-16,SOC,"40817",West Ham,Burnley,West Ham,-,0.0,0.0,-,0.0,0.0,2.2,0.93,0.88,2026-08-16 20:55:25.057
2026-08-16,SOC,"40817",West Ham,Burnley,Burnley,-,0.0,0.0,-,0.0,0.0,3.2,0.07,0.12,2026-08-16 20:55:25.057
2026-08-17,SOC,"40817",Wrexham,Cardiff City,Wrexham,-,0.0,0.0,-,0.0,0.0,2.8,0.76,0.46,2026-08-16 20:55:25.057
2026-08-17,SOC,"40817",Wrexham,Cardiff City,Cardiff City,-,0.0,0.0,-,0.0,0.0,2.45,0.24,0.54,2026-08-16 20:55:25.057
2026-08-15,SOC,"89345",New York Red Bulls,Atlanta Utd,New York Red Bulls,-,0.0,0.0,-,0.0,0.0,3.0,0.51,0.38,2026-08-16 20:55:32.306
2026-08-15,SOC,"89345",New York Red Bulls,Atlanta Utd,Atlanta Utd,-,0.0,0.0,-,0.0,0.0,2.05,0.49,0.62,2026-08-16 20:55:32.306
2026-08-15,SOC,"89345",DC Utd,CF Montreal,DC Utd,-,0.0,0.0,-,0.0,0.0,3.05,0.38,0.32,2026-08-16 20:55:32.306
2026-08-15,SOC,"89345",DC Utd,CF Montreal,CF Montreal,-,0.0,0.0,-,0.0,0.0,2.1,0.62,0.68,2026-08-16 20:55:32.306
2026-08-15,SOC,"89345",Columbus Crew,Charlotte FC,Columbus Crew,-,0.0,0.0,-,0.0,0.0,3.1,0.15,0.32,2026-08-16 20:55:32.306
2026-08-15,SOC,"89345",Columbus Crew,Charlotte FC,Charlotte FC,-,0.0,0.0,-,0.0,0.0,2.1,0.85,0.68,2026-08-16 20:55:32.306
2026-08-15,SOC,"89345",FC Cincinnati,Orlando City,FC Cincinnati,-,0.0,0.0,-,0.0,0.0,2.3,0.39,0.35,2026-08-16 20:55:32.306
2026-08-15,SOC,"89345",FC Cincinnati,Orlando City,Orlando City,-,0.0,0.0,-,0.0,0.0,2.5,0.61,0.65,2026-08-16 20:55:32.306
2026-08-15,SOC,"89345",NE Revolution,Toronto FC,NE Revolution,-,0.0,0.0,-,0.0,0.0,2.95,0.42,0.41,2026-08-16 20:55:32.306
2026-08-15,SOC,"89345",NE Revolution,Toronto FC,Toronto FC,-,0.0,0.0,-,0.0,0.0,2.15,0.58,0.59,2026-08-16 20:55:32.306
2026-08-15,SOC,"89345",Inter Miami,Nashville SC,Inter Miami,-,0.0,0.0,-,0.0,0.0,2.55,0.91,0.71,2026-08-16 20:55:32.306
2026-08-15,SOC,"89345",Inter Miami,Nashville SC,Nashville SC,-,0.0,0.0,-,0.0,0.0,2.4,0.09,0.29,2026-08-16 20:55:32.306
2026-08-15,SOC,"89345",LA Galaxy,HOU Dynamo,LA Galaxy,-,0.0,0.0,-,0.0,0.0,4.6,0.06,0.19,2026-08-16 20:55:32.307
2026-08-15,SOC,"89345",LA Galaxy,HOU Dynamo,HOU Dynamo,-,0.0,0.0,-,0.0,0.0,1.6451613,0.94,0.81,2026-08-16 20:55:32.307
2026-08-15,SOC,"89345",Sporting KC,COL Rapids,Sporting KC,-,0.0,0.0,-,0.0,0.0,5.75,0.02,0.21,2026-08-16 20:55:32.307
2026-08-15,SOC,"89345",Sporting KC,COL Rapids,COL Rapids,-,0.0,0.0,-,0.0,0.0,1.4545455,0.98,0.79,2026-08-16 20:55:32.307
2026-08-15,SOC,"89345",Minnesota Utd,Real Salt Lake,Minnesota Utd,-,0.0,0.0,-,0.0,0.0,3.8,0.04,0.19,2026-08-16 20:55:32.307
2026-08-15,SOC,"89345",Minnesota Utd,Real Salt Lake,Real Salt Lake,-,0.0,0.0,-,0.0,0.0,1.8333334,0.96,0.81,2026-08-16 20:55:32.307
2026-08-15,SOC,"89345",San Diego FC,LAFC,San Diego FC,-,0.0,0.0,-,0.0,0.0,4.6,0.01,0.12,2026-08-16 20:55:32.307
2026-08-15,SOC,"89345",San Diego FC,LAFC,LAFC,-,0.0,0.0,-,0.0,0.0,1.6060606,0.99,0.88,2026-08-16 20:55:32.307
2026-08-15,SOC,"89345",St Louis City SC,SJ Earthquakes,St Louis City SC,-,0.0,0.0,-,0.0,0.0,3.0,0.23,0.4,2026-08-16 20:55:32.307
2026-08-15,SOC,"89345",St Louis City SC,SJ Earthquakes,SJ Earthquakes,-,0.0,0.0,-,0.0,0.0,2.05,0.77,0.6,2026-08-16 20:55:32.307
2026-08-16,SOC,"89345",PHI Union,NYCFC,PHI Union,-,0.0,0.0,-,0.0,0.0,2.55,0.11,0.53,2026-08-16 20:55:32.307
2026-08-16,SOC,"89345",PHI Union,NYCFC,NYCFC,-,0.0,0.0,-,0.0,0.0,2.45,0.89,0.47,2026-08-16 20:55:32.307
2026-08-16,SOC,"89345",POR Timbers,CHI Fire,POR Timbers,-,0.0,0.0,-,0.0,0.0,5.0,0.37,0.41,2026-08-16 20:55:32.307
2026-08-16,SOC,"89345",POR Timbers,CHI Fire,CHI Fire,-,0.0,0.0,-,0.0,0.0,1.5,0.63,0.59,2026-08-16 20:55:32.307
2026-08-16,SOC,"89345",FC Dallas,Austin FC,FC Dallas,-,0.0,0.0,-,0.0,0.0,2.25,0.32,0.76,2026-08-16 20:55:32.307
2026-08-16,SOC,"89345",FC Dallas,Austin FC,Austin FC,-,0.0,0.0,-,0.0,0.0,2.8,0.68,0.24,2026-08-16 20:55:32.307
2026-08-16,SOC,"89345",Vancouver Whitecaps,Seattle Sounders,Vancouver Whitecaps,-,0.0,0.0,-,0.0,0.0,1.8,0.77,0.87,2026-08-16 20:55:32.307
2026-08-16,SOC,"89345",Vancouver Whitecaps,Seattle Sounders,Seattle Sounders,-,0.0,0.0,-,0.0,0.0,3.8,0.23,0.13,2026-08-16 20:55:32.307
2026-08-15,UFC,UFC,Chidi Njokuani,Joel Alvarez,Chidi Njokuani,-,0.0,0.0,-,0.0,0.0,3.0,0.0,0.0,2026-08-16 20:55:33.956
2026-08-15,UFC,UFC,Chidi Njokuani,Joel Alvarez,Joel Alvarez,-,0.0,0.0,-,0.0,0.0,1.4081633,1.0,1.0,2026-08-16 20:55:33.956
2026-08-15,UFC,UFC,Myktybek Orolbai,Jeremiah Wells,Myktybek Orolbai,-,0.0,0.0,-,0.0,0.0,1.074074,0.78,0.89,2026-08-16 20:55:33.956
2026-08-15,UFC,UFC,Myktybek Orolbai,Jeremiah Wells,Jeremiah Wells,-,0.0,0.0,-,0.0,0.0,9.0,0.22,0.11,2026-08-16 20:55:33.956
2026-08-15,UFC,UFC,Ramiz Brahimaj,Neil Magny,Ramiz Brahimaj,-,0.0,0.0,-,0.0,0.0,1.7042253,0.75,0.59,2026-08-16 20:55:33.956
2026-08-15,UFC,UFC,Ramiz Brahimaj,Neil Magny,Neil Magny,-,0.0,0.0,-,0.0,0.0,2.2,0.25,0.41,2026-08-16 20:55:33.956
2026-08-15,UFC,UFC,Lucas Fernando,Rafael Tobias,Lucas Fernando,-,0.0,0.0,-,0.0,0.0,1.3508772,0.62,0.79,2026-08-16 20:55:33.956
2026-08-15,UFC,UFC,Lucas Fernando,Rafael Tobias,Rafael Tobias,-,0.0,0.0,-,0.0,0.0,3.3,0.38,0.21,2026-08-16 20:55:33.956
2026-08-15,UFC,UFC,Tresean Gore,Vicente Luque,Tresean Gore,-,0.0,0.0,-,0.0,0.0,1.8474576,0.6,0.49,2026-08-16 20:55:33.956
2026-08-15,UFC,UFC,Tresean Gore,Vicente Luque,Vicente Luque,-,0.0,0.0,-,0.0,0.0,1.9803921,0.4,0.51,2026-08-16 20:55:33.956
2026-08-15,UFC,UFC,Eric McConico,Donte Johnson,Eric McConico,-,0.0,0.0,-,0.0,0.0,3.8,0.29,0.16,2026-08-16 20:55:33.956
2026-08-15,UFC,UFC,Eric McConico,Donte Johnson,Donte Johnson,-,0.0,0.0,-,0.0,0.0,1.2816901,0.71,0.84,2026-08-16 20:55:33.956
2026-08-15,UFC,UFC,Eduardo Henrique,Charles Johnson,Eduardo Henrique,-,0.0,0.0,-,0.0,0.0,1.9803921,0.39,0.3,2026-08-16 20:55:33.956
2026-08-15,UFC,UFC,Eduardo Henrique,Charles Johnson,Charles Johnson,-,0.0,0.0,-,0.0,0.0,1.8474576,0.61,0.7,2026-08-16 20:55:33.956
2026-08-15,UFC,UFC,Joel Alvarez,Chidi Njokuani,Joel Alvarez,-,0.0,0.0,-,0.0,0.0,1.2666667,0.78,0.87,2026-08-16 20:55:33.956
2026-08-15,UFC,UFC,Joel Alvarez,Chidi Njokuani,Chidi Njokuani,-,0.0,0.0,-,0.0,0.0,3.95,0.22,0.13,2026-08-16 20:55:33.956
2026-08-15,UFC,UFC,Esteban Ribovics,Edson Barboza,Esteban Ribovics,-,0.0,0.0,-,0.0,0.0,1.1333333,0.3,0.75,2026-08-16 20:55:33.957
2026-08-15,UFC,UFC,Esteban Ribovics,Edson Barboza,Edson Barboza,-,0.0,0.0,-,0.0,0.0,6.25,0.7,0.25,2026-08-16 20:55:33.957
2026-08-15,UFC,UFC,Dustin Stoltzfus,Mansur Abdul-Malik,Dustin Stoltzfus,-,0.0,0.0,-,0.0,0.0,5.9,0.38,0.13,2026-08-16 20:55:33.957
2026-08-15,UFC,UFC,Dustin Stoltzfus,Mansur Abdul-Malik,Mansur Abdul-Malik,-,0.0,0.0,-,0.0,0.0,1.1481482,0.62,0.87,2026-08-16 20:55:33.957
2026-08-15,UFC,UFC,Jose Ochoa,Charles Johnson,Jose Ochoa,-,0.0,0.0,-,0.0,0.0,1.2197802,0.77,0.82,2026-08-16 20:55:33.957
2026-08-15,UFC,UFC,Jose Ochoa,Charles Johnson,Charles Johnson,-,0.0,0.0,-,0.0,0.0,4.5,0.23,0.18,2026-08-16 20:55:33.957
2026-08-15,UFC,UFC,Kaue Fernandes,Jalin Turner,Kaue Fernandes,-,0.0,0.0,-,0.0,0.0,2.0,0.56,0.37,2026-08-16 20:55:33.957
2026-08-15,UFC,UFC,Kaue Fernandes,Jalin Turner,Jalin Turner,-,0.0,0.0,-,0.0,0.0,1.8333334,0.44,0.63,2026-08-16 20:55:33.957
2026-08-15,UFC,UFC,Gillian Robertson,Mackenzie Dern,Gillian Robertson,-,0.0,0.0,-,0.0,0.0,2.8,0.3,0.28,2026-08-16 20:55:33.957
2026-08-15,UFC,UFC,Gillian Robertson,Mackenzie Dern,Mackenzie Dern,-,0.0,0.0,-,0.0,0.0,1.4587156,0.7,0.72,2026-08-16 20:55:33.957
2026-08-15,UFC,UFC,Ian Machado Garry,Islam Makhachev,Ian Machado Garry,-,0.0,0.0,-,0.0,0.0,3.6,0.56,0.31,2026-08-16 20:55:33.957
2026-08-15,UFC,UFC,Ian Machado Garry,Islam Makhachev,Islam Makhachev,-,0.0,0.0,-,0.0,0.0,1.3076923,0.44,0.69,2026-08-16 20:55:33.957
2026-08-15,BOX,BOX,Alexander Thiel,Jaquan McElroy,Alexander Thiel,-,0.0,0.0,-,0.0,0.0,9.0,0.0,0.0,2026-08-16 20:55:36.166
2026-08-15,BOX,BOX,Alexander Thiel,Jaquan McElroy,Jaquan McElroy,-,0.0,0.0,-,0.0,0.0,1.0625,1.0,1.0,2026-08-16 20:55:36.166
2026-08-15,BOX,BOX,Michael Nelson,Casey Dixon,Michael Nelson,-,0.0,0.0,-,0.0,0.0,10.0,0.0,0.0,2026-08-16 20:55:36.166
2026-08-15,BOX,BOX,Michael Nelson,Casey Dixon,Casey Dixon,-,0.0,0.0,-,0.0,0.0,1.05,1.0,1.0,2026-08-16 20:55:36.166
2026-08-15,BOX,BOX,Rahmel McKinley,Daniel Mercado,Rahmel McKinley,-,0.0,0.0,-,0.0,0.0,17.0,0.0,0.0,2026-08-16 20:55:36.166
2026-08-15,BOX,BOX,Rahmel McKinley,Daniel Mercado,Daniel Mercado,-,0.0,0.0,-,0.0,0.0,1.01,1.0,1.0,2026-08-16 20:55:36.166
2026-08-15,BOX,BOX,Marianela Ramirez,Shannel Butler,Marianela Ramirez,-,0.0,0.0,-,0.0,0.0,8.5,0.0,0.0,2026-08-16 20:55:36.166
2026-08-15,BOX,BOX,Marianela Ramirez,Shannel Butler,Shannel Butler,-,0.0,0.0,-,0.0,0.0,1.0625,1.0,1.0,2026-08-16 20:55:36.167
2026-08-15,BOX,BOX,Da'Velle Smith,Hakim Lopez,Da'Velle Smith,-,0.0,0.0,-,0.0,0.0,1.3846154,1.0,1.0,2026-08-16 20:55:36.167
2026-08-15,BOX,BOX,Da'Velle Smith,Hakim Lopez,Hakim Lopez,-,0.0,0.0,-,0.0,0.0,3.0,0.0,0.0,2026-08-16 20:55:36.167
2026-08-15,BOX,BOX,Olivia Curry,Danielle Perkins,Olivia Curry,-,0.0,0.0,-,0.0,0.0,5.75,0.0,0.0,2026-08-16 20:55:36.167
2026-08-15,BOX,BOX,Olivia Curry,Danielle Perkins,Danielle Perkins,-,0.0,0.0,-,0.0,0.0,1.1333333,1.0,1.0,2026-08-16 20:55:36.167
2026-08-15,BOX,BOX,Roamer Angulo,Atif Oberlton,Roamer Angulo,-,0.0,0.0,-,0.0,0.0,10.0,0.11,0.05,2026-08-16 20:55:36.167
2026-08-15,BOX,BOX,Roamer Angulo,Atif Oberlton,Atif Oberlton,-,0.0,0.0,-,0.0,0.0,1.05,0.89,0.95,2026-08-16 20:55:36.167
2026-08-15,BOX,BOX,Bernice Ferreira,Caroline Veyre,Bernice Ferreira,-,0.0,0.0,-,0.0,0.0,4.2,0.0,0.0,2026-08-16 20:55:36.167
2026-08-15,BOX,BOX,Bernice Ferreira,Caroline Veyre,Caroline Veyre,-,0.0,0.0,-,0.0,0.0,1.2222222,1.0,1.0,2026-08-16 20:55:36.167
2026-08-15,BOX,BOX,Paulette Cuesta,Ashleyann Lozada,Paulette Cuesta,-,0.0,0.0,-,0.0,0.0,7.5,0.0,0.0,2026-08-16 20:55:36.167
2026-08-15,BOX,BOX,Paulette Cuesta,Ashleyann Lozada,Ashleyann Lozada,-,0.0,0.0,-,0.0,0.0,1.0833334,1.0,1.0,2026-08-16 20:55:36.167
2026-08-15,BOX,BOX,Joseph Hicks,Troy Isley,Joseph Hicks,-,0.0,0.0,-,0.0,0.0,5.75,0.0,0.0,2026-08-16 20:55:36.167
2026-08-15,BOX,BOX,Joseph Hicks,Troy Isley,Troy Isley,-,0.0,0.0,-,0.0,0.0,1.1333333,1.0,1.0,2026-08-16 20:55:36.167
2026-08-15,BOX,BOX,Roger Hilley,Ernesto Mercado,Roger Hilley,-,0.0,0.0,-,0.0,0.0,14.0,0.0,0.0,2026-08-16 20:55:36.167
2026-08-15,BOX,BOX,Roger Hilley,Ernesto Mercado,Ernesto Mercado,-,0.0,0.0,-,0.0,0.0,1.02,1.0,1.0,2026-08-16 20:55:36.167
2026-08-16,BOX,BOX,Kaye Scott,Claressa Shields,Kaye Scott,-,0.0,0.0,-,0.0,0.0,13.0,0.94,0.18,2026-08-16 20:55:36.167
2026-08-16,BOX,BOX,Kaye Scott,Claressa Shields,Claressa Shields,-,0.0,0.0,-,0.0,0.0,1.0333333,0.06,0.82,2026-08-16 20:55:36.167
2026-08-16,BOX,BOX,Emmanuel Tagoe,Ernesto Mercado,Emmanuel Tagoe,-,0.0,0.0,-,0.0,0.0,12.0,0.0,0.0,2026-08-16 20:55:36.167
2026-08-16,BOX,BOX,Emmanuel Tagoe,Ernesto Mercado,Ernesto Mercado,-,0.0,0.0,-,0.0,0.0,1.0333333,1.0,1.0,2026-08-16 20:55:36.167
2026-08-15,AFL,AFL,Collingwood Magpies,Hawthorn Hawks,Collingwood Magpies,+21.5,0.88,0.5,-,0.0,0.0,3.45,0.0,0.0,2026-08-16 20:55:37.737
2026-08-15,AFL,AFL,Collingwood Magpies,Hawthorn Hawks,Hawthorn Hawks,-21.5,0.12,0.5,-,0.0,0.0,1.3030303,1.0,1.0,2026-08-16 20:55:37.737
2026-08-15,AFL,AFL,Melbourne Demons,Port Adelaide Power,Melbourne Demons,-25.5,1.0,1.0,-,0.0,0.0,1.2564102,1.0,1.0,2026-08-16 20:55:37.737
2026-08-15,AFL,AFL,Melbourne Demons,Port Adelaide Power,Port Adelaide Power,+25.5,0.0,0.0,-,0.0,0.0,3.9,0.0,0.0,2026-08-16 20:55:37.737
2026-08-15,AFL,AFL,West Coast Eagles,GWS Giants,West Coast Eagles,+31.5,1.0,1.0,"182.5",0.0,0.0,4.9,0.0,0.0,2026-08-16 20:55:37.737
2026-08-15,AFL,AFL,West Coast Eagles,GWS Giants,GWS Giants,-31.5,0.0,0.0,"182.5",1.0,1.0,1.173913,1.0,1.0,2026-08-16 20:55:37.737
2026-08-16,AFL,AFL,Carlton Blues,Western Bulldogs,Carlton Blues,-19.5,0.18,0.5,-,0.0,0.0,1.3508772,0.0,0.0,2026-08-16 20:55:37.737
2026-08-16,AFL,AFL,Carlton Blues,Western Bulldogs,Western Bulldogs,+19.5,0.82,0.5,-,0.0,0.0,3.15,1.0,1.0,2026-08-16 20:55:37.737
2026-08-15,MLB,MLB,Chicago White Sox,Detroit Tigers,Chicago White Sox,+1.5,0.14,0.53,"8",0.65,0.65,2.3,0.39,0.29,2026-08-16 21:25:09.469
2026-08-15,MLB,MLB,Chicago White Sox,Detroit Tigers,Detroit Tigers,-1.5,0.86,0.47,"8",0.35,0.35,1.7142857,0.61,0.71,2026-08-16 21:25:09.469
2026-08-15,MLB,MLB,ST Louis Cardinals,Chicago Cubs,ST Louis Cardinals,+1.5,0.12,0.23,"9",0.53,0.49,2.68,0.21,0.14,2026-08-16 21:25:09.469
2026-08-15,MLB,MLB,ST Louis Cardinals,Chicago Cubs,Chicago Cubs,-1.5,0.88,0.77,"9",0.47,0.51,1.5524862,0.79,0.86,2026-08-16 21:25:09.469
2026-08-15,MLB,MLB,New York Yankees,Toronto Blue Jays,New York Yankees,-1.5,0.85,0.7,"7",0.52,0.49,1.5376344,0.83,0.83,2026-08-16 21:25:09.469
2026-08-15,MLB,MLB,New York Yankees,Toronto Blue Jays,Toronto Blue Jays,+1.5,0.15,0.3,"7",0.48,0.51,2.73,0.17,0.17,2026-08-16 21:25:09.469
2026-08-15,MLB,MLB,Colorado Rockies,San Francisco Giants,Colorado Rockies,+1.5,0.09,0.37,"7.5",0.84,0.75,2.55,0.26,0.21,2026-08-16 21:25:09.469
2026-08-15,MLB,MLB,Colorado Rockies,San Francisco Giants,San Francisco Giants,-1.5,0.91,0.63,"7.5",0.16,0.25,1.5988024,0.74,0.79,2026-08-16 21:25:09.469
2026-08-15,MLB,MLB,Washington Nationals,New York Mets,Washington Nationals,+1.5,0.1,0.6,"7.5",0.79,0.65,2.21,0.17,0.35,2026-08-16 21:25:09.469
2026-08-15,MLB,MLB,Washington Nationals,New York Mets,New York Mets,-1.5,0.9,0.4,"7.5",0.21,0.35,1.7692307,0.83,0.65,2026-08-16 21:25:09.469
2026-08-15,MLB,MLB,Baltimore Orioles,Tampa Bay Rays,Baltimore Orioles,+1.5,0.03,0.39,"7.5",0.45,0.61,2.31,0.2,0.18,2026-08-16 21:25:09.469
2026-08-15,MLB,MLB,Baltimore Orioles,Tampa Bay Rays,Tampa Bay Rays,-1.5,0.97,0.61,"7.5",0.55,0.39,1.7092198,0.8,0.82,2026-08-16 21:25:09.469
2026-08-15,MLB,MLB,Miami Marlins,Cincinnati Reds,Miami Marlins,-1.5,0.69,0.18,"9",0.94,0.53,1.9803921,0.66,0.49,2026-08-16 21:25:09.469
2026-08-15,MLB,MLB,Miami Marlins,Cincinnati Reds,Cincinnati Reds,+1.5,0.31,0.82,"9",0.06,0.47,1.9523809,0.34,0.51,2026-08-16 21:25:09.469
2026-08-15,MLB,MLB,San Diego Padres,Cleveland Guardians,San Diego Padres,-1.5,0.69,0.42,"8.5",0.31,0.55,2.01,0.79,0.56,2026-08-16 21:25:09.469
2026-08-15,MLB,MLB,San Diego Padres,Cleveland Guardians,Cleveland Guardians,+1.5,0.31,0.58,"8.5",0.69,0.45,1.925926,0.21,0.44,2026-08-16 21:25:09.469
2026-08-15,MLB,MLB,Philadelphia Phillies,Minnesota Twins,Philadelphia Phillies,-1.5,0.75,0.63,"8",0.95,0.69,1.7518797,0.77,0.87,2026-08-16 21:25:09.469
2026-08-15,MLB,MLB,Philadelphia Phillies,Minnesota Twins,Minnesota Twins,+1.5,0.25,0.37,"8",0.05,0.31,2.23,0.23,0.13,2026-08-16 21:25:09.469
2026-08-15,MLB,MLB,Seattle Mariners,Houston Astros,Seattle Mariners,+1.5,0.19,0.64,"8.5",0.82,0.59,2.1,0.33,0.28,2026-08-16 21:25:09.469
2026-08-15,MLB,MLB,Seattle Mariners,Houston Astros,Houston Astros,-1.5,0.81,0.36,"8.5",0.18,0.41,1.8474576,0.67,0.72,2026-08-16 21:25:09.469
2026-08-15,MLB,MLB,Arizona Diamondbacks,Atlanta Braves,Arizona Diamondbacks,+1.5,0.56,0.64,"9",0.77,0.37,2.23,0.38,0.26,2026-08-16 21:25:09.469
2026-08-15,MLB,MLB,Arizona Diamondbacks,Atlanta Braves,Atlanta Braves,-1.5,0.44,0.36,"9",0.23,0.63,1.7518797,0.62,0.74,2026-08-16 21:25:09.469
2026-08-15,MLB,MLB,Boston Red Sox,Pittsburgh Pirates,Boston Red Sox,-1.5,0.83,0.64,"7.5",0.74,0.7,1.8403361,0.91,0.84,2026-08-16 21:25:09.469
2026-08-15,MLB,MLB,Boston Red Sox,Pittsburgh Pirates,Pittsburgh Pirates,+1.5,0.17,0.36,"7.5",0.26,0.3,2.11,0.09,0.16,2026-08-16 21:25:09.469
2026-08-15,MLB,MLB,Milwaukee Brewers,Los Angeles Dodgers,Milwaukee Brewers,-1.5,0.26,0.2,"7.5",0.16,0.4,1.8196721,0.64,0.56,2026-08-16 21:25:09.469
2026-08-15,MLB,MLB,Milwaukee Brewers,Los Angeles Dodgers,Los Angeles Dodgers,+1.5,0.74,0.8,"7.5",0.84,0.6,2.14,0.36,0.44,2026-08-16 21:25:09.469
2026-08-15,MLB,MLB,Kansas City Royals,Los Angeles Angels,Kansas City Royals,+1.5,0.63,0.78,"8",0.48,0.49,2.42,0.49,0.38,2026-08-16 21:25:09.469
2026-08-15,MLB,MLB,Kansas City Royals,Los Angeles Angels,Los Angeles Angels,-1.5,0.37,0.22,"8",0.52,0.51,1.6535947,0.51,0.62,2026-08-16 21:25:09.469
2026-08-15,MLB,MLB,Texas Rangers,Athletics,Texas Rangers,-1.5,0.77,0.35,"9.5",0.71,0.42,1.6493506,0.7,0.72,2026-08-16 21:25:09.469
2026-08-15,MLB,MLB,Texas Rangers,Athletics,Athletics,+1.5,0.23,0.65,"9.5",0.29,0.58,2.43,0.3,0.28,2026-08-16 21:25:09.469
2026-08-16,MLB,MLB,Baltimore Orioles,Tampa Bay Rays,Baltimore Orioles,+1.5,0.08,0.48,"8",0.77,0.64,2.31,0.32,0.33,2026-08-16 21:25:09.469
2026-08-16,MLB,MLB,Baltimore Orioles,Tampa Bay Rays,Tampa Bay Rays,-1.5,0.92,0.52,"8",0.23,0.36,1.7142857,0.68,0.67,2026-08-16 21:25:09.469
2026-08-16,MLB,MLB,Arizona Diamondbacks,Atlanta Braves,Arizona Diamondbacks,+1.5,0.12,0.59,"8.5",0.76,0.61,2.16,0.42,0.37,2026-08-16 21:25:09.469
2026-08-16,MLB,MLB,Arizona Diamondbacks,Atlanta Braves,Atlanta Braves,-1.5,0.88,0.41,"8.5",0.24,0.39,1.8064516,0.58,0.63,2026-08-16 21:25:09.469
2026-08-16,MLB,MLB,Boston Red Sox,Pittsburgh Pirates,Boston Red Sox,-1.5,0.27,0.51,"8",0.78,0.54,1.877193,0.86,0.67,2026-08-16 21:25:09.469
2026-08-16,MLB,MLB,Boston Red Sox,Pittsburgh Pirates,Pittsburgh Pirates,+1.5,0.73,0.49,"8",0.22,0.46,2.06,0.14,0.33,2026-08-16 21:25:09.469
2026-08-16,MLB,MLB,New York Yankees,Toronto Blue Jays,New York Yankees,+1.5,0.31,0.5,"7",0.12,0.37,2.16,0.69,0.54,2026-08-16 21:25:09.469
2026-08-16,MLB,MLB,New York Yankees,Toronto Blue Jays,Toronto Blue Jays,-1.5,0.69,0.5,"7",0.88,0.63,1.8064516,0.31,0.46,2026-08-16 21:25:09.469
2026-08-16,MLB,MLB,San Diego Padres,Cleveland Guardians,San Diego Padres,-1.5,0.38,0.41,"8.5",0.03,0.36,1.900901,0.92,0.64,2026-08-16 21:25:09.469
2026-08-16,MLB,MLB,San Diego Padres,Cleveland Guardians,Cleveland Guardians,+1.5,0.62,0.59,"8.5",0.97,0.64,2.03,0.08,0.36,2026-08-16 21:25:09.469
2026-08-16,MLB,MLB,Washington Nationals,New York Mets,Washington Nationals,+1.5,0.0,0.58,"8.5",0.88,0.47,2.53,0.23,0.32,2026-08-16 21:25:09.469
2026-08-16,MLB,MLB,Washington Nationals,New York Mets,New York Mets,-1.5,1.0,0.42,"8.5",0.12,0.53,1.6060606,0.77,0.68,2026-08-16 21:25:09.469
2026-08-16,MLB,MLB,Miami Marlins,Cincinnati Reds,Miami Marlins,-1.5,0.92,0.37,"9",0.63,0.44,1.8403361,0.59,0.59,2026-08-16 21:25:09.469
2026-08-16,MLB,MLB,Miami Marlins,Cincinnati Reds,Cincinnati Reds,+1.5,0.08,0.63,"9",0.37,0.56,2.11,0.41,0.41,2026-08-16 21:25:09.469
2026-08-16,MLB,MLB,Chicago White Sox,Detroit Tigers,Chicago White Sox,-1.5,0.9,0.37,"8",0.54,0.55,1.9803921,0.45,0.57,2026-08-16 21:25:09.469
2026-08-16,MLB,MLB,Chicago White Sox,Detroit Tigers,Detroit Tigers,+1.5,0.1,0.63,"8",0.46,0.45,1.9523809,0.55,0.43,2026-08-16 21:25:09.469
2026-08-16,MLB,MLB,Philadelphia Phillies,Minnesota Twins,Philadelphia Phillies,-1.5,0.36,0.57,"9.5",0.94,0.57,1.925926,0.82,0.7,2026-08-16 21:25:09.469
2026-08-16,MLB,MLB,Philadelphia Phillies,Minnesota Twins,Minnesota Twins,+1.5,0.64,0.43,"9.5",0.06,0.43,2.01,0.18,0.3,2026-08-16 21:25:09.469
2026-08-16,MLB,MLB,ST Louis Cardinals,Chicago Cubs,ST Louis Cardinals,+1.5,0.12,0.57,"8.5",0.95,0.41,2.42,0.28,0.24,2026-08-16 21:25:09.469
2026-08-16,MLB,MLB,ST Louis Cardinals,Chicago Cubs,Chicago Cubs,-1.5,0.88,0.43,"8.5",0.05,0.59,1.6535947,0.72,0.76,2026-08-16 21:25:09.469
2026-08-16,MLB,MLB,Texas Rangers,Athletics,Texas Rangers,-1.5,0.96,0.42,"10.5",0.43,0.39,1.7462686,0.48,0.66,2026-08-16 21:25:09.469
2026-08-16,MLB,MLB,Texas Rangers,Athletics,Athletics,+1.5,0.04,0.58,"10.5",0.57,0.61,2.25,0.52,0.34,2026-08-16 21:25:09.469
2026-08-16,MLB,MLB,Colorado Rockies,San Francisco Giants,Colorado Rockies,+1.5,0.09,0.48,"8",0.31,0.52,2.19,0.26,0.31,2026-08-16 21:25:09.469
2026-08-16,MLB,MLB,Colorado Rockies,San Francisco Giants,San Francisco Giants,-1.5,0.91,0.52,"8",0.69,0.48,1.78125,0.74,0.69,2026-08-16 21:25:09.469
2026-08-16,MLB,MLB,Kansas City Royals,Los Angeles Angels,Kansas City Royals,-1.5,0.95,0.3,"9.5",0.21,0.18,1.8849558,0.72,0.62,2026-08-16 21:25:09.469
2026-08-16,MLB,MLB,Kansas City Royals,Los Angeles Angels,Los Angeles Angels,+1.5,0.05,0.7,"9.5",0.79,0.82,2.05,0.28,0.38,2026-08-16 21:25:09.469
2026-08-16,MLB,MLB,Milwaukee Brewers,Los Angeles Dodgers,Milwaukee Brewers,+1.5,0.07,0.5,"7.5",0.15,0.38,2.63,0.4,0.25,2026-08-16 21:25:09.469
2026-08-16,MLB,MLB,Milwaukee Brewers,Los Angeles Dodgers,Los Angeles Dodgers,-1.5,0.93,0.5,"7.5",0.85,0.62,1.5714285,0.6,0.75,2026-08-16 21:25:09.469
2026-08-16,MLB,MLB,Seattle Mariners,Houston Astros,Seattle Mariners,+1.5,0.52,0.71,"7.5",0.78,0.63,2.2,0.17,0.3,2026-08-16 21:25:09.469
2026-08-16,MLB,MLB,Seattle Mariners,Houston Astros,Houston Astros,-1.5,0.48,0.29,"7.5",0.22,0.37,1.7751938,0.83,0.7,2026-08-16 21:25:09.469
2026-08-15,SOC,"40031",Getafe,Alaves,Getafe,-,0.0,0.0,-,0.0,0.0,3.75,0.24,0.34,2026-08-16 21:25:17.637
2026-08-15,SOC,"40031",Getafe,Alaves,Alaves,-,0.0,0.0,-,0.0,0.0,2.4,0.76,0.66,2026-08-16 21:25:17.637
2026-08-15,SOC,"40031",Vallecano,Sevilla,Vallecano,-,0.0,0.0,-,0.0,0.0,3.05,0.17,0.12,2026-08-16 21:25:17.637
2026-08-15,SOC,"40031",Vallecano,Sevilla,Sevilla,-,0.0,0.0,-,0.0,0.0,2.7,0.83,0.88,2026-08-16 21:25:17.637
2026-08-16,SOC,"40031",Villarreal,Racing Santander,Villarreal,-,0.0,0.0,-,0.0,0.0,2.05,0.98,0.97,2026-08-16 21:25:17.637
2026-08-16,SOC,"40031",Villarreal,Racing Santander,Racing Santander,-,0.0,0.0,-,0.0,0.0,3.55,0.02,0.03,2026-08-16 21:25:17.637
2026-08-16,SOC,"40031",Levante,Espanyol,Levante,-,0.0,0.0,-,0.0,0.0,3.7,0.27,0.11,2026-08-16 21:25:17.637
2026-08-16,SOC,"40031",Levante,Espanyol,Espanyol,-,0.0,0.0,-,0.0,0.0,2.1,0.73,0.89,2026-08-16 21:25:17.637
2026-08-16,SOC,"40031",Osasuna,Celta Vigo,Osasuna,-,0.0,0.0,-,0.0,0.0,3.65,0.09,0.1,2026-08-16 21:25:17.637
2026-08-16,SOC,"40031",Osasuna,Celta Vigo,Celta Vigo,-,0.0,0.0,-,0.0,0.0,2.05,0.91,0.9,2026-08-16 21:25:17.637
2026-08-17,SOC,"40031",Elche,Dep La Coruna,Elche,-,0.0,0.0,-,0.0,0.0,3.35,0.5,0.55,2026-08-16 21:25:17.637
2026-08-17,SOC,"40031",Elche,Dep La Coruna,Dep La Coruna,-,0.0,0.0,-,0.0,0.0,2.35,0.5,0.45,2026-08-16 21:25:17.637
2026-08-15,SOC,"40817",Preston,Bolton,Preston,-,0.0,0.0,-,0.0,0.0,3.05,0.19,0.3,2026-08-16 21:25:19.153
2026-08-15,SOC,"40817",Preston,Bolton,Bolton,-,0.0,0.0,-,0.0,0.0,2.35,0.81,0.7,2026-08-16 21:25:19.153
2026-08-15,SOC,"40817",West Brom,Norwich,West Brom,-,0.0,0.0,-,0.0,0.0,3.75,0.05,0.11,2026-08-16 21:25:19.153
2026-08-15,SOC,"40817",West Brom,Norwich,Norwich,-,0.0,0.0,-,0.0,0.0,2.0,0.95,0.89,2026-08-16 21:25:19.153
2026-08-15,SOC,"40817",Swansea,Stoke City,Swansea,-,0.0,0.0,-,0.0,0.0,3.05,0.19,0.21,2026-08-16 21:25:19.153
2026-08-15,SOC,"40817",Swansea,Stoke City,Stoke City,-,0.0,0.0,-,0.0,0.0,2.35,0.81,0.79,2026-08-16 21:25:19.153
2026-08-15,SOC,"40817",Millwall,Bristol City,Millwall,-,0.0,0.0,-,0.0,0.0,2.8,0.58,0.44,2026-08-16 21:25:19.153
2026-08-15,SOC,"40817",Millwall,Bristol City,Bristol City,-,0.0,0.0,-,0.0,0.0,2.5,0.42,0.56,2026-08-16 21:25:19.153
2026-08-15,SOC,"40817",Lincoln City,Middlesbrough,Lincoln City,-,0.0,0.0,-,0.0,0.0,6.5,0.03,0.02,2026-08-16 21:25:19.153
2026-08-15,SOC,"40817",Lincoln City,Middlesbrough,Middlesbrough,-,0.0,0.0,-,0.0,0.0,1.5128205,0.97,0.98,2026-08-16 21:25:19.153
2026-08-15,SOC,"40817",Derby County,Charlton,Derby County,-,0.0,0.0,-,0.0,0.0,2.75,0.42,0.53,2026-08-16 21:25:19.153
2026-08-15,SOC,"40817",Derby County,Charlton,Charlton,-,0.0,0.0,-,0.0,0.0,2.7,0.58,0.47,2026-08-16 21:25:19.153
2026-08-15,SOC,"40817",Queens Park Rangers,Portsmouth,Queens Park Rangers,-,0.0,0.0,-,0.0,0.0,3.15,0.66,0.25,2026-08-16 21:25:19.153
2026-08-15,SOC,"40817",Queens Park Rangers,Portsmouth,Portsmouth,-,0.0,0.0,-,0.0,0.0,2.35,0.34,0.75,2026-08-16 21:25:19.153
2026-08-15,SOC,"40817",Birmingham,Sheffield Utd,Birmingham,-,0.0,0.0,-,0.0,0.0,3.3,0.24,0.25,2026-08-16 21:25:19.153
2026-08-15,SOC,"40817",Birmingham,Sheffield Utd,Sheffield Utd,-,0.0,0.0,-,0.0,0.0,2.25,0.76,0.75,2026-08-16 21:25:19.153
2026-08-16,SOC,"40817",Southampton,Watford,Southampton,-,0.0,0.0,-,0.0,0.0,1.9523809,0.96,0.91,2026-08-16 21:25:19.153
2026-08-16,SOC,"40817",Southampton,Watford,Watford,-,0.0,0.0,-,0.0,0.0,3.7,0.04,0.09,2026-08-16 21:25:19.153
2026-08-16,SOC,"40817",West Ham,Burnley,West Ham,-,0.0,0.0,-,0.0,0.0,2.2,0.93,0.88,2026-08-16 21:25:19.153
2026-08-16,SOC,"40817",West Ham,Burnley,Burnley,-,0.0,0.0,-,0.0,0.0,3.2,0.07,0.12,2026-08-16 21:25:19.153
2026-08-17,SOC,"40817",Wrexham,Cardiff City,Wrexham,-,0.0,0.0,-,0.0,0.0,2.8,0.76,0.46,2026-08-16 21:25:19.153
2026-08-17,SOC,"40817",Wrexham,Cardiff City,Cardiff City,-,0.0,0.0,-,0.0,0.0,2.45,0.24,0.54,2026-08-16 21:25:19.153
2026-08-15,SOC,"89345",New York Red Bulls,Atlanta Utd,New York Red Bulls,-,0.0,0.0,-,0.0,0.0,3.0,0.51,0.38,2026-08-16 21:25:26.328
2026-08-15,SOC,"89345",New York Red Bulls,Atlanta Utd,Atlanta Utd,-,0.0,0.0,-,0.0,0.0,2.05,0.49,0.62,2026-08-16 21:25:26.328
2026-08-15,SOC,"89345",DC Utd,CF Montreal,DC Utd,-,0.0,0.0,-,0.0,0.0,3.05,0.38,0.32,2026-08-16 21:25:26.328
2026-08-15,SOC,"89345",DC Utd,CF Montreal,CF Montreal,-,0.0,0.0,-,0.0,0.0,2.1,0.62,0.68,2026-08-16 21:25:26.328
2026-08-15,SOC,"89345",Columbus Crew,Charlotte FC,Columbus Crew,-,0.0,0.0,-,0.0,0.0,3.1,0.15,0.32,2026-08-16 21:25:26.328
2026-08-15,SOC,"89345",Columbus Crew,Charlotte FC,Charlotte FC,-,0.0,0.0,-,0.0,0.0,2.1,0.85,0.68,2026-08-16 21:25:26.328
2026-08-15,SOC,"89345",FC Cincinnati,Orlando City,FC Cincinnati,-,0.0,0.0,-,0.0,0.0,2.3,0.39,0.35,2026-08-16 21:25:26.328
2026-08-15,SOC,"89345",FC Cincinnati,Orlando City,Orlando City,-,0.0,0.0,-,0.0,0.0,2.5,0.61,0.65,2026-08-16 21:25:26.328
2026-08-15,SOC,"89345",NE Revolution,Toronto FC,NE Revolution,-,0.0,0.0,-,0.0,0.0,2.95,0.42,0.41,2026-08-16 21:25:26.328
2026-08-15,SOC,"89345",NE Revolution,Toronto FC,Toronto FC,-,0.0,0.0,-,0.0,0.0,2.15,0.58,0.59,2026-08-16 21:25:26.328
2026-08-15,SOC,"89345",Inter Miami,Nashville SC,Inter Miami,-,0.0,0.0,-,0.0,0.0,2.55,0.91,0.71,2026-08-16 21:25:26.328
2026-08-15,SOC,"89345",Inter Miami,Nashville SC,Nashville SC,-,0.0,0.0,-,0.0,0.0,2.4,0.09,0.29,2026-08-16 21:25:26.328
2026-08-15,SOC,"89345",LA Galaxy,HOU Dynamo,LA Galaxy,-,0.0,0.0,-,0.0,0.0,4.6,0.06,0.19,2026-08-16 21:25:26.328
2026-08-15,SOC,"89345",LA Galaxy,HOU Dynamo,HOU Dynamo,-,0.0,0.0,-,0.0,0.0,1.6451613,0.94,0.81,2026-08-16 21:25:26.328
2026-08-15,SOC,"89345",Sporting KC,COL Rapids,Sporting KC,-,0.0,0.0,-,0.0,0.0,5.75,0.02,0.21,2026-08-16 21:25:26.328
2026-08-15,SOC,"89345",Sporting KC,COL Rapids,COL Rapids,-,0.0,0.0,-,0.0,0.0,1.4545455,0.98,0.79,2026-08-16 21:25:26.328
2026-08-15,SOC,"89345",Minnesota Utd,Real Salt Lake,Minnesota Utd,-,0.0,0.0,-,0.0,0.0,3.8,0.04,0.19,2026-08-16 21:25:26.328
2026-08-15,SOC,"89345",Minnesota Utd,Real Salt Lake,Real Salt Lake,-,0.0,0.0,-,0.0,0.0,1.8333334,0.96,0.81,2026-08-16 21:25:26.328
2026-08-15,SOC,"89345",San Diego FC,LAFC,San Diego FC,-,0.0,0.0,-,0.0,0.0,4.6,0.01,0.12,2026-08-16 21:25:26.328
2026-08-15,SOC,"89345",San Diego FC,LAFC,LAFC,-,0.0,0.0,-,0.0,0.0,1.6060606,0.99,0.88,2026-08-16 21:25:26.328
2026-08-15,SOC,"89345",St Louis City SC,SJ Earthquakes,St Louis City SC,-,0.0,0.0,-,0.0,0.0,3.0,0.23,0.4,2026-08-16 21:25:26.328
2026-08-15,SOC,"89345",St Louis City SC,SJ Earthquakes,SJ Earthquakes,-,0.0,0.0,-,0.0,0.0,2.05,0.77,0.6,2026-08-16 21:25:26.328
2026-08-16,SOC,"89345",PHI Union,NYCFC,PHI Union,-,0.0,0.0,-,0.0,0.0,2.55,0.12,0.53,2026-08-16 21:25:26.328
2026-08-16,SOC,"89345",PHI Union,NYCFC,NYCFC,-,0.0,0.0,-,0.0,0.0,2.45,0.88,0.47,2026-08-16 21:25:26.328
2026-08-16,SOC,"89345",POR Timbers,CHI Fire,POR Timbers,-,0.0,0.0,-,0.0,0.0,5.0,0.35,0.4,2026-08-16 21:25:26.328
2026-08-16,SOC,"89345",POR Timbers,CHI Fire,CHI Fire,-,0.0,0.0,-,0.0,0.0,1.5,0.65,0.6,2026-08-16 21:25:26.328
2026-08-16,SOC,"89345",FC Dallas,Austin FC,FC Dallas,-,0.0,0.0,-,0.0,0.0,2.25,0.32,0.76,2026-08-16 21:25:26.328
2026-08-16,SOC,"89345",FC Dallas,Austin FC,Austin FC,-,0.0,0.0,-,0.0,0.0,2.8,0.68,0.24,2026-08-16 21:25:26.328
2026-08-16,SOC,"89345",Vancouver Whitecaps,Seattle Sounders,Vancouver Whitecaps,-,0.0,0.0,-,0.0,0.0,1.8,0.77,0.87,2026-08-16 21:25:26.328
2026-08-16,SOC,"89345",Vancouver Whitecaps,Seattle Sounders,Seattle Sounders,-,0.0,0.0,-,0.0,0.0,3.8,0.23,0.13,2026-08-16 21:25:26.328
2026-08-15,UFC,UFC,Chidi Njokuani,Joel Alvarez,Chidi Njokuani,-,0.0,0.0,-,0.0,0.0,3.0,0.0,0.0,2026-08-16 21:25:27.948
2026-08-15,UFC,UFC,Chidi Njokuani,Joel Alvarez,Joel Alvarez,-,0.0,0.0,-,0.0,0.0,1.4081633,1.0,1.0,2026-08-16 21:25:27.948
2026-08-15,UFC,UFC,Myktybek Orolbai,Jeremiah Wells,Myktybek Orolbai,-,0.0,0.0,-,0.0,0.0,1.074074,0.78,0.89,2026-08-16 21:25:27.948
2026-08-15,UFC,UFC,Myktybek Orolbai,Jeremiah Wells,Jeremiah Wells,-,0.0,0.0,-,0.0,0.0,9.0,0.22,0.11,2026-08-16 21:25:27.948
2026-08-15,UFC,UFC,Ramiz Brahimaj,Neil Magny,Ramiz Brahimaj,-,0.0,0.0,-,0.0,0.0,1.7042253,0.75,0.59,2026-08-16 21:25:27.948
2026-08-15,UFC,UFC,Ramiz Brahimaj,Neil Magny,Neil Magny,-,0.0,0.0,-,0.0,0.0,2.2,0.25,0.41,2026-08-16 21:25:27.948
2026-08-15,UFC,UFC,Lucas Fernando,Rafael Tobias,Lucas Fernando,-,0.0,0.0,-,0.0,0.0,1.3508772,0.62,0.79,2026-08-16 21:25:27.948
2026-08-15,UFC,UFC,Lucas Fernando,Rafael Tobias,Rafael Tobias,-,0.0,0.0,-,0.0,0.0,3.3,0.38,0.21,2026-08-16 21:25:27.948
2026-08-15,UFC,UFC,Tresean Gore,Vicente Luque,Tresean Gore,-,0.0,0.0,-,0.0,0.0,1.8474576,0.6,0.49,2026-08-16 21:25:27.948
2026-08-15,UFC,UFC,Tresean Gore,Vicente Luque,Vicente Luque,-,0.0,0.0,-,0.0,0.0,1.9803921,0.4,0.51,2026-08-16 21:25:27.948
2026-08-15,UFC,UFC,Eric McConico,Donte Johnson,Eric McConico,-,0.0,0.0,-,0.0,0.0,3.8,0.29,0.16,2026-08-16 21:25:27.948
2026-08-15,UFC,UFC,Eric McConico,Donte Johnson,Donte Johnson,-,0.0,0.0,-,0.0,0.0,1.2816901,0.71,0.84,2026-08-16 21:25:27.948
2026-08-15,UFC,UFC,Eduardo Henrique,Charles Johnson,Eduardo Henrique,-,0.0,0.0,-,0.0,0.0,1.9803921,0.39,0.3,2026-08-16 21:25:27.948
2026-08-15,UFC,UFC,Eduardo Henrique,Charles Johnson,Charles Johnson,-,0.0,0.0,-,0.0,0.0,1.8474576,0.61,0.7,2026-08-16 21:25:27.948
2026-08-15,UFC,UFC,Joel Alvarez,Chidi Njokuani,Joel Alvarez,-,0.0,0.0,-,0.0,0.0,1.2666667,0.78,0.87,2026-08-16 21:25:27.948
2026-08-15,UFC,UFC,Joel Alvarez,Chidi Njokuani,Chidi Njokuani,-,0.0,0.0,-,0.0,0.0,3.95,0.22,0.13,2026-08-16 21:25:27.948
2026-08-15,UFC,UFC,Esteban Ribovics,Edson Barboza,Esteban Ribovics,-,0.0,0.0,-,0.0,0.0,1.1333333,0.3,0.75,2026-08-16 21:25:27.948
2026-08-15,UFC,UFC,Esteban Ribovics,Edson Barboza,Edson Barboza,-,0.0,0.0,-,0.0,0.0,6.25,0.7,0.25,2026-08-16 21:25:27.948
2026-08-15,UFC,UFC,Dustin Stoltzfus,Mansur Abdul-Malik,Dustin Stoltzfus,-,0.0,0.0,-,0.0,0.0,5.9,0.38,0.13,2026-08-16 21:25:27.948
2026-08-15,UFC,UFC,Dustin Stoltzfus,Mansur Abdul-Malik,Mansur Abdul-Malik,-,0.0,0.0,-,0.0,0.0,1.1481482,0.62,0.87,2026-08-16 21:25:27.948
2026-08-15,UFC,UFC,Jose Ochoa,Charles Johnson,Jose Ochoa,-,0.0,0.0,-,0.0,0.0,1.2197802,0.77,0.82,2026-08-16 21:25:27.948
2026-08-15,UFC,UFC,Jose Ochoa,Charles Johnson,Charles Johnson,-,0.0,0.0,-,0.0,0.0,4.5,0.23,0.18,2026-08-16 21:25:27.948
2026-08-15,UFC,UFC,Kaue Fernandes,Jalin Turner,Kaue Fernandes,-,0.0,0.0,-,0.0,0.0,2.0,0.56,0.37,2026-08-16 21:25:27.948
2026-08-15,UFC,UFC,Kaue Fernandes,Jalin Turner,Jalin Turner,-,0.0,0.0,-,0.0,0.0,1.8333334,0.44,0.63,2026-08-16 21:25:27.948
2026-08-15,UFC,UFC,Gillian Robertson,Mackenzie Dern,Gillian Robertson,-,0.0,0.0,-,0.0,0.0,2.8,0.3,0.28,2026-08-16 21:25:27.948
2026-08-15,UFC,UFC,Gillian Robertson,Mackenzie Dern,Mackenzie Dern,-,0.0,0.0,-,0.0,0.0,1.4587156,0.7,0.72,2026-08-16 21:25:27.948
2026-08-15,UFC,UFC,Ian Machado Garry,Islam Makhachev,Ian Machado Garry,-,0.0,0.0,-,0.0,0.0,3.6,0.56,0.31,2026-08-16 21:25:27.948
2026-08-15,UFC,UFC,Ian Machado Garry,Islam Makhachev,Islam Makhachev,-,0.0,0.0,-,0.0,0.0,1.3076923,0.44,0.69,2026-08-16 21:25:27.948
2026-08-15,BOX,BOX,Alexander Thiel,Jaquan McElroy,Alexander Thiel,-,0.0,0.0,-,0.0,0.0,9.0,0.0,0.0,2026-08-16 21:25:30.273
2026-08-15,BOX,BOX,Alexander Thiel,Jaquan McElroy,Jaquan McElroy,-,0.0,0.0,-,0.0,0.0,1.0625,1.0,1.0,2026-08-16 21:25:30.273
2026-08-15,BOX,BOX,Michael Nelson,Casey Dixon,Michael Nelson,-,0.0,0.0,-,0.0,0.0,10.0,0.0,0.0,2026-08-16 21:25:30.273
2026-08-15,BOX,BOX,Michael Nelson,Casey Dixon,Casey Dixon,-,0.0,0.0,-,0.0,0.0,1.05,1.0,1.0,2026-08-16 21:25:30.273
2026-08-15,BOX,BOX,Rahmel McKinley,Daniel Mercado,Rahmel McKinley,-,0.0,0.0,-,0.0,0.0,17.0,0.0,0.0,2026-08-16 21:25:30.273
2026-08-15,BOX,BOX,Rahmel McKinley,Daniel Mercado,Daniel Mercado,-,0.0,0.0,-,0.0,0.0,1.01,1.0,1.0,2026-08-16 21:25:30.273
2026-08-15,BOX,BOX,Marianela Ramirez,Shannel Butler,Marianela Ramirez,-,0.0,0.0,-,0.0,0.0,8.5,0.0,0.0,2026-08-16 21:25:30.273
2026-08-15,BOX,BOX,Marianela Ramirez,Shannel Butler,Shannel Butler,-,0.0,0.0,-,0.0,0.0,1.0625,1.0,1.0,2026-08-16 21:25:30.273
2026-08-15,BOX,BOX,Da'Velle Smith,Hakim Lopez,Da'Velle Smith,-,0.0,0.0,-,0.0,0.0,1.3846154,1.0,1.0,2026-08-16 21:25:30.273
2026-08-15,BOX,BOX,Da'Velle Smith,Hakim Lopez,Hakim Lopez,-,0.0,0.0,-,0.0,0.0,3.0,0.0,0.0,2026-08-16 21:25:30.273
2026-08-15,BOX,BOX,Olivia Curry,Danielle Perkins,Olivia Curry,-,0.0,0.0,-,0.0,0.0,5.75,0.0,0.0,2026-08-16 21:25:30.273
2026-08-15,BOX,BOX,Olivia Curry,Danielle Perkins,Danielle Perkins,-,0.0,0.0,-,0.0,0.0,1.1333333,1.0,1.0,2026-08-16 21:25:30.273
2026-08-15,BOX,BOX,Roamer Angulo,Atif Oberlton,Roamer Angulo,-,0.0,0.0,-,0.0,0.0,10.0,0.11,0.05,2026-08-16 21:25:30.273
2026-08-15,BOX,BOX,Roamer Angulo,Atif Oberlton,Atif Oberlton,-,0.0,0.0,-,0.0,0.0,1.05,0.89,0.95,2026-08-16 21:25:30.273
2026-08-15,BOX,BOX,Bernice Ferreira,Caroline Veyre,Bernice Ferreira,-,0.0,0.0,-,0.0,0.0,4.2,0.0,0.0,2026-08-16 21:25:30.273
2026-08-15,BOX,BOX,Bernice Ferreira,Caroline Veyre,Caroline Veyre,-,0.0,0.0,-,0.0,0.0,1.2222222,1.0,1.0,2026-08-16 21:25:30.273
2026-08-15,BOX,BOX,Paulette Cuesta,Ashleyann Lozada,Paulette Cuesta,-,0.0,0.0,-,0.0,0.0,7.5,0.0,0.0,2026-08-16 21:25:30.273
2026-08-15,BOX,BOX,Paulette Cuesta,Ashleyann Lozada,Ashleyann Lozada,-,0.0,0.0,-,0.0,0.0,1.0833334,1.0,1.0,2026-08-16 21:25:30.273
2026-08-15,BOX,BOX,Joseph Hicks,Troy Isley,Joseph Hicks,-,0.0,0.0,-,0.0,0.0,5.75,0.0,0.0,2026-08-16 21:25:30.273
2026-08-15,BOX,BOX,Joseph Hicks,Troy Isley,Troy Isley,-,0.0,0.0,-,0.0,0.0,1.1333333,1.0,1.0,2026-08-16 21:25:30.273
2026-08-15,BOX,BOX,Roger Hilley,Ernesto Mercado,Roger Hilley,-,0.0,0.0,-,0.0,0.0,14.0,0.0,0.0,2026-08-16 21:25:30.273
2026-08-15,BOX,BOX,Roger Hilley,Ernesto Mercado,Ernesto Mercado,-,0.0,0.0,-,0.0,0.0,1.02,1.0,1.0,2026-08-16 21:25:30.273
2026-08-16,BOX,BOX,Kaye Scott,Claressa Shields,Kaye Scott,-,0.0,0.0,-,0.0,0.0,13.0,0.94,0.18,2026-08-16 21:25:30.273
2026-08-16,BOX,BOX,Kaye Scott,Claressa Shields,Claressa Shields,-,0.0,0.0,-,0.0,0.0,1.0333333,0.06,0.82,2026-08-16 21:25:30.273
2026-08-16,BOX,BOX,Emmanuel Tagoe,Ernesto Mercado,Emmanuel Tagoe,-,0.0,0.0,-,0.0,0.0,12.0,0.0,0.0,2026-08-16 21:25:30.273
2026-08-16,BOX,BOX,Emmanuel Tagoe,Ernesto Mercado,Ernesto Mercado,-,0.0,0.0,-,0.0,0.0,1.0333333,1.0,1.0,2026-08-16 21:25:30.273
2026-08-15,AFL,AFL,Collingwood Magpies,Hawthorn Hawks,Collingwood Magpies,+21.5,0.88,0.5,-,0.0,0.0,3.45,0.0,0.0,2026-08-16 21:25:31.758
2026-08-15,AFL,AFL,Collingwood Magpies,Hawthorn Hawks,Hawthorn Hawks,-21.5,0.12,0.5,-,0.0,0.0,1.3030303,1.0,1.0,2026-08-16 21:25:31.758
2026-08-15,AFL,AFL,Melbourne Demons,Port Adelaide Power,Melbourne Demons,-25.5,1.0,1.0,-,0.0,0.0,1.2564102,1.0,1.0,2026-08-16 21:25:31.758
2026-08-15,AFL,AFL,Melbourne Demons,Port Adelaide Power,Port Adelaide Power,+25.5,0.0,0.0,-,0.0,0.0,3.9,0.0,0.0,2026-08-16 21:25:31.758
2026-08-15,AFL,AFL,West Coast Eagles,GWS Giants,West Coast Eagles,+31.5,1.0,1.0,"182.5",0.0,0.0,4.9,0.0,0.0,2026-08-16 21:25:31.758
2026-08-15,AFL,AFL,West Coast Eagles,GWS Giants,GWS Giants,-31.5,0.0,0.0,"182.5",1.0,1.0,1.173913,1.0,1.0,2026-08-16 21:25:31.758
2026-08-16,AFL,AFL,Carlton Blues,Western Bulldogs,Carlton Blues,-19.5,0.18,0.5,-,0.0,0.0,1.3508772,0.0,0.0,2026-08-16 21:25:31.758
2026-08-16,AFL,AFL,Carlton Blues,Western Bulldogs,Western Bulldogs,+19.5,0.82,0.5,-,0.0,0.0,3.15,1.0,1.0,2026-08-16 21:25:31.758
2026-08-15,MLB,MLB,Chicago White Sox,Detroit Tigers,Chicago White Sox,+1.5,0.14,0.53,"8",0.65,0.65,2.3,0.39,0.29,2026-08-16 21:55:05.942
2026-08-15,MLB,MLB,Chicago White Sox,Detroit Tigers,Detroit Tigers,-1.5,0.86,0.47,"8",0.35,0.35,1.7142857,0.61,0.71,2026-08-16 21:55:05.942
2026-08-15,MLB,MLB,ST Louis Cardinals,Chicago Cubs,ST Louis Cardinals,+1.5,0.12,0.23,"9",0.53,0.49,2.68,0.21,0.14,2026-08-16 21:55:05.942
2026-08-15,MLB,MLB,ST Louis Cardinals,Chicago Cubs,Chicago Cubs,-1.5,0.88,0.77,"9",0.47,0.51,1.5524862,0.79,0.86,2026-08-16 21:55:05.942
2026-08-15,MLB,MLB,New York Yankees,Toronto Blue Jays,New York Yankees,-1.5,0.85,0.7,"7",0.52,0.49,1.5376344,0.83,0.83,2026-08-16 21:55:05.942
2026-08-15,MLB,MLB,New York Yankees,Toronto Blue Jays,Toronto Blue Jays,+1.5,0.15,0.3,"7",0.48,0.51,2.73,0.17,0.17,2026-08-16 21:55:05.942
2026-08-15,MLB,MLB,Colorado Rockies,San Francisco Giants,Colorado Rockies,+1.5,0.09,0.37,"7.5",0.84,0.75,2.55,0.26,0.21,2026-08-16 21:55:05.942
2026-08-15,MLB,MLB,Colorado Rockies,San Francisco Giants,San Francisco Giants,-1.5,0.91,0.63,"7.5",0.16,0.25,1.5988024,0.74,0.79,2026-08-16 21:55:05.942
2026-08-15,MLB,MLB,Washington Nationals,New York Mets,Washington Nationals,+1.5,0.1,0.6,"7.5",0.79,0.65,2.21,0.17,0.35,2026-08-16 21:55:05.942
2026-08-15,MLB,MLB,Washington Nationals,New York Mets,New York Mets,-1.5,0.9,0.4,"7.5",0.21,0.35,1.7692307,0.83,0.65,2026-08-16 21:55:05.942
2026-08-15,MLB,MLB,Baltimore Orioles,Tampa Bay Rays,Baltimore Orioles,+1.5,0.03,0.39,"7.5",0.45,0.61,2.31,0.2,0.18,2026-08-16 21:55:05.942
2026-08-15,MLB,MLB,Baltimore Orioles,Tampa Bay Rays,Tampa Bay Rays,-1.5,0.97,0.61,"7.5",0.55,0.39,1.7092198,0.8,0.82,2026-08-16 21:55:05.942
2026-08-15,MLB,MLB,Miami Marlins,Cincinnati Reds,Miami Marlins,-1.5,0.69,0.18,"9",0.94,0.53,1.9803921,0.66,0.49,2026-08-16 21:55:05.942
2026-08-15,MLB,MLB,Miami Marlins,Cincinnati Reds,Cincinnati Reds,+1.5,0.31,0.82,"9",0.06,0.47,1.9523809,0.34,0.51,2026-08-16 21:55:05.942
2026-08-15,MLB,MLB,San Diego Padres,Cleveland Guardians,San Diego Padres,-1.5,0.69,0.42,"8.5",0.31,0.55,2.01,0.79,0.56,2026-08-16 21:55:05.942
2026-08-15,MLB,MLB,San Diego Padres,Cleveland Guardians,Cleveland Guardians,+1.5,0.31,0.58,"8.5",0.69,0.45,1.925926,0.21,0.44,2026-08-16 21:55:05.942
2026-08-15,MLB,MLB,Philadelphia Phillies,Minnesota Twins,Philadelphia Phillies,-1.5,0.75,0.63,"8",0.95,0.69,1.7518797,0.77,0.87,2026-08-16 21:55:05.942
2026-08-15,MLB,MLB,Philadelphia Phillies,Minnesota Twins,Minnesota Twins,+1.5,0.25,0.37,"8",0.05,0.31,2.23,0.23,0.13,2026-08-16 21:55:05.942
2026-08-15,MLB,MLB,Seattle Mariners,Houston Astros,Seattle Mariners,+1.5,0.19,0.64,"8.5",0.82,0.59,2.1,0.33,0.28,2026-08-16 21:55:05.942
2026-08-15,MLB,MLB,Seattle Mariners,Houston Astros,Houston Astros,-1.5,0.81,0.36,"8.5",0.18,0.41,1.8474576,0.67,0.72,2026-08-16 21:55:05.942
2026-08-15,MLB,MLB,Arizona Diamondbacks,Atlanta Braves,Arizona Diamondbacks,+1.5,0.56,0.64,"9",0.77,0.37,2.23,0.38,0.26,2026-08-16 21:55:05.942
2026-08-15,MLB,MLB,Arizona Diamondbacks,Atlanta Braves,Atlanta Braves,-1.5,0.44,0.36,"9",0.23,0.63,1.7518797,0.62,0.74,2026-08-16 21:55:05.942
2026-08-15,MLB,MLB,Boston Red Sox,Pittsburgh Pirates,Boston Red Sox,-1.5,0.83,0.64,"7.5",0.74,0.7,1.8403361,0.91,0.84,2026-08-16 21:55:05.942
2026-08-15,MLB,MLB,Boston Red Sox,Pittsburgh Pirates,Pittsburgh Pirates,+1.5,0.17,0.36,"7.5",0.26,0.3,2.11,0.09,0.16,2026-08-16 21:55:05.942
2026-08-15,MLB,MLB,Milwaukee Brewers,Los Angeles Dodgers,Milwaukee Brewers,-1.5,0.26,0.2,"7.5",0.16,0.4,1.8196721,0.64,0.56,2026-08-16 21:55:05.942
2026-08-15,MLB,MLB,Milwaukee Brewers,Los Angeles Dodgers,Los Angeles Dodgers,+1.5,0.74,0.8,"7.5",0.84,0.6,2.14,0.36,0.44,2026-08-16 21:55:05.942
2026-08-15,MLB,MLB,Kansas City Royals,Los Angeles Angels,Kansas City Royals,+1.5,0.63,0.78,"8",0.48,0.49,2.42,0.49,0.38,2026-08-16 21:55:05.942
2026-08-15,MLB,MLB,Kansas City Royals,Los Angeles Angels,Los Angeles Angels,-1.5,0.37,0.22,"8",0.52,0.51,1.6535947,0.51,0.62,2026-08-16 21:55:05.942
2026-08-15,MLB,MLB,Texas Rangers,Athletics,Texas Rangers,-1.5,0.77,0.35,"9.5",0.71,0.42,1.6493506,0.7,0.72,2026-08-16 21:55:05.942
2026-08-15,MLB,MLB,Texas Rangers,Athletics,Athletics,+1.5,0.23,0.65,"9.5",0.29,0.58,2.43,0.3,0.28,2026-08-16 21:55:05.942
2026-08-16,MLB,MLB,Baltimore Orioles,Tampa Bay Rays,Baltimore Orioles,+1.5,0.07,0.48,"8",0.8,0.65,2.31,0.31,0.32,2026-08-16 21:55:05.942
2026-08-16,MLB,MLB,Baltimore Orioles,Tampa Bay Rays,Tampa Bay Rays,-1.5,0.93,0.52,"8",0.2,0.35,1.7142857,0.69,0.68,2026-08-16 21:55:05.942
2026-08-16,MLB,MLB,Arizona Diamondbacks,Atlanta Braves,Arizona Diamondbacks,+1.5,0.13,0.61,"8.5",0.8,0.63,2.16,0.41,0.36,2026-08-16 21:55:05.942
2026-08-16,MLB,MLB,Arizona Diamondbacks,Atlanta Braves,Atlanta Braves,-1.5,0.87,0.39,"8.5",0.2,0.37,1.8064516,0.59,0.64,2026-08-16 21:55:05.942
2026-08-16,MLB,MLB,Boston Red Sox,Pittsburgh Pirates,Boston Red Sox,-1.5,0.31,0.52,"8",0.8,0.57,1.877193,0.87,0.68,2026-08-16 21:55:05.942
2026-08-16,MLB,MLB,Boston Red Sox,Pittsburgh Pirates,Pittsburgh Pirates,+1.5,0.69,0.48,"8",0.2,0.43,2.06,0.13,0.32,2026-08-16 21:55:05.942
2026-08-16,MLB,MLB,New York Yankees,Toronto Blue Jays,New York Yankees,+1.5,0.33,0.49,"7",0.13,0.4,2.16,0.67,0.54,2026-08-16 21:55:05.942
2026-08-16,MLB,MLB,New York Yankees,Toronto Blue Jays,Toronto Blue Jays,-1.5,0.67,0.51,"7",0.87,0.6,1.8064516,0.33,0.46,2026-08-16 21:55:05.942
2026-08-16,MLB,MLB,San Diego Padres,Cleveland Guardians,San Diego Padres,-1.5,0.64,0.42,"8.5",0.03,0.38,1.900901,0.92,0.65,2026-08-16 21:55:05.942
2026-08-16,MLB,MLB,San Diego Padres,Cleveland Guardians,Cleveland Guardians,+1.5,0.36,0.58,"8.5",0.97,0.62,2.03,0.08,0.35,2026-08-16 21:55:05.942
2026-08-16,MLB,MLB,Washington Nationals,New York Mets,Washington Nationals,+1.5,0.0,0.56,"8.5",0.8,0.49,2.53,0.24,0.32,2026-08-16 21:55:05.942
2026-08-16,MLB,MLB,Washington Nationals,New York Mets,New York Mets,-1.5,1.0,0.44,"8.5",0.2,0.51,1.6060606,0.76,0.68,2026-08-16 21:55:05.942
2026-08-16,MLB,MLB,Miami Marlins,Cincinnati Reds,Miami Marlins,-1.5,0.92,0.38,"9",0.64,0.44,1.8403361,0.61,0.59,2026-08-16 21:55:05.942
2026-08-16,MLB,MLB,Miami Marlins,Cincinnati Reds,Cincinnati Reds,+1.5,0.08,0.62,"9",0.36,0.56,2.11,0.39,0.41,2026-08-16 21:55:05.942
2026-08-16,MLB,MLB,Chicago White Sox,Detroit Tigers,Chicago White Sox,-1.5,0.93,0.39,"8",0.56,0.58,1.9615384,0.46,0.57,2026-08-16 21:55:05.942
2026-08-16,MLB,MLB,Chicago White Sox,Detroit Tigers,Detroit Tigers,+1.5,0.07,0.61,"8",0.44,0.42,1.9615384,0.54,0.43,2026-08-16 21:55:05.942
2026-08-16,MLB,MLB,Philadelphia Phillies,Minnesota Twins,Philadelphia Phillies,-1.5,0.41,0.56,"9.5",0.94,0.55,1.925926,0.67,0.7,2026-08-16 21:55:05.942
2026-08-16,MLB,MLB,Philadelphia Phillies,Minnesota Twins,Minnesota Twins,+1.5,0.59,0.44,"9.5",0.06,0.45,2.01,0.33,0.3,2026-08-16 21:55:05.942
2026-08-16,MLB,MLB,ST Louis Cardinals,Chicago Cubs,ST Louis Cardinals,+1.5,0.12,0.58,"8.5",0.95,0.42,2.42,0.28,0.23,2026-08-16 21:55:05.942
2026-08-16,MLB,MLB,ST Louis Cardinals,Chicago Cubs,Chicago Cubs,-1.5,0.88,0.42,"8.5",0.05,0.58,1.6535947,0.72,0.77,2026-08-16 21:55:05.942
2026-08-16,MLB,MLB,Texas Rangers,Athletics,Texas Rangers,-1.5,0.95,0.42,"10.5",0.43,0.38,1.7462686,0.48,0.66,2026-08-16 21:55:05.942
2026-08-16,MLB,MLB,Texas Rangers,Athletics,Athletics,+1.5,0.05,0.58,"10.5",0.57,0.62,2.25,0.52,0.34,2026-08-16 21:55:05.942
2026-08-16,MLB,MLB,Colorado Rockies,San Francisco Giants,Colorado Rockies,+1.5,0.09,0.48,"8",0.32,0.54,2.19,0.3,0.3,2026-08-16 21:55:05.942
2026-08-16,MLB,MLB,Colorado Rockies,San Francisco Giants,San Francisco Giants,-1.5,0.91,0.52,"8",0.68,0.46,1.78125,0.7,0.7,2026-08-16 21:55:05.942
2026-08-16,MLB,MLB,Kansas City Royals,Los Angeles Angels,Kansas City Royals,-1.5,0.95,0.29,"9",0.22,0.18,1.8849558,0.72,0.63,2026-08-16 21:55:05.942
2026-08-16,MLB,MLB,Kansas City Royals,Los Angeles Angels,Los Angeles Angels,+1.5,0.05,0.71,"9",0.78,0.82,2.05,0.28,0.37,2026-08-16 21:55:05.942
2026-08-16,MLB,MLB,Milwaukee Brewers,Los Angeles Dodgers,Milwaukee Brewers,+1.5,0.14,0.49,"7.5",0.16,0.41,2.63,0.39,0.25,2026-08-16 21:55:05.942
2026-08-16,MLB,MLB,Milwaukee Brewers,Los Angeles Dodgers,Los Angeles Dodgers,-1.5,0.86,0.51,"7.5",0.84,0.59,1.5681819,0.61,0.75,2026-08-16 21:55:05.942
2026-08-16,MLB,MLB,Seattle Mariners,Houston Astros,Seattle Mariners,+1.5,0.52,0.72,"7.5",0.78,0.65,2.2,0.11,0.29,2026-08-16 21:55:05.942
2026-08-16,MLB,MLB,Seattle Mariners,Houston Astros,Houston Astros,-1.5,0.48,0.28,"7.5",0.22,0.35,1.7751938,0.89,0.71,2026-08-16 21:55:05.942
2026-08-15,SOC,"40031",Getafe,Alaves,Getafe,-,0.0,0.0,-,0.0,0.0,3.75,0.24,0.34,2026-08-16 21:55:14.557
2026-08-15,SOC,"40031",Getafe,Alaves,Alaves,-,0.0,0.0,-,0.0,0.0,2.4,0.76,0.66,2026-08-16 21:55:14.557
2026-08-15,SOC,"40031",Vallecano,Sevilla,Vallecano,-,0.0,0.0,-,0.0,0.0,3.05,0.17,0.12,2026-08-16 21:55:14.557
2026-08-15,SOC,"40031",Vallecano,Sevilla,Sevilla,-,0.0,0.0,-,0.0,0.0,2.7,0.83,0.88,2026-08-16 21:55:14.557
2026-08-16,SOC,"40031",Villarreal,Racing Santander,Villarreal,-,0.0,0.0,-,0.0,0.0,2.05,0.98,0.96,2026-08-16 21:55:14.557
2026-08-16,SOC,"40031",Villarreal,Racing Santander,Racing Santander,-,0.0,0.0,-,0.0,0.0,3.5,0.02,0.04,2026-08-16 21:55:14.557
2026-08-16,SOC,"40031",Levante,Espanyol,Levante,-,0.0,0.0,-,0.0,0.0,3.7,0.26,0.11,2026-08-16 21:55:14.557
2026-08-16,SOC,"40031",Levante,Espanyol,Espanyol,-,0.0,0.0,-,0.0,0.0,2.1,0.74,0.89,2026-08-16 21:55:14.557
2026-08-16,SOC,"40031",Osasuna,Celta Vigo,Osasuna,-,0.0,0.0,-,0.0,0.0,3.65,0.1,0.1,2026-08-16 21:55:14.557
2026-08-16,SOC,"40031",Osasuna,Celta Vigo,Celta Vigo,-,0.0,0.0,-,0.0,0.0,2.05,0.9,0.9,2026-08-16 21:55:14.557
2026-08-17,SOC,"40031",Elche,Dep La Coruna,Elche,-,0.0,0.0,-,0.0,0.0,3.35,0.5,0.56,2026-08-16 21:55:14.557
2026-08-17,SOC,"40031",Elche,Dep La Coruna,Dep La Coruna,-,0.0,0.0,-,0.0,0.0,2.35,0.5,0.44,2026-08-16 21:55:14.557
2026-08-15,SOC,"40817",Preston,Bolton,Preston,-,0.0,0.0,-,0.0,0.0,3.05,0.19,0.3,2026-08-16 21:55:16.263
2026-08-15,SOC,"40817",Preston,Bolton,Bolton,-,0.0,0.0,-,0.0,0.0,2.35,0.81,0.7,2026-08-16 21:55:16.263
2026-08-15,SOC,"40817",West Brom,Norwich,West Brom,-,0.0,0.0,-,0.0,0.0,3.75,0.05,0.11,2026-08-16 21:55:16.263
2026-08-15,SOC,"40817",West Brom,Norwich,Norwich,-,0.0,0.0,-,0.0,0.0,2.0,0.95,0.89,2026-08-16 21:55:16.263
2026-08-15,SOC,"40817",Swansea,Stoke City,Swansea,-,0.0,0.0,-,0.0,0.0,3.05,0.19,0.21,2026-08-16 21:55:16.263
2026-08-15,SOC,"40817",Swansea,Stoke City,Stoke City,-,0.0,0.0,-,0.0,0.0,2.35,0.81,0.79,2026-08-16 21:55:16.263
2026-08-15,SOC,"40817",Millwall,Bristol City,Millwall,-,0.0,0.0,-,0.0,0.0,2.8,0.58,0.44,2026-08-16 21:55:16.263
2026-08-15,SOC,"40817",Millwall,Bristol City,Bristol City,-,0.0,0.0,-,0.0,0.0,2.5,0.42,0.56,2026-08-16 21:55:16.263
2026-08-15,SOC,"40817",Lincoln City,Middlesbrough,Lincoln City,-,0.0,0.0,-,0.0,0.0,6.5,0.03,0.02,2026-08-16 21:55:16.263
2026-08-15,SOC,"40817",Lincoln City,Middlesbrough,Middlesbrough,-,0.0,0.0,-,0.0,0.0,1.5128205,0.97,0.98,2026-08-16 21:55:16.263
2026-08-15,SOC,"40817",Derby County,Charlton,Derby County,-,0.0,0.0,-,0.0,0.0,2.75,0.42,0.53,2026-08-16 21:55:16.263
2026-08-15,SOC,"40817",Derby County,Charlton,Charlton,-,0.0,0.0,-,0.0,0.0,2.7,0.58,0.47,2026-08-16 21:55:16.263
2026-08-15,SOC,"40817",Queens Park Rangers,Portsmouth,Queens Park Rangers,-,0.0,0.0,-,0.0,0.0,3.15,0.66,0.25,2026-08-16 21:55:16.263
2026-08-15,SOC,"40817",Queens Park Rangers,Portsmouth,Portsmouth,-,0.0,0.0,-,0.0,0.0,2.35,0.34,0.75,2026-08-16 21:55:16.263
2026-08-15,SOC,"40817",Birmingham,Sheffield Utd,Birmingham,-,0.0,0.0,-,0.0,0.0,3.3,0.24,0.25,2026-08-16 21:55:16.263
2026-08-15,SOC,"40817",Birmingham,Sheffield Utd,Sheffield Utd,-,0.0,0.0,-,0.0,0.0,2.25,0.76,0.75,2026-08-16 21:55:16.263
2026-08-16,SOC,"40817",Southampton,Watford,Southampton,-,0.0,0.0,-,0.0,0.0,2.0,0.96,0.88,2026-08-16 21:55:16.263
2026-08-16,SOC,"40817",Southampton,Watford,Watford,-,0.0,0.0,-,0.0,0.0,3.6,0.04,0.12,2026-08-16 21:55:16.263
2026-08-16,SOC,"40817",West Ham,Burnley,West Ham,-,0.0,0.0,-,0.0,0.0,2.2,0.93,0.86,2026-08-16 21:55:16.263
2026-08-16,SOC,"40817",West Ham,Burnley,Burnley,-,0.0,0.0,-,0.0,0.0,3.2,0.07,0.14,2026-08-16 21:55:16.263
2026-08-17,SOC,"40817",Wrexham,Cardiff City,Wrexham,-,0.0,0.0,-,0.0,0.0,2.8,0.76,0.46,2026-08-16 21:55:16.263
2026-08-17,SOC,"40817",Wrexham,Cardiff City,Cardiff City,-,0.0,0.0,-,0.0,0.0,2.45,0.24,0.54,2026-08-16 21:55:16.263
2026-08-15,SOC,"89345",New York Red Bulls,Atlanta Utd,New York Red Bulls,-,0.0,0.0,-,0.0,0.0,3.0,0.51,0.38,2026-08-16 21:55:24.805
2026-08-15,SOC,"89345",New York Red Bulls,Atlanta Utd,Atlanta Utd,-,0.0,0.0,-,0.0,0.0,2.05,0.49,0.62,2026-08-16 21:55:24.805
2026-08-15,SOC,"89345",DC Utd,CF Montreal,DC Utd,-,0.0,0.0,-,0.0,0.0,3.05,0.38,0.32,2026-08-16 21:55:24.805
2026-08-15,SOC,"89345",DC Utd,CF Montreal,CF Montreal,-,0.0,0.0,-,0.0,0.0,2.1,0.62,0.68,2026-08-16 21:55:24.805
2026-08-15,SOC,"89345",Columbus Crew,Charlotte FC,Columbus Crew,-,0.0,0.0,-,0.0,0.0,3.1,0.15,0.32,2026-08-16 21:55:24.805
2026-08-15,SOC,"89345",Columbus Crew,Charlotte FC,Charlotte FC,-,0.0,0.0,-,0.0,0.0,2.1,0.85,0.68,2026-08-16 21:55:24.805
2026-08-15,SOC,"89345",FC Cincinnati,Orlando City,FC Cincinnati,-,0.0,0.0,-,0.0,0.0,2.3,0.39,0.35,2026-08-16 21:55:24.805
2026-08-15,SOC,"89345",FC Cincinnati,Orlando City,Orlando City,-,0.0,0.0,-,0.0,0.0,2.5,0.61,0.65,2026-08-16 21:55:24.805
2026-08-15,SOC,"89345",NE Revolution,Toronto FC,NE Revolution,-,0.0,0.0,-,0.0,0.0,2.95,0.42,0.41,2026-08-16 21:55:24.805
2026-08-15,SOC,"89345",NE Revolution,Toronto FC,Toronto FC,-,0.0,0.0,-,0.0,0.0,2.15,0.58,0.59,2026-08-16 21:55:24.805
2026-08-15,SOC,"89345",Inter Miami,Nashville SC,Inter Miami,-,0.0,0.0,-,0.0,0.0,2.55,0.91,0.71,2026-08-16 21:55:24.805
2026-08-15,SOC,"89345",Inter Miami,Nashville SC,Nashville SC,-,0.0,0.0,-,0.0,0.0,2.4,0.09,0.29,2026-08-16 21:55:24.805
2026-08-15,SOC,"89345",LA Galaxy,HOU Dynamo,LA Galaxy,-,0.0,0.0,-,0.0,0.0,4.6,0.06,0.19,2026-08-16 21:55:24.805
2026-08-15,SOC,"89345",LA Galaxy,HOU Dynamo,HOU Dynamo,-,0.0,0.0,-,0.0,0.0,1.6451613,0.94,0.81,2026-08-16 21:55:24.805
2026-08-15,SOC,"89345",Sporting KC,COL Rapids,Sporting KC,-,0.0,0.0,-,0.0,0.0,5.75,0.02,0.21,2026-08-16 21:55:24.805
2026-08-15,SOC,"89345",Sporting KC,COL Rapids,COL Rapids,-,0.0,0.0,-,0.0,0.0,1.4545455,0.98,0.79,2026-08-16 21:55:24.805
2026-08-15,SOC,"89345",Minnesota Utd,Real Salt Lake,Minnesota Utd,-,0.0,0.0,-,0.0,0.0,3.8,0.04,0.19,2026-08-16 21:55:24.805
2026-08-15,SOC,"89345",Minnesota Utd,Real Salt Lake,Real Salt Lake,-,0.0,0.0,-,0.0,0.0,1.8333334,0.96,0.81,2026-08-16 21:55:24.805
2026-08-15,SOC,"89345",San Diego FC,LAFC,San Diego FC,-,0.0,0.0,-,0.0,0.0,4.6,0.01,0.12,2026-08-16 21:55:24.805
2026-08-15,SOC,"89345",San Diego FC,LAFC,LAFC,-,0.0,0.0,-,0.0,0.0,1.6060606,0.99,0.88,2026-08-16 21:55:24.805
2026-08-15,SOC,"89345",St Louis City SC,SJ Earthquakes,St Louis City SC,-,0.0,0.0,-,0.0,0.0,3.0,0.23,0.4,2026-08-16 21:55:24.805
2026-08-15,SOC,"89345",St Louis City SC,SJ Earthquakes,SJ Earthquakes,-,0.0,0.0,-,0.0,0.0,2.05,0.77,0.6,2026-08-16 21:55:24.805
2026-08-16,SOC,"89345",PHI Union,NYCFC,PHI Union,-,0.0,0.0,-,0.0,0.0,2.55,0.12,0.52,2026-08-16 21:55:24.805
2026-08-16,SOC,"89345",PHI Union,NYCFC,NYCFC,-,0.0,0.0,-,0.0,0.0,2.45,0.88,0.48,2026-08-16 21:55:24.805
2026-08-16,SOC,"89345",POR Timbers,CHI Fire,POR Timbers,-,0.0,0.0,-,0.0,0.0,5.0,0.34,0.39,2026-08-16 21:55:24.805
2026-08-16,SOC,"89345",POR Timbers,CHI Fire,CHI Fire,-,0.0,0.0,-,0.0,0.0,1.5,0.66,0.61,2026-08-16 21:55:24.805
2026-08-16,SOC,"89345",FC Dallas,Austin FC,FC Dallas,-,0.0,0.0,-,0.0,0.0,2.25,0.31,0.76,2026-08-16 21:55:24.805
2026-08-16,SOC,"89345",FC Dallas,Austin FC,Austin FC,-,0.0,0.0,-,0.0,0.0,2.8,0.69,0.24,2026-08-16 21:55:24.805
2026-08-16,SOC,"89345",Vancouver Whitecaps,Seattle Sounders,Vancouver Whitecaps,-,0.0,0.0,-,0.0,0.0,1.8,0.77,0.87,2026-08-16 21:55:24.805
2026-08-16,SOC,"89345",Vancouver Whitecaps,Seattle Sounders,Seattle Sounders,-,0.0,0.0,-,0.0,0.0,3.8,0.23,0.13,2026-08-16 21:55:24.805
2026-08-15,UFC,UFC,Chidi Njokuani,Joel Alvarez,Chidi Njokuani,-,0.0,0.0,-,0.0,0.0,3.0,0.0,0.0,2026-08-16 21:55:26.309
2026-08-15,UFC,UFC,Chidi Njokuani,Joel Alvarez,Joel Alvarez,-,0.0,0.0,-,0.0,0.0,1.4081633,1.0,1.0,2026-08-16 21:55:26.309
2026-08-15,UFC,UFC,Myktybek Orolbai,Jeremiah Wells,Myktybek Orolbai,-,0.0,0.0,-,0.0,0.0,1.074074,0.78,0.89,2026-08-16 21:55:26.309
2026-08-15,UFC,UFC,Myktybek Orolbai,Jeremiah Wells,Jeremiah Wells,-,0.0,0.0,-,0.0,0.0,9.0,0.22,0.11,2026-08-16 21:55:26.309
2026-08-15,UFC,UFC,Ramiz Brahimaj,Neil Magny,Ramiz Brahimaj,-,0.0,0.0,-,0.0,0.0,1.7042253,0.75,0.59,2026-08-16 21:55:26.309
2026-08-15,UFC,UFC,Ramiz Brahimaj,Neil Magny,Neil Magny,-,0.0,0.0,-,0.0,0.0,2.2,0.25,0.41,2026-08-16 21:55:26.309
2026-08-15,UFC,UFC,Lucas Fernando,Rafael Tobias,Lucas Fernando,-,0.0,0.0,-,0.0,0.0,1.3508772,0.62,0.79,2026-08-16 21:55:26.309
2026-08-15,UFC,UFC,Lucas Fernando,Rafael Tobias,Rafael Tobias,-,0.0,0.0,-,0.0,0.0,3.3,0.38,0.21,2026-08-16 21:55:26.309
2026-08-15,UFC,UFC,Tresean Gore,Vicente Luque,Tresean Gore,-,0.0,0.0,-,0.0,0.0,1.8474576,0.6,0.49,2026-08-16 21:55:26.309
2026-08-15,UFC,UFC,Tresean Gore,Vicente Luque,Vicente Luque,-,0.0,0.0,-,0.0,0.0,1.9803921,0.4,0.51,2026-08-16 21:55:26.309
2026-08-15,UFC,UFC,Eric McConico,Donte Johnson,Eric McConico,-,0.0,0.0,-,0.0,0.0,3.8,0.29,0.16,2026-08-16 21:55:26.309
2026-08-15,UFC,UFC,Eric McConico,Donte Johnson,Donte Johnson,-,0.0,0.0,-,0.0,0.0,1.2816901,0.71,0.84,2026-08-16 21:55:26.309
2026-08-15,UFC,UFC,Eduardo Henrique,Charles Johnson,Eduardo Henrique,-,0.0,0.0,-,0.0,0.0,1.9803921,0.39,0.3,2026-08-16 21:55:26.309
2026-08-15,UFC,UFC,Eduardo Henrique,Charles Johnson,Charles Johnson,-,0.0,0.0,-,0.0,0.0,1.8474576,0.61,0.7,2026-08-16 21:55:26.309
2026-08-15,UFC,UFC,Joel Alvarez,Chidi Njokuani,Joel Alvarez,-,0.0,0.0,-,0.0,0.0,1.2666667,0.78,0.87,2026-08-16 21:55:26.309
2026-08-15,UFC,UFC,Joel Alvarez,Chidi Njokuani,Chidi Njokuani,-,0.0,0.0,-,0.0,0.0,3.95,0.22,0.13,2026-08-16 21:55:26.309
2026-08-15,UFC,UFC,Esteban Ribovics,Edson Barboza,Esteban Ribovics,-,0.0,0.0,-,0.0,0.0,1.1333333,0.3,0.75,2026-08-16 21:55:26.309
2026-08-15,UFC,UFC,Esteban Ribovics,Edson Barboza,Edson Barboza,-,0.0,0.0,-,0.0,0.0,6.25,0.7,0.25,2026-08-16 21:55:26.309
2026-08-15,UFC,UFC,Dustin Stoltzfus,Mansur Abdul-Malik,Dustin Stoltzfus,-,0.0,0.0,-,0.0,0.0,5.9,0.38,0.13,2026-08-16 21:55:26.309
2026-08-15,UFC,UFC,Dustin Stoltzfus,Mansur Abdul-Malik,Mansur Abdul-Malik,-,0.0,0.0,-,0.0,0.0,1.1481482,0.62,0.87,2026-08-16 21:55:26.309
2026-08-15,UFC,UFC,Jose Ochoa,Charles Johnson,Jose Ochoa,-,0.0,0.0,-,0.0,0.0,1.2197802,0.77,0.82,2026-08-16 21:55:26.309
2026-08-15,UFC,UFC,Jose Ochoa,Charles Johnson,Charles Johnson,-,0.0,0.0,-,0.0,0.0,4.5,0.23,0.18,2026-08-16 21:55:26.309
2026-08-15,UFC,UFC,Kaue Fernandes,Jalin Turner,Kaue Fernandes,-,0.0,0.0,-,0.0,0.0,2.0,0.56,0.37,2026-08-16 21:55:26.309
2026-08-15,UFC,UFC,Kaue Fernandes,Jalin Turner,Jalin Turner,-,0.0,0.0,-,0.0,0.0,1.8333334,0.44,0.63,2026-08-16 21:55:26.309
2026-08-15,UFC,UFC,Gillian Robertson,Mackenzie Dern,Gillian Robertson,-,0.0,0.0,-,0.0,0.0,2.8,0.3,0.28,2026-08-16 21:55:26.309
2026-08-15,UFC,UFC,Gillian Robertson,Mackenzie Dern,Mackenzie Dern,-,0.0,0.0,-,0.0,0.0,1.4587156,0.7,0.72,2026-08-16 21:55:26.309
2026-08-15,UFC,UFC,Ian Machado Garry,Islam Makhachev,Ian Machado Garry,-,0.0,0.0,-,0.0,0.0,3.6,0.56,0.31,2026-08-16 21:55:26.309
2026-08-15,UFC,UFC,Ian Machado Garry,Islam Makhachev,Islam Makhachev,-,0.0,0.0,-,0.0,0.0,1.3076923,0.44,0.69,2026-08-16 21:55:26.309
2026-08-15,BOX,BOX,Alexander Thiel,Jaquan McElroy,Alexander Thiel,-,0.0,0.0,-,0.0,0.0,9.0,0.0,0.0,2026-08-16 21:55:27.874
2026-08-15,BOX,BOX,Alexander Thiel,Jaquan McElroy,Jaquan McElroy,-,0.0,0.0,-,0.0,0.0,1.0625,1.0,1.0,2026-08-16 21:55:27.874
2026-08-15,BOX,BOX,Michael Nelson,Casey Dixon,Michael Nelson,-,0.0,0.0,-,0.0,0.0,10.0,0.0,0.0,2026-08-16 21:55:27.874
2026-08-15,BOX,BOX,Michael Nelson,Casey Dixon,Casey Dixon,-,0.0,0.0,-,0.0,0.0,1.05,1.0,1.0,2026-08-16 21:55:27.874
2026-08-15,BOX,BOX,Rahmel McKinley,Daniel Mercado,Rahmel McKinley,-,0.0,0.0,-,0.0,0.0,17.0,0.0,0.0,2026-08-16 21:55:27.874
2026-08-15,BOX,BOX,Rahmel McKinley,Daniel Mercado,Daniel Mercado,-,0.0,0.0,-,0.0,0.0,1.01,1.0,1.0,2026-08-16 21:55:27.874
2026-08-15,BOX,BOX,Marianela Ramirez,Shannel Butler,Marianela Ramirez,-,0.0,0.0,-,0.0,0.0,8.5,0.0,0.0,2026-08-16 21:55:27.874
2026-08-15,BOX,BOX,Marianela Ramirez,Shannel Butler,Shannel Butler,-,0.0,0.0,-,0.0,0.0,1.0625,1.0,1.0,2026-08-16 21:55:27.874
2026-08-15,BOX,BOX,Da'Velle Smith,Hakim Lopez,Da'Velle Smith,-,0.0,0.0,-,0.0,0.0,1.3846154,1.0,1.0,2026-08-16 21:55:27.874
2026-08-15,BOX,BOX,Da'Velle Smith,Hakim Lopez,Hakim Lopez,-,0.0,0.0,-,0.0,0.0,3.0,0.0,0.0,2026-08-16 21:55:27.874
2026-08-15,BOX,BOX,Olivia Curry,Danielle Perkins,Olivia Curry,-,0.0,0.0,-,0.0,0.0,5.75,0.0,0.0,2026-08-16 21:55:27.874
2026-08-15,BOX,BOX,Olivia Curry,Danielle Perkins,Danielle Perkins,-,0.0,0.0,-,0.0,0.0,1.1333333,1.0,1.0,2026-08-16 21:55:27.874
2026-08-15,BOX,BOX,Roamer Angulo,Atif Oberlton,Roamer Angulo,-,0.0,0.0,-,0.0,0.0,10.0,0.11,0.05,2026-08-16 21:55:27.874
2026-08-15,BOX,BOX,Roamer Angulo,Atif Oberlton,Atif Oberlton,-,0.0,0.0,-,0.0,0.0,1.05,0.89,0.95,2026-08-16 21:55:27.874
2026-08-15,BOX,BOX,Bernice Ferreira,Caroline Veyre,Bernice Ferreira,-,0.0,0.0,-,0.0,0.0,4.2,0.0,0.0,2026-08-16 21:55:27.874
2026-08-15,BOX,BOX,Bernice Ferreira,Caroline Veyre,Caroline Veyre,-,0.0,0.0,-,0.0,0.0,1.2222222,1.0,1.0,2026-08-16 21:55:27.874
2026-08-15,BOX,BOX,Paulette Cuesta,Ashleyann Lozada,Paulette Cuesta,-,0.0,0.0,-,0.0,0.0,7.5,0.0,0.0,2026-08-16 21:55:27.874
2026-08-15,BOX,BOX,Paulette Cuesta,Ashleyann Lozada,Ashleyann Lozada,-,0.0,0.0,-,0.0,0.0,1.0833334,1.0,1.0,2026-08-16 21:55:27.890
2026-08-15,BOX,BOX,Joseph Hicks,Troy Isley,Joseph Hicks,-,0.0,0.0,-,0.0,0.0,5.75,0.0,0.0,2026-08-16 21:55:27.890
2026-08-15,BOX,BOX,Joseph Hicks,Troy Isley,Troy Isley,-,0.0,0.0,-,0.0,0.0,1.1333333,1.0,1.0,2026-08-16 21:55:27.890
2026-08-15,BOX,BOX,Roger Hilley,Ernesto Mercado,Roger Hilley,-,0.0,0.0,-,0.0,0.0,14.0,0.0,0.0,2026-08-16 21:55:27.890
2026-08-15,BOX,BOX,Roger Hilley,Ernesto Mercado,Ernesto Mercado,-,0.0,0.0,-,0.0,0.0,1.02,1.0,1.0,2026-08-16 21:55:27.890
2026-08-16,BOX,BOX,Kaye Scott,Claressa Shields,Kaye Scott,-,0.0,0.0,-,0.0,0.0,13.0,0.94,0.18,2026-08-16 21:55:27.890
2026-08-16,BOX,BOX,Kaye Scott,Claressa Shields,Claressa Shields,-,0.0,0.0,-,0.0,0.0,1.0333333,0.06,0.82,2026-08-16 21:55:27.890
2026-08-16,BOX,BOX,Emmanuel Tagoe,Ernesto Mercado,Emmanuel Tagoe,-,0.0,0.0,-,0.0,0.0,12.0,0.0,0.0,2026-08-16 21:55:27.890
2026-08-16,BOX,BOX,Emmanuel Tagoe,Ernesto Mercado,Ernesto Mercado,-,0.0,0.0,-,0.0,0.0,1.0333333,1.0,1.0,2026-08-16 21:55:27.890
2026-08-15,AFL,AFL,Collingwood Magpies,Hawthorn Hawks,Collingwood Magpies,+21.5,0.88,0.5,-,0.0,0.0,3.45,0.0,0.0,2026-08-16 21:55:29.399
2026-08-15,AFL,AFL,Collingwood Magpies,Hawthorn Hawks,Hawthorn Hawks,-21.5,0.12,0.5,-,0.0,0.0,1.3030303,1.0,1.0,2026-08-16 21:55:29.399
2026-08-15,AFL,AFL,Melbourne Demons,Port Adelaide Power,Melbourne Demons,-25.5,1.0,1.0,-,0.0,0.0,1.2564102,1.0,1.0,2026-08-16 21:55:29.399
2026-08-15,AFL,AFL,Melbourne Demons,Port Adelaide Power,Port Adelaide Power,+25.5,0.0,0.0,-,0.0,0.0,3.9,0.0,0.0,2026-08-16 21:55:29.399
2026-08-15,AFL,AFL,West Coast Eagles,GWS Giants,West Coast Eagles,+31.5,1.0,1.0,"182.5",0.0,0.0,4.9,0.0,0.0,2026-08-16 21:55:29.399
2026-08-15,AFL,AFL,West Coast Eagles,GWS Giants,GWS Giants,-31.5,0.0,0.0,"182.5",1.0,1.0,1.173913,1.0,1.0,2026-08-16 21:55:29.399
2026-08-16,AFL,AFL,Carlton Blues,Western Bulldogs,Carlton Blues,-19.5,0.18,0.5,-,0.0,0.0,1.3508772,0.0,0.0,2026-08-16 21:55:29.399
2026-08-16,AFL,AFL,Carlton Blues,Western Bulldogs,Western Bulldogs,+19.5,0.82,0.5,-,0.0,0.0,3.15,1.0,1.0,2026-08-16 21:55:29.399
2026-08-15,MLB,MLB,Chicago White Sox,Detroit Tigers,Chicago White Sox,+1.5,0.14,0.53,"8",0.65,0.65,2.3,0.39,0.29,2026-08-16 22:25:08.490
2026-08-15,MLB,MLB,Chicago White Sox,Detroit Tigers,Detroit Tigers,-1.5,0.86,0.47,"8",0.35,0.35,1.7142857,0.61,0.71,2026-08-16 22:25:08.490
2026-08-15,MLB,MLB,ST Louis Cardinals,Chicago Cubs,ST Louis Cardinals,+1.5,0.12,0.23,"9",0.53,0.49,2.68,0.21,0.14,2026-08-16 22:25:08.490
2026-08-15,MLB,MLB,ST Louis Cardinals,Chicago Cubs,Chicago Cubs,-1.5,0.88,0.77,"9",0.47,0.51,1.5524862,0.79,0.86,2026-08-16 22:25:08.490
2026-08-15,MLB,MLB,New York Yankees,Toronto Blue Jays,New York Yankees,-1.5,0.85,0.7,"7",0.52,0.49,1.5376344,0.83,0.83,2026-08-16 22:25:08.490
2026-08-15,MLB,MLB,New York Yankees,Toronto Blue Jays,Toronto Blue Jays,+1.5,0.15,0.3,"7",0.48,0.51,2.73,0.17,0.17,2026-08-16 22:25:08.490
2026-08-15,MLB,MLB,Colorado Rockies,San Francisco Giants,Colorado Rockies,+1.5,0.09,0.37,"7.5",0.84,0.75,2.55,0.26,0.21,2026-08-16 22:25:08.490
2026-08-15,MLB,MLB,Colorado Rockies,San Francisco Giants,San Francisco Giants,-1.5,0.91,0.63,"7.5",0.16,0.25,1.5988024,0.74,0.79,2026-08-16 22:25:08.490
2026-08-15,MLB,MLB,Washington Nationals,New York Mets,Washington Nationals,+1.5,0.1,0.6,"7.5",0.79,0.65,2.21,0.17,0.35,2026-08-16 22:25:08.490
2026-08-15,MLB,MLB,Washington Nationals,New York Mets,New York Mets,-1.5,0.9,0.4,"7.5",0.21,0.35,1.7692307,0.83,0.65,2026-08-16 22:25:08.490
2026-08-15,MLB,MLB,Baltimore Orioles,Tampa Bay Rays,Baltimore Orioles,+1.5,0.03,0.39,"7.5",0.45,0.61,2.31,0.2,0.18,2026-08-16 22:25:08.490
2026-08-15,MLB,MLB,Baltimore Orioles,Tampa Bay Rays,Tampa Bay Rays,-1.5,0.97,0.61,"7.5",0.55,0.39,1.7092198,0.8,0.82,2026-08-16 22:25:08.490
2026-08-15,MLB,MLB,Miami Marlins,Cincinnati Reds,Miami Marlins,-1.5,0.69,0.18,"9",0.94,0.53,1.9803921,0.66,0.49,2026-08-16 22:25:08.490
2026-08-15,MLB,MLB,Miami Marlins,Cincinnati Reds,Cincinnati Reds,+1.5,0.31,0.82,"9",0.06,0.47,1.9523809,0.34,0.51,2026-08-16 22:25:08.490
2026-08-15,MLB,MLB,San Diego Padres,Cleveland Guardians,San Diego Padres,-1.5,0.69,0.42,"8.5",0.31,0.55,2.01,0.79,0.56,2026-08-16 22:25:08.490
2026-08-15,MLB,MLB,San Diego Padres,Cleveland Guardians,Cleveland Guardians,+1.5,0.31,0.58,"8.5",0.69,0.45,1.925926,0.21,0.44,2026-08-16 22:25:08.490
2026-08-15,MLB,MLB,Philadelphia Phillies,Minnesota Twins,Philadelphia Phillies,-1.5,0.75,0.63,"8",0.95,0.69,1.7518797,0.77,0.87,2026-08-16 22:25:08.490
2026-08-15,MLB,MLB,Philadelphia Phillies,Minnesota Twins,Minnesota Twins,+1.5,0.25,0.37,"8",0.05,0.31,2.23,0.23,0.13,2026-08-16 22:25:08.490
2026-08-15,MLB,MLB,Seattle Mariners,Houston Astros,Seattle Mariners,+1.5,0.19,0.64,"8.5",0.82,0.59,2.1,0.33,0.28,2026-08-16 22:25:08.490
2026-08-15,MLB,MLB,Seattle Mariners,Houston Astros,Houston Astros,-1.5,0.81,0.36,"8.5",0.18,0.41,1.8474576,0.67,0.72,2026-08-16 22:25:08.490
2026-08-15,MLB,MLB,Arizona Diamondbacks,Atlanta Braves,Arizona Diamondbacks,+1.5,0.56,0.64,"9",0.77,0.37,2.23,0.38,0.26,2026-08-16 22:25:08.490
2026-08-15,MLB,MLB,Arizona Diamondbacks,Atlanta Braves,Atlanta Braves,-1.5,0.44,0.36,"9",0.23,0.63,1.7518797,0.62,0.74,2026-08-16 22:25:08.490
2026-08-15,MLB,MLB,Boston Red Sox,Pittsburgh Pirates,Boston Red Sox,-1.5,0.83,0.64,"7.5",0.74,0.7,1.8403361,0.91,0.84,2026-08-16 22:25:08.490
2026-08-15,MLB,MLB,Boston Red Sox,Pittsburgh Pirates,Pittsburgh Pirates,+1.5,0.17,0.36,"7.5",0.26,0.3,2.11,0.09,0.16,2026-08-16 22:25:08.490
2026-08-15,MLB,MLB,Milwaukee Brewers,Los Angeles Dodgers,Milwaukee Brewers,-1.5,0.26,0.2,"7.5",0.16,0.4,1.8196721,0.64,0.56,2026-08-16 22:25:08.490
2026-08-15,MLB,MLB,Milwaukee Brewers,Los Angeles Dodgers,Los Angeles Dodgers,+1.5,0.74,0.8,"7.5",0.84,0.6,2.14,0.36,0.44,2026-08-16 22:25:08.490
2026-08-15,MLB,MLB,Kansas City Royals,Los Angeles Angels,Kansas City Royals,+1.5,0.63,0.78,"8",0.48,0.49,2.42,0.49,0.38,2026-08-16 22:25:08.490
2026-08-15,MLB,MLB,Kansas City Royals,Los Angeles Angels,Los Angeles Angels,-1.5,0.37,0.22,"8",0.52,0.51,1.6535947,0.51,0.62,2026-08-16 22:25:08.490
2026-08-15,MLB,MLB,Texas Rangers,Athletics,Texas Rangers,-1.5,0.77,0.35,"9.5",0.71,0.42,1.6493506,0.7,0.72,2026-08-16 22:25:08.490
2026-08-15,MLB,MLB,Texas Rangers,Athletics,Athletics,+1.5,0.23,0.65,"9.5",0.29,0.58,2.43,0.3,0.28,2026-08-16 22:25:08.490
2026-08-16,MLB,MLB,Baltimore Orioles,Tampa Bay Rays,Baltimore Orioles,+1.5,0.07,0.49,"8",0.79,0.66,2.27,0.31,0.31,2026-08-16 22:25:08.490
2026-08-16,MLB,MLB,Baltimore Orioles,Tampa Bay Rays,Tampa Bay Rays,-1.5,0.93,0.51,"8",0.21,0.34,1.7352941,0.69,0.69,2026-08-16 22:25:08.490
2026-08-16,MLB,MLB,Arizona Diamondbacks,Atlanta Braves,Arizona Diamondbacks,+1.5,0.16,0.63,"9",0.78,0.62,2.14,0.4,0.36,2026-08-16 22:25:08.490
2026-08-16,MLB,MLB,Arizona Diamondbacks,Atlanta Braves,Atlanta Braves,-1.5,0.84,0.38,"9",0.22,0.38,1.8130082,0.6,0.64,2026-08-16 22:25:08.490
2026-08-16,MLB,MLB,Boston Red Sox,Pittsburgh Pirates,Boston Red Sox,-1.5,0.32,0.55,"8",0.83,0.58,1.877193,0.87,0.69,2026-08-16 22:25:08.490
2026-08-16,MLB,MLB,Boston Red Sox,Pittsburgh Pirates,Pittsburgh Pirates,+1.5,0.68,0.45,"8",0.17,0.42,2.06,0.13,0.31,2026-08-16 22:25:08.490
2026-08-16,MLB,MLB,New York Yankees,Toronto Blue Jays,New York Yankees,+1.5,0.39,0.52,"7",0.2,0.42,2.12,0.69,0.53,2026-08-16 22:25:08.490
2026-08-16,MLB,MLB,New York Yankees,Toronto Blue Jays,Toronto Blue Jays,-1.5,0.61,0.48,"7",0.8,0.58,1.8333334,0.31,0.47,2026-08-16 22:25:08.490
2026-08-16,MLB,MLB,San Diego Padres,Cleveland Guardians,San Diego Padres,-1.5,0.67,0.44,"8.5",0.03,0.36,1.900901,0.9,0.65,2026-08-16 22:25:08.490
2026-08-16,MLB,MLB,San Diego Padres,Cleveland Guardians,Cleveland Guardians,+1.5,0.33,0.56,"8.5",0.97,0.64,2.03,0.1,0.35,2026-08-16 22:25:08.490
2026-08-16,MLB,MLB,Washington Nationals,New York Mets,Washington Nationals,+1.5,0.0,0.54,"8.5",0.8,0.47,2.53,0.28,0.3,2026-08-16 22:25:08.490
2026-08-16,MLB,MLB,Washington Nationals,New York Mets,New York Mets,-1.5,1.0,0.46,"8.5",0.2,0.53,1.6060606,0.72,0.7,2026-08-16 22:25:08.490
2026-08-16,MLB,MLB,Miami Marlins,Cincinnati Reds,Miami Marlins,-1.5,0.92,0.4,"8.5",0.65,0.43,1.8474576,0.64,0.6,2026-08-16 22:25:08.490
2026-08-16,MLB,MLB,Miami Marlins,Cincinnati Reds,Cincinnati Reds,+1.5,0.08,0.6,"8.5",0.35,0.57,2.1,0.36,0.4,2026-08-16 22:25:08.490
2026-08-16,MLB,MLB,Chicago White Sox,Detroit Tigers,Chicago White Sox,-1.5,0.94,0.43,"8",0.56,0.55,1.990099,0.65,0.58,2026-08-16 22:25:08.490
2026-08-16,MLB,MLB,Chicago White Sox,Detroit Tigers,Detroit Tigers,+1.5,0.06,0.57,"8",0.44,0.45,1.9433962,0.35,0.42,2026-08-16 22:25:08.490
2026-08-16,MLB,MLB,Philadelphia Phillies,Minnesota Twins,Philadelphia Phillies,-1.5,0.52,0.57,"9.5",0.94,0.53,1.925926,0.61,0.71,2026-08-16 22:25:08.490
2026-08-16,MLB,MLB,Philadelphia Phillies,Minnesota Twins,Minnesota Twins,+1.5,0.48,0.43,"9.5",0.06,0.47,2.01,0.39,0.29,2026-08-16 22:25:08.490
2026-08-16,MLB,MLB,ST Louis Cardinals,Chicago Cubs,ST Louis Cardinals,+1.5,0.11,0.6,"8.5",0.96,0.42,2.42,0.25,0.22,2026-08-16 22:25:08.490
2026-08-16,MLB,MLB,ST Louis Cardinals,Chicago Cubs,Chicago Cubs,-1.5,0.89,0.4,"8.5",0.04,0.58,1.6535947,0.75,0.78,2026-08-16 22:25:08.490
2026-08-16,MLB,MLB,Texas Rangers,Athletics,Texas Rangers,-1.5,0.96,0.45,"10.5",0.43,0.35,1.7462686,0.48,0.66,2026-08-16 22:25:08.490
2026-08-16,MLB,MLB,Texas Rangers,Athletics,Athletics,+1.5,0.04,0.55,"10.5",0.57,0.65,2.25,0.52,0.34,2026-08-16 22:25:08.490
2026-08-16,MLB,MLB,Colorado Rockies,San Francisco Giants,Colorado Rockies,+1.5,0.09,0.47,"8",0.32,0.53,2.19,0.37,0.3,2026-08-16 22:25:08.490
2026-08-16,MLB,MLB,Colorado Rockies,San Francisco Giants,San Francisco Giants,-1.5,0.91,0.53,"8",0.68,0.47,1.78125,0.63,0.7,2026-08-16 22:25:08.490
2026-08-16,MLB,MLB,Kansas City Royals,Los Angeles Angels,Kansas City Royals,-1.5,0.95,0.33,"9",0.23,0.22,1.8849558,0.66,0.64,2026-08-16 22:25:08.490
2026-08-16,MLB,MLB,Kansas City Royals,Los Angeles Angels,Los Angeles Angels,+1.5,0.05,0.67,"9",0.77,0.78,2.05,0.34,0.36,2026-08-16 22:25:08.490
2026-08-16,MLB,MLB,Milwaukee Brewers,Los Angeles Dodgers,Milwaukee Brewers,+1.5,0.11,0.47,"7.5",0.16,0.38,2.63,0.34,0.24,2026-08-16 22:25:08.490
2026-08-16,MLB,MLB,Milwaukee Brewers,Los Angeles Dodgers,Los Angeles Dodgers,-1.5,0.89,0.53,"7.5",0.84,0.62,1.5681819,0.66,0.76,2026-08-16 22:25:08.490
2026-08-16,MLB,MLB,Seattle Mariners,Houston Astros,Seattle Mariners,+1.5,0.51,0.74,"7.5",0.78,0.67,2.2,0.13,0.28,2026-08-16 22:25:08.490
2026-08-16,MLB,MLB,Seattle Mariners,Houston Astros,Houston Astros,-1.5,0.49,0.26,"7.5",0.22,0.33,1.7751938,0.87,0.72,2026-08-16 22:25:08.490
2026-08-15,SOC,"40031",Getafe,Alaves,Getafe,-,0.0,0.0,-,0.0,0.0,3.75,0.24,0.34,2026-08-16 22:25:17.009
2026-08-15,SOC,"40031",Getafe,Alaves,Alaves,-,0.0,0.0,-,0.0,0.0,2.4,0.76,0.66,2026-08-16 22:25:17.009
2026-08-15,SOC,"40031",Vallecano,Sevilla,Vallecano,-,0.0,0.0,-,0.0,0.0,3.05,0.17,0.12,2026-08-16 22:25:17.009
2026-08-15,SOC,"40031",Vallecano,Sevilla,Sevilla,-,0.0,0.0,-,0.0,0.0,2.7,0.83,0.88,2026-08-16 22:25:17.009
2026-08-16,SOC,"40031",Villarreal,Racing Santander,Villarreal,-,0.0,0.0,-,0.0,0.0,2.05,0.98,0.96,2026-08-16 22:25:17.009
2026-08-16,SOC,"40031",Villarreal,Racing Santander,Racing Santander,-,0.0,0.0,-,0.0,0.0,3.5,0.02,0.04,2026-08-16 22:25:17.009
2026-08-16,SOC,"40031",Levante,Espanyol,Levante,-,0.0,0.0,-,0.0,0.0,3.7,0.25,0.11,2026-08-16 22:25:17.009
2026-08-16,SOC,"40031",Levante,Espanyol,Espanyol,-,0.0,0.0,-,0.0,0.0,2.1,0.75,0.89,2026-08-16 22:25:17.009
2026-08-16,SOC,"40031",Osasuna,Celta Vigo,Osasuna,-,0.0,0.0,-,0.0,0.0,3.65,0.1,0.1,2026-08-16 22:25:17.009
2026-08-16,SOC,"40031",Osasuna,Celta Vigo,Celta Vigo,-,0.0,0.0,-,0.0,0.0,2.05,0.9,0.9,2026-08-16 22:25:17.009
2026-08-17,SOC,"40031",Elche,Dep La Coruna,Elche,-,0.0,0.0,-,0.0,0.0,3.35,0.5,0.56,2026-08-16 22:25:17.009
2026-08-17,SOC,"40031",Elche,Dep La Coruna,Dep La Coruna,-,0.0,0.0,-,0.0,0.0,2.35,0.5,0.44,2026-08-16 22:25:17.009
2026-08-15,SOC,"40817",Preston,Bolton,Preston,-,0.0,0.0,-,0.0,0.0,3.05,0.19,0.3,2026-08-16 22:25:18.609
2026-08-15,SOC,"40817",Preston,Bolton,Bolton,-,0.0,0.0,-,0.0,0.0,2.35,0.81,0.7,2026-08-16 22:25:18.609
2026-08-15,SOC,"40817",West Brom,Norwich,West Brom,-,0.0,0.0,-,0.0,0.0,3.75,0.05,0.11,2026-08-16 22:25:18.609
2026-08-15,SOC,"40817",West Brom,Norwich,Norwich,-,0.0,0.0,-,0.0,0.0,2.0,0.95,0.89,2026-08-16 22:25:18.609
2026-08-15,SOC,"40817",Swansea,Stoke City,Swansea,-,0.0,0.0,-,0.0,0.0,3.05,0.19,0.21,2026-08-16 22:25:18.609
2026-08-15,SOC,"40817",Swansea,Stoke City,Stoke City,-,0.0,0.0,-,0.0,0.0,2.35,0.81,0.79,2026-08-16 22:25:18.609
2026-08-15,SOC,"40817",Millwall,Bristol City,Millwall,-,0.0,0.0,-,0.0,0.0,2.8,0.58,0.44,2026-08-16 22:25:18.609
2026-08-15,SOC,"40817",Millwall,Bristol City,Bristol City,-,0.0,0.0,-,0.0,0.0,2.5,0.42,0.56,2026-08-16 22:25:18.609
2026-08-15,SOC,"40817",Lincoln City,Middlesbrough,Lincoln City,-,0.0,0.0,-,0.0,0.0,6.5,0.03,0.02,2026-08-16 22:25:18.609
2026-08-15,SOC,"40817",Lincoln City,Middlesbrough,Middlesbrough,-,0.0,0.0,-,0.0,0.0,1.5128205,0.97,0.98,2026-08-16 22:25:18.609
2026-08-15,SOC,"40817",Derby County,Charlton,Derby County,-,0.0,0.0,-,0.0,0.0,2.75,0.42,0.53,2026-08-16 22:25:18.609
2026-08-15,SOC,"40817",Derby County,Charlton,Charlton,-,0.0,0.0,-,0.0,0.0,2.7,0.58,0.47,2026-08-16 22:25:18.609
2026-08-15,SOC,"40817",Queens Park Rangers,Portsmouth,Queens Park Rangers,-,0.0,0.0,-,0.0,0.0,3.15,0.66,0.25,2026-08-16 22:25:18.609
2026-08-15,SOC,"40817",Queens Park Rangers,Portsmouth,Portsmouth,-,0.0,0.0,-,0.0,0.0,2.35,0.34,0.75,2026-08-16 22:25:18.609
2026-08-15,SOC,"40817",Birmingham,Sheffield Utd,Birmingham,-,0.0,0.0,-,0.0,0.0,3.3,0.24,0.25,2026-08-16 22:25:18.609
2026-08-15,SOC,"40817",Birmingham,Sheffield Utd,Sheffield Utd,-,0.0,0.0,-,0.0,0.0,2.25,0.76,0.75,2026-08-16 22:25:18.609
2026-08-16,SOC,"40817",Southampton,Watford,Southampton,-,0.0,0.0,-,0.0,0.0,2.0,0.96,0.88,2026-08-16 22:25:18.609
2026-08-16,SOC,"40817",Southampton,Watford,Watford,-,0.0,0.0,-,0.0,0.0,3.6,0.04,0.12,2026-08-16 22:25:18.609
2026-08-16,SOC,"40817",West Ham,Burnley,West Ham,-,0.0,0.0,-,0.0,0.0,2.2,0.92,0.86,2026-08-16 22:25:18.609
2026-08-16,SOC,"40817",West Ham,Burnley,Burnley,-,0.0,0.0,-,0.0,0.0,3.2,0.08,0.14,2026-08-16 22:25:18.609
2026-08-17,SOC,"40817",Wrexham,Cardiff City,Wrexham,-,0.0,0.0,-,0.0,0.0,2.8,0.76,0.46,2026-08-16 22:25:18.609
2026-08-17,SOC,"40817",Wrexham,Cardiff City,Cardiff City,-,0.0,0.0,-,0.0,0.0,2.45,0.24,0.54,2026-08-16 22:25:18.609
2026-08-15,SOC,"89345",New York Red Bulls,Atlanta Utd,New York Red Bulls,-,0.0,0.0,-,0.0,0.0,3.0,0.51,0.38,2026-08-16 22:25:25.752
2026-08-15,SOC,"89345",New York Red Bulls,Atlanta Utd,Atlanta Utd,-,0.0,0.0,-,0.0,0.0,2.05,0.49,0.62,2026-08-16 22:25:25.752
2026-08-15,SOC,"89345",DC Utd,CF Montreal,DC Utd,-,0.0,0.0,-,0.0,0.0,3.05,0.38,0.32,2026-08-16 22:25:25.752
2026-08-15,SOC,"89345",DC Utd,CF Montreal,CF Montreal,-,0.0,0.0,-,0.0,0.0,2.1,0.62,0.68,2026-08-16 22:25:25.752
2026-08-15,SOC,"89345",Columbus Crew,Charlotte FC,Columbus Crew,-,0.0,0.0,-,0.0,0.0,3.1,0.15,0.32,2026-08-16 22:25:25.752
2026-08-15,SOC,"89345",Columbus Crew,Charlotte FC,Charlotte FC,-,0.0,0.0,-,0.0,0.0,2.1,0.85,0.68,2026-08-16 22:25:25.752
2026-08-15,SOC,"89345",FC Cincinnati,Orlando City,FC Cincinnati,-,0.0,0.0,-,0.0,0.0,2.3,0.39,0.35,2026-08-16 22:25:25.752
2026-08-15,SOC,"89345",FC Cincinnati,Orlando City,Orlando City,-,0.0,0.0,-,0.0,0.0,2.5,0.61,0.65,2026-08-16 22:25:25.752
2026-08-15,SOC,"89345",NE Revolution,Toronto FC,NE Revolution,-,0.0,0.0,-,0.0,0.0,2.95,0.42,0.41,2026-08-16 22:25:25.752
2026-08-15,SOC,"89345",NE Revolution,Toronto FC,Toronto FC,-,0.0,0.0,-,0.0,0.0,2.15,0.58,0.59,2026-08-16 22:25:25.752
2026-08-15,SOC,"89345",Inter Miami,Nashville SC,Inter Miami,-,0.0,0.0,-,0.0,0.0,2.55,0.91,0.71,2026-08-16 22:25:25.752
2026-08-15,SOC,"89345",Inter Miami,Nashville SC,Nashville SC,-,0.0,0.0,-,0.0,0.0,2.4,0.09,0.29,2026-08-16 22:25:25.752
2026-08-15,SOC,"89345",LA Galaxy,HOU Dynamo,LA Galaxy,-,0.0,0.0,-,0.0,0.0,4.6,0.06,0.19,2026-08-16 22:25:25.752
2026-08-15,SOC,"89345",LA Galaxy,HOU Dynamo,HOU Dynamo,-,0.0,0.0,-,0.0,0.0,1.6451613,0.94,0.81,2026-08-16 22:25:25.752
2026-08-15,SOC,"89345",Sporting KC,COL Rapids,Sporting KC,-,0.0,0.0,-,0.0,0.0,5.75,0.02,0.21,2026-08-16 22:25:25.752
2026-08-15,SOC,"89345",Sporting KC,COL Rapids,COL Rapids,-,0.0,0.0,-,0.0,0.0,1.4545455,0.98,0.79,2026-08-16 22:25:25.752
2026-08-15,SOC,"89345",Minnesota Utd,Real Salt Lake,Minnesota Utd,-,0.0,0.0,-,0.0,0.0,3.8,0.04,0.19,2026-08-16 22:25:25.752
2026-08-15,SOC,"89345",Minnesota Utd,Real Salt Lake,Real Salt Lake,-,0.0,0.0,-,0.0,0.0,1.8333334,0.96,0.81,2026-08-16 22:25:25.752
2026-08-15,SOC,"89345",San Diego FC,LAFC,San Diego FC,-,0.0,0.0,-,0.0,0.0,4.6,0.01,0.12,2026-08-16 22:25:25.752
2026-08-15,SOC,"89345",San Diego FC,LAFC,LAFC,-,0.0,0.0,-,0.0,0.0,1.6060606,0.99,0.88,2026-08-16 22:25:25.752
2026-08-15,SOC,"89345",St Louis City SC,SJ Earthquakes,St Louis City SC,-,0.0,0.0,-,0.0,0.0,3.0,0.23,0.4,2026-08-16 22:25:25.752
2026-08-15,SOC,"89345",St Louis City SC,SJ Earthquakes,SJ Earthquakes,-,0.0,0.0,-,0.0,0.0,2.05,0.77,0.6,2026-08-16 22:25:25.752
2026-08-16,SOC,"89345",PHI Union,NYCFC,PHI Union,-,0.0,0.0,-,0.0,0.0,2.5,0.12,0.51,2026-08-16 22:25:25.752
2026-08-16,SOC,"89345",PHI Union,NYCFC,NYCFC,-,0.0,0.0,-,0.0,0.0,2.5,0.88,0.49,2026-08-16 22:25:25.752
2026-08-16,SOC,"89345",POR Timbers,CHI Fire,POR Timbers,-,0.0,0.0,-,0.0,0.0,5.0,0.34,0.39,2026-08-16 22:25:25.752
2026-08-16,SOC,"89345",POR Timbers,CHI Fire,CHI Fire,-,0.0,0.0,-,0.0,0.0,1.5,0.66,0.61,2026-08-16 22:25:25.752
2026-08-16,SOC,"89345",FC Dallas,Austin FC,FC Dallas,-,0.0,0.0,-,0.0,0.0,2.25,0.32,0.76,2026-08-16 22:25:25.752
2026-08-16,SOC,"89345",FC Dallas,Austin FC,Austin FC,-,0.0,0.0,-,0.0,0.0,2.8,0.68,0.24,2026-08-16 22:25:25.752
2026-08-16,SOC,"89345",Vancouver Whitecaps,Seattle Sounders,Vancouver Whitecaps,-,0.0,0.0,-,0.0,0.0,1.8,0.78,0.87,2026-08-16 22:25:25.752
2026-08-16,SOC,"89345",Vancouver Whitecaps,Seattle Sounders,Seattle Sounders,-,0.0,0.0,-,0.0,0.0,3.8,0.22,0.13,2026-08-16 22:25:25.752
2026-08-15,UFC,UFC,Chidi Njokuani,Joel Alvarez,Chidi Njokuani,-,0.0,0.0,-,0.0,0.0,3.0,0.0,0.0,2026-08-16 22:25:27.387
2026-08-15,UFC,UFC,Chidi Njokuani,Joel Alvarez,Joel Alvarez,-,0.0,0.0,-,0.0,0.0,1.4081633,1.0,1.0,2026-08-16 22:25:27.387
2026-08-15,UFC,UFC,Myktybek Orolbai,Jeremiah Wells,Myktybek Orolbai,-,0.0,0.0,-,0.0,0.0,1.074074,0.78,0.89,2026-08-16 22:25:27.387
2026-08-15,UFC,UFC,Myktybek Orolbai,Jeremiah Wells,Jeremiah Wells,-,0.0,0.0,-,0.0,0.0,9.0,0.22,0.11,2026-08-16 22:25:27.387
2026-08-15,UFC,UFC,Ramiz Brahimaj,Neil Magny,Ramiz Brahimaj,-,0.0,0.0,-,0.0,0.0,1.7042253,0.75,0.59,2026-08-16 22:25:27.387
2026-08-15,UFC,UFC,Ramiz Brahimaj,Neil Magny,Neil Magny,-,0.0,0.0,-,0.0,0.0,2.2,0.25,0.41,2026-08-16 22:25:27.387
2026-08-15,UFC,UFC,Lucas Fernando,Rafael Tobias,Lucas Fernando,-,0.0,0.0,-,0.0,0.0,1.3508772,0.62,0.79,2026-08-16 22:25:27.387
2026-08-15,UFC,UFC,Lucas Fernando,Rafael Tobias,Rafael Tobias,-,0.0,0.0,-,0.0,0.0,3.3,0.38,0.21,2026-08-16 22:25:27.387
2026-08-15,UFC,UFC,Tresean Gore,Vicente Luque,Tresean Gore,-,0.0,0.0,-,0.0,0.0,1.8474576,0.6,0.49,2026-08-16 22:25:27.387
2026-08-15,UFC,UFC,Tresean Gore,Vicente Luque,Vicente Luque,-,0.0,0.0,-,0.0,0.0,1.9803921,0.4,0.51,2026-08-16 22:25:27.387
2026-08-15,UFC,UFC,Eric McConico,Donte Johnson,Eric McConico,-,0.0,0.0,-,0.0,0.0,3.8,0.29,0.16,2026-08-16 22:25:27.387
2026-08-15,UFC,UFC,Eric McConico,Donte Johnson,Donte Johnson,-,0.0,0.0,-,0.0,0.0,1.2816901,0.71,0.84,2026-08-16 22:25:27.387
2026-08-15,UFC,UFC,Eduardo Henrique,Charles Johnson,Eduardo Henrique,-,0.0,0.0,-,0.0,0.0,1.9803921,0.39,0.3,2026-08-16 22:25:27.387
2026-08-15,UFC,UFC,Eduardo Henrique,Charles Johnson,Charles Johnson,-,0.0,0.0,-,0.0,0.0,1.8474576,0.61,0.7,2026-08-16 22:25:27.387
2026-08-15,UFC,UFC,Joel Alvarez,Chidi Njokuani,Joel Alvarez,-,0.0,0.0,-,0.0,0.0,1.2666667,0.78,0.87,2026-08-16 22:25:27.387
2026-08-15,UFC,UFC,Joel Alvarez,Chidi Njokuani,Chidi Njokuani,-,0.0,0.0,-,0.0,0.0,3.95,0.22,0.13,2026-08-16 22:25:27.387
2026-08-15,UFC,UFC,Esteban Ribovics,Edson Barboza,Esteban Ribovics,-,0.0,0.0,-,0.0,0.0,1.1333333,0.3,0.75,2026-08-16 22:25:27.387
2026-08-15,UFC,UFC,Esteban Ribovics,Edson Barboza,Edson Barboza,-,0.0,0.0,-,0.0,0.0,6.25,0.7,0.25,2026-08-16 22:25:27.387
2026-08-15,UFC,UFC,Dustin Stoltzfus,Mansur Abdul-Malik,Dustin Stoltzfus,-,0.0,0.0,-,0.0,0.0,5.9,0.38,0.13,2026-08-16 22:25:27.387
2026-08-15,UFC,UFC,Dustin Stoltzfus,Mansur Abdul-Malik,Mansur Abdul-Malik,-,0.0,0.0,-,0.0,0.0,1.1481482,0.62,0.87,2026-08-16 22:25:27.387
2026-08-15,UFC,UFC,Jose Ochoa,Charles Johnson,Jose Ochoa,-,0.0,0.0,-,0.0,0.0,1.2197802,0.77,0.82,2026-08-16 22:25:27.387
2026-08-15,UFC,UFC,Jose Ochoa,Charles Johnson,Charles Johnson,-,0.0,0.0,-,0.0,0.0,4.5,0.23,0.18,2026-08-16 22:25:27.387
2026-08-15,UFC,UFC,Kaue Fernandes,Jalin Turner,Kaue Fernandes,-,0.0,0.0,-,0.0,0.0,2.0,0.56,0.37,2026-08-16 22:25:27.387
2026-08-15,UFC,UFC,Kaue Fernandes,Jalin Turner,Jalin Turner,-,0.0,0.0,-,0.0,0.0,1.8333334,0.44,0.63,2026-08-16 22:25:27.387
2026-08-15,UFC,UFC,Gillian Robertson,Mackenzie Dern,Gillian Robertson,-,0.0,0.0,-,0.0,0.0,2.8,0.3,0.28,2026-08-16 22:25:27.387
2026-08-15,UFC,UFC,Gillian Robertson,Mackenzie Dern,Mackenzie Dern,-,0.0,0.0,-,0.0,0.0,1.4587156,0.7,0.72,2026-08-16 22:25:27.387
2026-08-15,UFC,UFC,Ian Machado Garry,Islam Makhachev,Ian Machado Garry,-,0.0,0.0,-,0.0,0.0,3.6,0.56,0.31,2026-08-16 22:25:27.387
2026-08-15,UFC,UFC,Ian Machado Garry,Islam Makhachev,Islam Makhachev,-,0.0,0.0,-,0.0,0.0,1.3076923,0.44,0.69,2026-08-16 22:25:27.387
2026-08-15,BOX,BOX,Alexander Thiel,Jaquan McElroy,Alexander Thiel,-,0.0,0.0,-,0.0,0.0,9.0,0.0,0.0,2026-08-16 22:25:29.010
2026-08-15,BOX,BOX,Alexander Thiel,Jaquan McElroy,Jaquan McElroy,-,0.0,0.0,-,0.0,0.0,1.0625,1.0,1.0,2026-08-16 22:25:29.010
2026-08-15,BOX,BOX,Michael Nelson,Casey Dixon,Michael Nelson,-,0.0,0.0,-,0.0,0.0,10.0,0.0,0.0,2026-08-16 22:25:29.010
2026-08-15,BOX,BOX,Michael Nelson,Casey Dixon,Casey Dixon,-,0.0,0.0,-,0.0,0.0,1.05,1.0,1.0,2026-08-16 22:25:29.010
2026-08-15,BOX,BOX,Rahmel McKinley,Daniel Mercado,Rahmel McKinley,-,0.0,0.0,-,0.0,0.0,17.0,0.0,0.0,2026-08-16 22:25:29.010
2026-08-15,BOX,BOX,Rahmel McKinley,Daniel Mercado,Daniel Mercado,-,0.0,0.0,-,0.0,0.0,1.01,1.0,1.0,2026-08-16 22:25:29.010
2026-08-15,BOX,BOX,Marianela Ramirez,Shannel Butler,Marianela Ramirez,-,0.0,0.0,-,0.0,0.0,8.5,0.0,0.0,2026-08-16 22:25:29.010
2026-08-15,BOX,BOX,Marianela Ramirez,Shannel Butler,Shannel Butler,-,0.0,0.0,-,0.0,0.0,1.0625,1.0,1.0,2026-08-16 22:25:29.010
2026-08-15,BOX,BOX,Da'Velle Smith,Hakim Lopez,Da'Velle Smith,-,0.0,0.0,-,0.0,0.0,1.3846154,1.0,1.0,2026-08-16 22:25:29.010
2026-08-15,BOX,BOX,Da'Velle Smith,Hakim Lopez,Hakim Lopez,-,0.0,0.0,-,0.0,0.0,3.0,0.0,0.0,2026-08-16 22:25:29.010
2026-08-15,BOX,BOX,Olivia Curry,Danielle Perkins,Olivia Curry,-,0.0,0.0,-,0.0,0.0,5.75,0.0,0.0,2026-08-16 22:25:29.010
2026-08-15,BOX,BOX,Olivia Curry,Danielle Perkins,Danielle Perkins,-,0.0,0.0,-,0.0,0.0,1.1333333,1.0,1.0,2026-08-16 22:25:29.010
2026-08-15,BOX,BOX,Roamer Angulo,Atif Oberlton,Roamer Angulo,-,0.0,0.0,-,0.0,0.0,10.0,0.11,0.05,2026-08-16 22:25:29.010
2026-08-15,BOX,BOX,Roamer Angulo,Atif Oberlton,Atif Oberlton,-,0.0,0.0,-,0.0,0.0,1.05,0.89,0.95,2026-08-16 22:25:29.010
2026-08-15,BOX,BOX,Bernice Ferreira,Caroline Veyre,Bernice Ferreira,-,0.0,0.0,-,0.0,0.0,4.2,0.0,0.0,2026-08-16 22:25:29.010
2026-08-15,BOX,BOX,Bernice Ferreira,Caroline Veyre,Caroline Veyre,-,0.0,0.0,-,0.0,0.0,1.2222222,1.0,1.0,2026-08-16 22:25:29.010
2026-08-15,BOX,BOX,Paulette Cuesta,Ashleyann Lozada,Paulette Cuesta,-,0.0,0.0,-,0.0,0.0,7.5,0.0,0.0,2026-08-16 22:25:29.010
2026-08-15,BOX,BOX,Paulette Cuesta,Ashleyann Lozada,Ashleyann Lozada,-,0.0,0.0,-,0.0,0.0,1.0833334,1.0,1.0,2026-08-16 22:25:29.010
2026-08-15,BOX,BOX,Joseph Hicks,Troy Isley,Joseph Hicks,-,0.0,0.0,-,0.0,0.0,5.75,0.0,0.0,2026-08-16 22:25:29.010
2026-08-15,BOX,BOX,Joseph Hicks,Troy Isley,Troy Isley,-,0.0,0.0,-,0.0,0.0,1.1333333,1.0,1.0,2026-08-16 22:25:29.010
2026-08-15,BOX,BOX,Roger Hilley,Ernesto Mercado,Roger Hilley,-,0.0,0.0,-,0.0,0.0,14.0,0.0,0.0,2026-08-16 22:25:29.010
2026-08-15,BOX,BOX,Roger Hilley,Ernesto Mercado,Ernesto Mercado,-,0.0,0.0,-,0.0,0.0,1.02,1.0,1.0,2026-08-16 22:25:29.010
2026-08-16,BOX,BOX,Kaye Scott,Claressa Shields,Kaye Scott,-,0.0,0.0,-,0.0,0.0,13.0,0.94,0.18,2026-08-16 22:25:29.010
2026-08-16,BOX,BOX,Kaye Scott,Claressa Shields,Claressa Shields,-,0.0,0.0,-,0.0,0.0,1.0333333,0.06,0.82,2026-08-16 22:25:29.010
2026-08-16,BOX,BOX,Emmanuel Tagoe,Ernesto Mercado,Emmanuel Tagoe,-,0.0,0.0,-,0.0,0.0,12.0,0.0,0.0,2026-08-16 22:25:29.010
2026-08-16,BOX,BOX,Emmanuel Tagoe,Ernesto Mercado,Ernesto Mercado,-,0.0,0.0,-,0.0,0.0,1.0333333,1.0,1.0,2026-08-16 22:25:29.010
2026-08-15,AFL,AFL,Collingwood Magpies,Hawthorn Hawks,Collingwood Magpies,+21.5,0.88,0.5,-,0.0,0.0,3.45,0.0,0.0,2026-08-16 22:25:30.567
2026-08-15,AFL,AFL,Collingwood Magpies,Hawthorn Hawks,Hawthorn Hawks,-21.5,0.12,0.5,-,0.0,0.0,1.3030303,1.0,1.0,2026-08-16 22:25:30.567
2026-08-15,AFL,AFL,Melbourne Demons,Port Adelaide Power,Melbourne Demons,-25.5,1.0,1.0,-,0.0,0.0,1.2564102,1.0,1.0,2026-08-16 22:25:30.567
2026-08-15,AFL,AFL,Melbourne Demons,Port Adelaide Power,Port Adelaide Power,+25.5,0.0,0.0,-,0.0,0.0,3.9,0.0,0.0,2026-08-16 22:25:30.567
2026-08-15,AFL,AFL,West Coast Eagles,GWS Giants,West Coast Eagles,+31.5,1.0,1.0,"182.5",0.0,0.0,4.9,0.0,0.0,2026-08-16 22:25:30.567
2026-08-15,AFL,AFL,West Coast Eagles,GWS Giants,GWS Giants,-31.5,0.0,0.0,"182.5",1.0,1.0,1.173913,1.0,1.0,2026-08-16 22:25:30.567
2026-08-16,AFL,AFL,Carlton Blues,Western Bulldogs,Carlton Blues,-19.5,0.18,0.5,-,0.0,0.0,1.3508772,0.0,0.0,2026-08-16 22:25:30.567
2026-08-16,AFL,AFL,Carlton Blues,Western Bulldogs,Western Bulldogs,+19.5,0.82,0.5,-,0.0,0.0,3.15,1.0,1.0,2026-08-16 22:25:30.567
2026-08-16,MLB,MLB,Baltimore Orioles,Tampa Bay Rays,Baltimore Orioles,+1.5,0.03,0.47,"7.5",0.81,0.66,2.27,0.3,0.31,2026-08-16 22:55:07.173
2026-08-16,MLB,MLB,Baltimore Orioles,Tampa Bay Rays,Tampa Bay Rays,-1.5,0.97,0.53,"7.5",0.19,0.34,1.7352941,0.7,0.69,2026-08-16 22:55:07.173
2026-08-16,MLB,MLB,Arizona Diamondbacks,Atlanta Braves,Arizona Diamondbacks,+1.5,0.21,0.64,"9",0.77,0.59,2.14,0.36,0.35,2026-08-16 22:55:07.173
2026-08-16,MLB,MLB,Arizona Diamondbacks,Atlanta Braves,Atlanta Braves,-1.5,0.79,0.36,"9",0.23,0.41,1.8130082,0.64,0.65,2026-08-16 22:55:07.173
2026-08-16,MLB,MLB,Boston Red Sox,Pittsburgh Pirates,Boston Red Sox,-1.5,0.36,0.57,"8",0.84,0.6,1.877193,0.87,0.7,2026-08-16 22:55:07.173
2026-08-16,MLB,MLB,Boston Red Sox,Pittsburgh Pirates,Pittsburgh Pirates,+1.5,0.64,0.43,"8",0.16,0.4,2.06,0.13,0.3,2026-08-16 22:55:07.173
2026-08-16,MLB,MLB,New York Yankees,Toronto Blue Jays,New York Yankees,+1.5,0.33,0.53,"7",0.24,0.43,2.11,0.69,0.53,2026-08-16 22:55:07.173
2026-08-16,MLB,MLB,New York Yankees,Toronto Blue Jays,Toronto Blue Jays,-1.5,0.67,0.47,"7",0.76,0.57,1.8403361,0.31,0.47,2026-08-16 22:55:07.173
2026-08-16,MLB,MLB,San Diego Padres,Cleveland Guardians,San Diego Padres,-1.5,0.71,0.44,"8",0.03,0.39,1.925926,0.89,0.66,2026-08-16 22:55:07.173
2026-08-16,MLB,MLB,San Diego Padres,Cleveland Guardians,Cleveland Guardians,+1.5,0.29,0.56,"8",0.97,0.61,2.01,0.11,0.34,2026-08-16 22:55:07.173
2026-08-16,MLB,MLB,Washington Nationals,New York Mets,Washington Nationals,+1.5,0.0,0.55,"8.5",0.81,0.49,2.48,0.32,0.3,2026-08-16 22:55:07.173
2026-08-16,MLB,MLB,Washington Nationals,New York Mets,New York Mets,-1.5,1.0,0.45,"8.5",0.19,0.51,1.6289308,0.68,0.7,2026-08-16 22:55:07.173
2026-08-16,MLB,MLB,Miami Marlins,Cincinnati Reds,Miami Marlins,-1.5,0.91,0.4,"8.5",0.67,0.46,1.862069,0.62,0.61,2026-08-16 22:55:07.173
2026-08-16,MLB,MLB,Miami Marlins,Cincinnati Reds,Cincinnati Reds,+1.5,0.09,0.6,"8.5",0.33,0.54,2.08,0.38,0.39,2026-08-16 22:55:07.173
2026-08-16,MLB,MLB,Chicago White Sox,Detroit Tigers,Chicago White Sox,-1.5,0.93,0.41,"8",0.62,0.56,1.990099,0.65,0.59,2026-08-16 22:55:07.173
2026-08-16,MLB,MLB,Chicago White Sox,Detroit Tigers,Detroit Tigers,+1.5,0.07,0.59,"8",0.38,0.44,1.9433962,0.35,0.41,2026-08-16 22:55:07.173
2026-08-16,MLB,MLB,Philadelphia Phillies,Minnesota Twins,Philadelphia Phillies,-1.5,0.55,0.57,"9.5",0.91,0.54,1.925926,0.6,0.71,2026-08-16 22:55:07.173
2026-08-16,MLB,MLB,Philadelphia Phillies,Minnesota Twins,Minnesota Twins,+1.5,0.45,0.43,"9.5",0.09,0.46,2.01,0.4,0.29,2026-08-16 22:55:07.173
2026-08-16,MLB,MLB,ST Louis Cardinals,Chicago Cubs,ST Louis Cardinals,+1.5,0.11,0.59,"8.5",0.95,0.47,2.62,0.22,0.22,2026-08-16 22:55:07.173
2026-08-16,MLB,MLB,ST Louis Cardinals,Chicago Cubs,Chicago Cubs,-1.5,0.89,0.41,"8.5",0.05,0.53,1.5747126,0.78,0.78,2026-08-16 22:55:07.173
2026-08-16,MLB,MLB,Texas Rangers,Athletics,Texas Rangers,-1.5,0.96,0.48,"10",0.46,0.38,1.7751938,0.51,0.67,2026-08-16 22:55:07.173
2026-08-16,MLB,MLB,Texas Rangers,Athletics,Athletics,+1.5,0.04,0.52,"10",0.54,0.62,2.2,0.49,0.33,2026-08-16 22:55:07.173
2026-08-16,MLB,MLB,Colorado Rockies,San Francisco Giants,Colorado Rockies,+1.5,0.08,0.44,"8",0.32,0.52,2.19,0.31,0.28,2026-08-16 22:55:07.173
2026-08-16,MLB,MLB,Colorado Rockies,San Francisco Giants,San Francisco Giants,-1.5,0.92,0.56,"8",0.68,0.48,1.78125,0.69,0.72,2026-08-16 22:55:07.173
2026-08-16,MLB,MLB,Kansas City Royals,Los Angeles Angels,Kansas City Royals,-1.5,0.94,0.31,"9",0.25,0.25,1.9174312,0.67,0.65,2026-08-16 22:55:07.173
2026-08-16,MLB,MLB,Kansas City Royals,Los Angeles Angels,Los Angeles Angels,+1.5,0.06,0.69,"9",0.75,0.75,2.02,0.33,0.35,2026-08-16 22:55:07.173
2026-08-16,MLB,MLB,Milwaukee Brewers,Los Angeles Dodgers,Milwaukee Brewers,+1.5,0.1,0.46,"7.5",0.14,0.38,2.63,0.34,0.24,2026-08-16 22:55:07.173
2026-08-16,MLB,MLB,Milwaukee Brewers,Los Angeles Dodgers,Los Angeles Dodgers,-1.5,0.9,0.54,"7.5",0.86,0.62,1.5681819,0.66,0.76,2026-08-16 22:55:07.173
2026-08-16,MLB,MLB,Seattle Mariners,Houston Astros,Seattle Mariners,+1.5,0.39,0.67,"7.5",0.79,0.69,2.2,0.18,0.29,2026-08-16 22:55:07.173
2026-08-16,MLB,MLB,Seattle Mariners,Houston Astros,Houston Astros,-1.5,0.61,0.33,"7.5",0.21,0.31,1.7751938,0.82,0.71,2026-08-16 22:55:07.173
2026-08-16,SOC,"40031",Villarreal,Racing Santander,Villarreal,-,0.0,0.0,-,0.0,0.0,2.05,0.98,0.96,2026-08-16 22:55:15.927
2026-08-16,SOC,"40031",Villarreal,Racing Santander,Racing Santander,-,0.0,0.0,-,0.0,0.0,3.5,0.02,0.04,2026-08-16 22:55:15.927
2026-08-16,SOC,"40031",Levante,Espanyol,Levante,-,0.0,0.0,-,0.0,0.0,3.7,0.28,0.11,2026-08-16 22:55:15.927
2026-08-16,SOC,"40031",Levante,Espanyol,Espanyol,-,0.0,0.0,-,0.0,0.0,2.1,0.72,0.89,2026-08-16 22:55:15.927
2026-08-16,SOC,"40031",Osasuna,Celta Vigo,Osasuna,-,0.0,0.0,-,0.0,0.0,3.65,0.1,0.1,2026-08-16 22:55:15.927
2026-08-16,SOC,"40031",Osasuna,Celta Vigo,Celta Vigo,-,0.0,0.0,-,0.0,0.0,2.05,0.9,0.9,2026-08-16 22:55:15.927
2026-08-17,SOC,"40031",Elche,Dep La Coruna,Elche,-,0.0,0.0,-,0.0,0.0,3.35,0.5,0.56,2026-08-16 22:55:15.927
2026-08-17,SOC,"40031",Elche,Dep La Coruna,Dep La Coruna,-,0.0,0.0,-,0.0,0.0,2.35,0.5,0.44,2026-08-16 22:55:15.927
2026-08-16,SOC,"40817",Southampton,Watford,Southampton,-,0.0,0.0,-,0.0,0.0,2.0,0.96,0.88,2026-08-16 22:55:17.365
2026-08-16,SOC,"40817",Southampton,Watford,Watford,-,0.0,0.0,-,0.0,0.0,3.6,0.04,0.12,2026-08-16 22:55:17.365
2026-08-16,SOC,"40817",West Ham,Burnley,West Ham,-,0.0,0.0,-,0.0,0.0,2.2,0.93,0.86,2026-08-16 22:55:17.365
2026-08-16,SOC,"40817",West Ham,Burnley,Burnley,-,0.0,0.0,-,0.0,0.0,3.2,0.07,0.14,2026-08-16 22:55:17.365
2026-08-17,SOC,"40817",Wrexham,Cardiff City,Wrexham,-,0.0,0.0,-,0.0,0.0,2.8,0.79,0.46,2026-08-16 22:55:17.365
2026-08-17,SOC,"40817",Wrexham,Cardiff City,Cardiff City,-,0.0,0.0,-,0.0,0.0,2.45,0.21,0.54,2026-08-16 22:55:17.365
2026-08-16,SOC,"89345",PHI Union,NYCFC,PHI Union,-,0.0,0.0,-,0.0,0.0,2.45,0.12,0.51,2026-08-16 22:55:24.430
2026-08-16,SOC,"89345",PHI Union,NYCFC,NYCFC,-,0.0,0.0,-,0.0,0.0,2.55,0.88,0.49,2026-08-16 22:55:24.430
2026-08-16,SOC,"89345",POR Timbers,CHI Fire,POR Timbers,-,0.0,0.0,-,0.0,0.0,5.0,0.34,0.38,2026-08-16 22:55:24.430
2026-08-16,SOC,"89345",POR Timbers,CHI Fire,CHI Fire,-,0.0,0.0,-,0.0,0.0,1.5,0.66,0.62,2026-08-16 22:55:24.430
2026-08-16,SOC,"89345",FC Dallas,Austin FC,FC Dallas,-,0.0,0.0,-,0.0,0.0,2.25,0.32,0.76,2026-08-16 22:55:24.430
2026-08-16,SOC,"89345",FC Dallas,Austin FC,Austin FC,-,0.0,0.0,-,0.0,0.0,2.8,0.68,0.24,2026-08-16 22:55:24.430
2026-08-16,SOC,"89345",Vancouver Whitecaps,Seattle Sounders,Vancouver Whitecaps,-,0.0,0.0,-,0.0,0.0,1.8,0.77,0.87,2026-08-16 22:55:24.430
2026-08-16,SOC,"89345",Vancouver Whitecaps,Seattle Sounders,Seattle Sounders,-,0.0,0.0,-,0.0,0.0,3.8,0.23,0.13,2026-08-16 22:55:24.430
2026-08-16,MLB,MLB,Baltimore Orioles,Tampa Bay Rays,Baltimore Orioles,+1.5,0.03,0.47,"7.5",0.86,0.67,2.31,0.3,0.3,2026-08-16 23:25:18.198
2026-08-16,MLB,MLB,Baltimore Orioles,Tampa Bay Rays,Tampa Bay Rays,-1.5,0.97,0.53,"7.5",0.14,0.33,1.7142857,0.7,0.7,2026-08-16 23:25:18.198
2026-08-16,MLB,MLB,Arizona Diamondbacks,Atlanta Braves,Arizona Diamondbacks,+1.5,0.21,0.65,"9",0.76,0.58,2.14,0.35,0.35,2026-08-16 23:25:18.198
2026-08-16,MLB,MLB,Arizona Diamondbacks,Atlanta Braves,Atlanta Braves,-1.5,0.79,0.35,"9",0.24,0.42,1.8130082,0.65,0.65,2026-08-16 23:25:18.198
2026-08-16,MLB,MLB,Boston Red Sox,Pittsburgh Pirates,Boston Red Sox,-1.5,0.37,0.56,"8",0.93,0.63,1.877193,0.87,0.71,2026-08-16 23:25:18.198
2026-08-16,MLB,MLB,Boston Red Sox,Pittsburgh Pirates,Pittsburgh Pirates,+1.5,0.63,0.44,"8",0.07,0.37,2.06,0.13,0.29,2026-08-16 23:25:18.198
2026-08-16,MLB,MLB,New York Yankees,Toronto Blue Jays,New York Yankees,+1.5,0.33,0.56,"7",0.24,0.45,2.11,0.69,0.53,2026-08-16 23:25:18.198
2026-08-16,MLB,MLB,New York Yankees,Toronto Blue Jays,Toronto Blue Jays,-1.5,0.67,0.44,"7",0.76,0.55,1.8403361,0.31,0.47,2026-08-16 23:25:18.198
2026-08-16,MLB,MLB,San Diego Padres,Cleveland Guardians,San Diego Padres,-1.5,0.7,0.42,"8",0.12,0.43,1.925926,0.89,0.66,2026-08-16 23:25:18.198
2026-08-16,MLB,MLB,San Diego Padres,Cleveland Guardians,Cleveland Guardians,+1.5,0.3,0.58,"8",0.88,0.57,2.01,0.11,0.34,2026-08-16 23:25:18.198
2026-08-16,MLB,MLB,Washington Nationals,New York Mets,Washington Nationals,+1.5,0.0,0.57,"8.5",0.81,0.5,2.48,0.3,0.29,2026-08-16 23:25:18.198
2026-08-16,MLB,MLB,Washington Nationals,New York Mets,New York Mets,-1.5,1.0,0.43,"8.5",0.19,0.5,1.6289308,0.7,0.71,2026-08-16 23:25:18.198
2026-08-16,MLB,MLB,Miami Marlins,Cincinnati Reds,Miami Marlins,-1.5,0.91,0.39,"8.5",0.56,0.5,1.8474576,0.68,0.61,2026-08-16 23:25:18.198
2026-08-16,MLB,MLB,Miami Marlins,Cincinnati Reds,Cincinnati Reds,+1.5,0.09,0.61,"8.5",0.44,0.5,2.1,0.32,0.39,2026-08-16 23:25:18.214
2026-08-16,MLB,MLB,Chicago White Sox,Detroit Tigers,Chicago White Sox,-1.5,0.93,0.39,"8",0.61,0.57,1.990099,0.65,0.58,2026-08-16 23:25:18.214
2026-08-16,MLB,MLB,Chicago White Sox,Detroit Tigers,Detroit Tigers,+1.5,0.07,0.61,"8",0.39,0.43,1.9433962,0.35,0.42,2026-08-16 23:25:18.214
2026-08-16,MLB,MLB,Philadelphia Phillies,Minnesota Twins,Philadelphia Phillies,-1.5,0.56,0.57,"9.5",0.89,0.54,1.925926,0.62,0.72,2026-08-16 23:25:18.214
2026-08-16,MLB,MLB,Philadelphia Phillies,Minnesota Twins,Minnesota Twins,+1.5,0.44,0.43,"9.5",0.11,0.46,2.01,0.38,0.28,2026-08-16 23:25:18.214
2026-08-16,MLB,MLB,ST Louis Cardinals,Chicago Cubs,ST Louis Cardinals,+1.5,0.13,0.6,"8.5",0.96,0.52,2.62,0.26,0.22,2026-08-16 23:25:18.214
2026-08-16,MLB,MLB,ST Louis Cardinals,Chicago Cubs,Chicago Cubs,-1.5,0.87,0.4,"8.5",0.04,0.48,1.5747126,0.74,0.78,2026-08-16 23:25:18.214
2026-08-16,MLB,MLB,Texas Rangers,Athletics,Texas Rangers,-1.5,0.96,0.48,"10",0.42,0.39,1.7751938,0.41,0.67,2026-08-16 23:25:18.214
2026-08-16,MLB,MLB,Texas Rangers,Athletics,Athletics,+1.5,0.04,0.52,"10",0.58,0.61,2.2,0.59,0.33,2026-08-16 23:25:18.214
2026-08-16,MLB,MLB,Colorado Rockies,San Francisco Giants,Colorado Rockies,+1.5,0.08,0.45,"8",0.34,0.55,2.19,0.22,0.27,2026-08-16 23:25:18.214
2026-08-16,MLB,MLB,Colorado Rockies,San Francisco Giants,San Francisco Giants,-1.5,0.92,0.55,"8",0.66,0.45,1.78125,0.78,0.73,2026-08-16 23:25:18.214
2026-08-16,MLB,MLB,Kansas City Royals,Los Angeles Angels,Kansas City Royals,-1.5,0.94,0.31,"8.5",0.58,0.27,1.9174312,0.74,0.66,2026-08-16 23:25:18.214
2026-08-16,MLB,MLB,Kansas City Royals,Los Angeles Angels,Los Angeles Angels,+1.5,0.06,0.69,"8.5",0.42,0.73,2.02,0.26,0.34,2026-08-16 23:25:18.214
2026-08-16,MLB,MLB,Milwaukee Brewers,Los Angeles Dodgers,Milwaukee Brewers,+1.5,0.11,0.47,"7",0.14,0.4,2.63,0.35,0.24,2026-08-16 23:25:18.214
2026-08-16,MLB,MLB,Milwaukee Brewers,Los Angeles Dodgers,Los Angeles Dodgers,-1.5,0.89,0.53,"7",0.86,0.6,1.5681819,0.65,0.76,2026-08-16 23:25:18.214
2026-08-16,MLB,MLB,Seattle Mariners,Houston Astros,Seattle Mariners,+1.5,0.37,0.67,"7.5",0.79,0.69,2.08,0.18,0.28,2026-08-16 23:25:18.214
2026-08-16,MLB,MLB,Seattle Mariners,Houston Astros,Houston Astros,-1.5,0.63,0.33,"7.5",0.21,0.31,1.862069,0.82,0.72,2026-08-16 23:25:18.214
2026-08-16,SOC,"40031",Villarreal,Racing Santander,Villarreal,-,0.0,0.0,-,0.0,0.0,2.05,0.98,0.96,2026-08-16 23:25:30.116
2026-08-16,SOC,"40031",Villarreal,Racing Santander,Racing Santander,-,0.0,0.0,-,0.0,0.0,3.5,0.02,0.04,2026-08-16 23:25:30.116
2026-08-16,SOC,"40031",Levante,Espanyol,Levante,-,0.0,0.0,-,0.0,0.0,3.7,0.26,0.11,2026-08-16 23:25:30.116
2026-08-16,SOC,"40031",Levante,Espanyol,Espanyol,-,0.0,0.0,-,0.0,0.0,2.1,0.74,0.89,2026-08-16 23:25:30.116
2026-08-16,SOC,"40031",Osasuna,Celta Vigo,Osasuna,-,0.0,0.0,-,0.0,0.0,3.65,0.1,0.1,2026-08-16 23:25:30.116
2026-08-16,SOC,"40031",Osasuna,Celta Vigo,Celta Vigo,-,0.0,0.0,-,0.0,0.0,2.05,0.9,0.9,2026-08-16 23:25:30.116
2026-08-17,SOC,"40031",Elche,Dep La Coruna,Elche,-,0.0,0.0,-,0.0,0.0,3.35,0.5,0.56,2026-08-16 23:25:30.116
2026-08-17,SOC,"40031",Elche,Dep La Coruna,Dep La Coruna,-,0.0,0.0,-,0.0,0.0,2.35,0.5,0.44,2026-08-16 23:25:30.116
2026-08-16,SOC,"40817",Southampton,Watford,Southampton,-,0.0,0.0,-,0.0,0.0,2.0,0.96,0.88,2026-08-16 23:25:31.921
2026-08-16,SOC,"40817",Southampton,Watford,Watford,-,0.0,0.0,-,0.0,0.0,3.6,0.04,0.12,2026-08-16 23:25:31.921
2026-08-16,SOC,"40817",West Ham,Burnley,West Ham,-,0.0,0.0,-,0.0,0.0,2.2,0.93,0.86,2026-08-16 23:25:31.921
2026-08-16,SOC,"40817",West Ham,Burnley,Burnley,-,0.0,0.0,-,0.0,0.0,3.2,0.07,0.14,2026-08-16 23:25:31.921
2026-08-17,SOC,"40817",Wrexham,Cardiff City,Wrexham,-,0.0,0.0,-,0.0,0.0,2.8,0.79,0.46,2026-08-16 23:25:31.921
2026-08-17,SOC,"40817",Wrexham,Cardiff City,Cardiff City,-,0.0,0.0,-,0.0,0.0,2.45,0.21,0.54,2026-08-16 23:25:31.921
2026-08-16,SOC,"89345",PHI Union,NYCFC,PHI Union,-,0.0,0.0,-,0.0,0.0,2.45,0.12,0.51,2026-08-16 23:25:39.551
2026-08-16,SOC,"89345",PHI Union,NYCFC,NYCFC,-,0.0,0.0,-,0.0,0.0,2.55,0.88,0.49,2026-08-16 23:25:39.551
2026-08-16,SOC,"89345",POR Timbers,CHI Fire,POR Timbers,-,0.0,0.0,-,0.0,0.0,4.9,0.34,0.38,2026-08-16 23:25:39.551
2026-08-16,SOC,"89345",POR Timbers,CHI Fire,CHI Fire,-,0.0,0.0,-,0.0,0.0,1.5128205,0.66,0.62,2026-08-16 23:25:39.551
2026-08-16,SOC,"89345",FC Dallas,Austin FC,FC Dallas,-,0.0,0.0,-,0.0,0.0,2.25,0.33,0.76,2026-08-16 23:25:39.551
2026-08-16,SOC,"89345",FC Dallas,Austin FC,Austin FC,-,0.0,0.0,-,0.0,0.0,2.8,0.67,0.24,2026-08-16 23:25:39.551
2026-08-16,SOC,"89345",Vancouver Whitecaps,Seattle Sounders,Vancouver Whitecaps,-,0.0,0.0,-,0.0,0.0,1.8,0.76,0.87,2026-08-16 23:25:39.551
2026-08-16,SOC,"89345",Vancouver Whitecaps,Seattle Sounders,Seattle Sounders,-,0.0,0.0,-,0.0,0.0,3.8,0.24,0.13,2026-08-16 23:25:39.551
2026-08-16,MLB,MLB,Baltimore Orioles,Tampa Bay Rays,Baltimore Orioles,+1.5,0.09,0.47,"7.5",0.89,0.68,2.31,0.26,0.3,2026-08-16 23:55:13.111
2026-08-16,MLB,MLB,Baltimore Orioles,Tampa Bay Rays,Tampa Bay Rays,-1.5,0.91,0.53,"7.5",0.11,0.32,1.7142857,0.74,0.7,2026-08-16 23:55:13.111
2026-08-16,MLB,MLB,Arizona Diamondbacks,Atlanta Braves,Arizona Diamondbacks,+1.5,0.19,0.63,"9",0.46,0.56,2.14,0.32,0.35,2026-08-16 23:55:13.111
2026-08-16,MLB,MLB,Arizona Diamondbacks,Atlanta Braves,Atlanta Braves,-1.5,0.81,0.37,"9",0.54,0.44,1.8130082,0.68,0.65,2026-08-16 23:55:13.111
2026-08-16,MLB,MLB,Boston Red Sox,Pittsburgh Pirates,Boston Red Sox,-1.5,0.47,0.57,"8",0.97,0.63,1.8928572,0.87,0.71,2026-08-16 23:55:13.111
2026-08-16,MLB,MLB,Boston Red Sox,Pittsburgh Pirates,Pittsburgh Pirates,+1.5,0.53,0.43,"8",0.03,0.37,2.04,0.13,0.29,2026-08-16 23:55:13.111
2026-08-16,MLB,MLB,New York Yankees,Toronto Blue Jays,New York Yankees,+1.5,0.38,0.57,"7",0.12,0.46,2.11,0.68,0.53,2026-08-16 23:55:13.111
2026-08-16,MLB,MLB,New York Yankees,Toronto Blue Jays,Toronto Blue Jays,-1.5,0.62,0.43,"7",0.88,0.54,1.8403361,0.32,0.47,2026-08-16 23:55:13.111
2026-08-16,MLB,MLB,San Diego Padres,Cleveland Guardians,San Diego Padres,-1.5,0.7,0.4,"8",0.16,0.47,1.925926,0.9,0.67,2026-08-16 23:55:13.111
2026-08-16,MLB,MLB,San Diego Padres,Cleveland Guardians,Cleveland Guardians,+1.5,0.3,0.6,"8",0.84,0.53,2.01,0.1,0.33,2026-08-16 23:55:13.111
2026-08-16,MLB,MLB,Washington Nationals,New York Mets,Washington Nationals,+1.5,0.0,0.56,"8.5",0.73,0.53,2.48,0.28,0.29,2026-08-16 23:55:13.111
2026-08-16,MLB,MLB,Washington Nationals,New York Mets,New York Mets,-1.5,1.0,0.44,"8.5",0.27,0.47,1.6289308,0.72,0.71,2026-08-16 23:55:13.111
2026-08-16,MLB,MLB,Miami Marlins,Cincinnati Reds,Miami Marlins,-1.5,0.91,0.39,"8.5",0.47,0.53,1.8474576,0.71,0.62,2026-08-16 23:55:13.111
2026-08-16,MLB,MLB,Miami Marlins,Cincinnati Reds,Cincinnati Reds,+1.5,0.09,0.61,"8.5",0.53,0.47,2.1,0.29,0.38,2026-08-16 23:55:13.111
2026-08-16,MLB,MLB,Chicago White Sox,Detroit Tigers,Chicago White Sox,-1.5,0.85,0.39,"8",0.69,0.6,2.01,0.56,0.59,2026-08-16 23:55:13.111
2026-08-16,MLB,MLB,Chicago White Sox,Detroit Tigers,Detroit Tigers,+1.5,0.15,0.61,"8",0.31,0.4,1.925926,0.44,0.41,2026-08-16 23:55:13.111
2026-08-16,MLB,MLB,Philadelphia Phillies,Minnesota Twins,Philadelphia Phillies,-1.5,0.57,0.56,"9.5",0.92,0.54,1.9615384,0.6,0.73,2026-08-16 23:55:13.111
2026-08-16,MLB,MLB,Philadelphia Phillies,Minnesota Twins,Minnesota Twins,+1.5,0.43,0.44,"9.5",0.08,0.46,1.9708738,0.4,0.27,2026-08-16 23:55:13.111
2026-08-16,MLB,MLB,ST Louis Cardinals,Chicago Cubs,ST Louis Cardinals,+1.5,0.52,0.61,"9",0.96,0.55,2.62,0.63,0.21,2026-08-16 23:55:13.111
2026-08-16,MLB,MLB,ST Louis Cardinals,Chicago Cubs,Chicago Cubs,-1.5,0.48,0.39,"9",0.04,0.45,1.5747126,0.37,0.79,2026-08-16 23:55:13.111
2026-08-16,MLB,MLB,Texas Rangers,Athletics,Texas Rangers,-1.5,0.96,0.49,"10",0.45,0.4,1.7751938,0.49,0.69,2026-08-16 23:55:13.111
2026-08-16,MLB,MLB,Texas Rangers,Athletics,Athletics,+1.5,0.04,0.51,"10",0.55,0.6,2.2,0.51,0.31,2026-08-16 23:55:13.111
2026-08-16,MLB,MLB,Colorado Rockies,San Francisco Giants,Colorado Rockies,+1.5,0.03,0.48,"8",0.66,0.56,2.19,0.2,0.27,2026-08-16 23:55:13.111
2026-08-16,MLB,MLB,Colorado Rockies,San Francisco Giants,San Francisco Giants,-1.5,0.97,0.52,"8",0.34,0.44,1.78125,0.8,0.73,2026-08-16 23:55:13.111
2026-08-16,MLB,MLB,Kansas City Royals,Los Angeles Angels,Kansas City Royals,-1.5,0.96,0.32,"8.5",0.59,0.33,1.9174312,0.82,0.66,2026-08-16 23:55:13.111
2026-08-16,MLB,MLB,Kansas City Royals,Los Angeles Angels,Los Angeles Angels,+1.5,0.04,0.68,"8.5",0.41,0.67,2.02,0.18,0.34,2026-08-16 23:55:13.111
2026-08-16,MLB,MLB,Milwaukee Brewers,Los Angeles Dodgers,Milwaukee Brewers,+1.5,0.11,0.46,"7",0.18,0.44,2.63,0.23,0.24,2026-08-16 23:55:13.111
2026-08-16,MLB,MLB,Milwaukee Brewers,Los Angeles Dodgers,Los Angeles Dodgers,-1.5,0.89,0.54,"7",0.82,0.56,1.5681819,0.77,0.76,2026-08-16 23:55:13.111
2026-08-16,MLB,MLB,Seattle Mariners,Houston Astros,Seattle Mariners,+1.5,0.34,0.66,"7.5",0.75,0.69,2.08,0.16,0.28,2026-08-16 23:55:13.111
2026-08-16,MLB,MLB,Seattle Mariners,Houston Astros,Houston Astros,-1.5,0.66,0.34,"7.5",0.25,0.31,1.862069,0.84,0.72,2026-08-16 23:55:13.111
2026-08-16,SOC,"40031",Villarreal,Racing Santander,Villarreal,-,0.0,0.0,-,0.0,0.0,2.05,0.98,0.96,2026-08-16 23:55:24.474
2026-08-16,SOC,"40031",Villarreal,Racing Santander,Racing Santander,-,0.0,0.0,-,0.0,0.0,3.4,0.02,0.04,2026-08-16 23:55:24.474
2026-08-16,SOC,"40031",Levante,Espanyol,Levante,-,0.0,0.0,-,0.0,0.0,3.7,0.24,0.11,2026-08-16 23:55:24.474
2026-08-16,SOC,"40031",Levante,Espanyol,Espanyol,-,0.0,0.0,-,0.0,0.0,2.1,0.76,0.89,2026-08-16 23:55:24.474
2026-08-16,SOC,"40031",Osasuna,Celta Vigo,Osasuna,-,0.0,0.0,-,0.0,0.0,3.65,0.09,0.1,2026-08-16 23:55:24.474
2026-08-16,SOC,"40031",Osasuna,Celta Vigo,Celta Vigo,-,0.0,0.0,-,0.0,0.0,2.05,0.91,0.9,2026-08-16 23:55:24.474
2026-08-17,SOC,"40031",Elche,Dep La Coruna,Elche,-,0.0,0.0,-,0.0,0.0,3.35,0.5,0.56,2026-08-16 23:55:24.474
2026-08-17,SOC,"40031",Elche,Dep La Coruna,Dep La Coruna,-,0.0,0.0,-,0.0,0.0,2.35,0.5,0.44,2026-08-16 23:55:24.474
2026-08-16,SOC,"40817",Southampton,Watford,Southampton,-,0.0,0.0,-,0.0,0.0,2.0,0.96,0.88,2026-08-16 23:55:26.057
2026-08-16,SOC,"40817",Southampton,Watford,Watford,-,0.0,0.0,-,0.0,0.0,3.6,0.04,0.12,2026-08-16 23:55:26.057
2026-08-16,SOC,"40817",West Ham,Burnley,West Ham,-,0.0,0.0,-,0.0,0.0,2.3,0.94,0.86,2026-08-16 23:55:26.057
2026-08-16,SOC,"40817",West Ham,Burnley,Burnley,-,0.0,0.0,-,0.0,0.0,3.1,0.06,0.14,2026-08-16 23:55:26.057
2026-08-17,SOC,"40817",Wrexham,Cardiff City,Wrexham,-,0.0,0.0,-,0.0,0.0,2.8,0.8,0.46,2026-08-16 23:55:26.057
2026-08-17,SOC,"40817",Wrexham,Cardiff City,Cardiff City,-,0.0,0.0,-,0.0,0.0,2.45,0.2,0.54,2026-08-16 23:55:26.057
2026-08-16,SOC,"89345",PHI Union,NYCFC,PHI Union,-,0.0,0.0,-,0.0,0.0,2.45,0.12,0.5,2026-08-16 23:55:34.392
2026-08-16,SOC,"89345",PHI Union,NYCFC,NYCFC,-,0.0,0.0,-,0.0,0.0,2.55,0.88,0.5,2026-08-16 23:55:34.392
2026-08-16,SOC,"89345",POR Timbers,CHI Fire,POR Timbers,-,0.0,0.0,-,0.0,0.0,4.9,0.33,0.37,2026-08-16 23:55:34.392
2026-08-16,SOC,"89345",POR Timbers,CHI Fire,CHI Fire,-,0.0,0.0,-,0.0,0.0,1.5128205,0.67,0.63,2026-08-16 23:55:34.392
2026-08-16,SOC,"89345",FC Dallas,Austin FC,FC Dallas,-,0.0,0.0,-,0.0,0.0,2.25,0.33,0.76,2026-08-16 23:55:34.392
2026-08-16,SOC,"89345",FC Dallas,Austin FC,Austin FC,-,0.0,0.0,-,0.0,0.0,2.8,0.67,0.24,2026-08-16 23:55:34.392
2026-08-16,SOC,"89345",Vancouver Whitecaps,Seattle Sounders,Vancouver Whitecaps,-,0.0,0.0,-,0.0,0.0,1.8,0.76,0.86,2026-08-16 23:55:34.392
2026-08-16,SOC,"89345",Vancouver Whitecaps,Seattle Sounders,Seattle Sounders,-,0.0,0.0,-,0.0,0.0,3.8,0.24,0.14,2026-08-16 23:55:34.392
2026-08-16,MLB,MLB,Baltimore Orioles,Tampa Bay Rays,Baltimore Orioles,+1.5,0.09,0.47,"7.5",0.78,0.68,2.31,0.27,0.29,2026-08-17 00:25:21.999
2026-08-16,MLB,MLB,Baltimore Orioles,Tampa Bay Rays,Tampa Bay Rays,-1.5,0.91,0.53,"7.5",0.22,0.32,1.7142857,0.73,0.71,2026-08-17 00:25:21.999
2026-08-16,MLB,MLB,Arizona Diamondbacks,Atlanta Braves,Arizona Diamondbacks,+1.5,0.18,0.63,"9",0.48,0.55,2.15,0.34,0.35,2026-08-17 00:25:21.999
2026-08-16,MLB,MLB,Arizona Diamondbacks,Atlanta Braves,Atlanta Braves,-1.5,0.82,0.37,"9",0.52,0.45,1.8064516,0.66,0.65,2026-08-17 00:25:21.999
2026-08-16,MLB,MLB,Boston Red Sox,Pittsburgh Pirates,Boston Red Sox,-1.5,0.52,0.57,"8",0.97,0.64,1.9174312,0.88,0.72,2026-08-17 00:25:21.999
2026-08-16,MLB,MLB,Boston Red Sox,Pittsburgh Pirates,Pittsburgh Pirates,+1.5,0.48,0.43,"8",0.03,0.36,2.02,0.12,0.28,2026-08-17 00:25:21.999
2026-08-16,MLB,MLB,New York Yankees,Toronto Blue Jays,New York Yankees,+1.5,0.36,0.59,"6.5",0.14,0.47,2.08,0.66,0.52,2026-08-17 00:25:21.999
2026-08-16,MLB,MLB,New York Yankees,Toronto Blue Jays,Toronto Blue Jays,-1.5,0.64,0.41,"6.5",0.86,0.53,1.862069,0.34,0.48,2026-08-17 00:25:21.999
2026-08-16,MLB,MLB,San Diego Padres,Cleveland Guardians,San Diego Padres,-1.5,0.71,0.41,"8",0.23,0.51,1.925926,0.89,0.68,2026-08-17 00:25:21.999
2026-08-16,MLB,MLB,San Diego Padres,Cleveland Guardians,Cleveland Guardians,+1.5,0.29,0.59,"8",0.77,0.49,2.01,0.11,0.32,2026-08-17 00:25:21.999
2026-08-16,MLB,MLB,Washington Nationals,New York Mets,Washington Nationals,+1.5,0.0,0.51,"8.5",0.71,0.53,2.48,0.26,0.27,2026-08-17 00:25:21.999
2026-08-16,MLB,MLB,Washington Nationals,New York Mets,New York Mets,-1.5,1.0,0.49,"8.5",0.29,0.47,1.6289308,0.74,0.73,2026-08-17 00:25:21.999
2026-08-16,MLB,MLB,Miami Marlins,Cincinnati Reds,Miami Marlins,-1.5,0.9,0.39,"8.5",0.44,0.53,1.8474576,0.71,0.63,2026-08-17 00:25:21.999
2026-08-16,MLB,MLB,Miami Marlins,Cincinnati Reds,Cincinnati Reds,+1.5,0.1,0.61,"8.5",0.56,0.47,2.1,0.29,0.37,2026-08-17 00:25:21.999
2026-08-16,MLB,MLB,Chicago White Sox,Detroit Tigers,Chicago White Sox,-1.5,0.84,0.39,"8",0.61,0.59,2.01,0.56,0.59,2026-08-17 00:25:21.999
2026-08-16,MLB,MLB,Chicago White Sox,Detroit Tigers,Detroit Tigers,+1.5,0.16,0.61,"8",0.39,0.41,1.925926,0.44,0.41,2026-08-17 00:25:21.999
2026-08-16,MLB,MLB,Philadelphia Phillies,Minnesota Twins,Philadelphia Phillies,-1.5,0.59,0.56,"9.5",0.89,0.54,1.9615384,0.63,0.73,2026-08-17 00:25:21.999
2026-08-16,MLB,MLB,Philadelphia Phillies,Minnesota Twins,Minnesota Twins,+1.5,0.41,0.44,"9.5",0.11,0.46,1.9708738,0.37,0.27,2026-08-17 00:25:21.999
2026-08-16,MLB,MLB,ST Louis Cardinals,Chicago Cubs,ST Louis Cardinals,+1.5,0.67,0.57,"9",0.96,0.54,2.62,0.61,0.21,2026-08-17 00:25:21.999
2026-08-16,MLB,MLB,ST Louis Cardinals,Chicago Cubs,Chicago Cubs,-1.5,0.33,0.43,"9",0.04,0.46,1.5747126,0.39,0.79,2026-08-17 00:25:21.999
2026-08-16,MLB,MLB,Texas Rangers,Athletics,Texas Rangers,-1.5,0.94,0.45,"9.5",0.44,0.42,1.7751938,0.54,0.69,2026-08-17 00:25:21.999
2026-08-16,MLB,MLB,Texas Rangers,Athletics,Athletics,+1.5,0.06,0.55,"9.5",0.56,0.58,2.2,0.46,0.31,2026-08-17 00:25:21.999
2026-08-16,MLB,MLB,Colorado Rockies,San Francisco Giants,Colorado Rockies,+1.5,0.03,0.51,"8",0.68,0.56,2.16,0.2,0.27,2026-08-17 00:25:21.999
2026-08-16,MLB,MLB,Colorado Rockies,San Francisco Giants,San Francisco Giants,-1.5,0.97,0.49,"8",0.32,0.44,1.8064516,0.8,0.73,2026-08-17 00:25:21.999
2026-08-16,MLB,MLB,Kansas City Royals,Los Angeles Angels,Kansas City Royals,-1.5,0.94,0.3,"8.5",0.55,0.34,1.9174312,0.82,0.68,2026-08-17 00:25:21.999
2026-08-16,MLB,MLB,Kansas City Royals,Los Angeles Angels,Los Angeles Angels,+1.5,0.06,0.7,"8.5",0.45,0.66,2.02,0.18,0.32,2026-08-17 00:25:21.999
2026-08-16,MLB,MLB,Milwaukee Brewers,Los Angeles Dodgers,Milwaukee Brewers,+1.5,0.52,0.48,"7",0.3,0.44,2.63,0.25,0.24,2026-08-17 00:25:21.999
2026-08-16,MLB,MLB,Milwaukee Brewers,Los Angeles Dodgers,Los Angeles Dodgers,-1.5,0.48,0.52,"7",0.7,0.56,1.5681819,0.75,0.76,2026-08-17 00:25:21.999
2026-08-16,MLB,MLB,Seattle Mariners,Houston Astros,Seattle Mariners,+1.5,0.44,0.64,"7.5",0.77,0.71,2.08,0.17,0.29,2026-08-17 00:25:21.999
2026-08-16,MLB,MLB,Seattle Mariners,Houston Astros,Houston Astros,-1.5,0.56,0.36,"7.5",0.23,0.29,1.862069,0.83,0.71,2026-08-17 00:25:21.999
2026-08-16,SOC,"40031",Villarreal,Racing Santander,Villarreal,-,0.0,0.0,-,0.0,0.0,1.9523809,0.98,0.96,2026-08-17 00:25:30.944
2026-08-16,SOC,"40031",Villarreal,Racing Santander,Racing Santander,-,0.0,0.0,-,0.0,0.0,3.7,0.02,0.04,2026-08-17 00:25:30.944
2026-08-16,SOC,"40031",Levante,Espanyol,Levante,-,0.0,0.0,-,0.0,0.0,3.7,0.23,0.11,2026-08-17 00:25:30.944
2026-08-16,SOC,"40031",Levante,Espanyol,Espanyol,-,0.0,0.0,-,0.0,0.0,2.1,0.77,0.89,2026-08-17 00:25:30.944
2026-08-16,SOC,"40031",Osasuna,Celta Vigo,Osasuna,-,0.0,0.0,-,0.0,0.0,3.65,0.1,0.1,2026-08-17 00:25:30.944
2026-08-16,SOC,"40031",Osasuna,Celta Vigo,Celta Vigo,-,0.0,0.0,-,0.0,0.0,2.05,0.9,0.9,2026-08-17 00:25:30.944
2026-08-17,SOC,"40031",Elche,Dep La Coruna,Elche,-,0.0,0.0,-,0.0,0.0,3.35,0.51,0.56,2026-08-17 00:25:30.944
2026-08-17,SOC,"40031",Elche,Dep La Coruna,Dep La Coruna,-,0.0,0.0,-,0.0,0.0,2.35,0.49,0.44,2026-08-17 00:25:30.944
2026-08-16,SOC,"40817",Southampton,Watford,Southampton,-,0.0,0.0,-,0.0,0.0,2.0,0.96,0.88,2026-08-17 00:25:32.468
2026-08-16,SOC,"40817",Southampton,Watford,Watford,-,0.0,0.0,-,0.0,0.0,3.6,0.04,0.12,2026-08-17 00:25:32.468
2026-08-16,SOC,"40817",West Ham,Burnley,West Ham,-,0.0,0.0,-,0.0,0.0,2.35,0.94,0.86,2026-08-17 00:25:32.468
2026-08-16,SOC,"40817",West Ham,Burnley,Burnley,-,0.0,0.0,-,0.0,0.0,3.0,0.06,0.14,2026-08-17 00:25:32.468
2026-08-17,SOC,"40817",Wrexham,Cardiff City,Wrexham,-,0.0,0.0,-,0.0,0.0,2.8,0.8,0.46,2026-08-17 00:25:32.468
2026-08-17,SOC,"40817",Wrexham,Cardiff City,Cardiff City,-,0.0,0.0,-,0.0,0.0,2.45,0.2,0.54,2026-08-17 00:25:32.468
2026-08-16,SOC,"89345",PHI Union,NYCFC,PHI Union,-,0.0,0.0,-,0.0,0.0,2.45,0.12,0.5,2026-08-17 00:25:39.527
2026-08-16,SOC,"89345",PHI Union,NYCFC,NYCFC,-,0.0,0.0,-,0.0,0.0,2.55,0.88,0.5,2026-08-17 00:25:39.527
2026-08-16,SOC,"89345",POR Timbers,CHI Fire,POR Timbers,-,0.0,0.0,-,0.0,0.0,4.9,0.31,0.36,2026-08-17 00:25:39.527
2026-08-16,SOC,"89345",POR Timbers,CHI Fire,CHI Fire,-,0.0,0.0,-,0.0,0.0,1.5128205,0.69,0.64,2026-08-17 00:25:39.527
2026-08-16,SOC,"89345",FC Dallas,Austin FC,FC Dallas,-,0.0,0.0,-,0.0,0.0,2.25,0.32,0.75,2026-08-17 00:25:39.527
2026-08-16,SOC,"89345",FC Dallas,Austin FC,Austin FC,-,0.0,0.0,-,0.0,0.0,2.8,0.68,0.25,2026-08-17 00:25:39.527
2026-08-16,SOC,"89345",Vancouver Whitecaps,Seattle Sounders,Vancouver Whitecaps,-,0.0,0.0,-,0.0,0.0,1.8333334,0.77,0.86,2026-08-17 00:25:39.527
2026-08-16,SOC,"89345",Vancouver Whitecaps,Seattle Sounders,Seattle Sounders,-,0.0,0.0,-,0.0,0.0,3.75,0.23,0.14,2026-08-17 00:25:39.527
2026-08-16,MLB,MLB,Baltimore Orioles,Tampa Bay Rays,Baltimore Orioles,+1.5,0.11,0.46,"7.5",0.8,0.69,2.31,0.34,0.29,2026-08-17 00:55:07.085
2026-08-16,MLB,MLB,Baltimore Orioles,Tampa Bay Rays,Tampa Bay Rays,-1.5,0.89,0.54,"7.5",0.2,0.31,1.7142857,0.66,0.71,2026-08-17 00:55:07.085
2026-08-16,MLB,MLB,Arizona Diamondbacks,Atlanta Braves,Arizona Diamondbacks,+1.5,0.12,0.64,"9",0.42,0.52,2.15,0.42,0.35,2026-08-17 00:55:07.085
2026-08-16,MLB,MLB,Arizona Diamondbacks,Atlanta Braves,Atlanta Braves,-1.5,0.88,0.36,"9",0.58,0.48,1.8064516,0.58,0.65,2026-08-17 00:55:07.085
2026-08-16,MLB,MLB,Boston Red Sox,Pittsburgh Pirates,Boston Red Sox,-1.5,0.58,0.57,"8",0.96,0.64,1.9174312,0.95,0.72,2026-08-17 00:55:07.085
2026-08-16,MLB,MLB,Boston Red Sox,Pittsburgh Pirates,Pittsburgh Pirates,+1.5,0.42,0.43,"8",0.04,0.36,2.02,0.05,0.28,2026-08-17 00:55:07.085
2026-08-16,MLB,MLB,New York Yankees,Toronto Blue Jays,New York Yankees,+1.5,0.38,0.6,"6.5",0.2,0.49,2.1,0.69,0.51,2026-08-17 00:55:07.085
2026-08-16,MLB,MLB,New York Yankees,Toronto Blue Jays,Toronto Blue Jays,-1.5,0.62,0.4,"6.5",0.8,0.51,1.8474576,0.31,0.49,2026-08-17 00:55:07.085
2026-08-16,MLB,MLB,San Diego Padres,Cleveland Guardians,San Diego Padres,-1.5,0.91,0.41,"8",0.26,0.53,1.9523809,0.9,0.67,2026-08-17 00:55:07.085
2026-08-16,MLB,MLB,San Diego Padres,Cleveland Guardians,Cleveland Guardians,+1.5,0.09,0.59,"8",0.74,0.47,1.9708738,0.1,0.33,2026-08-17 00:55:07.085
2026-08-16,MLB,MLB,Washington Nationals,New York Mets,Washington Nationals,+1.5,0.0,0.5,"8.5",0.77,0.54,2.48,0.26,0.27,2026-08-17 00:55:07.085
2026-08-16,MLB,MLB,Washington Nationals,New York Mets,New York Mets,-1.5,1.0,0.5,"8.5",0.23,0.46,1.6289308,0.74,0.73,2026-08-17 00:55:07.085
2026-08-16,MLB,MLB,Miami Marlins,Cincinnati Reds,Miami Marlins,-1.5,0.89,0.38,"8.5",0.45,0.53,1.8474576,0.71,0.63,2026-08-17 00:55:07.085
2026-08-16,MLB,MLB,Miami Marlins,Cincinnati Reds,Cincinnati Reds,+1.5,0.11,0.62,"8.5",0.55,0.47,2.1,0.29,0.37,2026-08-17 00:55:07.085
2026-08-16,MLB,MLB,Chicago White Sox,Detroit Tigers,Chicago White Sox,-1.5,0.8,0.38,"8",0.61,0.58,2.03,0.51,0.59,2026-08-17 00:55:07.085
2026-08-16,MLB,MLB,Chicago White Sox,Detroit Tigers,Detroit Tigers,+1.5,0.2,0.62,"8",0.39,0.42,1.900901,0.49,0.41,2026-08-17 00:55:07.085
2026-08-16,MLB,MLB,Philadelphia Phillies,Minnesota Twins,Philadelphia Phillies,-1.5,0.61,0.56,"9.5",0.96,0.53,1.9615384,0.64,0.72,2026-08-17 00:55:07.085
2026-08-16,MLB,MLB,Philadelphia Phillies,Minnesota Twins,Minnesota Twins,+1.5,0.39,0.44,"9.5",0.04,0.47,1.9708738,0.36,0.28,2026-08-17 00:55:07.085
2026-08-16,MLB,MLB,ST Louis Cardinals,Chicago Cubs,ST Louis Cardinals,+1.5,0.57,0.57,"9",0.93,0.54,2.62,0.59,0.21,2026-08-17 00:55:07.085
2026-08-16,MLB,MLB,ST Louis Cardinals,Chicago Cubs,Chicago Cubs,-1.5,0.43,0.43,"9",0.07,0.46,1.5747126,0.41,0.79,2026-08-17 00:55:07.085
2026-08-16,MLB,MLB,Texas Rangers,Athletics,Texas Rangers,-1.5,0.93,0.45,"9.5",0.62,0.43,1.7751938,0.55,0.69,2026-08-17 00:55:07.085
2026-08-16,MLB,MLB,Texas Rangers,Athletics,Athletics,+1.5,0.07,0.55,"9.5",0.38,0.57,2.2,0.45,0.31,2026-08-17 00:55:07.085
2026-08-16,MLB,MLB,Colorado Rockies,San Francisco Giants,Colorado Rockies,+1.5,0.03,0.49,"8",0.71,0.55,2.16,0.2,0.28,2026-08-17 00:55:07.085
2026-08-16,MLB,MLB,Colorado Rockies,San Francisco Giants,San Francisco Giants,-1.5,0.97,0.51,"8",0.29,0.45,1.8064516,0.8,0.72,2026-08-17 00:55:07.085
2026-08-16,MLB,MLB,Kansas City Royals,Los Angeles Angels,Kansas City Royals,-1.5,0.91,0.31,"8.5",0.59,0.35,1.9174312,0.8,0.68,2026-08-17 00:55:07.085
2026-08-16,MLB,MLB,Kansas City Royals,Los Angeles Angels,Los Angeles Angels,+1.5,0.09,0.69,"8.5",0.41,0.65,2.02,0.2,0.32,2026-08-17 00:55:07.085
2026-08-16,MLB,MLB,Milwaukee Brewers,Los Angeles Dodgers,Milwaukee Brewers,+1.5,0.57,0.47,"7",0.31,0.46,2.63,0.26,0.23,2026-08-17 00:55:07.085
2026-08-16,MLB,MLB,Milwaukee Brewers,Los Angeles Dodgers,Los Angeles Dodgers,-1.5,0.43,0.53,"7",0.69,0.54,1.5681819,0.74,0.77,2026-08-17 00:55:07.085
2026-08-16,MLB,MLB,Seattle Mariners,Houston Astros,Seattle Mariners,+1.5,0.44,0.65,"7.5",0.76,0.7,2.1,0.17,0.28,2026-08-17 00:55:07.085
2026-08-16,MLB,MLB,Seattle Mariners,Houston Astros,Houston Astros,-1.5,0.56,0.35,"7.5",0.24,0.3,1.8474576,0.83,0.72,2026-08-17 00:55:07.085
2026-08-16,SOC,"40031",Villarreal,Racing Santander,Villarreal,-,0.0,0.0,-,0.0,0.0,1.9523809,0.98,0.96,2026-08-17 00:55:16.310
2026-08-16,SOC,"40031",Villarreal,Racing Santander,Racing Santander,-,0.0,0.0,-,0.0,0.0,3.7,0.02,0.04,2026-08-17 00:55:16.310
2026-08-16,SOC,"40031",Levante,Espanyol,Levante,-,0.0,0.0,-,0.0,0.0,3.7,0.22,0.1,2026-08-17 00:55:16.310
2026-08-16,SOC,"40031",Levante,Espanyol,Espanyol,-,0.0,0.0,-,0.0,0.0,2.1,0.78,0.9,2026-08-17 00:55:16.310
2026-08-16,SOC,"40031",Osasuna,Celta Vigo,Osasuna,-,0.0,0.0,-,0.0,0.0,3.65,0.08,0.09,2026-08-17 00:55:16.310
2026-08-16,SOC,"40031",Osasuna,Celta Vigo,Celta Vigo,-,0.0,0.0,-,0.0,0.0,2.05,0.92,0.91,2026-08-17 00:55:16.310
2026-08-17,SOC,"40031",Elche,Dep La Coruna,Elche,-,0.0,0.0,-,0.0,0.0,3.35,0.51,0.57,2026-08-17 00:55:16.310
2026-08-17,SOC,"40031",Elche,Dep La Coruna,Dep La Coruna,-,0.0,0.0,-,0.0,0.0,2.35,0.49,0.43,2026-08-17 00:55:16.310
2026-08-16,SOC,"40817",Southampton,Watford,Southampton,-,0.0,0.0,-,0.0,0.0,2.0,0.96,0.88,2026-08-17 00:55:17.759
2026-08-16,SOC,"40817",Southampton,Watford,Watford,-,0.0,0.0,-,0.0,0.0,3.6,0.04,0.12,2026-08-17 00:55:17.759
2026-08-16,SOC,"40817",West Ham,Burnley,West Ham,-,0.0,0.0,-,0.0,0.0,2.35,0.94,0.86,2026-08-17 00:55:17.759
2026-08-16,SOC,"40817",West Ham,Burnley,Burnley,-,0.0,0.0,-,0.0,0.0,3.0,0.06,0.14,2026-08-17 00:55:17.759
2026-08-17,SOC,"40817",Wrexham,Cardiff City,Wrexham,-,0.0,0.0,-,0.0,0.0,2.8,0.82,0.47,2026-08-17 00:55:17.759
2026-08-17,SOC,"40817",Wrexham,Cardiff City,Cardiff City,-,0.0,0.0,-,0.0,0.0,2.45,0.18,0.53,2026-08-17 00:55:17.759
2026-08-16,SOC,"89345",PHI Union,NYCFC,PHI Union,-,0.0,0.0,-,0.0,0.0,2.5,0.11,0.49,2026-08-17 00:55:24.780
2026-08-16,SOC,"89345",PHI Union,NYCFC,NYCFC,-,0.0,0.0,-,0.0,0.0,2.5,0.89,0.51,2026-08-17 00:55:24.780
2026-08-16,SOC,"89345",POR Timbers,CHI Fire,POR Timbers,-,0.0,0.0,-,0.0,0.0,4.9,0.3,0.35,2026-08-17 00:55:24.780
2026-08-16,SOC,"89345",POR Timbers,CHI Fire,CHI Fire,-,0.0,0.0,-,0.0,0.0,1.5128205,0.7,0.65,2026-08-17 00:55:24.780
2026-08-16,SOC,"89345",FC Dallas,Austin FC,FC Dallas,-,0.0,0.0,-,0.0,0.0,2.25,0.32,0.75,2026-08-17 00:55:24.780
2026-08-16,SOC,"89345",FC Dallas,Austin FC,Austin FC,-,0.0,0.0,-,0.0,0.0,2.8,0.68,0.25,2026-08-17 00:55:24.780
2026-08-16,SOC,"89345",Vancouver Whitecaps,Seattle Sounders,Vancouver Whitecaps,-,0.0,0.0,-,0.0,0.0,1.8333334,0.77,0.86,2026-08-17 00:55:24.780
2026-08-16,SOC,"89345",Vancouver Whitecaps,Seattle Sounders,Seattle Sounders,-,0.0,0.0,-,0.0,0.0,3.75,0.23,0.14,2026-08-17 00:55:24.780
2026-08-16,MLB,MLB,Baltimore Orioles,Tampa Bay Rays,Baltimore Orioles,+1.5,0.09,0.46,"7",0.75,0.72,2.31,0.34,0.28,2026-08-17 01:25:11.787
2026-08-16,MLB,MLB,Baltimore Orioles,Tampa Bay Rays,Tampa Bay Rays,-1.5,0.91,0.54,"7",0.25,0.28,1.7142857,0.66,0.72,2026-08-17 01:25:11.787
2026-08-16,MLB,MLB,Arizona Diamondbacks,Atlanta Braves,Arizona Diamondbacks,+1.5,0.14,0.65,"9",0.47,0.52,2.15,0.39,0.34,2026-08-17 01:25:11.787
2026-08-16,MLB,MLB,Arizona Diamondbacks,Atlanta Braves,Atlanta Braves,-1.5,0.86,0.35,"9",0.53,0.48,1.8064516,0.61,0.66,2026-08-17 01:25:11.787
2026-08-16,MLB,MLB,Boston Red Sox,Pittsburgh Pirates,Boston Red Sox,-1.5,0.64,0.58,"8",0.97,0.66,1.9174312,0.92,0.73,2026-08-17 01:25:11.787
2026-08-16,MLB,MLB,Boston Red Sox,Pittsburgh Pirates,Pittsburgh Pirates,+1.5,0.36,0.42,"8",0.03,0.34,2.02,0.08,0.27,2026-08-17 01:25:11.787
2026-08-16,MLB,MLB,New York Yankees,Toronto Blue Jays,New York Yankees,+1.5,0.37,0.62,"6.5",0.24,0.54,2.1,0.67,0.5,2026-08-17 01:25:11.787
2026-08-16,MLB,MLB,New York Yankees,Toronto Blue Jays,Toronto Blue Jays,-1.5,0.63,0.38,"6.5",0.76,0.46,1.8474576,0.33,0.5,2026-08-17 01:25:11.787
2026-08-16,MLB,MLB,San Diego Padres,Cleveland Guardians,San Diego Padres,-1.5,0.89,0.4,"8",0.33,0.56,1.9523809,0.95,0.68,2026-08-17 01:25:11.787
2026-08-16,MLB,MLB,San Diego Padres,Cleveland Guardians,Cleveland Guardians,+1.5,0.11,0.6,"8",0.67,0.44,1.9708738,0.05,0.32,2026-08-17 01:25:11.787
2026-08-16,MLB,MLB,Washington Nationals,New York Mets,Washington Nationals,+1.5,0.0,0.5,"8.5",0.76,0.56,2.48,0.29,0.27,2026-08-17 01:25:11.787
2026-08-16,MLB,MLB,Washington Nationals,New York Mets,New York Mets,-1.5,1.0,0.5,"8.5",0.24,0.44,1.625,0.71,0.73,2026-08-17 01:25:11.787
2026-08-16,MLB,MLB,Miami Marlins,Cincinnati Reds,Miami Marlins,-1.5,0.89,0.38,"8.5",0.51,0.55,1.8474576,0.73,0.63,2026-08-17 01:25:11.787
2026-08-16,MLB,MLB,Miami Marlins,Cincinnati Reds,Cincinnati Reds,+1.5,0.11,0.62,"8.5",0.49,0.45,2.1,0.27,0.37,2026-08-17 01:25:11.787
2026-08-16,MLB,MLB,Chicago White Sox,Detroit Tigers,Chicago White Sox,-1.5,0.81,0.37,"8",0.53,0.58,2.03,0.33,0.6,2026-08-17 01:25:11.787
2026-08-16,MLB,MLB,Chicago White Sox,Detroit Tigers,Detroit Tigers,+1.5,0.19,0.63,"8",0.47,0.42,1.900901,0.67,0.4,2026-08-17 01:25:11.787
2026-08-16,MLB,MLB,Philadelphia Phillies,Minnesota Twins,Philadelphia Phillies,-1.5,0.64,0.55,"9.5",0.96,0.52,1.9615384,0.35,0.73,2026-08-17 01:25:11.787
2026-08-16,MLB,MLB,Philadelphia Phillies,Minnesota Twins,Minnesota Twins,+1.5,0.36,0.45,"9.5",0.04,0.48,1.9708738,0.65,0.27,2026-08-17 01:25:11.787
2026-08-16,MLB,MLB,ST Louis Cardinals,Chicago Cubs,ST Louis Cardinals,+1.5,0.54,0.57,"9",0.93,0.54,2.62,0.55,0.2,2026-08-17 01:25:11.787
2026-08-16,MLB,MLB,ST Louis Cardinals,Chicago Cubs,Chicago Cubs,-1.5,0.46,0.43,"9",0.07,0.46,1.5747126,0.45,0.8,2026-08-17 01:25:11.787
2026-08-16,MLB,MLB,Texas Rangers,Athletics,Texas Rangers,-1.5,0.91,0.42,"9.5",0.64,0.45,1.7751938,0.51,0.7,2026-08-17 01:25:11.787
2026-08-16,MLB,MLB,Texas Rangers,Athletics,Athletics,+1.5,0.09,0.58,"9.5",0.36,0.55,2.2,0.49,0.3,2026-08-17 01:25:11.787
2026-08-16,MLB,MLB,Colorado Rockies,San Francisco Giants,Colorado Rockies,+1.5,0.03,0.49,"8",0.75,0.57,2.16,0.2,0.26,2026-08-17 01:25:11.787
2026-08-16,MLB,MLB,Colorado Rockies,San Francisco Giants,San Francisco Giants,-1.5,0.97,0.51,"8",0.25,0.43,1.8064516,0.8,0.74,2026-08-17 01:25:11.787
2026-08-16,MLB,MLB,Kansas City Royals,Los Angeles Angels,Kansas City Royals,-1.5,0.91,0.3,"8.5",0.58,0.38,1.9174312,0.82,0.69,2026-08-17 01:25:11.787
2026-08-16,MLB,MLB,Kansas City Royals,Los Angeles Angels,Los Angeles Angels,+1.5,0.09,0.7,"8.5",0.42,0.62,2.02,0.18,0.31,2026-08-17 01:25:11.787
2026-08-16,MLB,MLB,Milwaukee Brewers,Los Angeles Dodgers,Milwaukee Brewers,+1.5,0.54,0.51,"7",0.31,0.49,2.63,0.23,0.22,2026-08-17 01:25:11.787
2026-08-16,MLB,MLB,Milwaukee Brewers,Los Angeles Dodgers,Los Angeles Dodgers,-1.5,0.46,0.49,"7",0.69,0.51,1.5714285,0.77,0.78,2026-08-17 01:25:11.787
2026-08-16,MLB,MLB,Seattle Mariners,Houston Astros,Seattle Mariners,+1.5,0.31,0.67,"8",0.76,0.7,2.1,0.17,0.27,2026-08-17 01:25:11.787
2026-08-16,MLB,MLB,Seattle Mariners,Houston Astros,Houston Astros,-1.5,0.69,0.33,"8",0.24,0.3,1.8474576,0.83,0.73,2026-08-17 01:25:11.787
2026-08-16,SOC,"40031",Villarreal,Racing Santander,Villarreal,-,0.0,0.0,-,0.0,0.0,1.9523809,0.98,0.96,2026-08-17 01:25:20.423
2026-08-16,SOC,"40031",Villarreal,Racing Santander,Racing Santander,-,0.0,0.0,-,0.0,0.0,3.7,0.02,0.04,2026-08-17 01:25:20.423
2026-08-16,SOC,"40031",Levante,Espanyol,Levante,-,0.0,0.0,-,0.0,0.0,3.7,0.21,0.1,2026-08-17 01:25:20.423
2026-08-16,SOC,"40031",Levante,Espanyol,Espanyol,-,0.0,0.0,-,0.0,0.0,2.1,0.79,0.9,2026-08-17 01:25:20.423
2026-08-16,SOC,"40031",Osasuna,Celta Vigo,Osasuna,-,0.0,0.0,-,0.0,0.0,3.65,0.08,0.09,2026-08-17 01:25:20.423
2026-08-16,SOC,"40031",Osasuna,Celta Vigo,Celta Vigo,-,0.0,0.0,-,0.0,0.0,2.05,0.92,0.91,2026-08-17 01:25:20.423
2026-08-17,SOC,"40031",Elche,Dep La Coruna,Elche,-,0.0,0.0,-,0.0,0.0,3.35,0.51,0.56,2026-08-17 01:25:20.423
2026-08-17,SOC,"40031",Elche,Dep La Coruna,Dep La Coruna,-,0.0,0.0,-,0.0,0.0,2.35,0.49,0.44,2026-08-17 01:25:20.423
2026-08-16,SOC,"40817",Southampton,Watford,Southampton,-,0.0,0.0,-,0.0,0.0,2.0,0.96,0.88,2026-08-17 01:25:22.146
2026-08-16,SOC,"40817",Southampton,Watford,Watford,-,0.0,0.0,-,0.0,0.0,3.6,0.04,0.12,2026-08-17 01:25:22.146
2026-08-16,SOC,"40817",West Ham,Burnley,West Ham,-,0.0,0.0,-,0.0,0.0,2.35,0.94,0.86,2026-08-17 01:25:22.146
2026-08-16,SOC,"40817",West Ham,Burnley,Burnley,-,0.0,0.0,-,0.0,0.0,3.0,0.06,0.14,2026-08-17 01:25:22.146
2026-08-17,SOC,"40817",Wrexham,Cardiff City,Wrexham,-,0.0,0.0,-,0.0,0.0,2.8,0.82,0.47,2026-08-17 01:25:22.146
2026-08-17,SOC,"40817",Wrexham,Cardiff City,Cardiff City,-,0.0,0.0,-,0.0,0.0,2.45,0.18,0.53,2026-08-17 01:25:22.146
2026-08-16,SOC,"89345",PHI Union,NYCFC,PHI Union,-,0.0,0.0,-,0.0,0.0,2.5,0.1,0.48,2026-08-17 01:25:29.849
2026-08-16,SOC,"89345",PHI Union,NYCFC,NYCFC,-,0.0,0.0,-,0.0,0.0,2.5,0.9,0.52,2026-08-17 01:25:29.849
2026-08-16,SOC,"89345",POR Timbers,CHI Fire,POR Timbers,-,0.0,0.0,-,0.0,0.0,4.9,0.28,0.34,2026-08-17 01:25:29.849
2026-08-16,SOC,"89345",POR Timbers,CHI Fire,CHI Fire,-,0.0,0.0,-,0.0,0.0,1.5128205,0.72,0.66,2026-08-17 01:25:29.849
2026-08-16,SOC,"89345",FC Dallas,Austin FC,FC Dallas,-,0.0,0.0,-,0.0,0.0,2.25,0.45,0.75,2026-08-17 01:25:29.849
2026-08-16,SOC,"89345",FC Dallas,Austin FC,Austin FC,-,0.0,0.0,-,0.0,0.0,2.8,0.55,0.25,2026-08-17 01:25:29.849
2026-08-16,SOC,"89345",Vancouver Whitecaps,Seattle Sounders,Vancouver Whitecaps,-,0.0,0.0,-,0.0,0.0,1.9523809,0.79,0.85,2026-08-17 01:25:29.849
2026-08-16,SOC,"89345",Vancouver Whitecaps,Seattle Sounders,Seattle Sounders,-,0.0,0.0,-,0.0,0.0,3.4,0.21,0.15,2026-08-17 01:25:29.849
2026-08-16,MLB,MLB,Baltimore Orioles,Tampa Bay Rays,Baltimore Orioles,+1.5,0.14,0.47,"7",0.8,0.74,2.26,0.33,0.28,2026-08-17 01:55:05.830
2026-08-16,MLB,MLB,Baltimore Orioles,Tampa Bay Rays,Tampa Bay Rays,-1.5,0.86,0.53,"7",0.2,0.26,1.7352941,0.67,0.72,2026-08-17 01:55:05.830
2026-08-16,MLB,MLB,Arizona Diamondbacks,Atlanta Braves,Arizona Diamondbacks,+1.5,0.43,0.67,"9",0.54,0.54,2.15,0.35,0.34,2026-08-17 01:55:05.830
2026-08-16,MLB,MLB,Arizona Diamondbacks,Atlanta Braves,Atlanta Braves,-1.5,0.57,0.33,"9",0.46,0.46,1.8064516,0.65,0.66,2026-08-17 01:55:05.830
2026-08-16,MLB,MLB,Boston Red Sox,Pittsburgh Pirates,Boston Red Sox,-1.5,0.72,0.57,"8",0.95,0.66,1.8928572,0.91,0.73,2026-08-17 01:55:05.830
2026-08-16,MLB,MLB,Boston Red Sox,Pittsburgh Pirates,Pittsburgh Pirates,+1.5,0.28,0.43,"8",0.05,0.34,2.04,0.09,0.27,2026-08-17 01:55:05.830
2026-08-16,MLB,MLB,New York Yankees,Toronto Blue Jays,New York Yankees,+1.5,0.46,0.65,"6.5",0.34,0.56,2.1,0.64,0.49,2026-08-17 01:55:05.830
2026-08-16,MLB,MLB,New York Yankees,Toronto Blue Jays,Toronto Blue Jays,-1.5,0.54,0.35,"6.5",0.66,0.44,1.8474576,0.36,0.51,2026-08-17 01:55:05.830
2026-08-16,MLB,MLB,San Diego Padres,Cleveland Guardians,San Diego Padres,-1.5,0.78,0.38,"8",0.35,0.59,1.9523809,0.95,0.7,2026-08-17 01:55:05.830
2026-08-16,MLB,MLB,San Diego Padres,Cleveland Guardians,Cleveland Guardians,+1.5,0.22,0.62,"8",0.65,0.41,1.9708738,0.05,0.3,2026-08-17 01:55:05.830
2026-08-16,MLB,MLB,Washington Nationals,New York Mets,Washington Nationals,+1.5,0.0,0.49,"8.5",0.65,0.59,2.48,0.25,0.26,2026-08-17 01:55:05.830
2026-08-16,MLB,MLB,Washington Nationals,New York Mets,New York Mets,-1.5,1.0,0.51,"8.5",0.35,0.41,1.625,0.75,0.74,2026-08-17 01:55:05.846
2026-08-16,MLB,MLB,Miami Marlins,Cincinnati Reds,Miami Marlins,-1.5,0.86,0.37,"8.5",0.75,0.56,1.8474576,0.74,0.64,2026-08-17 01:55:05.846
2026-08-16,MLB,MLB,Miami Marlins,Cincinnati Reds,Cincinnati Reds,+1.5,0.14,0.63,"8.5",0.25,0.44,2.1,0.26,0.36,2026-08-17 01:55:05.846
2026-08-16,MLB,MLB,Chicago White Sox,Detroit Tigers,Chicago White Sox,-1.5,0.7,0.33,"8",0.35,0.59,2.03,0.35,0.6,2026-08-17 01:55:05.846
2026-08-16,MLB,MLB,Chicago White Sox,Detroit Tigers,Detroit Tigers,+1.5,0.3,0.67,"8",0.65,0.41,1.900901,0.65,0.4,2026-08-17 01:55:05.846
2026-08-16,MLB,MLB,Philadelphia Phillies,Minnesota Twins,Philadelphia Phillies,-1.5,0.63,0.53,"9.5",0.95,0.54,1.9345795,0.37,0.72,2026-08-17 01:55:05.846
2026-08-16,MLB,MLB,Philadelphia Phillies,Minnesota Twins,Minnesota Twins,+1.5,0.37,0.47,"9.5",0.05,0.46,2.0,0.63,0.28,2026-08-17 01:55:05.846
2026-08-16,MLB,MLB,ST Louis Cardinals,Chicago Cubs,ST Louis Cardinals,+1.5,0.52,0.58,"9",0.91,0.53,2.62,0.52,0.19,2026-08-17 01:55:05.846
2026-08-16,MLB,MLB,ST Louis Cardinals,Chicago Cubs,Chicago Cubs,-1.5,0.48,0.42,"9",0.09,0.47,1.5747126,0.48,0.81,2026-08-17 01:55:05.846
2026-08-16,MLB,MLB,Texas Rangers,Athletics,Texas Rangers,-1.5,0.81,0.39,"9.5",0.67,0.48,1.7751938,0.54,0.7,2026-08-17 01:55:05.846
2026-08-16,MLB,MLB,Texas Rangers,Athletics,Athletics,+1.5,0.19,0.61,"9.5",0.33,0.52,2.2,0.46,0.3,2026-08-17 01:55:05.846
2026-08-16,MLB,MLB,Colorado Rockies,San Francisco Giants,Colorado Rockies,+1.5,0.03,0.48,"8",0.48,0.58,2.16,0.19,0.27,2026-08-17 01:55:05.846
2026-08-16,MLB,MLB,Colorado Rockies,San Francisco Giants,San Francisco Giants,-1.5,0.97,0.52,"8",0.52,0.42,1.8064516,0.81,0.73,2026-08-17 01:55:05.846
2026-08-16,MLB,MLB,Kansas City Royals,Los Angeles Angels,Kansas City Royals,-1.5,0.87,0.3,"8.5",0.6,0.42,1.9174312,0.79,0.69,2026-08-17 01:55:05.846
2026-08-16,MLB,MLB,Kansas City Royals,Los Angeles Angels,Los Angeles Angels,+1.5,0.13,0.7,"8.5",0.4,0.58,2.02,0.21,0.31,2026-08-17 01:55:05.846
2026-08-16,MLB,MLB,Milwaukee Brewers,Los Angeles Dodgers,Milwaukee Brewers,+1.5,0.5,0.51,"7",0.41,0.5,2.63,0.2,0.22,2026-08-17 01:55:05.846
2026-08-16,MLB,MLB,Milwaukee Brewers,Los Angeles Dodgers,Los Angeles Dodgers,-1.5,0.5,0.49,"7",0.59,0.5,1.5714285,0.8,0.78,2026-08-17 01:55:05.846
2026-08-16,MLB,MLB,Seattle Mariners,Houston Astros,Seattle Mariners,+1.5,0.31,0.66,"8",0.54,0.67,2.1,0.13,0.27,2026-08-17 01:55:05.846
2026-08-16,MLB,MLB,Seattle Mariners,Houston Astros,Houston Astros,-1.5,0.69,0.34,"8",0.46,0.33,1.8474576,0.87,0.73,2026-08-17 01:55:05.846
2026-08-16,SOC,"40031",Villarreal,Racing Santander,Villarreal,-,0.0,0.0,-,0.0,0.0,1.9523809,0.98,0.96,2026-08-17 01:55:14.347
2026-08-16,SOC,"40031",Villarreal,Racing Santander,Racing Santander,-,0.0,0.0,-,0.0,0.0,3.7,0.02,0.04,2026-08-17 01:55:14.347
2026-08-16,SOC,"40031",Levante,Espanyol,Levante,-,0.0,0.0,-,0.0,0.0,3.75,0.19,0.1,2026-08-17 01:55:14.347
2026-08-16,SOC,"40031",Levante,Espanyol,Espanyol,-,0.0,0.0,-,0.0,0.0,2.1,0.81,0.9,2026-08-17 01:55:14.347
2026-08-16,SOC,"40031",Osasuna,Celta Vigo,Osasuna,-,0.0,0.0,-,0.0,0.0,3.65,0.09,0.09,2026-08-17 01:55:14.347
2026-08-16,SOC,"40031",Osasuna,Celta Vigo,Celta Vigo,-,0.0,0.0,-,0.0,0.0,2.05,0.91,0.91,2026-08-17 01:55:14.347
2026-08-17,SOC,"40031",Elche,Dep La Coruna,Elche,-,0.0,0.0,-,0.0,0.0,3.5,0.51,0.56,2026-08-17 01:55:14.347
2026-08-17,SOC,"40031",Elche,Dep La Coruna,Dep La Coruna,-,0.0,0.0,-,0.0,0.0,2.35,0.49,0.44,2026-08-17 01:55:14.347
2026-08-16,SOC,"40817",Southampton,Watford,Southampton,-,0.0,0.0,-,0.0,0.0,2.0,0.96,0.88,2026-08-17 01:55:15.872
2026-08-16,SOC,"40817",Southampton,Watford,Watford,-,0.0,0.0,-,0.0,0.0,3.6,0.04,0.12,2026-08-17 01:55:15.872
2026-08-16,SOC,"40817",West Ham,Burnley,West Ham,-,0.0,0.0,-,0.0,0.0,2.35,0.94,0.86,2026-08-17 01:55:15.872
2026-08-16,SOC,"40817",West Ham,Burnley,Burnley,-,0.0,0.0,-,0.0,0.0,3.0,0.06,0.14,2026-08-17 01:55:15.872
2026-08-17,SOC,"40817",Wrexham,Cardiff City,Wrexham,-,0.0,0.0,-,0.0,0.0,2.8,0.82,0.48,2026-08-17 01:55:15.872
2026-08-17,SOC,"40817",Wrexham,Cardiff City,Cardiff City,-,0.0,0.0,-,0.0,0.0,2.45,0.18,0.52,2026-08-17 01:55:15.872
2026-08-16,SOC,"89345",PHI Union,NYCFC,PHI Union,-,0.0,0.0,-,0.0,0.0,2.5,0.09,0.48,2026-08-17 01:55:23.223
2026-08-16,SOC,"89345",PHI Union,NYCFC,NYCFC,-,0.0,0.0,-,0.0,0.0,2.5,0.91,0.52,2026-08-17 01:55:23.223
2026-08-16,SOC,"89345",POR Timbers,CHI Fire,POR Timbers,-,0.0,0.0,-,0.0,0.0,4.9,0.28,0.33,2026-08-17 01:55:23.223
2026-08-16,SOC,"89345",POR Timbers,CHI Fire,CHI Fire,-,0.0,0.0,-,0.0,0.0,1.5128205,0.72,0.67,2026-08-17 01:55:23.223
2026-08-16,SOC,"89345",FC Dallas,Austin FC,FC Dallas,-,0.0,0.0,-,0.0,0.0,2.25,0.47,0.74,2026-08-17 01:55:23.223
2026-08-16,SOC,"89345",FC Dallas,Austin FC,Austin FC,-,0.0,0.0,-,0.0,0.0,2.8,0.53,0.26,2026-08-17 01:55:23.223
2026-08-16,SOC,"89345",Vancouver Whitecaps,Seattle Sounders,Vancouver Whitecaps,-,0.0,0.0,-,0.0,0.0,1.9523809,0.79,0.85,2026-08-17 01:55:23.223
2026-08-16,SOC,"89345",Vancouver Whitecaps,Seattle Sounders,Seattle Sounders,-,0.0,0.0,-,0.0,0.0,3.4,0.21,0.15,2026-08-17 01:55:23.223
2026-08-16,MLB,MLB,Baltimore Orioles,Tampa Bay Rays,Baltimore Orioles,+1.5,0.14,0.47,"7",0.8,0.74,2.26,0.33,0.28,2026-08-17 02:25:06.883
2026-08-16,MLB,MLB,Baltimore Orioles,Tampa Bay Rays,Tampa Bay Rays,-1.5,0.86,0.53,"7",0.2,0.26,1.7352941,0.67,0.72,2026-08-17 02:25:06.883
2026-08-16,MLB,MLB,Arizona Diamondbacks,Atlanta Braves,Arizona Diamondbacks,+1.5,0.43,0.67,"9",0.48,0.53,2.15,0.35,0.34,2026-08-17 02:25:06.883
2026-08-16,MLB,MLB,Arizona Diamondbacks,Atlanta Braves,Atlanta Braves,-1.5,0.57,0.33,"9",0.52,0.47,1.8064516,0.65,0.66,2026-08-17 02:25:06.883
2026-08-16,MLB,MLB,Boston Red Sox,Pittsburgh Pirates,Boston Red Sox,-1.5,0.78,0.57,"8",0.94,0.66,1.9523809,0.89,0.73,2026-08-17 02:25:06.883
2026-08-16,MLB,MLB,Boston Red Sox,Pittsburgh Pirates,Pittsburgh Pirates,+1.5,0.22,0.43,"8",0.06,0.34,1.9803921,0.11,0.27,2026-08-17 02:25:06.883
2026-08-16,MLB,MLB,New York Yankees,Toronto Blue Jays,New York Yankees,+1.5,0.44,0.65,"6.5",0.4,0.58,2.1,0.63,0.49,2026-08-17 02:25:06.883
2026-08-16,MLB,MLB,New York Yankees,Toronto Blue Jays,Toronto Blue Jays,-1.5,0.56,0.35,"6.5",0.6,0.42,1.8474576,0.37,0.51,2026-08-17 02:25:06.883
2026-08-16,MLB,MLB,San Diego Padres,Cleveland Guardians,San Diego Padres,-1.5,0.75,0.38,"8",0.35,0.57,1.9523809,0.95,0.7,2026-08-17 02:25:06.883
2026-08-16,MLB,MLB,San Diego Padres,Cleveland Guardians,Cleveland Guardians,+1.5,0.25,0.62,"8",0.65,0.43,1.9708738,0.05,0.3,2026-08-17 02:25:06.883
2026-08-16,MLB,MLB,Washington Nationals,New York Mets,Washington Nationals,+1.5,0.01,0.49,"8.5",0.75,0.59,2.48,0.25,0.26,2026-08-17 02:25:06.883
2026-08-16,MLB,MLB,Washington Nationals,New York Mets,New York Mets,-1.5,0.99,0.51,"8.5",0.25,0.41,1.625,0.75,0.74,2026-08-17 02:25:06.883
2026-08-16,MLB,MLB,Miami Marlins,Cincinnati Reds,Miami Marlins,-1.5,0.86,0.36,"8.5",0.75,0.56,1.8474576,0.84,0.65,2026-08-17 02:25:06.883
2026-08-16,MLB,MLB,Miami Marlins,Cincinnati Reds,Cincinnati Reds,+1.5,0.14,0.64,"8.5",0.25,0.44,2.1,0.16,0.35,2026-08-17 02:25:06.883
2026-08-16,MLB,MLB,Chicago White Sox,Detroit Tigers,Chicago White Sox,-1.5,0.71,0.34,"8",0.38,0.58,2.03,0.36,0.59,2026-08-17 02:25:06.883
2026-08-16,MLB,MLB,Chicago White Sox,Detroit Tigers,Detroit Tigers,+1.5,0.29,0.66,"8",0.62,0.42,1.900901,0.64,0.41,2026-08-17 02:25:06.883
2026-08-16,MLB,MLB,Philadelphia Phillies,Minnesota Twins,Philadelphia Phillies,-1.5,0.66,0.53,"9.5",0.91,0.54,1.9345795,0.39,0.72,2026-08-17 02:25:06.883
2026-08-16,MLB,MLB,Philadelphia Phillies,Minnesota Twins,Minnesota Twins,+1.5,0.34,0.47,"9.5",0.09,0.46,2.0,0.61,0.28,2026-08-17 02:25:06.883
2026-08-16,MLB,MLB,ST Louis Cardinals,Chicago Cubs,ST Louis Cardinals,+1.5,0.51,0.58,"9",0.85,0.53,2.63,0.57,0.19,2026-08-17 02:25:06.883
2026-08-16,MLB,MLB,ST Louis Cardinals,Chicago Cubs,Chicago Cubs,-1.5,0.49,0.42,"9",0.15,0.47,1.5681819,0.43,0.81,2026-08-17 02:25:06.883
2026-08-16,MLB,MLB,Texas Rangers,Athletics,Texas Rangers,-1.5,0.78,0.38,"9.5",0.74,0.5,1.7751938,0.61,0.69,2026-08-17 02:25:06.883
2026-08-16,MLB,MLB,Texas Rangers,Athletics,Athletics,+1.5,0.22,0.62,"9.5",0.26,0.5,2.2,0.39,0.31,2026-08-17 02:25:06.883
2026-08-16,MLB,MLB,Colorado Rockies,San Francisco Giants,Colorado Rockies,+1.5,0.05,0.5,"8",0.5,0.57,2.16,0.19,0.27,2026-08-17 02:25:06.883
2026-08-16,MLB,MLB,Colorado Rockies,San Francisco Giants,San Francisco Giants,-1.5,0.95,0.5,"8",0.5,0.43,1.8064516,0.81,0.73,2026-08-17 02:25:06.883
2026-08-16,MLB,MLB,Kansas City Royals,Los Angeles Angels,Kansas City Royals,-1.5,0.86,0.3,"8.5",0.64,0.43,1.9174312,0.8,0.7,2026-08-17 02:25:06.883
2026-08-16,MLB,MLB,Kansas City Royals,Los Angeles Angels,Los Angeles Angels,+1.5,0.14,0.7,"8.5",0.36,0.57,2.02,0.2,0.3,2026-08-17 02:25:06.883
2026-08-16,MLB,MLB,Milwaukee Brewers,Los Angeles Dodgers,Milwaukee Brewers,+1.5,0.49,0.52,"7",0.42,0.5,2.63,0.19,0.22,2026-08-17 02:25:06.883
2026-08-16,MLB,MLB,Milwaukee Brewers,Los Angeles Dodgers,Los Angeles Dodgers,-1.5,0.51,0.48,"7",0.58,0.5,1.5714285,0.81,0.78,2026-08-17 02:25:06.883
2026-08-16,MLB,MLB,Seattle Mariners,Houston Astros,Seattle Mariners,+1.5,0.28,0.65,"8",0.52,0.65,2.1,0.11,0.27,2026-08-17 02:25:06.883
2026-08-16,MLB,MLB,Seattle Mariners,Houston Astros,Houston Astros,-1.5,0.72,0.35,"8",0.48,0.35,1.8474576,0.89,0.73,2026-08-17 02:25:06.883
2026-08-16,SOC,"40031",Villarreal,Racing Santander,Villarreal,-,0.0,0.0,-,0.0,0.0,1.9523809,0.98,0.96,2026-08-17 02:25:15.570
2026-08-16,SOC,"40031",Villarreal,Racing Santander,Racing Santander,-,0.0,0.0,-,0.0,0.0,3.7,0.02,0.04,2026-08-17 02:25:15.570
2026-08-16,SOC,"40031",Levante,Espanyol,Levante,-,0.0,0.0,-,0.0,0.0,3.75,0.21,0.1,2026-08-17 02:25:15.570
2026-08-16,SOC,"40031",Levante,Espanyol,Espanyol,-,0.0,0.0,-,0.0,0.0,2.1,0.79,0.9,2026-08-17 02:25:15.570
2026-08-16,SOC,"40031",Osasuna,Celta Vigo,Osasuna,-,0.0,0.0,-,0.0,0.0,3.65,0.08,0.09,2026-08-17 02:25:15.570
2026-08-16,SOC,"40031",Osasuna,Celta Vigo,Celta Vigo,-,0.0,0.0,-,0.0,0.0,2.05,0.92,0.91,2026-08-17 02:25:15.570
2026-08-17,SOC,"40031",Elche,Dep La Coruna,Elche,-,0.0,0.0,-,0.0,0.0,3.5,0.51,0.56,2026-08-17 02:25:15.570
2026-08-17,SOC,"40031",Elche,Dep La Coruna,Dep La Coruna,-,0.0,0.0,-,0.0,0.0,2.35,0.49,0.44,2026-08-17 02:25:15.570
2026-08-16,SOC,"40817",Southampton,Watford,Southampton,-,0.0,0.0,-,0.0,0.0,2.0,0.96,0.88,2026-08-17 02:25:17.428
2026-08-16,SOC,"40817",Southampton,Watford,Watford,-,0.0,0.0,-,0.0,0.0,3.6,0.04,0.12,2026-08-17 02:25:17.428
2026-08-16,SOC,"40817",West Ham,Burnley,West Ham,-,0.0,0.0,-,0.0,0.0,2.35,0.94,0.86,2026-08-17 02:25:17.428
2026-08-16,SOC,"40817",West Ham,Burnley,Burnley,-,0.0,0.0,-,0.0,0.0,3.0,0.06,0.14,2026-08-17 02:25:17.428
2026-08-17,SOC,"40817",Wrexham,Cardiff City,Wrexham,-,0.0,0.0,-,0.0,0.0,2.8,0.82,0.48,2026-08-17 02:25:17.428
2026-08-17,SOC,"40817",Wrexham,Cardiff City,Cardiff City,-,0.0,0.0,-,0.0,0.0,2.45,0.18,0.52,2026-08-17 02:25:17.428
2026-08-16,SOC,"89345",PHI Union,NYCFC,PHI Union,-,0.0,0.0,-,0.0,0.0,2.5,0.09,0.47,2026-08-17 02:25:24.690
2026-08-16,SOC,"89345",PHI Union,NYCFC,NYCFC,-,0.0,0.0,-,0.0,0.0,2.5,0.91,0.53,2026-08-17 02:25:24.690
2026-08-16,SOC,"89345",POR Timbers,CHI Fire,POR Timbers,-,0.0,0.0,-,0.0,0.0,4.9,0.27,0.32,2026-08-17 02:25:24.690
2026-08-16,SOC,"89345",POR Timbers,CHI Fire,CHI Fire,-,0.0,0.0,-,0.0,0.0,1.5128205,0.73,0.68,2026-08-17 02:25:24.690
2026-08-16,SOC,"89345",FC Dallas,Austin FC,FC Dallas,-,0.0,0.0,-,0.0,0.0,2.25,0.48,0.75,2026-08-17 02:25:24.690
2026-08-16,SOC,"89345",FC Dallas,Austin FC,Austin FC,-,0.0,0.0,-,0.0,0.0,2.8,0.52,0.25,2026-08-17 02:25:24.690
2026-08-16,SOC,"89345",Vancouver Whitecaps,Seattle Sounders,Vancouver Whitecaps,-,0.0,0.0,-,0.0,0.0,1.9523809,0.74,0.85,2026-08-17 02:25:24.690
2026-08-16,SOC,"89345",Vancouver Whitecaps,Seattle Sounders,Seattle Sounders,-,0.0,0.0,-,0.0,0.0,3.4,0.26,0.15,2026-08-17 02:25:24.690
2026-08-16,MLB,MLB,Baltimore Orioles,Tampa Bay Rays,Baltimore Orioles,+1.5,0.14,0.47,"7",0.8,0.74,2.26,0.33,0.28,2026-08-17 02:55:06.457
2026-08-16,MLB,MLB,Baltimore Orioles,Tampa Bay Rays,Tampa Bay Rays,-1.5,0.86,0.53,"7",0.2,0.26,1.7352941,0.67,0.72,2026-08-17 02:55:06.457
2026-08-16,MLB,MLB,Arizona Diamondbacks,Atlanta Braves,Arizona Diamondbacks,+1.5,0.4,0.65,"9",0.55,0.52,2.1,0.36,0.34,2026-08-17 02:55:06.457
2026-08-16,MLB,MLB,Arizona Diamondbacks,Atlanta Braves,Atlanta Braves,-1.5,0.6,0.35,"9",0.45,0.48,1.8474576,0.64,0.66,2026-08-17 02:55:06.457
2026-08-16,MLB,MLB,Boston Red Sox,Pittsburgh Pirates,Boston Red Sox,-1.5,0.79,0.58,"8",0.95,0.66,1.9523809,0.86,0.73,2026-08-17 02:55:06.457
2026-08-16,MLB,MLB,Boston Red Sox,Pittsburgh Pirates,Pittsburgh Pirates,+1.5,0.21,0.42,"8",0.05,0.34,1.9803921,0.14,0.27,2026-08-17 02:55:06.457
2026-08-16,MLB,MLB,New York Yankees,Toronto Blue Jays,New York Yankees,+1.5,0.44,0.66,"6.5",0.48,0.59,2.1,0.63,0.49,2026-08-17 02:55:06.457
2026-08-16,MLB,MLB,New York Yankees,Toronto Blue Jays,Toronto Blue Jays,-1.5,0.56,0.34,"6.5",0.52,0.41,1.8474576,0.37,0.51,2026-08-17 02:55:06.457
2026-08-16,MLB,MLB,San Diego Padres,Cleveland Guardians,San Diego Padres,-1.5,0.74,0.39,"8",0.43,0.57,1.9523809,0.94,0.7,2026-08-17 02:55:06.457
2026-08-16,MLB,MLB,San Diego Padres,Cleveland Guardians,Cleveland Guardians,+1.5,0.26,0.61,"8",0.57,0.43,1.9708738,0.06,0.3,2026-08-17 02:55:06.457
2026-08-16,MLB,MLB,Washington Nationals,New York Mets,Washington Nationals,+1.5,0.01,0.48,"8.5",0.76,0.61,2.48,0.23,0.26,2026-08-17 02:55:06.457
2026-08-16,MLB,MLB,Washington Nationals,New York Mets,New York Mets,-1.5,0.99,0.52,"8.5",0.24,0.39,1.625,0.77,0.74,2026-08-17 02:55:06.457
2026-08-16,MLB,MLB,Miami Marlins,Cincinnati Reds,Miami Marlins,-1.5,0.84,0.37,"8.5",0.72,0.54,1.8474576,0.83,0.65,2026-08-17 02:55:06.457
2026-08-16,MLB,MLB,Miami Marlins,Cincinnati Reds,Cincinnati Reds,+1.5,0.16,0.63,"8.5",0.28,0.46,2.1,0.17,0.35,2026-08-17 02:55:06.457
2026-08-16,MLB,MLB,Chicago White Sox,Detroit Tigers,Chicago White Sox,-1.5,0.64,0.35,"8",0.32,0.58,2.03,0.36,0.59,2026-08-17 02:55:06.457
2026-08-16,MLB,MLB,Chicago White Sox,Detroit Tigers,Detroit Tigers,+1.5,0.36,0.65,"8",0.68,0.42,1.900901,0.64,0.41,2026-08-17 02:55:06.457
2026-08-16,MLB,MLB,Philadelphia Phillies,Minnesota Twins,Philadelphia Phillies,-1.5,0.66,0.54,"9.5",0.92,0.54,1.9433962,0.41,0.73,2026-08-17 02:55:06.457
2026-08-16,MLB,MLB,Philadelphia Phillies,Minnesota Twins,Minnesota Twins,+1.5,0.34,0.46,"9.5",0.08,0.46,1.990099,0.59,0.27,2026-08-17 02:55:06.457
2026-08-16,MLB,MLB,ST Louis Cardinals,Chicago Cubs,ST Louis Cardinals,+1.5,0.47,0.56,"9",0.82,0.52,2.67,0.56,0.19,2026-08-17 02:55:06.457
2026-08-16,MLB,MLB,ST Louis Cardinals,Chicago Cubs,Chicago Cubs,-1.5,0.53,0.44,"9",0.18,0.48,1.5555556,0.44,0.81,2026-08-17 02:55:06.457
2026-08-16,MLB,MLB,Texas Rangers,Athletics,Texas Rangers,-1.5,0.78,0.39,"9.5",0.77,0.51,1.7751938,0.64,0.7,2026-08-17 02:55:06.457
2026-08-16,MLB,MLB,Texas Rangers,Athletics,Athletics,+1.5,0.22,0.61,"9.5",0.23,0.49,2.2,0.36,0.3,2026-08-17 02:55:06.457
2026-08-16,MLB,MLB,Colorado Rockies,San Francisco Giants,Colorado Rockies,+1.5,0.11,0.5,"8",0.59,0.55,2.16,0.17,0.27,2026-08-17 02:55:06.457
2026-08-16,MLB,MLB,Colorado Rockies,San Francisco Giants,San Francisco Giants,-1.5,0.89,0.5,"8",0.41,0.45,1.8064516,0.83,0.73,2026-08-17 02:55:06.457
2026-08-16,MLB,MLB,Kansas City Royals,Los Angeles Angels,Kansas City Royals,-1.5,0.86,0.3,"8.5",0.7,0.45,1.9174312,0.79,0.7,2026-08-17 02:55:06.457
2026-08-16,MLB,MLB,Kansas City Royals,Los Angeles Angels,Los Angeles Angels,+1.5,0.14,0.7,"8.5",0.3,0.55,2.02,0.21,0.3,2026-08-17 02:55:06.457
2026-08-16,MLB,MLB,Milwaukee Brewers,Los Angeles Dodgers,Milwaukee Brewers,+1.5,0.46,0.51,"7",0.43,0.5,2.67,0.21,0.21,2026-08-17 02:55:06.457
2026-08-16,MLB,MLB,Milwaukee Brewers,Los Angeles Dodgers,Los Angeles Dodgers,-1.5,0.54,0.49,"7",0.57,0.5,1.5586592,0.79,0.79,2026-08-17 02:55:06.457
2026-08-16,MLB,MLB,Seattle Mariners,Houston Astros,Seattle Mariners,+1.5,0.35,0.66,"8",0.5,0.64,2.1,0.1,0.27,2026-08-17 02:55:06.457
2026-08-16,MLB,MLB,Seattle Mariners,Houston Astros,Houston Astros,-1.5,0.65,0.34,"8",0.5,0.36,1.8474576,0.9,0.73,2026-08-17 02:55:06.457
2026-08-16,SOC,"40031",Villarreal,Racing Santander,Villarreal,-,0.0,0.0,-,0.0,0.0,1.9523809,0.98,0.96,2026-08-17 02:55:14.608
2026-08-16,SOC,"40031",Villarreal,Racing Santander,Racing Santander,-,0.0,0.0,-,0.0,0.0,3.7,0.02,0.04,2026-08-17 02:55:14.608
2026-08-16,SOC,"40031",Levante,Espanyol,Levante,-,0.0,0.0,-,0.0,0.0,3.75,0.21,0.1,2026-08-17 02:55:14.608
2026-08-16,SOC,"40031",Levante,Espanyol,Espanyol,-,0.0,0.0,-,0.0,0.0,2.1,0.79,0.9,2026-08-17 02:55:14.608
2026-08-16,SOC,"40031",Osasuna,Celta Vigo,Osasuna,-,0.0,0.0,-,0.0,0.0,3.65,0.07,0.09,2026-08-17 02:55:14.608
2026-08-16,SOC,"40031",Osasuna,Celta Vigo,Celta Vigo,-,0.0,0.0,-,0.0,0.0,2.05,0.93,0.91,2026-08-17 02:55:14.608
2026-08-17,SOC,"40031",Elche,Dep La Coruna,Elche,-,0.0,0.0,-,0.0,0.0,3.5,0.5,0.55,2026-08-17 02:55:14.608
2026-08-17,SOC,"40031",Elche,Dep La Coruna,Dep La Coruna,-,0.0,0.0,-,0.0,0.0,2.35,0.5,0.45,2026-08-17 02:55:14.608
2026-08-16,SOC,"40817",Southampton,Watford,Southampton,-,0.0,0.0,-,0.0,0.0,2.0,0.96,0.88,2026-08-17 02:55:16.081
2026-08-16,SOC,"40817",Southampton,Watford,Watford,-,0.0,0.0,-,0.0,0.0,3.6,0.04,0.12,2026-08-17 02:55:16.081
2026-08-16,SOC,"40817",West Ham,Burnley,West Ham,-,0.0,0.0,-,0.0,0.0,2.35,0.94,0.86,2026-08-17 02:55:16.081
2026-08-16,SOC,"40817",West Ham,Burnley,Burnley,-,0.0,0.0,-,0.0,0.0,3.0,0.06,0.14,2026-08-17 02:55:16.081
2026-08-17,SOC,"40817",Wrexham,Cardiff City,Wrexham,-,0.0,0.0,-,0.0,0.0,2.8,0.82,0.48,2026-08-17 02:55:16.081
2026-08-17,SOC,"40817",Wrexham,Cardiff City,Cardiff City,-,0.0,0.0,-,0.0,0.0,2.45,0.18,0.52,2026-08-17 02:55:16.081
2026-08-16,SOC,"89345",PHI Union,NYCFC,PHI Union,-,0.0,0.0,-,0.0,0.0,2.5,0.1,0.45,2026-08-17 02:55:23.476
2026-08-16,SOC,"89345",PHI Union,NYCFC,NYCFC,-,0.0,0.0,-,0.0,0.0,2.5,0.9,0.55,2026-08-17 02:55:23.476
2026-08-16,SOC,"89345",POR Timbers,CHI Fire,POR Timbers,-,0.0,0.0,-,0.0,0.0,4.9,0.26,0.32,2026-08-17 02:55:23.476
2026-08-16,SOC,"89345",POR Timbers,CHI Fire,CHI Fire,-,0.0,0.0,-,0.0,0.0,1.5128205,0.74,0.68,2026-08-17 02:55:23.476
2026-08-16,SOC,"89345",FC Dallas,Austin FC,FC Dallas,-,0.0,0.0,-,0.0,0.0,2.25,0.49,0.74,2026-08-17 02:55:23.476
2026-08-16,SOC,"89345",FC Dallas,Austin FC,Austin FC,-,0.0,0.0,-,0.0,0.0,2.8,0.51,0.26,2026-08-17 02:55:23.476
2026-08-16,SOC,"89345",Vancouver Whitecaps,Seattle Sounders,Vancouver Whitecaps,-,0.0,0.0,-,0.0,0.0,1.9523809,0.74,0.84,2026-08-17 02:55:23.476
2026-08-16,SOC,"89345",Vancouver Whitecaps,Seattle Sounders,Seattle Sounders,-,0.0,0.0,-,0.0,0.0,3.35,0.26,0.16,2026-08-17 02:55:23.476
2026-08-16,MLB,MLB,Baltimore Orioles,Tampa Bay Rays,Baltimore Orioles,+1.5,0.14,0.47,"7",0.8,0.74,2.26,0.33,0.28,2026-08-17 03:25:06.753
2026-08-16,MLB,MLB,Baltimore Orioles,Tampa Bay Rays,Tampa Bay Rays,-1.5,0.86,0.53,"7",0.2,0.26,1.7352941,0.67,0.72,2026-08-17 03:25:06.753
2026-08-16,MLB,MLB,Arizona Diamondbacks,Atlanta Braves,Arizona Diamondbacks,+1.5,0.4,0.66,"9",0.59,0.53,2.11,0.35,0.34,2026-08-17 03:25:06.753
2026-08-16,MLB,MLB,Arizona Diamondbacks,Atlanta Braves,Atlanta Braves,-1.5,0.6,0.34,"9",0.41,0.47,1.8403361,0.65,0.66,2026-08-17 03:25:06.753
2026-08-16,MLB,MLB,Boston Red Sox,Pittsburgh Pirates,Boston Red Sox,-1.5,0.81,0.59,"8",0.96,0.67,1.9523809,0.86,0.74,2026-08-17 03:25:06.753
2026-08-16,MLB,MLB,Boston Red Sox,Pittsburgh Pirates,Pittsburgh Pirates,+1.5,0.19,0.41,"8",0.04,0.33,1.9803921,0.14,0.26,2026-08-17 03:25:06.753
2026-08-16,MLB,MLB,New York Yankees,Toronto Blue Jays,New York Yankees,+1.5,0.4,0.66,"6.5",0.49,0.59,2.1,0.64,0.49,2026-08-17 03:25:06.753
2026-08-16,MLB,MLB,New York Yankees,Toronto Blue Jays,Toronto Blue Jays,-1.5,0.6,0.34,"6.5",0.51,0.41,1.8474576,0.36,0.51,2026-08-17 03:25:06.753
2026-08-16,MLB,MLB,Washington Nationals,New York Mets,Washington Nationals,+1.5,0.01,0.47,"8.5",0.78,0.62,2.48,0.21,0.26,2026-08-17 03:25:06.753
2026-08-16,MLB,MLB,Washington Nationals,New York Mets,New York Mets,-1.5,0.99,0.53,"8.5",0.22,0.38,1.625,0.79,0.74,2026-08-17 03:25:06.753
2026-08-16,MLB,MLB,Miami Marlins,Cincinnati Reds,Miami Marlins,-1.5,0.83,0.37,"8.5",0.66,0.55,1.8474576,0.83,0.65,2026-08-17 03:25:06.753
2026-08-16,MLB,MLB,Miami Marlins,Cincinnati Reds,Cincinnati Reds,+1.5,0.17,0.63,"8.5",0.34,0.45,2.1,0.17,0.35,2026-08-17 03:25:06.753
2026-08-16,MLB,MLB,Chicago White Sox,Detroit Tigers,Chicago White Sox,-1.5,0.65,0.34,"8",0.33,0.58,2.05,0.33,0.59,2026-08-17 03:25:06.753
2026-08-16,MLB,MLB,Chicago White Sox,Detroit Tigers,Detroit Tigers,+1.5,0.35,0.66,"8",0.67,0.42,1.8849558,0.67,0.41,2026-08-17 03:25:06.753
2026-08-16,MLB,MLB,San Diego Padres,Cleveland Guardians,San Diego Padres,-1.5,0.73,0.39,"8",0.43,0.57,1.9523809,0.91,0.7,2026-08-17 03:25:06.753
2026-08-16,MLB,MLB,San Diego Padres,Cleveland Guardians,Cleveland Guardians,+1.5,0.27,0.61,"8",0.57,0.43,1.9708738,0.09,0.3,2026-08-17 03:25:06.753
2026-08-16,MLB,MLB,Philadelphia Phillies,Minnesota Twins,Philadelphia Phillies,-1.5,0.7,0.53,"9.5",0.92,0.54,1.925926,0.46,0.73,2026-08-17 03:25:06.753
2026-08-16,MLB,MLB,Philadelphia Phillies,Minnesota Twins,Minnesota Twins,+1.5,0.3,0.47,"9.5",0.08,0.46,2.01,0.54,0.27,2026-08-17 03:25:06.753
2026-08-16,MLB,MLB,ST Louis Cardinals,Chicago Cubs,ST Louis Cardinals,+1.5,0.46,0.55,"9",0.87,0.52,2.67,0.54,0.19,2026-08-17 03:25:06.753
2026-08-16,MLB,MLB,ST Louis Cardinals,Chicago Cubs,Chicago Cubs,-1.5,0.54,0.45,"9",0.13,0.48,1.5555556,0.46,0.81,2026-08-17 03:25:06.753
2026-08-16,MLB,MLB,Texas Rangers,Athletics,Texas Rangers,-1.5,0.76,0.39,"9.5",0.81,0.52,1.7751938,0.62,0.7,2026-08-17 03:25:06.753
2026-08-16,MLB,MLB,Texas Rangers,Athletics,Athletics,+1.5,0.24,0.61,"9.5",0.19,0.48,2.2,0.38,0.3,2026-08-17 03:25:06.753
2026-08-16,MLB,MLB,Colorado Rockies,San Francisco Giants,Colorado Rockies,+1.5,0.09,0.5,"8",0.56,0.56,2.16,0.12,0.27,2026-08-17 03:25:06.753
2026-08-16,MLB,MLB,Colorado Rockies,San Francisco Giants,San Francisco Giants,-1.5,0.91,0.5,"8",0.44,0.44,1.8064516,0.88,0.73,2026-08-17 03:25:06.753
2026-08-16,MLB,MLB,Kansas City Royals,Los Angeles Angels,Kansas City Royals,-1.5,0.85,0.32,"8.5",0.75,0.46,1.877193,0.81,0.71,2026-08-17 03:25:06.753
2026-08-16,MLB,MLB,Kansas City Royals,Los Angeles Angels,Los Angeles Angels,+1.5,0.15,0.68,"8.5",0.25,0.54,2.06,0.19,0.29,2026-08-17 03:25:06.753
2026-08-16,MLB,MLB,Milwaukee Brewers,Los Angeles Dodgers,Milwaukee Brewers,+1.5,0.45,0.5,"7.5",0.43,0.5,2.69,0.21,0.21,2026-08-17 03:25:06.753
2026-08-16,MLB,MLB,Milwaukee Brewers,Los Angeles Dodgers,Los Angeles Dodgers,-1.5,0.55,0.5,"7.5",0.57,0.5,1.5494505,0.79,0.79,2026-08-17 03:25:06.753
2026-08-16,MLB,MLB,Seattle Mariners,Houston Astros,Seattle Mariners,+1.5,0.37,0.65,"8",0.55,0.62,2.1,0.1,0.27,2026-08-17 03:25:06.753
2026-08-16,MLB,MLB,Seattle Mariners,Houston Astros,Houston Astros,-1.5,0.63,0.35,"8",0.45,0.38,1.8474576,0.9,0.73,2026-08-17 03:25:06.753
2026-08-16,SOC,"40031",Villarreal,Racing Santander,Villarreal,-,0.0,0.0,-,0.0,0.0,1.9523809,0.98,0.96,2026-08-17 03:25:14.879
2026-08-16,SOC,"40031",Villarreal,Racing Santander,Racing Santander,-,0.0,0.0,-,0.0,0.0,3.7,0.02,0.04,2026-08-17 03:25:14.879
2026-08-16,SOC,"40031",Levante,Espanyol,Levante,-,0.0,0.0,-,0.0,0.0,3.75,0.21,0.1,2026-08-17 03:25:14.879
2026-08-16,SOC,"40031",Levante,Espanyol,Espanyol,-,0.0,0.0,-,0.0,0.0,2.1,0.79,0.9,2026-08-17 03:25:14.879
2026-08-16,SOC,"40031",Osasuna,Celta Vigo,Osasuna,-,0.0,0.0,-,0.0,0.0,3.65,0.07,0.09,2026-08-17 03:25:14.879
2026-08-16,SOC,"40031",Osasuna,Celta Vigo,Celta Vigo,-,0.0,0.0,-,0.0,0.0,2.05,0.93,0.91,2026-08-17 03:25:14.879
2026-08-17,SOC,"40031",Elche,Dep La Coruna,Elche,-,0.0,0.0,-,0.0,0.0,3.5,0.5,0.55,2026-08-17 03:25:14.879
2026-08-17,SOC,"40031",Elche,Dep La Coruna,Dep La Coruna,-,0.0,0.0,-,0.0,0.0,2.35,0.5,0.45,2026-08-17 03:25:14.879
2026-08-16,SOC,"40817",Southampton,Watford,Southampton,-,0.0,0.0,-,0.0,0.0,2.0,0.96,0.88,2026-08-17 03:25:16.417
2026-08-16,SOC,"40817",Southampton,Watford,Watford,-,0.0,0.0,-,0.0,0.0,3.6,0.04,0.12,2026-08-17 03:25:16.417
2026-08-16,SOC,"40817",West Ham,Burnley,West Ham,-,0.0,0.0,-,0.0,0.0,2.35,0.94,0.86,2026-08-17 03:25:16.417
2026-08-16,SOC,"40817",West Ham,Burnley,Burnley,-,0.0,0.0,-,0.0,0.0,3.0,0.06,0.14,2026-08-17 03:25:16.417
2026-08-17,SOC,"40817",Wrexham,Cardiff City,Wrexham,-,0.0,0.0,-,0.0,0.0,2.8,0.82,0.48,2026-08-17 03:25:16.417
2026-08-17,SOC,"40817",Wrexham,Cardiff City,Cardiff City,-,0.0,0.0,-,0.0,0.0,2.45,0.18,0.52,2026-08-17 03:25:16.417
2026-08-16,SOC,"89345",PHI Union,NYCFC,PHI Union,-,0.0,0.0,-,0.0,0.0,2.45,0.09,0.45,2026-08-17 03:25:23.486
2026-08-16,SOC,"89345",PHI Union,NYCFC,NYCFC,-,0.0,0.0,-,0.0,0.0,2.6,0.91,0.55,2026-08-17 03:25:23.486
2026-08-16,SOC,"89345",POR Timbers,CHI Fire,POR Timbers,-,0.0,0.0,-,0.0,0.0,4.9,0.25,0.31,2026-08-17 03:25:23.486
2026-08-16,SOC,"89345",POR Timbers,CHI Fire,CHI Fire,-,0.0,0.0,-,0.0,0.0,1.5128205,0.75,0.69,2026-08-17 03:25:23.486
2026-08-16,SOC,"89345",FC Dallas,Austin FC,FC Dallas,-,0.0,0.0,-,0.0,0.0,2.25,0.49,0.74,2026-08-17 03:25:23.486
2026-08-16,SOC,"89345",FC Dallas,Austin FC,Austin FC,-,0.0,0.0,-,0.0,0.0,2.8,0.51,0.26,2026-08-17 03:25:23.486
2026-08-16,SOC,"89345",Vancouver Whitecaps,Seattle Sounders,Vancouver Whitecaps,-,0.0,0.0,-,0.0,0.0,1.9523809,0.75,0.84,2026-08-17 03:25:23.486
2026-08-16,SOC,"89345",Vancouver Whitecaps,Seattle Sounders,Seattle Sounders,-,0.0,0.0,-,0.0,0.0,3.35,0.25,0.16,2026-08-17 03:25:23.486
2026-08-16,MLB,MLB,Baltimore Orioles,Tampa Bay Rays,Baltimore Orioles,+1.5,0.14,0.47,"7",0.8,0.74,2.26,0.33,0.28,2026-08-17 03:55:10.810
2026-08-16,MLB,MLB,Baltimore Orioles,Tampa Bay Rays,Tampa Bay Rays,-1.5,0.86,0.53,"7",0.2,0.26,1.7352941,0.67,0.72,2026-08-17 03:55:10.810
2026-08-16,MLB,MLB,Arizona Diamondbacks,Atlanta Braves,Arizona Diamondbacks,+1.5,0.4,0.66,"9",0.59,0.53,2.11,0.35,0.34,2026-08-17 03:55:10.810
2026-08-16,MLB,MLB,Arizona Diamondbacks,Atlanta Braves,Atlanta Braves,-1.5,0.6,0.34,"9",0.41,0.47,1.8403361,0.65,0.66,2026-08-17 03:55:10.810
2026-08-16,MLB,MLB,Boston Red Sox,Pittsburgh Pirates,Boston Red Sox,-1.5,0.81,0.59,"8",0.96,0.67,1.9523809,0.86,0.74,2026-08-17 03:55:10.810
2026-08-16,MLB,MLB,Boston Red Sox,Pittsburgh Pirates,Pittsburgh Pirates,+1.5,0.19,0.41,"8",0.04,0.33,1.9803921,0.14,0.26,2026-08-17 03:55:10.810
2026-08-16,MLB,MLB,New York Yankees,Toronto Blue Jays,New York Yankees,+1.5,0.4,0.66,"6.5",0.49,0.59,2.1,0.64,0.49,2026-08-17 03:55:10.810
2026-08-16,MLB,MLB,New York Yankees,Toronto Blue Jays,Toronto Blue Jays,-1.5,0.6,0.34,"6.5",0.51,0.41,1.8474576,0.36,0.51,2026-08-17 03:55:10.810
2026-08-16,MLB,MLB,Washington Nationals,New York Mets,Washington Nationals,+1.5,0.01,0.47,"8.5",0.78,0.62,2.48,0.21,0.26,2026-08-17 03:55:10.810
2026-08-16,MLB,MLB,Washington Nationals,New York Mets,New York Mets,-1.5,0.99,0.53,"8.5",0.22,0.38,1.625,0.79,0.74,2026-08-17 03:55:10.810
2026-08-16,MLB,MLB,Miami Marlins,Cincinnati Reds,Miami Marlins,-1.5,0.83,0.37,"8.5",0.66,0.55,1.8474576,0.83,0.65,2026-08-17 03:55:10.810
2026-08-16,MLB,MLB,Miami Marlins,Cincinnati Reds,Cincinnati Reds,+1.5,0.17,0.63,"8.5",0.34,0.45,2.1,0.17,0.35,2026-08-17 03:55:10.810
2026-08-16,MLB,MLB,Chicago White Sox,Detroit Tigers,Chicago White Sox,-1.5,0.65,0.34,"8",0.33,0.58,2.05,0.33,0.59,2026-08-17 03:55:10.810
2026-08-16,MLB,MLB,Chicago White Sox,Detroit Tigers,Detroit Tigers,+1.5,0.35,0.66,"8",0.67,0.42,1.8849558,0.67,0.41,2026-08-17 03:55:10.810
2026-08-16,MLB,MLB,San Diego Padres,Cleveland Guardians,San Diego Padres,-1.5,0.76,0.39,"8",0.58,0.56,1.9523809,0.9,0.7,2026-08-17 03:55:10.810
2026-08-16,MLB,MLB,San Diego Padres,Cleveland Guardians,Cleveland Guardians,+1.5,0.24,0.61,"8",0.42,0.44,1.9708738,0.1,0.3,2026-08-17 03:55:10.810
2026-08-16,MLB,MLB,Philadelphia Phillies,Minnesota Twins,Philadelphia Phillies,-1.5,0.64,0.53,"9.5",0.88,0.54,1.925926,0.45,0.73,2026-08-17 03:55:10.810
2026-08-16,MLB,MLB,Philadelphia Phillies,Minnesota Twins,Minnesota Twins,+1.5,0.36,0.47,"9.5",0.12,0.46,2.01,0.55,0.27,2026-08-17 03:55:10.810
2026-08-16,MLB,MLB,ST Louis Cardinals,Chicago Cubs,ST Louis Cardinals,+1.5,0.44,0.54,"9",0.87,0.51,2.61,0.54,0.18,2026-08-17 03:55:10.810
2026-08-16,MLB,MLB,ST Louis Cardinals,Chicago Cubs,Chicago Cubs,-1.5,0.56,0.46,"9",0.13,0.49,1.5780346,0.46,0.82,2026-08-17 03:55:10.810
2026-08-16,MLB,MLB,Texas Rangers,Athletics,Texas Rangers,-1.5,0.76,0.4,"9.5",0.59,0.5,1.7751938,0.64,0.71,2026-08-17 03:55:10.810
2026-08-16,MLB,MLB,Texas Rangers,Athletics,Athletics,+1.5,0.24,0.6,"9.5",0.41,0.5,2.2,0.36,0.29,2026-08-17 03:55:10.810
2026-08-16,MLB,MLB,Colorado Rockies,San Francisco Giants,Colorado Rockies,+1.5,0.13,0.49,"8",0.55,0.55,2.16,0.11,0.26,2026-08-17 03:55:10.810
2026-08-16,MLB,MLB,Colorado Rockies,San Francisco Giants,San Francisco Giants,-1.5,0.87,0.51,"8",0.45,0.45,1.8064516,0.89,0.74,2026-08-17 03:55:10.810
2026-08-16,MLB,MLB,Kansas City Royals,Los Angeles Angels,Kansas City Royals,-1.5,0.82,0.32,"8.5",0.57,0.46,1.877193,0.8,0.71,2026-08-17 03:55:10.810
2026-08-16,MLB,MLB,Kansas City Royals,Los Angeles Angels,Los Angeles Angels,+1.5,0.18,0.68,"8.5",0.43,0.54,2.06,0.2,0.29,2026-08-17 03:55:10.810
2026-08-16,MLB,MLB,Milwaukee Brewers,Los Angeles Dodgers,Milwaukee Brewers,+1.5,0.42,0.5,"7.5",0.31,0.49,2.69,0.48,0.21,2026-08-17 03:55:10.810
2026-08-16,MLB,MLB,Milwaukee Brewers,Los Angeles Dodgers,Los Angeles Dodgers,-1.5,0.58,0.5,"7.5",0.69,0.51,1.5494505,0.52,0.79,2026-08-17 03:55:10.810
2026-08-16,MLB,MLB,Seattle Mariners,Houston Astros,Seattle Mariners,+1.5,0.36,0.64,"8",0.55,0.6,2.1,0.09,0.27,2026-08-17 03:55:10.810
2026-08-16,MLB,MLB,Seattle Mariners,Houston Astros,Houston Astros,-1.5,0.64,0.36,"8",0.45,0.4,1.8474576,0.91,0.73,2026-08-17 03:55:10.810
2026-08-17,MLB,MLB,Miami Marlins,Philadelphia Phillies,Miami Marlins,-,0.0,0.0,-,0.0,0.0,2.68,0.0,0.0,2026-08-17 03:55:10.810
2026-08-17,MLB,MLB,Miami Marlins,Philadelphia Phillies,Philadelphia Phillies,-,0.0,0.0,-,0.0,0.0,1.4878049,1.0,1.0,2026-08-17 03:55:10.810
2026-08-17,MLB,MLB,San Diego Padres,New York Mets,San Diego Padres,-,0.0,0.0,"8",1.0,1.0,2.09,0.23,0.38,2026-08-17 03:55:10.810
2026-08-17,MLB,MLB,San Diego Padres,New York Mets,New York Mets,-,0.0,0.0,"8",0.0,0.0,1.7633588,0.77,0.63,2026-08-17 03:55:10.810
2026-08-17,MLB,MLB,Atlanta Braves,Minnesota Twins,Atlanta Braves,-,0.0,0.0,"8.5",0.0,0.0,1.7633588,1.0,1.0,2026-08-17 03:55:10.810
2026-08-17,MLB,MLB,Atlanta Braves,Minnesota Twins,Minnesota Twins,-,0.0,0.0,"8.5",1.0,1.0,2.09,0.0,0.0,2026-08-17 03:55:10.810
2026-08-17,MLB,MLB,Chicago White Sox,Chicago Cubs,Chicago White Sox,-,0.0,0.0,-,0.0,0.0,2.44,0.0,0.0,2026-08-17 03:55:10.810
2026-08-17,MLB,MLB,Chicago White Sox,Chicago Cubs,Chicago Cubs,-,0.0,0.0,-,0.0,0.0,1.5714285,1.0,1.0,2026-08-17 03:55:10.810
2026-08-16,SOC,"40031",Villarreal,Racing Santander,Villarreal,-,0.0,0.0,-,0.0,0.0,1.9523809,0.98,0.96,2026-08-17 03:55:19.667
2026-08-16,SOC,"40031",Villarreal,Racing Santander,Racing Santander,-,0.0,0.0,-,0.0,0.0,3.7,0.02,0.04,2026-08-17 03:55:19.667
2026-08-16,SOC,"40031",Levante,Espanyol,Levante,-,0.0,0.0,-,0.0,0.0,3.75,0.21,0.1,2026-08-17 03:55:19.667
2026-08-16,SOC,"40031",Levante,Espanyol,Espanyol,-,0.0,0.0,-,0.0,0.0,2.1,0.79,0.9,2026-08-17 03:55:19.667
2026-08-16,SOC,"40031",Osasuna,Celta Vigo,Osasuna,-,0.0,0.0,-,0.0,0.0,3.65,0.08,0.09,2026-08-17 03:55:19.667
2026-08-16,SOC,"40031",Osasuna,Celta Vigo,Celta Vigo,-,0.0,0.0,-,0.0,0.0,2.05,0.92,0.91,2026-08-17 03:55:19.667
2026-08-17,SOC,"40031",Elche,Dep La Coruna,Elche,-,0.0,0.0,-,0.0,0.0,3.5,0.49,0.54,2026-08-17 03:55:19.667
2026-08-17,SOC,"40031",Elche,Dep La Coruna,Dep La Coruna,-,0.0,0.0,-,0.0,0.0,2.35,0.51,0.46,2026-08-17 03:55:19.667
2026-08-16,SOC,"40817",Southampton,Watford,Southampton,-,0.0,0.0,-,0.0,0.0,2.0,0.96,0.88,2026-08-17 03:55:21.035
2026-08-16,SOC,"40817",Southampton,Watford,Watford,-,0.0,0.0,-,0.0,0.0,3.6,0.04,0.12,2026-08-17 03:55:21.035
2026-08-16,SOC,"40817",West Ham,Burnley,West Ham,-,0.0,0.0,-,0.0,0.0,2.35,0.94,0.86,2026-08-17 03:55:21.035
2026-08-16,SOC,"40817",West Ham,Burnley,Burnley,-,0.0,0.0,-,0.0,0.0,3.0,0.06,0.14,2026-08-17 03:55:21.035
2026-08-17,SOC,"40817",Wrexham,Cardiff City,Wrexham,-,0.0,0.0,-,0.0,0.0,2.8,0.83,0.49,2026-08-17 03:55:21.035
2026-08-17,SOC,"40817",Wrexham,Cardiff City,Cardiff City,-,0.0,0.0,-,0.0,0.0,2.45,0.17,0.51,2026-08-17 03:55:21.035
2026-08-16,SOC,"89345",PHI Union,NYCFC,PHI Union,-,0.0,0.0,-,0.0,0.0,2.45,0.09,0.44,2026-08-17 03:55:28.252
2026-08-16,SOC,"89345",PHI Union,NYCFC,NYCFC,-,0.0,0.0,-,0.0,0.0,2.6,0.91,0.56,2026-08-17 03:55:28.252
2026-08-16,SOC,"89345",POR Timbers,CHI Fire,POR Timbers,-,0.0,0.0,-,0.0,0.0,4.9,0.25,0.3,2026-08-17 03:55:28.252
2026-08-16,SOC,"89345",POR Timbers,CHI Fire,CHI Fire,-,0.0,0.0,-,0.0,0.0,1.5128205,0.75,0.7,2026-08-17 03:55:28.252
2026-08-16,SOC,"89345",FC Dallas,Austin FC,FC Dallas,-,0.0,0.0,-,0.0,0.0,2.25,0.45,0.74,2026-08-17 03:55:28.252
2026-08-16,SOC,"89345",FC Dallas,Austin FC,Austin FC,-,0.0,0.0,-,0.0,0.0,2.8,0.55,0.26,2026-08-17 03:55:28.252
2026-08-16,SOC,"89345",Vancouver Whitecaps,Seattle Sounders,Vancouver Whitecaps,-,0.0,0.0,-,0.0,0.0,1.9523809,0.75,0.84,2026-08-17 03:55:28.252
2026-08-16,SOC,"89345",Vancouver Whitecaps,Seattle Sounders,Seattle Sounders,-,0.0,0.0,-,0.0,0.0,3.35,0.25,0.16,2026-08-17 03:55:28.252
2026-08-16,MLB,MLB,Baltimore Orioles,Tampa Bay Rays,Baltimore Orioles,+1.5,0.14,0.47,"7",0.8,0.74,2.26,0.33,0.28,2026-08-17 04:25:07.568
2026-08-16,MLB,MLB,Baltimore Orioles,Tampa Bay Rays,Tampa Bay Rays,-1.5,0.86,0.53,"7",0.2,0.26,1.7352941,0.67,0.72,2026-08-17 04:25:07.568
2026-08-16,MLB,MLB,Arizona Diamondbacks,Atlanta Braves,Arizona Diamondbacks,+1.5,0.4,0.66,"9",0.59,0.53,2.11,0.35,0.34,2026-08-17 04:25:07.568
2026-08-16,MLB,MLB,Arizona Diamondbacks,Atlanta Braves,Atlanta Braves,-1.5,0.6,0.34,"9",0.41,0.47,1.8403361,0.65,0.66,2026-08-17 04:25:07.568
2026-08-16,MLB,MLB,Boston Red Sox,Pittsburgh Pirates,Boston Red Sox,-1.5,0.81,0.59,"8",0.96,0.67,1.9523809,0.86,0.74,2026-08-17 04:25:07.568
2026-08-16,MLB,MLB,Boston Red Sox,Pittsburgh Pirates,Pittsburgh Pirates,+1.5,0.19,0.41,"8",0.04,0.33,1.9803921,0.14,0.26,2026-08-17 04:25:07.568
2026-08-16,MLB,MLB,New York Yankees,Toronto Blue Jays,New York Yankees,+1.5,0.4,0.66,"6.5",0.49,0.59,2.1,0.64,0.49,2026-08-17 04:25:07.568
2026-08-16,MLB,MLB,New York Yankees,Toronto Blue Jays,Toronto Blue Jays,-1.5,0.6,0.34,"6.5",0.51,0.41,1.8474576,0.36,0.51,2026-08-17 04:25:07.568
2026-08-16,MLB,MLB,Washington Nationals,New York Mets,Washington Nationals,+1.5,0.01,0.47,"8.5",0.78,0.62,2.48,0.21,0.26,2026-08-17 04:25:07.568
2026-08-16,MLB,MLB,Washington Nationals,New York Mets,New York Mets,-1.5,0.99,0.53,"8.5",0.22,0.38,1.625,0.79,0.74,2026-08-17 04:25:07.568
2026-08-16,MLB,MLB,Miami Marlins,Cincinnati Reds,Miami Marlins,-1.5,0.83,0.37,"8.5",0.66,0.55,1.8474576,0.83,0.65,2026-08-17 04:25:07.568
2026-08-16,MLB,MLB,Miami Marlins,Cincinnati Reds,Cincinnati Reds,+1.5,0.17,0.63,"8.5",0.34,0.45,2.1,0.17,0.35,2026-08-17 04:25:07.568
2026-08-16,MLB,MLB,Chicago White Sox,Detroit Tigers,Chicago White Sox,-1.5,0.65,0.34,"8",0.33,0.58,2.05,0.33,0.59,2026-08-17 04:25:07.568
2026-08-16,MLB,MLB,Chicago White Sox,Detroit Tigers,Detroit Tigers,+1.5,0.35,0.66,"8",0.67,0.42,1.8849558,0.67,0.41,2026-08-17 04:25:07.568
2026-08-16,MLB,MLB,Philadelphia Phillies,Minnesota Twins,Philadelphia Phillies,-1.5,0.64,0.53,"9.5",0.88,0.54,1.925926,0.45,0.73,2026-08-17 04:25:07.568
2026-08-16,MLB,MLB,Philadelphia Phillies,Minnesota Twins,Minnesota Twins,+1.5,0.36,0.47,"9.5",0.12,0.46,2.01,0.55,0.27,2026-08-17 04:25:07.568
2026-08-16,MLB,MLB,San Diego Padres,Cleveland Guardians,San Diego Padres,-1.5,0.76,0.4,"8",0.58,0.56,1.9523809,0.9,0.7,2026-08-17 04:25:07.568
2026-08-16,MLB,MLB,San Diego Padres,Cleveland Guardians,Cleveland Guardians,+1.5,0.24,0.6,"8",0.42,0.44,1.9708738,0.1,0.3,2026-08-17 04:25:07.568
2026-08-16,MLB,MLB,ST Louis Cardinals,Chicago Cubs,ST Louis Cardinals,+1.5,0.41,0.53,"9",0.87,0.52,2.57,0.55,0.19,2026-08-17 04:25:07.568
2026-08-16,MLB,MLB,ST Louis Cardinals,Chicago Cubs,Chicago Cubs,-1.5,0.59,0.47,"9",0.13,0.48,1.5952381,0.45,0.81,2026-08-17 04:25:07.568
2026-08-16,MLB,MLB,Texas Rangers,Athletics,Texas Rangers,-1.5,0.75,0.41,"9.5",0.5,0.48,1.7751938,0.64,0.72,2026-08-17 04:25:07.568
2026-08-16,MLB,MLB,Texas Rangers,Athletics,Athletics,+1.5,0.25,0.59,"9.5",0.5,0.52,2.2,0.36,0.28,2026-08-17 04:25:07.568
2026-08-16,MLB,MLB,Colorado Rockies,San Francisco Giants,Colorado Rockies,+1.5,0.13,0.49,"8",0.62,0.57,2.16,0.13,0.26,2026-08-17 04:25:07.568
2026-08-16,MLB,MLB,Colorado Rockies,San Francisco Giants,San Francisco Giants,-1.5,0.87,0.51,"8",0.38,0.43,1.8064516,0.87,0.74,2026-08-17 04:25:07.568
2026-08-16,MLB,MLB,Kansas City Royals,Los Angeles Angels,Kansas City Royals,-1.5,0.82,0.33,"8.5",0.61,0.48,1.877193,0.79,0.71,2026-08-17 04:25:07.568
2026-08-16,MLB,MLB,Kansas City Royals,Los Angeles Angels,Los Angeles Angels,+1.5,0.18,0.67,"8.5",0.39,0.52,2.06,0.21,0.29,2026-08-17 04:25:07.568
2026-08-16,MLB,MLB,Milwaukee Brewers,Los Angeles Dodgers,Milwaukee Brewers,+1.5,0.31,0.49,"7.5",0.3,0.49,2.69,0.46,0.21,2026-08-17 04:25:07.568
2026-08-16,MLB,MLB,Milwaukee Brewers,Los Angeles Dodgers,Los Angeles Dodgers,-1.5,0.69,0.51,"7.5",0.7,0.51,1.5494505,0.54,0.79,2026-08-17 04:25:07.568
2026-08-16,MLB,MLB,Seattle Mariners,Houston Astros,Seattle Mariners,+1.5,0.36,0.64,"8",0.49,0.59,2.1,0.09,0.27,2026-08-17 04:25:07.568
2026-08-16,MLB,MLB,Seattle Mariners,Houston Astros,Houston Astros,-1.5,0.64,0.36,"8",0.51,0.41,1.8474576,0.91,0.73,2026-08-17 04:25:07.568
2026-08-17,MLB,MLB,Miami Marlins,Philadelphia Phillies,Miami Marlins,-,0.0,0.0,"8",0.0,0.0,2.76,0.21,0.05,2026-08-17 04:25:07.568
2026-08-17,MLB,MLB,Miami Marlins,Philadelphia Phillies,Philadelphia Phillies,-,0.0,0.0,"8",1.0,1.0,1.462963,0.79,0.95,2026-08-17 04:25:07.568
2026-08-17,MLB,MLB,San Diego Padres,New York Mets,San Diego Padres,-,0.0,0.0,"8",1.0,1.0,2.09,0.42,0.31,2026-08-17 04:25:07.568
2026-08-17,MLB,MLB,San Diego Padres,New York Mets,New York Mets,-,0.0,0.0,"8",0.0,0.0,1.7633588,0.58,0.69,2026-08-17 04:25:07.568
2026-08-17,MLB,MLB,Atlanta Braves,Minnesota Twins,Atlanta Braves,-,0.0,0.0,"8.5",0.0,0.0,1.7633588,0.45,0.78,2026-08-17 04:25:07.568
2026-08-17,MLB,MLB,Atlanta Braves,Minnesota Twins,Minnesota Twins,-,0.0,0.0,"8.5",1.0,1.0,2.09,0.55,0.22,2026-08-17 04:25:07.568
2026-08-17,MLB,MLB,Chicago White Sox,Chicago Cubs,Chicago White Sox,-,0.0,0.0,-,0.0,0.0,2.44,0.0,0.0,2026-08-17 04:25:07.568
2026-08-17,MLB,MLB,Chicago White Sox,Chicago Cubs,Chicago Cubs,-,0.0,0.0,-,0.0,0.0,1.5714285,1.0,1.0,2026-08-17 04:25:07.568
2026-08-16,SOC,"40031",Villarreal,Racing Santander,Villarreal,-,0.0,0.0,-,0.0,0.0,1.9523809,0.98,0.96,2026-08-17 04:25:17.415
2026-08-16,SOC,"40031",Villarreal,Racing Santander,Racing Santander,-,0.0,0.0,-,0.0,0.0,3.7,0.02,0.04,2026-08-17 04:25:17.415
2026-08-16,SOC,"40031",Levante,Espanyol,Levante,-,0.0,0.0,-,0.0,0.0,3.75,0.21,0.1,2026-08-17 04:25:17.415
2026-08-16,SOC,"40031",Levante,Espanyol,Espanyol,-,0.0,0.0,-,0.0,0.0,2.1,0.79,0.9,2026-08-17 04:25:17.415
2026-08-16,SOC,"40031",Osasuna,Celta Vigo,Osasuna,-,0.0,0.0,-,0.0,0.0,3.65,0.07,0.09,2026-08-17 04:25:17.415
2026-08-16,SOC,"40031",Osasuna,Celta Vigo,Celta Vigo,-,0.0,0.0,-,0.0,0.0,2.05,0.93,0.91,2026-08-17 04:25:17.415
2026-08-17,SOC,"40031",Elche,Dep La Coruna,Elche,-,0.0,0.0,-,0.0,0.0,3.5,0.5,0.54,2026-08-17 04:25:17.415
2026-08-17,SOC,"40031",Elche,Dep La Coruna,Dep La Coruna,-,0.0,0.0,-,0.0,0.0,2.35,0.5,0.46,2026-08-17 04:25:17.415
2026-08-16,SOC,"40817",Southampton,Watford,Southampton,-,0.0,0.0,-,0.0,0.0,2.0,0.96,0.88,2026-08-17 04:25:19.296
2026-08-16,SOC,"40817",Southampton,Watford,Watford,-,0.0,0.0,-,0.0,0.0,3.6,0.04,0.12,2026-08-17 04:25:19.296
2026-08-16,SOC,"40817",West Ham,Burnley,West Ham,-,0.0,0.0,-,0.0,0.0,2.35,0.94,0.86,2026-08-17 04:25:19.296
2026-08-16,SOC,"40817",West Ham,Burnley,Burnley,-,0.0,0.0,-,0.0,0.0,3.0,0.06,0.14,2026-08-17 04:25:19.296
2026-08-17,SOC,"40817",Wrexham,Cardiff City,Wrexham,-,0.0,0.0,-,0.0,0.0,2.8,0.79,0.48,2026-08-17 04:25:19.296
2026-08-17,SOC,"40817",Wrexham,Cardiff City,Cardiff City,-,0.0,0.0,-,0.0,0.0,2.45,0.21,0.52,2026-08-17 04:25:19.296
2026-08-16,SOC,"89345",PHI Union,NYCFC,PHI Union,-,0.0,0.0,-,0.0,0.0,2.45,0.1,0.44,2026-08-17 04:25:26.251
2026-08-16,SOC,"89345",PHI Union,NYCFC,NYCFC,-,0.0,0.0,-,0.0,0.0,2.6,0.9,0.56,2026-08-17 04:25:26.251
2026-08-16,SOC,"89345",POR Timbers,CHI Fire,POR Timbers,-,0.0,0.0,-,0.0,0.0,4.9,0.26,0.29,2026-08-17 04:25:26.251
2026-08-16,SOC,"89345",POR Timbers,CHI Fire,CHI Fire,-,0.0,0.0,-,0.0,0.0,1.5128205,0.74,0.71,2026-08-17 04:25:26.251
2026-08-16,SOC,"89345",FC Dallas,Austin FC,FC Dallas,-,0.0,0.0,-,0.0,0.0,2.25,0.45,0.73,2026-08-17 04:25:26.251
2026-08-16,SOC,"89345",FC Dallas,Austin FC,Austin FC,-,0.0,0.0,-,0.0,0.0,2.8,0.55,0.27,2026-08-17 04:25:26.251
2026-08-16,SOC,"89345",Vancouver Whitecaps,Seattle Sounders,Vancouver Whitecaps,-,0.0,0.0,-,0.0,0.0,1.9090909,0.75,0.84,2026-08-17 04:25:26.251
2026-08-16,SOC,"89345",Vancouver Whitecaps,Seattle Sounders,Seattle Sounders,-,0.0,0.0,-,0.0,0.0,3.45,0.25,0.16,2026-08-17 04:25:26.251
2026-08-16,MLB,MLB,Baltimore Orioles,Tampa Bay Rays,Baltimore Orioles,+1.5,0.14,0.47,"7",0.8,0.74,2.26,0.33,0.28,2026-08-17 04:55:06.117
2026-08-16,MLB,MLB,Baltimore Orioles,Tampa Bay Rays,Tampa Bay Rays,-1.5,0.86,0.53,"7",0.2,0.26,1.7352941,0.67,0.72,2026-08-17 04:55:06.117
2026-08-16,MLB,MLB,Arizona Diamondbacks,Atlanta Braves,Arizona Diamondbacks,+1.5,0.4,0.66,"9",0.59,0.53,2.11,0.35,0.34,2026-08-17 04:55:06.117
2026-08-16,MLB,MLB,Arizona Diamondbacks,Atlanta Braves,Atlanta Braves,-1.5,0.6,0.34,"9",0.41,0.47,1.8403361,0.65,0.66,2026-08-17 04:55:06.117
2026-08-16,MLB,MLB,Boston Red Sox,Pittsburgh Pirates,Boston Red Sox,-1.5,0.81,0.59,"8",0.96,0.67,1.9523809,0.86,0.74,2026-08-17 04:55:06.117
2026-08-16,MLB,MLB,Boston Red Sox,Pittsburgh Pirates,Pittsburgh Pirates,+1.5,0.19,0.41,"8",0.04,0.33,1.9803921,0.14,0.26,2026-08-17 04:55:06.117
2026-08-16,MLB,MLB,New York Yankees,Toronto Blue Jays,New York Yankees,+1.5,0.4,0.66,"6.5",0.49,0.59,2.1,0.64,0.49,2026-08-17 04:55:06.117
2026-08-16,MLB,MLB,New York Yankees,Toronto Blue Jays,Toronto Blue Jays,-1.5,0.6,0.34,"6.5",0.51,0.41,1.8474576,0.36,0.51,2026-08-17 04:55:06.117
2026-08-16,MLB,MLB,Washington Nationals,New York Mets,Washington Nationals,+1.5,0.01,0.47,"8.5",0.78,0.62,2.48,0.21,0.26,2026-08-17 04:55:06.117
2026-08-16,MLB,MLB,Washington Nationals,New York Mets,New York Mets,-1.5,0.99,0.53,"8.5",0.22,0.38,1.625,0.79,0.74,2026-08-17 04:55:06.117
2026-08-16,MLB,MLB,Miami Marlins,Cincinnati Reds,Miami Marlins,-1.5,0.83,0.37,"8.5",0.66,0.55,1.8474576,0.83,0.65,2026-08-17 04:55:06.117
2026-08-16,MLB,MLB,Miami Marlins,Cincinnati Reds,Cincinnati Reds,+1.5,0.17,0.63,"8.5",0.34,0.45,2.1,0.17,0.35,2026-08-17 04:55:06.117
2026-08-16,MLB,MLB,Chicago White Sox,Detroit Tigers,Chicago White Sox,-1.5,0.65,0.34,"8",0.33,0.58,2.05,0.33,0.59,2026-08-17 04:55:06.117
2026-08-16,MLB,MLB,Chicago White Sox,Detroit Tigers,Detroit Tigers,+1.5,0.35,0.66,"8",0.67,0.42,1.8849558,0.67,0.41,2026-08-17 04:55:06.117
2026-08-16,MLB,MLB,Philadelphia Phillies,Minnesota Twins,Philadelphia Phillies,-1.5,0.64,0.53,"9.5",0.88,0.54,1.925926,0.45,0.73,2026-08-17 04:55:06.117
2026-08-16,MLB,MLB,Philadelphia Phillies,Minnesota Twins,Minnesota Twins,+1.5,0.36,0.47,"9.5",0.12,0.46,2.01,0.55,0.27,2026-08-17 04:55:06.117
2026-08-16,MLB,MLB,ST Louis Cardinals,Chicago Cubs,ST Louis Cardinals,+1.5,0.39,0.52,"9",0.91,0.52,2.63,0.52,0.19,2026-08-17 04:55:06.117
2026-08-16,MLB,MLB,ST Louis Cardinals,Chicago Cubs,Chicago Cubs,-1.5,0.61,0.48,"9",0.09,0.48,1.5714285,0.48,0.81,2026-08-17 04:55:06.117
2026-08-16,MLB,MLB,San Diego Padres,Cleveland Guardians,San Diego Padres,-1.5,0.76,0.41,"8",0.47,0.57,1.9523809,0.92,0.7,2026-08-17 04:55:06.117
2026-08-16,MLB,MLB,San Diego Padres,Cleveland Guardians,Cleveland Guardians,+1.5,0.24,0.59,"8",0.53,0.43,1.9708738,0.08,0.3,2026-08-17 04:55:06.117
2026-08-16,MLB,MLB,Texas Rangers,Athletics,Texas Rangers,-1.5,0.67,0.41,"9.5",0.49,0.48,1.7751938,0.35,0.72,2026-08-17 04:55:06.117
2026-08-16,MLB,MLB,Texas Rangers,Athletics,Athletics,+1.5,0.33,0.59,"9.5",0.51,0.52,2.2,0.65,0.28,2026-08-17 04:55:06.117
2026-08-16,MLB,MLB,Colorado Rockies,San Francisco Giants,Colorado Rockies,+1.5,0.14,0.47,"8",0.67,0.59,2.19,0.13,0.26,2026-08-17 04:55:06.117
2026-08-16,MLB,MLB,Colorado Rockies,San Francisco Giants,San Francisco Giants,-1.5,0.86,0.53,"8",0.33,0.41,1.7874016,0.87,0.74,2026-08-17 04:55:06.117
2026-08-16,MLB,MLB,Kansas City Royals,Los Angeles Angels,Kansas City Royals,-1.5,0.71,0.33,"8.5",0.63,0.49,1.877193,0.81,0.72,2026-08-17 04:55:06.117
2026-08-16,MLB,MLB,Kansas City Royals,Los Angeles Angels,Los Angeles Angels,+1.5,0.29,0.67,"8.5",0.37,0.51,2.06,0.19,0.28,2026-08-17 04:55:06.117
2026-08-16,MLB,MLB,Milwaukee Brewers,Los Angeles Dodgers,Milwaukee Brewers,+1.5,0.25,0.48,"7.5",0.26,0.48,2.69,0.45,0.21,2026-08-17 04:55:06.117
2026-08-16,MLB,MLB,Milwaukee Brewers,Los Angeles Dodgers,Los Angeles Dodgers,-1.5,0.75,0.52,"7.5",0.74,0.52,1.5494505,0.55,0.79,2026-08-17 04:55:06.117
2026-08-16,MLB,MLB,Seattle Mariners,Houston Astros,Seattle Mariners,+1.5,0.39,0.63,"8",0.49,0.59,2.1,0.09,0.27,2026-08-17 04:55:06.117
2026-08-16,MLB,MLB,Seattle Mariners,Houston Astros,Houston Astros,-1.5,0.61,0.37,"8",0.51,0.41,1.8474576,0.91,0.73,2026-08-17 04:55:06.117
2026-08-17,MLB,MLB,Miami Marlins,Philadelphia Phillies,Miami Marlins,-,0.0,0.0,"8",0.0,0.0,2.86,0.09,0.05,2026-08-17 04:55:06.117
2026-08-17,MLB,MLB,Miami Marlins,Philadelphia Phillies,Philadelphia Phillies,-,0.0,0.0,"8",1.0,1.0,1.4366813,0.91,0.95,2026-08-17 04:55:06.117
2026-08-17,MLB,MLB,San Diego Padres,New York Mets,San Diego Padres,-,0.0,0.0,"8.5",0.66,0.5,2.09,0.12,0.33,2026-08-17 04:55:06.117
2026-08-17,MLB,MLB,San Diego Padres,New York Mets,New York Mets,-,0.0,0.0,"8.5",0.34,0.5,1.7633588,0.88,0.67,2026-08-17 04:55:06.117
2026-08-17,MLB,MLB,Atlanta Braves,Minnesota Twins,Atlanta Braves,-,0.0,0.0,"8.5",0.0,0.0,1.7633588,0.51,0.85,2026-08-17 04:55:06.117
2026-08-17,MLB,MLB,Atlanta Braves,Minnesota Twins,Minnesota Twins,-,0.0,0.0,"8.5",1.0,1.0,2.09,0.49,0.15,2026-08-17 04:55:06.117
2026-08-17,MLB,MLB,Chicago White Sox,Chicago Cubs,Chicago White Sox,-,0.0,0.0,-,0.0,0.0,2.44,0.0,0.0,2026-08-17 04:55:06.117
2026-08-17,MLB,MLB,Chicago White Sox,Chicago Cubs,Chicago Cubs,-,0.0,0.0,-,0.0,0.0,1.5714285,1.0,1.0,2026-08-17 04:55:06.117
2026-08-16,SOC,"40031",Villarreal,Racing Santander,Villarreal,-,0.0,0.0,-,0.0,0.0,1.9523809,0.98,0.96,2026-08-17 04:55:14.878
2026-08-16,SOC,"40031",Villarreal,Racing Santander,Racing Santander,-,0.0,0.0,-,0.0,0.0,3.7,0.02,0.04,2026-08-17 04:55:14.878
2026-08-16,SOC,"40031",Levante,Espanyol,Levante,-,0.0,0.0,-,0.0,0.0,3.75,0.21,0.1,2026-08-17 04:55:14.878
2026-08-16,SOC,"40031",Levante,Espanyol,Espanyol,-,0.0,0.0,-,0.0,0.0,2.1,0.79,0.9,2026-08-17 04:55:14.878
2026-08-16,SOC,"40031",Osasuna,Celta Vigo,Osasuna,-,0.0,0.0,-,0.0,0.0,3.65,0.07,0.09,2026-08-17 04:55:14.878
2026-08-16,SOC,"40031",Osasuna,Celta Vigo,Celta Vigo,-,0.0,0.0,-,0.0,0.0,2.05,0.93,0.91,2026-08-17 04:55:14.878
2026-08-17,SOC,"40031",Elche,Dep La Coruna,Elche,-,0.0,0.0,-,0.0,0.0,3.5,0.52,0.54,2026-08-17 04:55:14.878
2026-08-17,SOC,"40031",Elche,Dep La Coruna,Dep La Coruna,-,0.0,0.0,-,0.0,0.0,2.35,0.48,0.46,2026-08-17 04:55:14.878
2026-08-16,SOC,"40817",Southampton,Watford,Southampton,-,0.0,0.0,-,0.0,0.0,2.0,0.96,0.88,2026-08-17 04:55:16.445
2026-08-16,SOC,"40817",Southampton,Watford,Watford,-,0.0,0.0,-,0.0,0.0,3.6,0.04,0.12,2026-08-17 04:55:16.445
2026-08-16,SOC,"40817",West Ham,Burnley,West Ham,-,0.0,0.0,-,0.0,0.0,2.35,0.94,0.86,2026-08-17 04:55:16.445
2026-08-16,SOC,"40817",West Ham,Burnley,Burnley,-,0.0,0.0,-,0.0,0.0,3.0,0.06,0.14,2026-08-17 04:55:16.445
2026-08-17,SOC,"40817",Wrexham,Cardiff City,Wrexham,-,0.0,0.0,-,0.0,0.0,2.8,0.79,0.48,2026-08-17 04:55:16.445
2026-08-17,SOC,"40817",Wrexham,Cardiff City,Cardiff City,-,0.0,0.0,-,0.0,0.0,2.45,0.21,0.52,2026-08-17 04:55:16.445
2026-08-16,SOC,"89345",PHI Union,NYCFC,PHI Union,-,0.0,0.0,-,0.0,0.0,2.45,0.1,0.43,2026-08-17 04:55:23.478
2026-08-16,SOC,"89345",PHI Union,NYCFC,NYCFC,-,0.0,0.0,-,0.0,0.0,2.6,0.9,0.57,2026-08-17 04:55:23.478
2026-08-16,SOC,"89345",POR Timbers,CHI Fire,POR Timbers,-,0.0,0.0,-,0.0,0.0,4.9,0.26,0.29,2026-08-17 04:55:23.478
2026-08-16,SOC,"89345",POR Timbers,CHI Fire,CHI Fire,-,0.0,0.0,-,0.0,0.0,1.5128205,0.74,0.71,2026-08-17 04:55:23.478
2026-08-16,SOC,"89345",FC Dallas,Austin FC,FC Dallas,-,0.0,0.0,-,0.0,0.0,2.25,0.45,0.73,2026-08-17 04:55:23.478
2026-08-16,SOC,"89345",FC Dallas,Austin FC,Austin FC,-,0.0,0.0,-,0.0,0.0,2.8,0.55,0.27,2026-08-17 04:55:23.478
2026-08-16,SOC,"89345",Vancouver Whitecaps,Seattle Sounders,Vancouver Whitecaps,-,0.0,0.0,-,0.0,0.0,1.9090909,0.74,0.84,2026-08-17 04:55:23.478
2026-08-16,SOC,"89345",Vancouver Whitecaps,Seattle Sounders,Seattle Sounders,-,0.0,0.0,-,0.0,0.0,3.45,0.26,0.16,2026-08-17 04:55:23.478
2026-08-16,MLB,MLB,Baltimore Orioles,Tampa Bay Rays,Baltimore Orioles,+1.5,0.14,0.47,"7",0.8,0.74,2.26,0.33,0.28,2026-08-17 05:25:07.462
2026-08-16,MLB,MLB,Baltimore Orioles,Tampa Bay Rays,Tampa Bay Rays,-1.5,0.86,0.53,"7",0.2,0.26,1.7352941,0.67,0.72,2026-08-17 05:25:07.462
2026-08-16,MLB,MLB,Arizona Diamondbacks,Atlanta Braves,Arizona Diamondbacks,+1.5,0.4,0.66,"9",0.59,0.53,2.11,0.35,0.34,2026-08-17 05:25:07.462
2026-08-16,MLB,MLB,Arizona Diamondbacks,Atlanta Braves,Atlanta Braves,-1.5,0.6,0.34,"9",0.41,0.47,1.8403361,0.65,0.66,2026-08-17 05:25:07.462
2026-08-16,MLB,MLB,Boston Red Sox,Pittsburgh Pirates,Boston Red Sox,-1.5,0.81,0.59,"8",0.96,0.67,1.9523809,0.86,0.74,2026-08-17 05:25:07.462
2026-08-16,MLB,MLB,Boston Red Sox,Pittsburgh Pirates,Pittsburgh Pirates,+1.5,0.19,0.41,"8",0.04,0.33,1.9803921,0.14,0.26,2026-08-17 05:25:07.462
2026-08-16,MLB,MLB,New York Yankees,Toronto Blue Jays,New York Yankees,+1.5,0.4,0.66,"6.5",0.49,0.59,2.1,0.64,0.49,2026-08-17 05:25:07.462
2026-08-16,MLB,MLB,New York Yankees,Toronto Blue Jays,Toronto Blue Jays,-1.5,0.6,0.34,"6.5",0.51,0.41,1.8474576,0.36,0.51,2026-08-17 05:25:07.462
2026-08-16,MLB,MLB,Washington Nationals,New York Mets,Washington Nationals,+1.5,0.01,0.47,"8.5",0.78,0.62,2.48,0.21,0.26,2026-08-17 05:25:07.462
2026-08-16,MLB,MLB,Washington Nationals,New York Mets,New York Mets,-1.5,0.99,0.53,"8.5",0.22,0.38,1.625,0.79,0.74,2026-08-17 05:25:07.462
2026-08-16,MLB,MLB,Miami Marlins,Cincinnati Reds,Miami Marlins,-1.5,0.83,0.37,"8.5",0.66,0.55,1.8474576,0.83,0.65,2026-08-17 05:25:07.462
2026-08-16,MLB,MLB,Miami Marlins,Cincinnati Reds,Cincinnati Reds,+1.5,0.17,0.63,"8.5",0.34,0.45,2.1,0.17,0.35,2026-08-17 05:25:07.462
2026-08-16,MLB,MLB,Chicago White Sox,Detroit Tigers,Chicago White Sox,-1.5,0.65,0.34,"8",0.33,0.58,2.05,0.33,0.59,2026-08-17 05:25:07.462
2026-08-16,MLB,MLB,Chicago White Sox,Detroit Tigers,Detroit Tigers,+1.5,0.35,0.66,"8",0.67,0.42,1.8849558,0.67,0.41,2026-08-17 05:25:07.462
2026-08-16,MLB,MLB,Philadelphia Phillies,Minnesota Twins,Philadelphia Phillies,-1.5,0.64,0.53,"9.5",0.88,0.54,1.925926,0.45,0.73,2026-08-17 05:25:07.462
2026-08-16,MLB,MLB,Philadelphia Phillies,Minnesota Twins,Minnesota Twins,+1.5,0.36,0.47,"9.5",0.12,0.46,2.01,0.55,0.27,2026-08-17 05:25:07.462
2026-08-16,MLB,MLB,ST Louis Cardinals,Chicago Cubs,ST Louis Cardinals,+1.5,0.39,0.52,"9",0.91,0.52,2.63,0.52,0.19,2026-08-17 05:25:07.462
2026-08-16,MLB,MLB,ST Louis Cardinals,Chicago Cubs,Chicago Cubs,-1.5,0.61,0.48,"9",0.09,0.48,1.5714285,0.48,0.81,2026-08-17 05:25:07.462
2026-08-16,MLB,MLB,San Diego Padres,Cleveland Guardians,San Diego Padres,-1.5,0.77,0.41,"8",0.48,0.58,1.9523809,0.92,0.7,2026-08-17 05:25:07.462
2026-08-16,MLB,MLB,San Diego Padres,Cleveland Guardians,Cleveland Guardians,+1.5,0.23,0.59,"8",0.52,0.42,1.9708738,0.08,0.3,2026-08-17 05:25:07.462
2026-08-16,MLB,MLB,Texas Rangers,Athletics,Texas Rangers,-1.5,0.18,0.42,"9.5",0.6,0.47,1.8064516,0.43,0.72,2026-08-17 05:25:07.462
2026-08-16,MLB,MLB,Texas Rangers,Athletics,Athletics,+1.5,0.82,0.58,"9.5",0.4,0.53,2.16,0.57,0.28,2026-08-17 05:25:07.462
2026-08-16,MLB,MLB,Colorado Rockies,San Francisco Giants,Colorado Rockies,+1.5,0.09,0.47,"8",0.62,0.59,2.2,0.21,0.26,2026-08-17 05:25:07.462
2026-08-16,MLB,MLB,Colorado Rockies,San Francisco Giants,San Francisco Giants,-1.5,0.91,0.53,"8",0.38,0.41,1.7751938,0.79,0.74,2026-08-17 05:25:07.462
2026-08-16,MLB,MLB,Kansas City Royals,Los Angeles Angels,Kansas City Royals,-1.5,0.77,0.34,"8.5",0.61,0.49,1.900901,0.9,0.71,2026-08-17 05:25:07.462
2026-08-16,MLB,MLB,Kansas City Royals,Los Angeles Angels,Los Angeles Angels,+1.5,0.23,0.66,"8.5",0.39,0.51,2.03,0.1,0.29,2026-08-17 05:25:07.462
2026-08-16,MLB,MLB,Milwaukee Brewers,Los Angeles Dodgers,Milwaukee Brewers,+1.5,0.21,0.48,"7.5",0.28,0.47,2.69,0.44,0.21,2026-08-17 05:25:07.462
2026-08-16,MLB,MLB,Milwaukee Brewers,Los Angeles Dodgers,Los Angeles Dodgers,-1.5,0.79,0.52,"7.5",0.72,0.53,1.5494505,0.56,0.79,2026-08-17 05:25:07.462
2026-08-16,MLB,MLB,Seattle Mariners,Houston Astros,Seattle Mariners,+1.5,0.43,0.62,"7.5",0.51,0.59,2.1,0.1,0.27,2026-08-17 05:25:07.462
2026-08-16,MLB,MLB,Seattle Mariners,Houston Astros,Houston Astros,-1.5,0.57,0.38,"7.5",0.49,0.41,1.8474576,0.9,0.73,2026-08-17 05:25:07.462
2026-08-17,MLB,MLB,Miami Marlins,Philadelphia Phillies,Miami Marlins,+1.5,0.02,0.33,"8",0.56,0.25,2.98,0.17,0.14,2026-08-17 05:25:07.462
2026-08-17,MLB,MLB,Miami Marlins,Philadelphia Phillies,Philadelphia Phillies,-1.5,0.98,0.67,"8",0.44,0.75,1.4081633,0.83,0.86,2026-08-17 05:25:07.462
2026-08-17,MLB,MLB,San Diego Padres,New York Mets,San Diego Padres,-,0.0,0.0,"8.5",0.89,0.67,2.05,0.11,0.33,2026-08-17 05:25:07.462
2026-08-17,MLB,MLB,San Diego Padres,New York Mets,New York Mets,-,0.0,0.0,"8.5",0.11,0.33,1.7874016,0.89,0.67,2026-08-17 05:25:07.462
2026-08-17,MLB,MLB,Atlanta Braves,Minnesota Twins,Atlanta Braves,-,0.0,0.0,"8.5",0.19,0.33,1.7874016,0.49,0.76,2026-08-17 05:25:07.462
2026-08-17,MLB,MLB,Atlanta Braves,Minnesota Twins,Minnesota Twins,-,0.0,0.0,"8.5",0.81,0.67,2.05,0.51,0.24,2026-08-17 05:25:07.462
2026-08-17,MLB,MLB,Chicago White Sox,Chicago Cubs,Chicago White Sox,-,0.0,0.0,-,0.0,0.0,2.44,0.0,0.0,2026-08-17 05:25:07.462
2026-08-17,MLB,MLB,Chicago White Sox,Chicago Cubs,Chicago Cubs,-,0.0,0.0,-,0.0,0.0,1.5714285,1.0,1.0,2026-08-17 05:25:07.462
2026-08-16,SOC,"40031",Villarreal,Racing Santander,Villarreal,-,0.0,0.0,-,0.0,0.0,1.9523809,0.98,0.96,2026-08-17 05:25:16.004
2026-08-16,SOC,"40031",Villarreal,Racing Santander,Racing Santander,-,0.0,0.0,-,0.0,0.0,3.7,0.02,0.04,2026-08-17 05:25:16.004
2026-08-16,SOC,"40031",Levante,Espanyol,Levante,-,0.0,0.0,-,0.0,0.0,3.75,0.21,0.1,2026-08-17 05:25:16.004
2026-08-16,SOC,"40031",Levante,Espanyol,Espanyol,-,0.0,0.0,-,0.0,0.0,2.1,0.79,0.9,2026-08-17 05:25:16.004
2026-08-16,SOC,"40031",Osasuna,Celta Vigo,Osasuna,-,0.0,0.0,-,0.0,0.0,3.65,0.07,0.09,2026-08-17 05:25:16.004
2026-08-16,SOC,"40031",Osasuna,Celta Vigo,Celta Vigo,-,0.0,0.0,-,0.0,0.0,2.05,0.93,0.91,2026-08-17 05:25:16.004
2026-08-17,SOC,"40031",Elche,Dep La Coruna,Elche,-,0.0,0.0,-,0.0,0.0,3.5,0.48,0.54,2026-08-17 05:25:16.004
2026-08-17,SOC,"40031",Elche,Dep La Coruna,Dep La Coruna,-,0.0,0.0,-,0.0,0.0,2.35,0.52,0.46,2026-08-17 05:25:16.004
2026-08-16,SOC,"40817",Southampton,Watford,Southampton,-,0.0,0.0,-,0.0,0.0,2.0,0.96,0.88,2026-08-17 05:25:17.499
2026-08-16,SOC,"40817",Southampton,Watford,Watford,-,0.0,0.0,-,0.0,0.0,3.6,0.04,0.12,2026-08-17 05:25:17.499
2026-08-16,SOC,"40817",West Ham,Burnley,West Ham,-,0.0,0.0,-,0.0,0.0,2.35,0.94,0.86,2026-08-17 05:25:17.499
2026-08-16,SOC,"40817",West Ham,Burnley,Burnley,-,0.0,0.0,-,0.0,0.0,3.0,0.06,0.14,2026-08-17 05:25:17.499
2026-08-17,SOC,"40817",Wrexham,Cardiff City,Wrexham,-,0.0,0.0,-,0.0,0.0,2.8,0.75,0.48,2026-08-17 05:25:17.499
2026-08-17,SOC,"40817",Wrexham,Cardiff City,Cardiff City,-,0.0,0.0,-,0.0,0.0,2.45,0.25,0.52,2026-08-17 05:25:17.499
2026-08-16,SOC,"89345",PHI Union,NYCFC,PHI Union,-,0.0,0.0,-,0.0,0.0,2.45,0.09,0.42,2026-08-17 05:25:24.769
2026-08-16,SOC,"89345",PHI Union,NYCFC,NYCFC,-,0.0,0.0,-,0.0,0.0,2.6,0.91,0.58,2026-08-17 05:25:24.769
2026-08-16,SOC,"89345",POR Timbers,CHI Fire,POR Timbers,-,0.0,0.0,-,0.0,0.0,4.9,0.25,0.28,2026-08-17 05:25:24.769
2026-08-16,SOC,"89345",POR Timbers,CHI Fire,CHI Fire,-,0.0,0.0,-,0.0,0.0,1.5128205,0.75,0.72,2026-08-17 05:25:24.769
2026-08-16,SOC,"89345",FC Dallas,Austin FC,FC Dallas,-,0.0,0.0,-,0.0,0.0,2.25,0.45,0.73,2026-08-17 05:25:24.769
2026-08-16,SOC,"89345",FC Dallas,Austin FC,Austin FC,-,0.0,0.0,-,0.0,0.0,2.8,0.55,0.27,2026-08-17 05:25:24.769
2026-08-16,SOC,"89345",Vancouver Whitecaps,Seattle Sounders,Vancouver Whitecaps,-,0.0,0.0,-,0.0,0.0,1.9090909,0.71,0.83,2026-08-17 05:25:24.769
2026-08-16,SOC,"89345",Vancouver Whitecaps,Seattle Sounders,Seattle Sounders,-,0.0,0.0,-,0.0,0.0,3.45,0.29,0.17,2026-08-17 05:25:24.769
2026-08-16,MLB,MLB,Baltimore Orioles,Tampa Bay Rays,Baltimore Orioles,+1.5,0.14,0.47,"7",0.8,0.74,2.26,0.33,0.28,2026-08-17 05:55:08.518
2026-08-16,MLB,MLB,Baltimore Orioles,Tampa Bay Rays,Tampa Bay Rays,-1.5,0.86,0.53,"7",0.2,0.26,1.7352941,0.67,0.72,2026-08-17 05:55:08.518
2026-08-16,MLB,MLB,Arizona Diamondbacks,Atlanta Braves,Arizona Diamondbacks,+1.5,0.4,0.66,"9",0.59,0.53,2.11,0.35,0.34,2026-08-17 05:55:08.518
2026-08-16,MLB,MLB,Arizona Diamondbacks,Atlanta Braves,Atlanta Braves,-1.5,0.6,0.34,"9",0.41,0.47,1.8403361,0.65,0.66,2026-08-17 05:55:08.518
2026-08-16,MLB,MLB,Boston Red Sox,Pittsburgh Pirates,Boston Red Sox,-1.5,0.81,0.59,"8",0.96,0.67,1.9523809,0.86,0.74,2026-08-17 05:55:08.518
2026-08-16,MLB,MLB,Boston Red Sox,Pittsburgh Pirates,Pittsburgh Pirates,+1.5,0.19,0.41,"8",0.04,0.33,1.9803921,0.14,0.26,2026-08-17 05:55:08.518
2026-08-16,MLB,MLB,New York Yankees,Toronto Blue Jays,New York Yankees,+1.5,0.4,0.66,"6.5",0.49,0.59,2.1,0.64,0.49,2026-08-17 05:55:08.518
2026-08-16,MLB,MLB,New York Yankees,Toronto Blue Jays,Toronto Blue Jays,-1.5,0.6,0.34,"6.5",0.51,0.41,1.8474576,0.36,0.51,2026-08-17 05:55:08.518
2026-08-16,MLB,MLB,Washington Nationals,New York Mets,Washington Nationals,+1.5,0.01,0.47,"8.5",0.78,0.62,2.48,0.21,0.26,2026-08-17 05:55:08.518
2026-08-16,MLB,MLB,Washington Nationals,New York Mets,New York Mets,-1.5,0.99,0.53,"8.5",0.22,0.38,1.625,0.79,0.74,2026-08-17 05:55:08.518
2026-08-16,MLB,MLB,Miami Marlins,Cincinnati Reds,Miami Marlins,-1.5,0.83,0.37,"8.5",0.66,0.55,1.8474576,0.83,0.65,2026-08-17 05:55:08.518
2026-08-16,MLB,MLB,Miami Marlins,Cincinnati Reds,Cincinnati Reds,+1.5,0.17,0.63,"8.5",0.34,0.45,2.1,0.17,0.35,2026-08-17 05:55:08.518
2026-08-16,MLB,MLB,Chicago White Sox,Detroit Tigers,Chicago White Sox,-1.5,0.65,0.34,"8",0.33,0.58,2.05,0.33,0.59,2026-08-17 05:55:08.518
2026-08-16,MLB,MLB,Chicago White Sox,Detroit Tigers,Detroit Tigers,+1.5,0.35,0.66,"8",0.67,0.42,1.8849558,0.67,0.41,2026-08-17 05:55:08.518
2026-08-16,MLB,MLB,Philadelphia Phillies,Minnesota Twins,Philadelphia Phillies,-1.5,0.64,0.53,"9.5",0.88,0.54,1.925926,0.45,0.73,2026-08-17 05:55:08.518
2026-08-16,MLB,MLB,Philadelphia Phillies,Minnesota Twins,Minnesota Twins,+1.5,0.36,0.47,"9.5",0.12,0.46,2.01,0.55,0.27,2026-08-17 05:55:08.518
2026-08-16,MLB,MLB,ST Louis Cardinals,Chicago Cubs,ST Louis Cardinals,+1.5,0.39,0.52,"9",0.91,0.52,2.63,0.52,0.19,2026-08-17 05:55:08.518
2026-08-16,MLB,MLB,ST Louis Cardinals,Chicago Cubs,Chicago Cubs,-1.5,0.61,0.48,"9",0.09,0.48,1.5714285,0.48,0.81,2026-08-17 05:55:08.518
2026-08-16,MLB,MLB,Texas Rangers,Athletics,Texas Rangers,-1.5,0.2,0.41,"9",0.61,0.47,1.8,0.53,0.72,2026-08-17 05:55:08.518
2026-08-16,MLB,MLB,Texas Rangers,Athletics,Athletics,+1.5,0.8,0.59,"9",0.39,0.53,2.16,0.47,0.28,2026-08-17 05:55:08.518
2026-08-16,MLB,MLB,Colorado Rockies,San Francisco Giants,Colorado Rockies,+1.5,0.1,0.47,"8",0.58,0.59,2.16,0.21,0.26,2026-08-17 05:55:08.518
2026-08-16,MLB,MLB,Colorado Rockies,San Francisco Giants,San Francisco Giants,-1.5,0.9,0.53,"8",0.42,0.41,1.8064516,0.79,0.74,2026-08-17 05:55:08.518
2026-08-16,MLB,MLB,Kansas City Royals,Los Angeles Angels,Kansas City Royals,-1.5,0.79,0.34,"8.5",0.63,0.49,1.8849558,0.92,0.71,2026-08-17 05:55:08.518
2026-08-16,MLB,MLB,Kansas City Royals,Los Angeles Angels,Los Angeles Angels,+1.5,0.21,0.66,"8.5",0.37,0.51,2.05,0.08,0.29,2026-08-17 05:55:08.518
2026-08-16,MLB,MLB,Milwaukee Brewers,Los Angeles Dodgers,Milwaukee Brewers,+1.5,0.19,0.47,"7.5",0.27,0.46,2.69,0.43,0.21,2026-08-17 05:55:08.518
2026-08-16,MLB,MLB,Milwaukee Brewers,Los Angeles Dodgers,Los Angeles Dodgers,-1.5,0.81,0.53,"7.5",0.73,0.54,1.5494505,0.57,0.79,2026-08-17 05:55:08.518
2026-08-16,MLB,MLB,San Diego Padres,Cleveland Guardians,San Diego Padres,-1.5,0.77,0.41,"8",0.49,0.58,1.9523809,0.92,0.7,2026-08-17 05:55:08.518
2026-08-16,MLB,MLB,San Diego Padres,Cleveland Guardians,Cleveland Guardians,+1.5,0.23,0.59,"8",0.51,0.42,1.9708738,0.08,0.3,2026-08-17 05:55:08.518
2026-08-16,MLB,MLB,Seattle Mariners,Houston Astros,Seattle Mariners,+1.5,0.55,0.62,"7.5",0.53,0.6,2.1,0.09,0.27,2026-08-17 05:55:08.518
2026-08-16,MLB,MLB,Seattle Mariners,Houston Astros,Houston Astros,-1.5,0.45,0.38,"7.5",0.47,0.4,1.8474576,0.91,0.73,2026-08-17 05:55:08.518
2026-08-17,MLB,MLB,Miami Marlins,Philadelphia Phillies,Miami Marlins,+1.5,0.02,0.25,"8",0.54,0.33,2.98,0.19,0.18,2026-08-17 05:55:08.518
2026-08-17,MLB,MLB,Miami Marlins,Philadelphia Phillies,Philadelphia Phillies,-1.5,0.98,0.75,"8",0.46,0.67,1.4081633,0.81,0.82,2026-08-17 05:55:08.518
2026-08-17,MLB,MLB,San Diego Padres,New York Mets,San Diego Padres,+1.5,0.01,0.8,"8.5",0.08,0.6,2.05,0.13,0.31,2026-08-17 05:55:08.518
2026-08-17,MLB,MLB,San Diego Padres,New York Mets,New York Mets,-1.5,0.99,0.2,"8.5",0.92,0.4,1.7874016,0.87,0.69,2026-08-17 05:55:08.518
2026-08-17,MLB,MLB,Atlanta Braves,Minnesota Twins,Atlanta Braves,-1.5,0.33,0.2,"8.5",0.92,0.67,1.7874016,0.5,0.79,2026-08-17 05:55:08.518
2026-08-17,MLB,MLB,Atlanta Braves,Minnesota Twins,Minnesota Twins,+1.5,0.67,0.8,"8.5",0.08,0.33,2.05,0.5,0.21,2026-08-17 05:55:08.518
2026-08-17,MLB,MLB,Chicago White Sox,Chicago Cubs,Chicago White Sox,-,0.0,0.0,-,0.0,0.0,2.44,0.02,0.14,2026-08-17 05:55:08.518
2026-08-17,MLB,MLB,Chicago White Sox,Chicago Cubs,Chicago Cubs,-,0.0,0.0,-,0.0,0.0,1.5714285,0.98,0.86,2026-08-17 05:55:08.518
2026-08-16,SOC,"40031",Villarreal,Racing Santander,Villarreal,-,0.0,0.0,-,0.0,0.0,1.9523809,0.98,0.96,2026-08-17 05:55:16.793
2026-08-16,SOC,"40031",Villarreal,Racing Santander,Racing Santander,-,0.0,0.0,-,0.0,0.0,3.7,0.02,0.04,2026-08-17 05:55:16.793
2026-08-16,SOC,"40031",Levante,Espanyol,Levante,-,0.0,0.0,-,0.0,0.0,3.75,0.21,0.1,2026-08-17 05:55:16.793
2026-08-16,SOC,"40031",Levante,Espanyol,Espanyol,-,0.0,0.0,-,0.0,0.0,2.1,0.79,0.9,2026-08-17 05:55:16.793
2026-08-16,SOC,"40031",Osasuna,Celta Vigo,Osasuna,-,0.0,0.0,-,0.0,0.0,3.65,0.07,0.09,2026-08-17 05:55:16.793
2026-08-16,SOC,"40031",Osasuna,Celta Vigo,Celta Vigo,-,0.0,0.0,-,0.0,0.0,2.05,0.93,0.91,2026-08-17 05:55:16.793
2026-08-17,SOC,"40031",Elche,Dep La Coruna,Elche,-,0.0,0.0,-,0.0,0.0,3.5,0.48,0.53,2026-08-17 05:55:16.793
2026-08-17,SOC,"40031",Elche,Dep La Coruna,Dep La Coruna,-,0.0,0.0,-,0.0,0.0,2.35,0.52,0.47,2026-08-17 05:55:16.793
2026-08-16,SOC,"40817",Southampton,Watford,Southampton,-,0.0,0.0,-,0.0,0.0,2.0,0.96,0.88,2026-08-17 05:55:18.318
2026-08-16,SOC,"40817",Southampton,Watford,Watford,-,0.0,0.0,-,0.0,0.0,3.6,0.04,0.12,2026-08-17 05:55:18.318
2026-08-16,SOC,"40817",West Ham,Burnley,West Ham,-,0.0,0.0,-,0.0,0.0,2.35,0.94,0.86,2026-08-17 05:55:18.318
2026-08-16,SOC,"40817",West Ham,Burnley,Burnley,-,0.0,0.0,-,0.0,0.0,3.0,0.06,0.14,2026-08-17 05:55:18.318
2026-08-17,SOC,"40817",Wrexham,Cardiff City,Wrexham,-,0.0,0.0,-,0.0,0.0,2.8,0.75,0.48,2026-08-17 05:55:18.318
2026-08-17,SOC,"40817",Wrexham,Cardiff City,Cardiff City,-,0.0,0.0,-,0.0,0.0,2.45,0.25,0.52,2026-08-17 05:55:18.318
2026-08-16,SOC,"89345",PHI Union,NYCFC,PHI Union,-,0.0,0.0,-,0.0,0.0,2.45,0.08,0.41,2026-08-17 05:55:25.438
2026-08-16,SOC,"89345",PHI Union,NYCFC,NYCFC,-,0.0,0.0,-,0.0,0.0,2.6,0.92,0.59,2026-08-17 05:55:25.438
2026-08-16,SOC,"89345",POR Timbers,CHI Fire,POR Timbers,-,0.0,0.0,-,0.0,0.0,4.9,0.23,0.27,2026-08-17 05:55:25.438
2026-08-16,SOC,"89345",POR Timbers,CHI Fire,CHI Fire,-,0.0,0.0,-,0.0,0.0,1.5128205,0.77,0.73,2026-08-17 05:55:25.438
2026-08-16,SOC,"89345",FC Dallas,Austin FC,FC Dallas,-,0.0,0.0,-,0.0,0.0,2.25,0.44,0.72,2026-08-17 05:55:25.438
2026-08-16,SOC,"89345",FC Dallas,Austin FC,Austin FC,-,0.0,0.0,-,0.0,0.0,2.8,0.56,0.28,2026-08-17 05:55:25.438
2026-08-16,SOC,"89345",Vancouver Whitecaps,Seattle Sounders,Vancouver Whitecaps,-,0.0,0.0,-,0.0,0.0,1.9090909,0.71,0.83,2026-08-17 05:55:25.438
2026-08-16,SOC,"89345",Vancouver Whitecaps,Seattle Sounders,Seattle Sounders,-,0.0,0.0,-,0.0,0.0,3.45,0.29,0.17,2026-08-17 05:55:25.438
2026-08-16,MLB,MLB,Baltimore Orioles,Tampa Bay Rays,Baltimore Orioles,+1.5,0.14,0.47,"7",0.8,0.74,2.26,0.33,0.28,2026-08-17 06:25:07.172
2026-08-16,MLB,MLB,Baltimore Orioles,Tampa Bay Rays,Tampa Bay Rays,-1.5,0.86,0.53,"7",0.2,0.26,1.7352941,0.67,0.72,2026-08-17 06:25:07.172
2026-08-16,MLB,MLB,Arizona Diamondbacks,Atlanta Braves,Arizona Diamondbacks,+1.5,0.4,0.66,"9",0.59,0.53,2.11,0.35,0.34,2026-08-17 06:25:07.172
2026-08-16,MLB,MLB,Arizona Diamondbacks,Atlanta Braves,Atlanta Braves,-1.5,0.6,0.34,"9",0.41,0.47,1.8403361,0.65,0.66,2026-08-17 06:25:07.172
2026-08-16,MLB,MLB,Boston Red Sox,Pittsburgh Pirates,Boston Red Sox,-1.5,0.81,0.59,"8",0.96,0.67,1.9523809,0.86,0.74,2026-08-17 06:25:07.173
2026-08-16,MLB,MLB,Boston Red Sox,Pittsburgh Pirates,Pittsburgh Pirates,+1.5,0.19,0.41,"8",0.04,0.33,1.9803921,0.14,0.26,2026-08-17 06:25:07.173
2026-08-16,MLB,MLB,New York Yankees,Toronto Blue Jays,New York Yankees,+1.5,0.4,0.66,"6.5",0.49,0.59,2.1,0.64,0.49,2026-08-17 06:25:07.173
2026-08-16,MLB,MLB,New York Yankees,Toronto Blue Jays,Toronto Blue Jays,-1.5,0.6,0.34,"6.5",0.51,0.41,1.8474576,0.36,0.51,2026-08-17 06:25:07.173
2026-08-16,MLB,MLB,Washington Nationals,New York Mets,Washington Nationals,+1.5,0.01,0.47,"8.5",0.78,0.62,2.48,0.21,0.26,2026-08-17 06:25:07.173
2026-08-16,MLB,MLB,Washington Nationals,New York Mets,New York Mets,-1.5,0.99,0.53,"8.5",0.22,0.38,1.625,0.79,0.74,2026-08-17 06:25:07.173
2026-08-16,MLB,MLB,Miami Marlins,Cincinnati Reds,Miami Marlins,-1.5,0.83,0.37,"8.5",0.66,0.55,1.8474576,0.83,0.65,2026-08-17 06:25:07.173
2026-08-16,MLB,MLB,Miami Marlins,Cincinnati Reds,Cincinnati Reds,+1.5,0.17,0.63,"8.5",0.34,0.45,2.1,0.17,0.35,2026-08-17 06:25:07.173
2026-08-16,MLB,MLB,Chicago White Sox,Detroit Tigers,Chicago White Sox,-1.5,0.65,0.34,"8",0.33,0.58,2.05,0.33,0.59,2026-08-17 06:25:07.173
2026-08-16,MLB,MLB,Chicago White Sox,Detroit Tigers,Detroit Tigers,+1.5,0.35,0.66,"8",0.67,0.42,1.8849558,0.67,0.41,2026-08-17 06:25:07.173
2026-08-16,MLB,MLB,Philadelphia Phillies,Minnesota Twins,Philadelphia Phillies,-1.5,0.64,0.53,"9.5",0.88,0.54,1.925926,0.45,0.73,2026-08-17 06:25:07.173
2026-08-16,MLB,MLB,Philadelphia Phillies,Minnesota Twins,Minnesota Twins,+1.5,0.36,0.47,"9.5",0.12,0.46,2.01,0.55,0.27,2026-08-17 06:25:07.173
2026-08-16,MLB,MLB,ST Louis Cardinals,Chicago Cubs,ST Louis Cardinals,+1.5,0.39,0.52,"9",0.91,0.52,2.63,0.52,0.19,2026-08-17 06:25:07.173
2026-08-16,MLB,MLB,ST Louis Cardinals,Chicago Cubs,Chicago Cubs,-1.5,0.61,0.48,"9",0.09,0.48,1.5714285,0.48,0.81,2026-08-17 06:25:07.173
2026-08-16,MLB,MLB,Texas Rangers,Athletics,Texas Rangers,-1.5,0.2,0.41,"9",0.61,0.47,1.8,0.53,0.72,2026-08-17 06:25:07.173
2026-08-16,MLB,MLB,Texas Rangers,Athletics,Athletics,+1.5,0.8,0.59,"9",0.39,0.53,2.16,0.47,0.28,2026-08-17 06:25:07.173
2026-08-16,MLB,MLB,Colorado Rockies,San Francisco Giants,Colorado Rockies,+1.5,0.1,0.47,"8",0.58,0.59,2.16,0.21,0.26,2026-08-17 06:25:07.173
2026-08-16,MLB,MLB,Colorado Rockies,San Francisco Giants,San Francisco Giants,-1.5,0.9,0.53,"8",0.42,0.41,1.8064516,0.79,0.74,2026-08-17 06:25:07.173
2026-08-16,MLB,MLB,Kansas City Royals,Los Angeles Angels,Kansas City Royals,-1.5,0.79,0.34,"8.5",0.63,0.49,1.8849558,0.92,0.71,2026-08-17 06:25:07.173
2026-08-16,MLB,MLB,Kansas City Royals,Los Angeles Angels,Los Angeles Angels,+1.5,0.21,0.66,"8.5",0.37,0.51,2.05,0.08,0.29,2026-08-17 06:25:07.173
2026-08-16,MLB,MLB,Milwaukee Brewers,Los Angeles Dodgers,Milwaukee Brewers,+1.5,0.19,0.47,"7.5",0.27,0.46,2.69,0.43,0.21,2026-08-17 06:25:07.173
2026-08-16,MLB,MLB,Milwaukee Brewers,Los Angeles Dodgers,Los Angeles Dodgers,-1.5,0.81,0.53,"7.5",0.73,0.54,1.5494505,0.57,0.79,2026-08-17 06:25:07.173
2026-08-16,MLB,MLB,San Diego Padres,Cleveland Guardians,San Diego Padres,-1.5,0.8,0.41,"8",0.4,0.58,1.9523809,0.91,0.7,2026-08-17 06:25:07.173
2026-08-16,MLB,MLB,San Diego Padres,Cleveland Guardians,Cleveland Guardians,+1.5,0.2,0.59,"8",0.6,0.42,1.9708738,0.09,0.3,2026-08-17 06:25:07.173
2026-08-16,MLB,MLB,Seattle Mariners,Houston Astros,Seattle Mariners,+1.5,0.48,0.62,"7.5",0.65,0.6,2.1,0.11,0.27,2026-08-17 06:25:07.173
2026-08-16,MLB,MLB,Seattle Mariners,Houston Astros,Houston Astros,-1.5,0.52,0.38,"7.5",0.35,0.4,1.8474576,0.89,0.73,2026-08-17 06:25:07.173
2026-08-17,MLB,MLB,Baltimore Orioles,Tampa Bay Rays,Baltimore Orioles,-,0.0,0.0,"8",0.21,0.67,2.34,0.76,0.33,2026-08-17 06:25:07.173
2026-08-17,MLB,MLB,Baltimore Orioles,Tampa Bay Rays,Tampa Bay Rays,-,0.0,0.0,"8",0.79,0.33,1.6172839,0.24,0.67,2026-08-17 06:25:07.173
2026-08-17,MLB,MLB,Miami Marlins,Philadelphia Phillies,Miami Marlins,+1.5,0.01,0.13,"8",0.85,0.5,2.98,0.17,0.16,2026-08-17 06:25:07.173
2026-08-17,MLB,MLB,Miami Marlins,Philadelphia Phillies,Philadelphia Phillies,-1.5,0.99,0.88,"8",0.15,0.5,1.4081633,0.83,0.84,2026-08-17 06:25:07.173
2026-08-17,MLB,MLB,Detroit Tigers,Pittsburgh Pirates,Detroit Tigers,-,0.0,0.0,-,0.0,0.0,1.8333334,0.45,0.38,2026-08-17 06:25:07.173
2026-08-17,MLB,MLB,Detroit Tigers,Pittsburgh Pirates,Pittsburgh Pirates,-,0.0,0.0,-,0.0,0.0,2.0,0.55,0.63,2026-08-17 06:25:07.173
2026-08-17,MLB,MLB,San Diego Padres,New York Mets,San Diego Padres,+1.5,0.68,0.88,"8.5",0.29,0.4,2.05,0.19,0.35,2026-08-17 06:25:07.173
2026-08-17,MLB,MLB,San Diego Padres,New York Mets,New York Mets,-1.5,0.32,0.13,"8.5",0.71,0.6,1.7874016,0.81,0.65,2026-08-17 06:25:07.173
2026-08-17,MLB,MLB,Atlanta Braves,Minnesota Twins,Atlanta Braves,-1.5,0.01,0.14,"8.5",0.92,0.71,1.7874016,0.84,0.81,2026-08-17 06:25:07.173
2026-08-17,MLB,MLB,Atlanta Braves,Minnesota Twins,Minnesota Twins,+1.5,0.99,0.86,"8.5",0.08,0.29,2.05,0.16,0.19,2026-08-17 06:25:07.173
2026-08-17,MLB,MLB,Chicago White Sox,Chicago Cubs,Chicago White Sox,-,0.0,0.0,-,0.0,0.0,2.44,0.14,0.21,2026-08-17 06:25:07.173
2026-08-17,MLB,MLB,Chicago White Sox,Chicago Cubs,Chicago Cubs,-,0.0,0.0,-,0.0,0.0,1.5714285,0.86,0.79,2026-08-17 06:25:07.173
2026-08-17,MLB,MLB,Los Angeles Dodgers,Colorado Rockies,Los Angeles Dodgers,-,0.0,0.0,-,0.0,0.0,1.4081633,1.0,1.0,2026-08-17 06:25:07.173
2026-08-17,MLB,MLB,Los Angeles Dodgers,Colorado Rockies,Colorado Rockies,-,0.0,0.0,-,0.0,0.0,2.98,0.0,0.0,2026-08-17 06:25:07.173
