usa_match_date,utc_start_time,status,home_team_id,home_team,away_team_id,away_team,home_team_score,away_team_score
2023-02-24,2023-02-24T20:05Z,Final,7,Kansas City Royals,13,Texas Rangers,6,5
2023-02-24,2023-02-24T20:10Z,Final,25,San Diego Padres,12,Seattle Mariners,2,3
2023-02-25,2023-02-25T18:05Z,Final,15,Atlanta Braves,2,Boston Red Sox,6,6
2023-02-25,2023-02-25T18:05Z,Final,1,Baltimore Orioles,9,Minnesota Twins,10,5
2023-02-25,2023-02-25T18:05Z,Final,18,Houston Astros,21,New York Mets,4,2
2023-02-25,2023-02-25T18:05Z,Final,9,Minnesota Twins,30,Tampa Bay Rays,8,4
2023-02-25,2023-02-25T18:05Z,Final,23,Pittsburgh Pirates,14,Toronto Blue Jays,7,9
2023-02-25,2023-02-25T18:05Z,Final,24,St. Louis Cardinals,20,Washington Nationals,2,3
2023-02-25,2023-02-25T18:05Z,Final,22,Philadelphia Phillies,10,New York Yankees,7,4
2023-02-25,2023-02-25T18:05Z,Final,6,Detroit Tigers,22,Philadelphia Phillies,4,2
2023-02-25,2023-02-25T20:05Z,Final,11,Oakland Athletics,29,Arizona Diamondbacks,12,7
2023-02-25,2023-02-25T20:05Z,Final,17,Cincinnati Reds,5,Cleveland Guardians,4,3
2023-02-25,2023-02-25T20:05Z,Final,13,Texas Rangers,7,Kansas City Royals,5,10
2023-02-25,2023-02-25T20:05Z,Final,4,Chicago White Sox,25,San Diego Padres,2,6
2023-02-25,2023-02-25T20:05Z,Final,16,Chicago Cubs,26,San Francisco Giants,10,8
2023-02-25,2023-02-25T20:10Z,Final,12,Seattle Mariners,3,Los Angeles Angels,1,5
2023-02-25,2023-02-25T20:10Z,Final,29,Arizona Diamondbacks,27,Colorado Rockies,5,12
2023-02-25,2023-02-25T20:10Z,Final,8,Milwaukee Brewers,19,Los Angeles Dodgers,7,4
2023-02-25,2023-02-25T23:10Z,Final,21,New York Mets,28,Miami Marlins,5,2
2023-02-26,2023-02-26T18:05Z,Final,10,New York Yankees,15,Atlanta Braves,7,0
2023-02-26,2023-02-26T18:05Z,Final,20,Washington Nationals,18,Houston Astros,3,2
2023-02-26,2023-02-26T18:05Z,Final,2,Boston Red Sox,30,Tampa Bay Rays,7,6
2023-02-26,2023-02-26T18:05Z,Final,6,Detroit Tigers,1,Baltimore Orioles,6,10
2023-02-26,2023-02-26T18:05Z,Final,22,Philadelphia Phillies,9,Minnesota Twins,10,8
2023-02-26,2023-02-26T18:07Z,Final,14,Toronto Blue Jays,10,New York Yankees,5,9
2023-02-26,2023-02-26T18:10Z,Final,28,Miami Marlins,24,St. Louis Cardinals,2,8
2023-02-26,2023-02-26T18:10Z,Final,21,New York Mets,20,Washington Nationals,6,3
2023-02-26,2023-02-26T20:05Z,Final,19,Los Angeles Dodgers,16,Chicago Cubs,9,4
2023-02-26,2023-02-26T20:05Z,Final,26,San Francisco Giants,17,Cincinnati Reds,7,6
2023-02-26,2023-02-26T20:05Z,Final,7,Kansas City Royals,12,Seattle Mariners,8,7
2023-02-26,2023-02-26T20:05Z,Final,5,Cleveland Guardians,13,Texas Rangers,4,13
2023-02-26,2023-02-26T20:10Z,Final,3,Los Angeles Angels,4,Chicago White Sox,7,0
2023-02-26,2023-02-26T20:10Z,Final,27,Colorado Rockies,8,Milwaukee Brewers,12,6
2023-02-26,2023-02-26T20:10Z,Final,8,Milwaukee Brewers,11,Oakland Athletics,4,11
2023-02-26,2023-02-26T20:10Z,Final,25,San Diego Padres,29,Arizona Diamondbacks,18,6
2023-02-27,2023-02-27T18:00Z,Final,24,St. Louis Cardinals,21,New York Mets,12,7
2023-02-27,2023-02-27T18:05Z,Final,18,Houston Astros,28,Miami Marlins,3,4
2023-02-27,2023-02-27T18:05Z,Final,2,Boston Red Sox,9,Minnesota Twins,4,1
2023-02-27,2023-02-27T18:05Z,Final,23,Pittsburgh Pirates,22,Philadelphia Phillies,7,9
2023-02-27,2023-02-27T18:05Z,Final,1,Baltimore Orioles,30,Tampa Bay Rays,2,14
2023-02-27,2023-02-27T18:05Z,Final,15,Atlanta Braves,14,Toronto Blue Jays,7,0
2023-02-27,2023-02-27T20:05Z,Final,16,Chicago Cubs,5,Cleveland Guardians,4,12
2023-02-27,2023-02-27T20:05Z,Final,11,Oakland Athletics,27,Colorado Rockies,3,7
2023-02-27,2023-02-27T20:05Z,Final,7,Kansas City Royals,8,Milwaukee Brewers,4,10
2023-02-27,2023-02-27T20:05Z,Final,4,Chicago White Sox,12,Seattle Mariners,10,1
2023-02-27,2023-02-27T20:05Z,Final,17,Cincinnati Reds,13,Texas Rangers,2,13
2023-02-27,2023-02-27T20:10Z,Final,29,Arizona Diamondbacks,16,Chicago Cubs,3,0
2023-02-27,2023-02-27T20:10Z,Final,3,Los Angeles Angels,26,San Francisco Giants,6,8
2023-02-27,2023-02-27T20:10Z,Final,25,San Diego Padres,19,Los Angeles Dodgers,6,7
2023-02-27,2023-02-27T23:35Z,Final,10,New York Yankees,6,Detroit Tigers,8,5
2023-02-28,2023-02-28T18:05Z,Final,9,Minnesota Twins,15,Atlanta Braves,10,7
2023-02-28,2023-02-28T18:05Z,Final,23,Pittsburgh Pirates,1,Baltimore Orioles,7,4
2023-02-28,2023-02-28T18:05Z,Final,30,Tampa Bay Rays,10,New York Yankees,12,0
2023-02-28,2023-02-28T18:05Z,Final,20,Washington Nationals,24,St. Louis Cardinals,3,5
2023-02-28,2023-02-28T18:05Z,Final,22,Philadelphia Phillies,14,Toronto Blue Jays,7,2
2023-02-28,2023-02-28T18:07Z,Final,14,Toronto Blue Jays,6,Detroit Tigers,6,4
2023-02-28,2023-02-28T18:10Z,Final,21,New York Mets,18,Houston Astros,4,8
2023-02-28,2023-02-28T20:05Z,Final,11,Oakland Athletics,3,Los Angeles Angels,5,11
2023-02-28,2023-02-28T20:05Z,Final,19,Los Angeles Dodgers,17,Cincinnati Reds,1,7
2023-02-28,2023-02-28T20:05Z,Final,13,Texas Rangers,27,Colorado Rockies,6,4
2023-02-28,2023-02-28T20:05Z,Final,5,Cleveland Guardians,7,Kansas City Royals,6,12
2023-02-28,2023-02-28T20:05Z,Final,26,San Francisco Giants,25,San Diego Padres,5,7
2023-02-28,2023-02-28T20:10Z,Final,29,Arizona Diamondbacks,4,Chicago White Sox,1,4
2023-02-28,2023-02-28T20:10Z,Final,8,Milwaukee Brewers,16,Chicago Cubs,6,3
2023-02-28,2023-02-28T20:10Z,Final,12,Seattle Mariners,5,Cleveland Guardians,9,8
2023-02-28,2023-02-28T23:40Z,Final,28,Miami Marlins,2,Boston Red Sox,2,7
2023-03-01,2023-03-01T18:00Z,Final,10,New York Yankees,20,Washington Nationals,4,2
2023-03-01,2023-03-01T18:05Z,Final,18,Houston Astros,2,Boston Red Sox,4,4
2023-03-01,2023-03-01T18:05Z,Final,9,Minnesota Twins,22,Philadelphia Phillies,4,4
2023-03-01,2023-03-01T18:05Z,Final,15,Atlanta Braves,30,Tampa Bay Rays,3,3
2023-03-01,2023-03-01T18:05Z,Final,1,Baltimore Orioles,14,Toronto Blue Jays,1,2
2023-03-01,2023-03-01T18:05Z,Final,6,Detroit Tigers,23,Pittsburgh Pirates,8,7
2023-03-01,2023-03-01T18:10Z,Final,28,Miami Marlins,21,New York Mets,4,8
2023-03-01,2023-03-01T19:10Z,Final,3,Los Angeles Angels,8,Milwaukee Brewers,4,3
2023-03-01,2023-03-01T20:05Z,Final,26,San Francisco Giants,29,Arizona Diamondbacks,5,8
2023-03-01,2023-03-01T20:05Z,Final,4,Chicago White Sox,5,Cleveland Guardians,6,9
2023-03-01,2023-03-01T20:05Z,Final,13,Texas Rangers,19,Los Angeles Dodgers,2,4
2023-03-01,2023-03-01T20:05Z,Final,17,Cincinnati Reds,11,Oakland Athletics,14,14
2023-03-01,2023-03-01T20:05Z,Final,16,Chicago Cubs,12,Seattle Mariners,5,3
2023-03-01,2023-03-01T20:10Z,Final,27,Colorado Rockies,7,Kansas City Royals,6,8
2023-03-01,2023-03-01T20:10Z,Final,25,San Diego Padres,13,Texas Rangers,5,1
2023-03-02,2023-03-02T17:00Z,Final,2,Boston Red Sox,22,Philadelphia Phillies,15,3
2023-03-02,2023-03-02T18:05Z,Final,24,St. Louis Cardinals,18,Houston Astros,0,6
2023-03-02,2023-03-02T18:05Z,Final,20,Washington Nationals,28,Miami Marlins,5,5
2023-03-02,2023-03-02T18:05Z,Final,30,Tampa Bay Rays,9,Minnesota Twins,2,4
2023-03-02,2023-03-02T18:05Z,Final,23,Pittsburgh Pirates,10,New York Yankees,1,9
2023-03-02,2023-03-02T18:05Z,Final,6,Detroit Tigers,1,Baltimore Orioles,10,3
2023-03-02,2023-03-02T18:07Z,Final,14,Toronto Blue Jays,23,Pittsburgh Pirates,2,2
2023-03-02,2023-03-02T18:10Z,Final,21,New York Mets,15,Atlanta Braves,2,6
2023-03-02,2023-03-02T20:05Z,Final,7,Kansas City Royals,3,Los Angeles Angels,8,4
2023-03-02,2023-03-02T20:05Z,Final,19,Los Angeles Dodgers,29,Arizona Diamondbacks,5,5
2023-03-02,2023-03-02T20:05Z,Final,16,Chicago Cubs,11,Oakland Athletics,6,1
2023-03-02,2023-03-02T20:05Z,Final,5,Cleveland Guardians,26,San Francisco Giants,4,3
2023-03-02,2023-03-02T20:10Z,Final,27,Colorado Rockies,4,Chicago White Sox,4,6
2023-03-02,2023-03-02T20:10Z,Final,12,Seattle Mariners,25,San Diego Padres,5,4
2023-03-02,2023-03-02T20:10Z,Final,8,Milwaukee Brewers,13,Texas Rangers,4,7
2023-03-03,2023-03-03T18:05Z,Final,18,Houston Astros,15,Atlanta Braves,11,8
2023-03-03,2023-03-03T18:05Z,Final,9,Minnesota Twins,2,Boston Red Sox,4,9
2023-03-03,2023-03-03T18:05Z,Final,24,St. Louis Cardinals,28,Miami Marlins,8,3
2023-03-03,2023-03-03T18:05Z,Final,22,Philadelphia Phillies,6,Detroit Tigers,3,6
2023-03-03,2023-03-03T18:07Z,Final,14,Toronto Blue Jays,30,Tampa Bay Rays,7,6
2023-03-03,2023-03-03T18:10Z,Final,21,New York Mets,20,Washington Nationals,6,11
2023-03-03,2023-03-03T20:05Z,Final,4,Chicago White Sox,17,Cincinnati Reds,6,4
2023-03-03,2023-03-03T20:05Z,Final,26,San Francisco Giants,27,Colorado Rockies,3,2
2023-03-03,2023-03-03T20:05Z,Final,11,Oakland Athletics,7,Kansas City Royals,4,6
2023-03-03,2023-03-03T20:05Z,Final,5,Cleveland Guardians,8,Milwaukee Brewers,7,4
2023-03-03,2023-03-03T20:05Z,Final,13,Texas Rangers,26,San Francisco Giants,11,7
2023-03-03,2023-03-03T20:10Z,Final,3,Los Angeles Angels,19,Los Angeles Dodgers,2,2
2023-03-03,2023-03-03T20:10Z,Final,29,Arizona Diamondbacks,12,Seattle Mariners,3,6
2023-03-03,2023-03-03T23:05Z,Final,1,Baltimore Orioles,23,Pittsburgh Pirates,1,1
2023-03-03,2023-03-03T23:35Z,Final,10,New York Yankees,6,Detroit Tigers,3,5
2023-03-03,2023-03-04T01:40Z,Final,25,San Diego Padres,16,Chicago Cubs,0,4
2023-03-04,2023-03-04T18:05Z,Final,1,Baltimore Orioles,15,Atlanta Braves,2,3
2023-03-04,2023-03-04T18:05Z,Final,2,Boston Red Sox,18,Houston Astros,4,4
2023-03-04,2023-03-04T18:05Z,Final,15,Atlanta Braves,9,Minnesota Twins,7,5
2023-03-04,2023-03-04T18:05Z,Final,20,Washington Nationals,24,St. Louis Cardinals,6,9
2023-03-04,2023-03-04T18:05Z,Final,10,New York Yankees,30,Tampa Bay Rays,10,14
2023-03-04,2023-03-04T18:05Z,Final,22,Philadelphia Phillies,23,Pittsburgh Pirates,4,3
2023-03-04,2023-03-04T18:05Z,Final,6,Detroit Tigers,14,Toronto Blue Jays,5,18
2023-03-04,2023-03-04T18:10Z,Final,28,Miami Marlins,21,New York Mets,4,15
2023-03-04,2023-03-04T20:05Z,Final,16,Chicago Cubs,3,Los Angeles Angels,2,0
2023-03-04,2023-03-04T20:05Z,Final,26,San Francisco Giants,29,Arizona Diamondbacks,5,9
2023-03-04,2023-03-04T20:05Z,Final,11,Oakland Athletics,5,Cleveland Guardians,4,4
2023-03-04,2023-03-04T20:05Z,Final,17,Cincinnati Reds,7,Kansas City Royals,6,12
2023-03-04,2023-03-04T20:05Z,Final,4,Chicago White Sox,13,Texas Rangers,5,4
2023-03-04,2023-03-04T20:10Z,Final,12,Seattle Mariners,27,Colorado Rockies,1,7
2023-03-04,2023-03-04T20:10Z,Final,29,Arizona Diamondbacks,25,San Diego Padres,4,5
2023-03-04,2023-03-04T20:10Z,Final,8,Milwaukee Brewers,26,San Francisco Giants,14,2
2023-03-04,2023-03-04T21:05Z,Final,11,Oakland Athletics,17,Cincinnati Reds,9,10
2023-03-04,2023-03-05T01:05Z,Final,7,Kansas City Royals,19,Los Angeles Dodgers,6,7
2023-03-05,2023-03-05T18:05Z,Final,30,Tampa Bay Rays,1,Baltimore Orioles,2,5
2023-03-05,2023-03-05T18:05Z,Final,9,Minnesota Twins,6,Detroit Tigers,6,2
2023-03-05,2023-03-05T18:05Z,Final,2,Boston Red Sox,28,Miami Marlins,4,1
2023-03-05,2023-03-05T18:05Z,Final,23,Pittsburgh Pirates,9,Minnesota Twins,5,2
2023-03-05,2023-03-05T18:05Z,Final,15,Atlanta Braves,10,New York Yankees,6,10
2023-03-05,2023-03-05T18:05Z,Final,24,St. Louis Cardinals,21,New York Mets,1,7
2023-03-05,2023-03-05T18:05Z,Final,18,Houston Astros,20,Washington Nationals,6,2
2023-03-05,2023-03-05T18:07Z,Final,14,Toronto Blue Jays,22,Philadelphia Phillies,16,4
2023-03-05,2023-03-05T20:05Z,Final,13,Texas Rangers,3,Los Angeles Angels,7,5
2023-03-05,2023-03-05T20:05Z,Final,5,Cleveland Guardians,29,Arizona Diamondbacks,4,6
2023-03-05,2023-03-05T20:05Z,Final,19,Los Angeles Dodgers,4,Chicago White Sox,8,4
2023-03-05,2023-03-05T20:05Z,Final,26,San Francisco Giants,7,Kansas City Royals,1,5
2023-03-05,2023-03-05T20:10Z,Final,27,Colorado Rockies,16,Chicago Cubs,5,6
2023-03-05,2023-03-05T20:10Z,Final,3,Los Angeles Angels,17,Cincinnati Reds,8,5
2023-03-05,2023-03-05T20:10Z,Final,8,Milwaukee Brewers,12,Seattle Mariners,1,6
2023-03-05,2023-03-05T20:10Z,Final,25,San Diego Padres,11,Oakland Athletics,10,3
2023-03-05,2023-03-05T21:05Z,Final,11,Oakland Athletics,17,Cincinnati Reds,4,12
2023-03-06,2023-03-06T18:05Z,Final,2,Boston Red Sox,6,Detroit Tigers,7,1
2023-03-06,2023-03-06T18:05Z,Final,24,St. Louis Cardinals,18,Houston Astros,7,1
2023-03-06,2023-03-06T18:05Z,Final,30,Tampa Bay Rays,28,Miami Marlins,5,1
2023-03-06,2023-03-06T18:05Z,Final,1,Baltimore Orioles,22,Philadelphia Phillies,10,7
2023-03-06,2023-03-06T20:05Z,Final,7,Kansas City Royals,29,Arizona Diamondbacks,10,1
2023-03-06,2023-03-06T20:05Z,Final,19,Los Angeles Dodgers,25,San Diego Padres,8,3
2023-03-06,2023-03-06T20:10Z,Final,12,Seattle Mariners,16,Chicago Cubs,2,6
2023-03-06,2023-03-06T20:10Z,Final,3,Los Angeles Angels,5,Cleveland Guardians,6,0
2023-03-06,2023-03-06T20:10Z,Final,27,Colorado Rockies,13,Texas Rangers,4,1
2023-03-06,2023-03-06T23:35Z,Final,10,New York Yankees,23,Pittsburgh Pirates,9,2
2023-03-06,2023-03-07T01:05Z,Final,17,Cincinnati Reds,27,Colorado Rockies,6,1
2023-03-07,2023-03-07T18:05Z,Final,9,Minnesota Twins,1,Baltimore Orioles,7,6
2023-03-07,2023-03-07T18:05Z,Final,23,Pittsburgh Pirates,14,Toronto Blue Jays,7,2
2023-03-07,2023-03-07T18:05Z,Final,6,Detroit Tigers,24,St. Louis Cardinals,16,3
2023-03-07,2023-03-07T18:05Z,Final,22,Philadelphia Phillies,30,Tampa Bay Rays,3,7
2023-03-07,2023-03-07T18:10Z,Final,28,Miami Marlins,20,Washington Nationals,3,5
2023-03-07,2023-03-07T20:05Z,Final,13,Texas Rangers,16,Chicago Cubs,6,9
2023-03-07,2023-03-07T20:05Z,Final,4,Chicago White Sox,8,Milwaukee Brewers,5,2
2023-03-07,2023-03-07T20:05Z,Final,17,Cincinnati Reds,26,San Francisco Giants,7,3
2023-03-07,2023-03-07T20:10Z,Final,29,Arizona Diamondbacks,11,Oakland Athletics,3,9
2023-03-07,2023-03-07T20:10Z,Final,25,San Diego Padres,3,Los Angeles Angels,4,5
2023-03-07,2023-03-07T23:05Z,Final,15,Atlanta Braves,2,Boston Red Sox,2,10
2023-03-07,2023-03-07T23:05Z,Final,18,Houston Astros,21,New York Mets,5,5
2023-03-08,2023-03-08T18:05Z,Final,1,Baltimore Orioles,23,Pittsburgh Pirates,7,4
2023-03-08,2023-03-08T18:05Z,Final,10,New York Yankees,24,St. Louis Cardinals,0,4
2023-03-08,2023-03-08T18:05Z,Final,6,Detroit Tigers,20,Washington Nationals,2,1
2023-03-08,2023-03-08T18:07Z,Final,14,Toronto Blue Jays,9,Minnesota Twins,0,7
2023-03-08,2023-03-08T20:10Z,Final,3,Los Angeles Angels,27,Colorado Rockies,4,3
2023-03-08,2023-03-08T20:10Z,Final,29,Arizona Diamondbacks,13,Texas Rangers,2,0
2023-03-08,2023-03-08T20:10Z,Final,25,San Diego Padres,17,Cincinnati Reds,9,10
2023-03-08,2023-03-09T01:05Z,Final,7,Kansas City Royals,4,Chicago White Sox,14,5
2023-03-08,2023-03-09T01:05Z,Final,19,Los Angeles Dodgers,12,Seattle Mariners,2,2
2023-03-09,2023-03-09T18:05Z,Final,10,New York Yankees,2,Boston Red Sox,7,11
2023-03-09,2023-03-09T18:05Z,Final,23,Pittsburgh Pirates,6,Detroit Tigers,7,10
2023-03-09,2023-03-09T18:05Z,Final,22,Philadelphia Phillies,1,Baltimore Orioles,7,6
2023-03-09,2023-03-09T18:05Z,Final,30,Tampa Bay Rays,14,Toronto Blue Jays,6,1
2023-03-09,2023-03-09T18:07Z,Final,14,Toronto Blue Jays,15,Atlanta Braves,3,1
2023-03-09,2023-03-09T20:05Z,Final,16,Chicago Cubs,17,Cincinnati Reds,8,6
2023-03-09,2023-03-09T20:05Z,Final,11,Oakland Athletics,19,Los Angeles Dodgers,1,0
2023-03-09,2023-03-09T20:05Z,Final,26,San Francisco Giants,8,Milwaukee Brewers,5,2
2023-03-09,2023-03-09T20:05Z,Final,5,Cleveland Guardians,25,San Diego Padres,4,6
2023-03-10,2023-03-10T18:05Z,Final,30,Tampa Bay Rays,15,Atlanta Braves,2,3
2023-03-10,2023-03-10T18:05Z,Final,2,Boston Red Sox,14,Toronto Blue Jays,0,2
2023-03-10,2023-03-10T18:05Z,Final,6,Detroit Tigers,10,New York Yankees,3,4
2023-03-10,2023-03-10T18:05Z,Final,22,Philadelphia Phillies,23,Pittsburgh Pirates,10,4
2023-03-10,2023-03-10T18:10Z,Final,21,New York Mets,18,Houston Astros,7,2
2023-03-10,2023-03-10T20:05Z,Final,19,Los Angeles Dodgers,3,Los Angeles Angels,6,5
2023-03-10,2023-03-10T20:05Z,Final,16,Chicago Cubs,4,Chicago White Sox,3,4
2023-03-10,2023-03-10T20:05Z,Final,7,Kansas City Royals,25,San Diego Padres,1,0
2023-03-10,2023-03-10T20:05Z,Final,11,Oakland Athletics,13,Texas Rangers,12,11
2023-03-10,2023-03-10T20:10Z,Final,12,Seattle Mariners,17,Cincinnati Reds,11,3
2023-03-10,2023-03-10T20:10Z,Final,8,Milwaukee Brewers,5,Cleveland Guardians,12,3
2023-03-10,2023-03-10T20:10Z,Final,27,Colorado Rockies,26,San Francisco Giants,8,1
2023-03-10,2023-03-10T23:05Z,Final,20,Washington Nationals,28,Miami Marlins,2,7
2023-03-10,2023-03-10T23:05Z,Final,1,Baltimore Orioles,9,Minnesota Twins,5,5
2023-03-10,2023-03-10T23:05Z,Final,24,St. Louis Cardinals,21,New York Mets,7,5
2023-03-10,2023-03-11T01:05Z,Final,17,Cincinnati Reds,29,Arizona Diamondbacks,6,5
2023-03-11,2023-03-11T18:05Z,Final,9,Minnesota Twins,2,Boston Red Sox,4,3
2023-03-11,2023-03-11T18:05Z,Final,15,Atlanta Braves,6,Detroit Tigers,7,16
2023-03-11,2023-03-11T18:05Z,Final,23,Pittsburgh Pirates,10,New York Yankees,3,0
2023-03-11,2023-03-11T18:05Z,Final,10,New York Yankees,22,Philadelphia Phillies,3,6
2023-03-11,2023-03-11T18:05Z,Final,18,Houston Astros,24,St. Louis Cardinals,3,2
2023-03-11,2023-03-11T18:07Z,Final,14,Toronto Blue Jays,1,Baltimore Orioles,8,6
2023-03-11,2023-03-11T20:05Z,Final,19,Los Angeles Dodgers,16,Chicago Cubs,2,5
2023-03-11,2023-03-11T20:05Z,Final,13,Texas Rangers,17,Cincinnati Reds,8,7
2023-03-11,2023-03-11T20:05Z,Final,26,San Francisco Giants,19,Los Angeles Dodgers,8,13
2023-03-11,2023-03-11T20:05Z,Final,5,Cleveland Guardians,11,Oakland Athletics,4,2
2023-03-11,2023-03-11T20:10Z,Final,28,Miami Marlins,30,Tampa Bay Rays,5,3
2023-03-11,2023-03-11T20:10Z,Final,3,Los Angeles Angels,29,Arizona Diamondbacks,11,10
2023-03-11,2023-03-11T20:10Z,Final,8,Milwaukee Brewers,7,Kansas City Royals,2,12
2023-03-11,2023-03-11T20:10Z,Final,27,Colorado Rockies,12,Seattle Mariners,2,4
2023-03-11,2023-03-11T20:10Z,Final,25,San Diego Padres,4,Chicago White Sox,6,5
2023-03-11,2023-03-12T00:05Z,Final,20,Washington Nationals,21,New York Mets,10,7
2023-03-12,2023-03-12T17:05Z,Final,23,Pittsburgh Pirates,15,Atlanta Braves,3,11
2023-03-12,2023-03-12T17:05Z,Final,1,Baltimore Orioles,2,Boston Red Sox,6,4
2023-03-12,2023-03-12T17:05Z,Final,18,Houston Astros,28,Miami Marlins,5,1
2023-03-12,2023-03-12T17:05Z,Final,2,Boston Red Sox,10,New York Yankees,3,3
2023-03-12,2023-03-12T17:05Z,Final,24,St. Louis Cardinals,20,Washington Nationals,5,1
2023-03-12,2023-03-12T17:05Z,Final,6,Detroit Tigers,9,Minnesota Twins,8,7
2023-03-12,2023-03-12T17:05Z,Final,22,Philadelphia Phillies,14,Toronto Blue Jays,3,8
2023-03-12,2023-03-12T17:10Z,Final,21,New York Mets,30,Tampa Bay Rays,4,10
2023-03-12,2023-03-12T20:05Z,Final,4,Chicago White Sox,3,Los Angeles Angels,1,1
2023-03-12,2023-03-12T20:05Z,Final,7,Kansas City Royals,5,Cleveland Guardians,7,6
2023-03-12,2023-03-12T20:05Z,Final,17,Cincinnati Reds,19,Los Angeles Dodgers,1,8
2023-03-12,2023-03-12T20:05Z,Final,16,Chicago Cubs,8,Milwaukee Brewers,3,5
2023-03-12,2023-03-12T20:05Z,Final,26,San Francisco Giants,11,Oakland Athletics,4,3
2023-03-12,2023-03-12T20:05Z,Final,11,Oakland Athletics,25,San Diego Padres,8,6
2023-03-12,2023-03-12T20:10Z,Final,29,Arizona Diamondbacks,27,Colorado Rockies,10,9
2023-03-12,2023-03-12T20:10Z,Final,12,Seattle Mariners,13,Texas Rangers,11,10
2023-03-13,2023-03-13T17:05Z,Final,15,Atlanta Braves,1,Baltimore Orioles,6,5
2023-03-13,2023-03-13T17:05Z,Final,1,Baltimore Orioles,6,Detroit Tigers,11,7
2023-03-13,2023-03-13T17:05Z,Final,30,Tampa Bay Rays,6,Detroit Tigers,9,5
2023-03-13,2023-03-13T17:05Z,Final,20,Washington Nationals,18,Houston Astros,7,6
2023-03-13,2023-03-13T17:05Z,Final,9,Minnesota Twins,10,New York Yankees,1,0
2023-03-13,2023-03-13T17:07Z,Final,14,Toronto Blue Jays,2,Boston Red Sox,16,3
2023-03-13,2023-03-13T17:10Z,Final,28,Miami Marlins,21,New York Mets,3,9
2023-03-13,2023-03-13T20:05Z,Final,13,Texas Rangers,29,Arizona Diamondbacks,8,11
2023-03-13,2023-03-13T20:05Z,Final,19,Los Angeles Dodgers,5,Cleveland Guardians,11,4
2023-03-13,2023-03-13T20:05Z,Final,17,Cincinnati Reds,8,Milwaukee Brewers,0,8
2023-03-13,2023-03-13T20:10Z,Final,27,Colorado Rockies,11,Oakland Athletics,7,8
2023-03-13,2023-03-13T20:10Z,Final,3,Los Angeles Angels,12,Seattle Mariners,8,2
2023-03-13,2023-03-13T20:10Z,Final,25,San Diego Padres,26,San Francisco Giants,9,11
2023-03-14,2023-03-14T17:05Z,Final,23,Pittsburgh Pirates,1,Baltimore Orioles,6,7
2023-03-14,2023-03-14T17:05Z,Final,30,Tampa Bay Rays,9,Minnesota Twins,7,4
2023-03-14,2023-03-14T17:05Z,Final,9,Minnesota Twins,23,Pittsburgh Pirates,2,2
2023-03-14,2023-03-14T17:05Z,Final,18,Houston Astros,24,St. Louis Cardinals,3,3
2023-03-14,2023-03-14T17:05Z,Final,22,Philadelphia Phillies,15,Atlanta Braves,5,15
2023-03-14,2023-03-14T17:05Z,Final,6,Detroit Tigers,2,Boston Red Sox,6,2
2023-03-14,2023-03-14T17:10Z,Final,28,Miami Marlins,18,Houston Astros,1,0
2023-03-14,2023-03-14T17:10Z,Final,21,New York Mets,20,Washington Nationals,0,5
2023-03-14,2023-03-14T20:05Z,Final,5,Cleveland Guardians,3,Los Angeles Angels,6,8
2023-03-14,2023-03-14T20:05Z,Final,4,Chicago White Sox,11,Oakland Athletics,5,4
2023-03-14,2023-03-14T20:10Z,Final,12,Seattle Mariners,7,Kansas City Royals,8,6
2023-03-14,2023-03-14T20:10Z,Final,29,Arizona Diamondbacks,26,San Francisco Giants,6,7
2023-03-14,2023-03-14T22:35Z,Final,10,New York Yankees,14,Toronto Blue Jays,10,3
2023-03-14,2023-03-15T01:05Z,Final,7,Kansas City Royals,17,Cincinnati Reds,3,5
2023-03-14,2023-03-15T01:05Z,Final,16,Chicago Cubs,27,Colorado Rockies,2,5
2023-03-15,2023-03-15T17:05Z,Final,15,Atlanta Braves,18,Houston Astros,3,9
2023-03-15,2023-03-15T17:05Z,Final,10,New York Yankees,22,Philadelphia Phillies,8,9
2023-03-15,2023-03-15T17:05Z,Final,2,Boston Red Sox,30,Tampa Bay Rays,9,1
2023-03-15,2023-03-15T17:07Z,Final,14,Toronto Blue Jays,23,Pittsburgh Pirates,7,1
2023-03-15,2023-03-15T17:10Z,Final,21,New York Mets,24,St. Louis Cardinals,1,4
2023-03-15,2023-03-15T20:05Z,Final,13,Texas Rangers,7,Kansas City Royals,4,3
2023-03-16,2023-03-16T17:05Z,Final,30,Tampa Bay Rays,15,Atlanta Braves,5,1
2023-03-16,2023-03-16T17:05Z,Final,24,St. Louis Cardinals,18,Houston Astros,0,3
2023-03-16,2023-03-16T17:05Z,Final,9,Minnesota Twins,30,Tampa Bay Rays,0,2
2023-03-16,2023-03-16T20:05Z,Final,16,Chicago Cubs,29,Arizona Diamondbacks,1,3
2023-03-16,2023-03-16T20:05Z,Final,5,Cleveland Guardians,4,Chicago White Sox,5,1
2023-03-16,2023-03-16T20:05Z,Final,7,Kansas City Royals,11,Oakland Athletics,2,0
2023-03-16,2023-03-16T20:10Z,Final,8,Milwaukee Brewers,3,Los Angeles Angels,2,3
2023-03-16,2023-03-16T20:10Z,Final,27,Colorado Rockies,25,San Diego Padres,1,7
2023-03-16,2023-03-16T20:10Z,Final,12,Seattle Mariners,26,San Francisco Giants,0,0
2023-03-16,2023-03-16T22:05Z,Final,20,Washington Nationals,21,New York Mets,3,0
2023-03-16,2023-03-16T22:05Z,Final,1,Baltimore Orioles,14,Toronto Blue Jays,7,4
2023-03-16,2023-03-16T22:05Z,Final,6,Detroit Tigers,22,Philadelphia Phillies,1,10
2023-03-16,2023-03-16T22:35Z,Final,10,New York Yankees,23,Pittsburgh Pirates,6,9
2023-03-16,2023-03-17T01:05Z,Final,19,Los Angeles Dodgers,13,Texas Rangers,1,3
2023-03-17,2023-03-17T17:05Z,Final,2,Boston Red Sox,15,Atlanta Braves,0,8
2023-03-17,2023-03-17T17:05Z,Final,9,Minnesota Twins,1,Baltimore Orioles,3,5
2023-03-17,2023-03-17T17:05Z,Final,23,Pittsburgh Pirates,30,Tampa Bay Rays,6,2
2023-03-17,2023-03-17T17:05Z,Final,18,Houston Astros,20,Washington Nationals,7,11
2023-03-17,2023-03-17T17:05Z,Final,6,Detroit Tigers,10,New York Yankees,8,7
2023-03-17,2023-03-17T17:05Z,Final,22,Philadelphia Phillies,14,Toronto Blue Jays,4,2
2023-03-17,2023-03-17T17:07Z,Final,14,Toronto Blue Jays,22,Philadelphia Phillies,1,8
2023-03-17,2023-03-17T17:10Z,Final,28,Miami Marlins,24,St. Louis Cardinals,2,16
2023-03-17,2023-03-17T20:05Z,Final,4,Chicago White Sox,16,Chicago Cubs,4,4
2023-03-17,2023-03-17T20:05Z,Final,16,Chicago Cubs,19,Los Angeles Dodgers,7,9
2023-03-17,2023-03-17T20:05Z,Final,13,Texas Rangers,8,Milwaukee Brewers,3,4
2023-03-17,2023-03-17T20:05Z,Final,11,Oakland Athletics,26,San Francisco Giants,7,2
2023-03-17,2023-03-17T20:10Z,Final,27,Colorado Rockies,29,Arizona Diamondbacks,2,4
2023-03-17,2023-03-17T20:10Z,Final,3,Los Angeles Angels,7,Kansas City Royals,12,1
2023-03-17,2023-03-17T22:10Z,Final,21,New York Mets,28,Miami Marlins,6,1
2023-03-17,2023-03-18T01:05Z,Final,17,Cincinnati Reds,5,Cleveland Guardians,7,1
2023-03-17,2023-03-18T01:40Z,Final,25,San Diego Padres,12,Seattle Mariners,5,10
2023-03-18,2023-03-18T17:05Z,Final,2,Boston Red Sox,1,Baltimore Orioles,9,6
2023-03-18,2023-03-18T17:05Z,Final,30,Tampa Bay Rays,2,Boston Red Sox,3,1
2023-03-18,2023-03-18T17:05Z,Final,24,St. Louis Cardinals,6,Detroit Tigers,8,4
2023-03-18,2023-03-18T17:05Z,Final,20,Washington Nationals,28,Miami Marlins,0,7
2023-03-18,2023-03-18T17:05Z,Final,23,Pittsburgh Pirates,9,Minnesota Twins,7,4
2023-03-18,2023-03-18T17:07Z,Final,14,Toronto Blue Jays,10,New York Yankees,5,2
2023-03-18,2023-03-18T20:05Z,Final,26,San Francisco Giants,16,Chicago Cubs,5,1
2023-03-18,2023-03-18T20:05Z,Final,11,Oakland Athletics,17,Cincinnati Reds,1,7
2023-03-18,2023-03-18T20:05Z,Final,7,Kansas City Royals,27,Colorado Rockies,3,6
2023-03-18,2023-03-18T20:05Z,Final,4,Chicago White Sox,19,Los Angeles Dodgers,4,6
2023-03-18,2023-03-18T20:10Z,Final,29,Arizona Diamondbacks,5,Cleveland Guardians,6,4
2023-03-18,2023-03-18T20:10Z,Final,3,Los Angeles Angels,13,Texas Rangers,2,6
2023-03-18,2023-03-18T20:10Z,Final,25,San Diego Padres,8,Milwaukee Brewers,11,6
2023-03-18,2023-03-18T20:10Z,Final,27,Colorado Rockies,7,Kansas City Royals,5,8
2023-03-18,2023-03-18T22:05Z,Final,15,Atlanta Braves,22,Philadelphia Phillies,5,1
2023-03-18,2023-03-18T23:05Z,Final,18,Houston Astros,21,New York Mets,0,2
2023-03-18,2023-03-19T01:05Z,Final,5,Cleveland Guardians,12,Seattle Mariners,5,4
2023-03-19,2023-03-19T17:05Z,Final,9,Minnesota Twins,15,Atlanta Braves,0,5
2023-03-19,2023-03-19T17:05Z,Final,10,New York Yankees,1,Baltimore Orioles,3,5
2023-03-19,2023-03-19T17:05Z,Final,20,Washington Nationals,6,Detroit Tigers,2,1
2023-03-19,2023-03-19T17:05Z,Final,1,Baltimore Orioles,23,Pittsburgh Pirates,8,0
2023-03-19,2023-03-19T17:05Z,Final,30,Tampa Bay Rays,14,Toronto Blue Jays,1,0
2023-03-19,2023-03-19T17:05Z,Final,22,Philadelphia Phillies,2,Boston Red Sox,5,9
2023-03-19,2023-03-19T17:10Z,Final,28,Miami Marlins,18,Houston Astros,5,4
2023-03-19,2023-03-19T17:10Z,Final,21,New York Mets,24,St. Louis Cardinals,7,8
2023-03-19,2023-03-19T20:05Z,Final,26,San Francisco Giants,3,Los Angeles Angels,9,6
2023-03-19,2023-03-19T20:05Z,Final,5,Cleveland Guardians,27,Colorado Rockies,3,1
2023-03-19,2023-03-19T20:05Z,Final,19,Los Angeles Dodgers,11,Oakland Athletics,3,6
2023-03-19,2023-03-19T20:05Z,Final,16,Chicago Cubs,25,San Diego Padres,5,2
2023-03-19,2023-03-19T20:05Z,Final,13,Texas Rangers,12,Seattle Mariners,2,1
2023-03-19,2023-03-19T20:10Z,Final,12,Seattle Mariners,4,Chicago White Sox,2,6
2023-03-19,2023-03-19T20:10Z,Final,8,Milwaukee Brewers,17,Cincinnati Reds,4,3
2023-03-19,2023-03-19T20:10Z,Final,29,Arizona Diamondbacks,7,Kansas City Royals,13,2
2023-03-19,2023-03-19T20:10Z,Final,7,Kansas City Royals,27,Colorado Rockies,0,7
2023-03-20,2023-03-20T17:05Z,Final,24,St. Louis Cardinals,28,Miami Marlins,5,0
2023-03-20,2023-03-20T17:05Z,Final,2,Boston Red Sox,23,Pittsburgh Pirates,5,7
2023-03-20,2023-03-20T17:05Z,Final,15,Atlanta Braves,30,Tampa Bay Rays,6,5
2023-03-20,2023-03-20T17:05Z,Final,22,Philadelphia Phillies,1,Baltimore Orioles,14,6
2023-03-20,2023-03-20T17:05Z,Final,6,Detroit Tigers,14,Toronto Blue Jays,0,5
2023-03-20,2023-03-20T20:05Z,Final,17,Cincinnati Reds,3,Los Angeles Angels,10,0
2023-03-20,2023-03-20T20:05Z,Final,4,Chicago White Sox,29,Arizona Diamondbacks,3,7
2023-03-20,2023-03-20T20:05Z,Final,13,Texas Rangers,5,Cleveland Guardians,5,5
2023-03-20,2023-03-20T20:10Z,Final,12,Seattle Mariners,8,Milwaukee Brewers,7,2
2023-03-20,2023-03-20T22:05Z,Final,20,Washington Nationals,21,New York Mets,3,2
2023-03-20,2023-03-21T01:40Z,Final,27,Colorado Rockies,19,Los Angeles Dodgers,5,1
2023-03-21,2023-03-21T17:05Z,Final,1,Baltimore Orioles,2,Boston Red Sox,6,2
2023-03-21,2023-03-21T17:05Z,Final,10,New York Yankees,6,Detroit Tigers,6,3
2023-03-21,2023-03-21T17:05Z,Final,18,Houston Astros,28,Miami Marlins,2,1
2023-03-21,2023-03-21T17:05Z,Final,23,Pittsburgh Pirates,22,Philadelphia Phillies,4,3
2023-03-21,2023-03-21T17:05Z,Final,24,St. Louis Cardinals,20,Washington Nationals,4,4
2023-03-21,2023-03-21T20:05Z,Final,5,Cleveland Guardians,19,Los Angeles Dodgers,2,4
2023-03-21,2023-03-21T20:05Z,Final,19,Los Angeles Dodgers,26,San Francisco Giants,1,12
2023-03-21,2023-03-21T20:10Z,Final,29,Arizona Diamondbacks,3,Los Angeles Angels,1,7
2023-03-21,2023-03-21T20:10Z,Final,8,Milwaukee Brewers,4,Chicago White Sox,5,6
2023-03-21,2023-03-21T20:10Z,Final,3,Los Angeles Angels,11,Oakland Athletics,5,6
2023-03-21,2023-03-21T22:05Z,Final,9,Minnesota Twins,30,Tampa Bay Rays,5,2
2023-03-21,2023-03-22T01:05Z,Final,7,Kansas City Royals,16,Chicago Cubs,2,6
2023-03-21,2023-03-22T01:40Z,Final,25,San Diego Padres,27,Colorado Rockies,14,2
2023-03-22,2023-03-22T17:05Z,Final,20,Washington Nationals,10,New York Yankees,5,2
2023-03-22,2023-03-22T17:05Z,Final,30,Tampa Bay Rays,22,Philadelphia Phillies,6,2
2023-03-22,2023-03-22T17:05Z,Final,6,Detroit Tigers,15,Atlanta Braves,3,5
2023-03-22,2023-03-22T17:07Z,Final,14,Toronto Blue Jays,1,Baltimore Orioles,2,1
2023-03-22,2023-03-22T17:10Z,Final,21,New York Mets,18,Houston Astros,2,5
2023-03-22,2023-03-22T17:10Z,Final,28,Miami Marlins,24,St. Louis Cardinals,0,0
2023-03-22,2023-03-22T20:05Z,Final,13,Texas Rangers,4,Chicago White Sox,2,0
2023-03-22,2023-03-22T20:05Z,Final,11,Oakland Athletics,16,Chicago Cubs,2,4
2023-03-22,2023-03-22T20:05Z,Final,4,Chicago White Sox,7,Kansas City Royals,3,4
2023-03-22,2023-03-22T20:05Z,Final,26,San Francisco Giants,13,Texas Rangers,4,0
2023-03-22,2023-03-22T20:10Z,Final,27,Colorado Rockies,3,Los Angeles Angels,9,10
2023-03-22,2023-03-22T22:05Z,Final,2,Boston Red Sox,9,Minnesota Twins,0,11
2023-03-22,2023-03-23T01:05Z,Final,17,Cincinnati Reds,25,San Diego Padres,4,1
2023-03-22,2023-03-23T01:40Z,Final,12,Seattle Mariners,19,Los Angeles Dodgers,5,1
2023-03-23,2023-03-23T17:05Z,Final,23,Pittsburgh Pirates,2,Boston Red Sox,4,7
2023-03-23,2023-03-23T17:05Z,Final,24,St. Louis Cardinals,10,New York Yankees,1,1
2023-03-23,2023-03-23T17:05Z,Final,15,Atlanta Braves,21,New York Mets,2,2
2023-03-23,2023-03-23T17:05Z,Final,9,Minnesota Twins,14,Toronto Blue Jays,0,3
2023-03-23,2023-03-23T17:05Z,Final,22,Philadelphia Phillies,6,Detroit Tigers,4,1
2023-03-23,2023-03-23T20:05Z,Final,16,Chicago Cubs,29,Arizona Diamondbacks,11,1
2023-03-23,2023-03-23T20:05Z,Final,4,Chicago White Sox,26,San Francisco Giants,3,6
2023-03-23,2023-03-23T20:10Z,Final,29,Arizona Diamondbacks,19,Los Angeles Dodgers,11,5
2023-03-23,2023-03-23T20:10Z,Final,8,Milwaukee Brewers,25,San Diego Padres,4,2
2023-03-23,2023-03-23T20:10Z,Final,25,San Diego Padres,7,Kansas City Royals,6,3
2023-03-23,2023-03-23T22:05Z,Final,1,Baltimore Orioles,6,Detroit Tigers,8,8
2023-03-23,2023-03-23T22:05Z,Final,18,Houston Astros,20,Washington Nationals,5,4
2023-03-23,2023-03-24T01:05Z,Final,26,San Francisco Giants,5,Cleveland Guardians,0,10
2023-03-23,2023-03-24T01:05Z,Final,13,Texas Rangers,11,Oakland Athletics,7,7
2023-03-23,2023-03-24T01:05Z,Final,17,Cincinnati Reds,12,Seattle Mariners,6,17
2023-03-24,2023-03-24T17:05Z,Final,10,New York Yankees,9,Minnesota Twins,4,6
2023-03-24,2023-03-24T17:05Z,Final,30,Tampa Bay Rays,21,New York Mets,2,11
2023-03-24,2023-03-24T20:05Z,Final,11,Oakland Athletics,4,Chicago White Sox,0,12
2023-03-24,2023-03-24T20:05Z,Final,19,Los Angeles Dodgers,8,Milwaukee Brewers,6,6
2023-03-24,2023-03-24T20:05Z,Final,7,Kansas City Royals,26,San Francisco Giants,3,0
2023-03-24,2023-03-24T20:05Z,Final,16,Chicago Cubs,13,Texas Rangers,5,3
2023-03-24,2023-03-24T20:10Z,Final,29,Arizona Diamondbacks,17,Cincinnati Reds,4,7
2023-03-24,2023-03-24T20:10Z,Final,8,Milwaukee Brewers,27,Colorado Rockies,4,9
2023-03-24,2023-03-24T20:10Z,Final,3,Los Angeles Angels,25,San Diego Padres,0,3
2023-03-24,2023-03-24T22:05Z,Final,2,Boston Red Sox,15,Atlanta Braves,9,8
2023-03-24,2023-03-24T22:05Z,Final,1,Baltimore Orioles,10,New York Yankees,7,6
2023-03-24,2023-03-24T22:05Z,Final,20,Washington Nationals,24,St. Louis Cardinals,1,7
2023-03-24,2023-03-24T22:05Z,Final,6,Detroit Tigers,23,Pittsburgh Pirates,6,6
2023-03-24,2023-03-24T22:07Z,Final,14,Toronto Blue Jays,22,Philadelphia Phillies,6,3
2023-03-24,2023-03-24T22:40Z,Final,28,Miami Marlins,18,Houston Astros,3,2
2023-03-24,2023-03-25T01:05Z,Final,5,Cleveland Guardians,16,Chicago Cubs,5,3
2023-03-24,2023-03-25T01:40Z,Final,12,Seattle Mariners,11,Oakland Athletics,15,3
2023-03-25,2023-03-25T17:05Z,Final,9,Minnesota Twins,15,Atlanta Braves,4,9
2023-03-25,2023-03-25T17:05Z,Final,30,Tampa Bay Rays,2,Boston Red Sox,4,2
2023-03-25,2023-03-25T17:05Z,Final,24,St. Louis Cardinals,28,Miami Marlins,3,2
2023-03-25,2023-03-25T17:05Z,Final,15,Atlanta Braves,9,Minnesota Twins,9,4
2023-03-25,2023-03-25T17:05Z,Final,22,Philadelphia Phillies,10,New York Yankees,3,8
2023-03-25,2023-03-25T19:05Z,Final,19,Los Angeles Dodgers,7,Kansas City Royals,3,6
2023-03-25,2023-03-25T19:05Z,Final,11,Oakland Athletics,8,Milwaukee Brewers,5,6
2023-03-25,2023-03-25T19:05Z,Final,13,Texas Rangers,25,San Diego Padres,3,5
2023-03-25,2023-03-25T19:10Z,Final,3,Los Angeles Angels,16,Chicago Cubs,8,7
2023-03-25,2023-03-25T20:05Z,Final,26,San Francisco Giants,12,Seattle Mariners,7,4
2023-03-25,2023-03-25T20:10Z,Final,12,Seattle Mariners,29,Arizona Diamondbacks,1,4
2023-03-25,2023-03-25T22:05Z,Final,23,Pittsburgh Pirates,1,Baltimore Orioles,4,6
2023-03-25,2023-03-25T22:05Z,Final,20,Washington Nationals,18,Houston Astros,1,6
2023-03-25,2023-03-25T22:07Z,Final,14,Toronto Blue Jays,6,Detroit Tigers,1,4
2023-03-25,2023-03-25T22:10Z,Final,21,New York Mets,24,St. Louis Cardinals,4,4
2023-03-25,2023-03-26T01:05Z,Final,17,Cincinnati Reds,4,Chicago White Sox,2,9
2023-03-25,2023-03-26T01:40Z,Final,27,Colorado Rockies,5,Cleveland Guardians,2,4
2023-03-26,2023-03-26T15:05Z,Final,18,Houston Astros,24,St. Louis Cardinals,24,1
2023-03-26,2023-03-26T17:05Z,Final,2,Boston Red Sox,9,Minnesota Twins,2,7
2023-03-26,2023-03-26T17:05Z,Final,1,Baltimore Orioles,22,Philadelphia Phillies,4,2
2023-03-26,2023-03-26T17:05Z,Final,15,Atlanta Braves,23,Pittsburgh Pirates,8,1
2023-03-26,2023-03-26T17:05Z,Final,10,New York Yankees,14,Toronto Blue Jays,6,2
2023-03-26,2023-03-26T17:05Z,Final,6,Detroit Tigers,30,Tampa Bay Rays,11,10
2023-03-26,2023-03-26T17:10Z,Final,28,Miami Marlins,20,Washington Nationals,2,2
2023-03-26,2023-03-26T20:05Z,Final,5,Cleveland Guardians,17,Cincinnati Reds,3,2
2023-03-26,2023-03-26T20:05Z,Final,4,Chicago White Sox,27,Colorado Rockies,2,4
2023-03-26,2023-03-26T20:05Z,Final,16,Chicago Cubs,7,Kansas City Royals,5,0
2023-03-26,2023-03-26T20:07Z,Final,11,Oakland Athletics,26,San Francisco Giants,5,9
2023-03-26,2023-03-26T20:10Z,Final,21,New York Mets,28,Miami Marlins,3,3
2023-03-26,2023-03-26T20:10Z,Final,8,Milwaukee Brewers,29,Arizona Diamondbacks,4,4
2023-03-26,2023-03-26T20:10Z,Final,27,Colorado Rockies,17,Cincinnati Reds,5,7
2023-03-26,2023-03-26T20:10Z,Final,25,San Diego Padres,12,Seattle Mariners,5,5
2023-03-26,2023-03-27T01:10Z,Final,19,Los Angeles Dodgers,3,Los Angeles Angels,3,0
2023-03-27,2023-03-27T17:05Z,Final,15,Atlanta Braves,2,Boston Red Sox,6,1
2023-03-27,2023-03-27T17:05Z,Final,9,Minnesota Twins,23,Pittsburgh Pirates,8,4
2023-03-27,2023-03-27T17:05Z,Final,10,New York Yankees,30,Tampa Bay Rays,8,4
2023-03-27,2023-03-27T17:05Z,Final,1,Baltimore Orioles,24,St. Louis Cardinals,2,8
2023-03-27,2023-03-27T17:07Z,Final,14,Toronto Blue Jays,22,Philadelphia Phillies,2,5
2023-03-27,2023-03-27T19:10Z,Final,12,Seattle Mariners,25,San Diego Padres,2,4
2023-03-27,2023-03-27T20:05Z,Final,16,Chicago Cubs,4,Chicago White Sox,6,6
2023-03-27,2023-03-27T20:10Z,Final,8,Milwaukee Brewers,27,Colorado Rockies,8,12
2023-03-27,2023-03-28T00:05Z,Final,13,Texas Rangers,7,Kansas City Royals,4,4
2023-03-27,2023-03-28T01:07Z,Final,3,Los Angeles Angels,19,Los Angeles Dodgers,5,4
2023-03-27,2023-03-28T01:40Z,Final,29,Arizona Diamondbacks,5,Cleveland Guardians,7,6
2023-03-27,2023-03-28T01:45Z,Final,26,San Francisco Giants,11,Oakland Athletics,6,12
2023-03-28,2023-03-28T16:05Z,Final,22,Philadelphia Phillies,14,Toronto Blue Jays,6,5
2023-03-28,2023-03-28T16:05Z,Final,20,Washington Nationals,10,New York Yankees,3,0
2023-03-28,2023-03-28T17:05Z,Final,2,Boston Red Sox,15,Atlanta Braves,5,7
2023-03-28,2023-03-28T17:05Z,Final,23,Pittsburgh Pirates,9,Minnesota Twins,5,7
2023-03-28,2023-03-28T18:05Z,Final,13,Texas Rangers,7,Kansas City Royals,5,3
2023-03-28,2023-03-28T19:00Z,Final,27,Colorado Rockies,8,Milwaukee Brewers,1,8
2023-03-28,2023-03-28T19:05Z,Final,16,Chicago Cubs,4,Chicago White Sox,8,5
2023-03-28,2023-03-28T19:40Z,Final,29,Arizona Diamondbacks,5,Cleveland Guardians,3,1
2023-03-28,2023-03-29T01:07Z,Final,3,Los Angeles Angels,19,Los Angeles Dodgers,13,5
2023-03-30,2023-03-30T17:05Z,Final,20,Washington Nationals,15,Atlanta Braves,2,7
2023-03-30,2023-03-30T17:05Z,Final,10,New York Yankees,26,San Francisco Giants,5,0
2023-03-30,2023-03-30T18:10Z,Final,2,Boston Red Sox,1,Baltimore Orioles,9,10
2023-03-30,2023-03-30T18:20Z,Final,16,Chicago Cubs,8,Milwaukee Brewers,4,0
2023-03-30,2023-03-30T19:10Z,Final,30,Tampa Bay Rays,6,Detroit Tigers,4,0
2023-03-30,2023-03-30T20:05Z,Final,13,Texas Rangers,22,Philadelphia Phillies,11,7
2023-03-30,2023-03-30T20:10Z,Final,7,Kansas City Royals,9,Minnesota Twins,0,2
2023-03-30,2023-03-30T20:10Z,Final,28,Miami Marlins,21,New York Mets,3,5
2023-03-30,2023-03-30T20:10Z,Final,17,Cincinnati Reds,23,Pittsburgh Pirates,4,5
2023-03-30,2023-03-30T20:10Z,Final,24,St. Louis Cardinals,14,Toronto Blue Jays,9,10
2023-03-30,2023-03-30T23:00Z,Final,18,Houston Astros,4,Chicago White Sox,2,3
2023-03-30,2023-03-31T01:40Z,Final,25,San Diego Padres,27,Colorado Rockies,2,7
2023-03-30,2023-03-31T02:07Z,Final,11,Oakland Athletics,3,Los Angeles Angels,2,1
2023-03-30,2023-03-31T02:10Z,Final,19,Los Angeles Dodgers,29,Arizona Diamondbacks,8,2
2023-03-30,2023-03-31T02:10Z,Final,12,Seattle Mariners,5,Cleveland Guardians,3,0
2023-03-31,2023-03-31T22:40Z,Final,28,Miami Marlins,21,New York Mets,2,1
2023-03-31,2023-04-01T00:10Z,Final,18,Houston Astros,4,Chicago White Sox,6,3
2023-03-31,2023-04-01T01:40Z,Final,25,San Diego Padres,27,Colorado Rockies,1,4
2023-03-31,2023-04-01T02:10Z,Final,19,Los Angeles Dodgers,29,Arizona Diamondbacks,1,2
2023-03-31,2023-04-01T02:10Z,Final,12,Seattle Mariners,5,Cleveland Guardians,4,9
2023-04-01,2023-04-01T18:10Z,Final,18,Houston Astros,4,Chicago White Sox,6,4
2023-04-01,2023-04-01T18:15Z,Final,24,St. Louis Cardinals,14,Toronto Blue Jays,4,1
2023-04-01,2023-04-01T18:20Z,Final,16,Chicago Cubs,8,Milwaukee Brewers,1,3
2023-04-01,2023-04-01T20:05Z,Final,20,Washington Nationals,15,Atlanta Braves,1,7
2023-04-01,2023-04-01T20:05Z,Final,13,Texas Rangers,22,Philadelphia Phillies,16,3
2023-04-01,2023-04-01T20:05Z,Final,10,New York Yankees,26,San Francisco Giants,5,7
2023-04-01,2023-04-01T20:07Z,Final,11,Oakland Athletics,3,Los Angeles Angels,1,13
2023-04-01,2023-04-01T20:10Z,Final,2,Boston Red Sox,1,Baltimore Orioles,9,8
2023-04-01,2023-04-01T20:10Z,Final,30,Tampa Bay Rays,6,Detroit Tigers,12,2
2023-04-01,2023-04-01T20:10Z,Final,7,Kansas City Royals,9,Minnesota Twins,0,2
2023-04-01,2023-04-01T20:10Z,Final,28,Miami Marlins,21,New York Mets,2,6
2023-04-01,2023-04-01T20:10Z,Final,17,Cincinnati Reds,23,Pittsburgh Pirates,6,2
2023-04-01,2023-04-02T00:40Z,Final,25,San Diego Padres,27,Colorado Rockies,8,4
2023-04-01,2023-04-02T01:10Z,Final,19,Los Angeles Dodgers,29,Arizona Diamondbacks,10,1
2023-04-01,2023-04-02T01:40Z,Final,12,Seattle Mariners,5,Cleveland Guardians,0,2
2023-04-02,2023-04-02T17:10Z,Final,30,Tampa Bay Rays,6,Detroit Tigers,5,1
2023-04-02,2023-04-02T17:35Z,Final,20,Washington Nationals,15,Atlanta Braves,4,1
2023-04-02,2023-04-02T17:35Z,Final,2,Boston Red Sox,1,Baltimore Orioles,9,5
2023-04-02,2023-04-02T17:35Z,Final,10,New York Yankees,26,San Francisco Giants,6,0
2023-04-02,2023-04-02T17:40Z,Final,28,Miami Marlins,21,New York Mets,1,5
2023-04-02,2023-04-02T17:40Z,Final,17,Cincinnati Reds,23,Pittsburgh Pirates,3,1
2023-04-02,2023-04-02T18:10Z,Final,18,Houston Astros,4,Chicago White Sox,3,6
2023-04-02,2023-04-02T18:10Z,Final,7,Kansas City Royals,9,Minnesota Twins,4,7
2023-04-02,2023-04-02T18:15Z,Final,24,St. Louis Cardinals,14,Toronto Blue Jays,9,4
2023-04-02,2023-04-02T18:20Z,Final,16,Chicago Cubs,8,Milwaukee Brewers,5,9
2023-04-02,2023-04-02T20:07Z,Final,11,Oakland Athletics,3,Los Angeles Angels,0,6
2023-04-02,2023-04-02T20:10Z,Final,19,Los Angeles Dodgers,29,Arizona Diamondbacks,1,2
2023-04-02,2023-04-02T20:10Z,Final,12,Seattle Mariners,5,Cleveland Guardians,5,6
2023-04-02,2023-04-02T20:10Z,Final,25,San Diego Padres,27,Colorado Rockies,3,1
2023-04-02,2023-04-02T23:00Z,Final,13,Texas Rangers,22,Philadelphia Phillies,2,1
2023-04-03,2023-04-03T18:10Z,Final,8,Milwaukee Brewers,21,New York Mets,10,0
2023-04-03,2023-04-03T19:10Z,Final,4,Chicago White Sox,26,San Francisco Giants,3,12
2023-04-03,2023-04-03T22:40Z,Final,17,Cincinnati Reds,16,Chicago Cubs,7,6
2023-04-03,2023-04-03T22:40Z,Final,28,Miami Marlins,9,Minnesota Twins,1,11
2023-04-03,2023-04-03T23:05Z,Final,10,New York Yankees,22,Philadelphia Phillies,8,1
2023-04-03,2023-04-03T23:05Z,Final,20,Washington Nationals,30,Tampa Bay Rays,2,6
2023-04-03,2023-04-03T23:10Z,Final,2,Boston Red Sox,23,Pittsburgh Pirates,6,7
2023-04-03,2023-04-03T23:40Z,Final,7,Kansas City Royals,14,Toronto Blue Jays,9,5
2023-04-03,2023-04-03T23:45Z,Final,24,St. Louis Cardinals,15,Atlanta Braves,4,8
2023-04-03,2023-04-04T00:05Z,Final,13,Texas Rangers,1,Baltimore Orioles,0,2
2023-04-03,2023-04-04T00:10Z,Final,18,Houston Astros,6,Detroit Tigers,6,7
2023-04-03,2023-04-04T01:40Z,Final,12,Seattle Mariners,3,Los Angeles Angels,3,7
2023-04-03,2023-04-04T01:40Z,Final,11,Oakland Athletics,5,Cleveland Guardians,11,12
2023-04-03,2023-04-04T01:40Z,Final,25,San Diego Padres,29,Arizona Diamondbacks,5,4
2023-04-03,2023-04-04T02:10Z,Final,19,Los Angeles Dodgers,27,Colorado Rockies,13,4
2023-04-04,2023-04-04T20:10Z,Final,25,San Diego Padres,29,Arizona Diamondbacks,6,8
2023-04-04,2023-04-04T22:40Z,Final,17,Cincinnati Reds,16,Chicago Cubs,5,12
2023-04-04,2023-04-04T22:40Z,Final,28,Miami Marlins,9,Minnesota Twins,1,0
2023-04-04,2023-04-04T23:05Z,Final,10,New York Yankees,22,Philadelphia Phillies,1,4
2023-04-04,2023-04-04T23:05Z,Final,20,Washington Nationals,30,Tampa Bay Rays,6,10
2023-04-04,2023-04-04T23:10Z,Final,2,Boston Red Sox,23,Pittsburgh Pirates,1,4
2023-04-04,2023-04-04T23:40Z,Final,8,Milwaukee Brewers,21,New York Mets,9,0
2023-04-04,2023-04-04T23:40Z,Final,7,Kansas City Royals,14,Toronto Blue Jays,1,4
2023-04-04,2023-04-04T23:45Z,Final,24,St. Louis Cardinals,15,Atlanta Braves,1,4
2023-04-04,2023-04-05T00:05Z,Final,13,Texas Rangers,1,Baltimore Orioles,2,7
2023-04-04,2023-04-05T00:10Z,Final,18,Houston Astros,6,Detroit Tigers,3,6
2023-04-04,2023-04-05T01:40Z,Final,12,Seattle Mariners,3,Los Angeles Angels,11,2
2023-04-04,2023-04-05T01:40Z,Final,11,Oakland Athletics,5,Cleveland Guardians,4,3
2023-04-04,2023-04-05T02:10Z,Final,19,Los Angeles Dodgers,27,Colorado Rockies,5,2
2023-04-05,2023-04-05T17:05Z,Final,10,New York Yankees,22,Philadelphia Phillies,4,2
2023-04-05,2023-04-05T17:05Z,Final,20,Washington Nationals,30,Tampa Bay Rays,2,7
2023-04-05,2023-04-05T17:10Z,Final,28,Miami Marlins,9,Minnesota Twins,5,2
2023-04-05,2023-04-05T17:15Z,Final,24,St. Louis Cardinals,15,Atlanta Braves,2,5
2023-04-05,2023-04-05T17:35Z,Final,2,Boston Red Sox,23,Pittsburgh Pirates,1,4
2023-04-05,2023-04-05T17:40Z,Final,8,Milwaukee Brewers,21,New York Mets,7,6
2023-04-05,2023-04-05T18:05Z,Final,13,Texas Rangers,1,Baltimore Orioles,5,2
2023-04-05,2023-04-05T18:10Z,Final,18,Houston Astros,6,Detroit Tigers,8,2
2023-04-05,2023-04-05T18:10Z,Final,4,Chicago White Sox,26,San Francisco Giants,7,3
2023-04-05,2023-04-05T19:37Z,Final,11,Oakland Athletics,5,Cleveland Guardians,4,6
2023-04-05,2023-04-05T20:10Z,Final,12,Seattle Mariners,3,Los Angeles Angels,3,4
2023-04-05,2023-04-05T23:40Z,Final,7,Kansas City Royals,14,Toronto Blue Jays,0,3
2023-04-06,2023-04-06T17:10Z,Final,6,Detroit Tigers,2,Boston Red Sox,3,6
2023-04-06,2023-04-06T18:10Z,Final,4,Chicago White Sox,26,San Francisco Giants,6,16
2023-04-06,2023-04-06T18:10Z,Final,7,Kansas City Royals,14,Toronto Blue Jays,3,6
2023-04-06,2023-04-06T20:10Z,Final,27,Colorado Rockies,20,Washington Nationals,1,0
2023-04-06,2023-04-06T23:20Z,Final,15,Atlanta Braves,25,San Diego Padres,7,6
2023-04-06,2023-04-07T02:10Z,Final,29,Arizona Diamondbacks,19,Los Angeles Dodgers,2,5
2023-04-07,2023-04-07T17:10Z,Final,21,New York Mets,28,Miami Marlins,9,3
2023-04-07,2023-04-07T18:20Z,Final,16,Chicago Cubs,13,Texas Rangers,2,0
2023-04-07,2023-04-07T19:05Z,Final,1,Baltimore Orioles,10,New York Yankees,7,6
2023-04-07,2023-04-07T19:05Z,Final,22,Philadelphia Phillies,17,Cincinnati Reds,5,2
2023-04-07,2023-04-07T20:10Z,Final,5,Cleveland Guardians,12,Seattle Mariners,3,5
2023-04-07,2023-04-07T20:10Z,Final,9,Minnesota Twins,18,Houston Astros,3,2
2023-04-07,2023-04-07T20:12Z,Final,23,Pittsburgh Pirates,4,Chicago White Sox,13,9
2023-04-07,2023-04-07T20:35Z,Final,26,San Francisco Giants,7,Kansas City Royals,1,3
2023-04-07,2023-04-07T22:40Z,Final,30,Tampa Bay Rays,11,Oakland Athletics,9,5
2023-04-07,2023-04-07T23:20Z,Final,15,Atlanta Braves,25,San Diego Padres,4,5
2023-04-07,2023-04-08T00:10Z,Final,8,Milwaukee Brewers,24,St. Louis Cardinals,4,0
2023-04-07,2023-04-08T00:40Z,Final,27,Colorado Rockies,20,Washington Nationals,5,10
2023-04-07,2023-04-08T01:38Z,Final,3,Los Angeles Angels,14,Toronto Blue Jays,3,4
2023-04-07,2023-04-08T01:40Z,Final,29,Arizona Diamondbacks,19,Los Angeles Dodgers,6,3
2023-04-08,2023-04-08T18:10Z,Final,9,Minnesota Twins,18,Houston Astros,9,6
2023-04-08,2023-04-08T20:05Z,Final,22,Philadelphia Phillies,17,Cincinnati Reds,3,2
2023-04-08,2023-04-08T20:05Z,Final,26,San Francisco Giants,7,Kansas City Royals,5,6
2023-04-08,2023-04-08T20:05Z,Final,16,Chicago Cubs,13,Texas Rangers,10,3
2023-04-08,2023-04-08T20:10Z,Final,6,Detroit Tigers,2,Boston Red Sox,5,14
2023-04-08,2023-04-08T20:10Z,Final,21,New York Mets,28,Miami Marlins,5,2
2023-04-08,2023-04-08T20:10Z,Final,30,Tampa Bay Rays,11,Oakland Athletics,11,0
2023-04-08,2023-04-08T22:10Z,Final,5,Cleveland Guardians,12,Seattle Mariners,2,3
2023-04-08,2023-04-08T22:35Z,Final,23,Pittsburgh Pirates,4,Chicago White Sox,5,11
2023-04-08,2023-04-08T23:05Z,Final,1,Baltimore Orioles,10,New York Yankees,1,4
2023-04-08,2023-04-08T23:10Z,Final,8,Milwaukee Brewers,24,St. Louis Cardinals,0,6
2023-04-08,2023-04-08T23:20Z,Final,15,Atlanta Braves,25,San Diego Padres,1,4
2023-04-08,2023-04-09T00:10Z,Final,29,Arizona Diamondbacks,19,Los Angeles Dodgers,12,8
2023-04-08,2023-04-09T00:10Z,Final,27,Colorado Rockies,20,Washington Nationals,6,7
2023-04-08,2023-04-09T01:07Z,Final,3,Los Angeles Angels,14,Toronto Blue Jays,9,5
2023-04-09,2023-04-09T17:05Z,Final,22,Philadelphia Phillies,17,Cincinnati Reds,4,6
2023-04-09,2023-04-09T17:10Z,Final,6,Detroit Tigers,2,Boston Red Sox,1,4
2023-04-09,2023-04-09T17:10Z,Final,30,Tampa Bay Rays,11,Oakland Athletics,11,0
2023-04-09,2023-04-09T17:35Z,Final,1,Baltimore Orioles,10,New York Yankees,3,5
2023-04-09,2023-04-09T17:35Z,Final,23,Pittsburgh Pirates,4,Chicago White Sox,1,0
2023-04-09,2023-04-09T17:40Z,Final,21,New York Mets,28,Miami Marlins,2,7
2023-04-09,2023-04-09T17:40Z,Final,5,Cleveland Guardians,12,Seattle Mariners,7,6
2023-04-09,2023-04-09T18:10Z,Final,9,Minnesota Twins,18,Houston Astros,1,5
2023-04-09,2023-04-09T18:10Z,Final,8,Milwaukee Brewers,24,St. Louis Cardinals,6,1
2023-04-09,2023-04-09T18:20Z,Final,16,Chicago Cubs,13,Texas Rangers,2,8
2023-04-09,2023-04-09T19:10Z,Final,27,Colorado Rockies,20,Washington Nationals,7,6
2023-04-09,2023-04-09T20:05Z,Final,26,San Francisco Giants,7,Kansas City Royals,3,1
2023-04-09,2023-04-09T20:07Z,Final,3,Los Angeles Angels,14,Toronto Blue Jays,11,12
2023-04-09,2023-04-09T20:10Z,Final,29,Arizona Diamondbacks,19,Los Angeles Dodgers,11,6
2023-04-09,2023-04-09T23:00Z,Final,15,Atlanta Braves,25,San Diego Padres,2,10
2023-04-10,2023-04-10T18:10Z,Final,9,Minnesota Twins,4,Chicago White Sox,3,4
2023-04-10,2023-04-10T22:10Z,Final,5,Cleveland Guardians,10,New York Yankees,3,2
2023-04-10,2023-04-10T22:35Z,Final,1,Baltimore Orioles,11,Oakland Athletics,5,1
2023-04-10,2023-04-10T22:35Z,Final,23,Pittsburgh Pirates,18,Houston Astros,2,8
2023-04-10,2023-04-10T22:40Z,Final,30,Tampa Bay Rays,2,Boston Red Sox,1,0
2023-04-10,2023-04-10T22:40Z,Final,22,Philadelphia Phillies,28,Miami Marlins,15,3
2023-04-10,2023-04-10T23:10Z,Final,21,New York Mets,25,San Diego Padres,5,0
2023-04-10,2023-04-10T23:20Z,Final,15,Atlanta Braves,17,Cincinnati Reds,5,4
2023-04-10,2023-04-10T23:40Z,Final,16,Chicago Cubs,12,Seattle Mariners,3,2
2023-04-10,2023-04-11T00:05Z,Final,13,Texas Rangers,7,Kansas City Royals,11,2
2023-04-10,2023-04-11T00:40Z,Final,27,Colorado Rockies,24,St. Louis Cardinals,7,4
2023-04-10,2023-04-11T01:38Z,Final,3,Los Angeles Angels,20,Washington Nationals,4,6
2023-04-10,2023-04-11T01:40Z,Final,29,Arizona Diamondbacks,8,Milwaukee Brewers,3,0
2023-04-10,2023-04-11T01:45Z,Final,26,San Francisco Giants,19,Los Angeles Dodgers,1,9
2023-04-11,2023-04-11T22:10Z,Final,5,Cleveland Guardians,10,New York Yankees,2,11
2023-04-11,2023-04-11T22:35Z,Final,1,Baltimore Orioles,11,Oakland Athletics,12,8
2023-04-11,2023-04-11T22:35Z,Final,23,Pittsburgh Pirates,18,Houston Astros,7,4
2023-04-11,2023-04-11T22:40Z,Final,30,Tampa Bay Rays,2,Boston Red Sox,7,2
2023-04-11,2023-04-11T22:40Z,Final,22,Philadelphia Phillies,28,Miami Marlins,4,8
2023-04-11,2023-04-11T23:07Z,Final,14,Toronto Blue Jays,6,Detroit Tigers,9,3
2023-04-11,2023-04-11T23:10Z,Final,21,New York Mets,25,San Diego Padres,2,4
2023-04-11,2023-04-11T23:20Z,Final,15,Atlanta Braves,17,Cincinnati Reds,7,6
2023-04-11,2023-04-11T23:40Z,Final,9,Minnesota Twins,4,Chicago White Sox,4,3
2023-04-11,2023-04-11T23:40Z,Final,16,Chicago Cubs,12,Seattle Mariners,14,9
2023-04-11,2023-04-12T00:05Z,Final,13,Texas Rangers,7,Kansas City Royals,8,5
2023-04-11,2023-04-12T00:40Z,Final,27,Colorado Rockies,24,St. Louis Cardinals,6,9
2023-04-11,2023-04-12T01:38Z,Final,3,Los Angeles Angels,20,Washington Nationals,2,0
2023-04-11,2023-04-12T01:40Z,Final,29,Arizona Diamondbacks,8,Milwaukee Brewers,1,7
2023-04-11,2023-04-12T01:45Z,Final,26,San Francisco Giants,19,Los Angeles Dodgers,5,0
2023-04-12,2023-04-12T16:35Z,Final,23,Pittsburgh Pirates,18,Houston Astros,0,7
2023-04-12,2023-04-12T17:10Z,Final,9,Minnesota Twins,4,Chicago White Sox,3,1
2023-04-12,2023-04-12T17:10Z,Final,5,Cleveland Guardians,10,New York Yankees,3,4
2023-04-12,2023-04-12T17:10Z,Final,21,New York Mets,25,San Diego Padres,5,2
2023-04-12,2023-04-12T18:20Z,Final,16,Chicago Cubs,12,Seattle Mariners,2,5
2023-04-12,2023-04-12T19:10Z,Final,27,Colorado Rockies,24,St. Louis Cardinals,4,7
2023-04-12,2023-04-12T19:40Z,Final,29,Arizona Diamondbacks,8,Milwaukee Brewers,7,3
2023-04-12,2023-04-12T20:05Z,Final,22,Philadelphia Phillies,28,Miami Marlins,2,3
2023-04-12,2023-04-12T20:07Z,Final,3,Los Angeles Angels,20,Washington Nationals,3,2
2023-04-12,2023-04-12T22:35Z,Final,1,Baltimore Orioles,11,Oakland Athletics,4,8
2023-04-12,2023-04-12T22:40Z,Final,30,Tampa Bay Rays,2,Boston Red Sox,9,7
2023-04-12,2023-04-12T23:07Z,Final,14,Toronto Blue Jays,6,Detroit Tigers,4,3
2023-04-12,2023-04-12T23:20Z,Final,15,Atlanta Braves,17,Cincinnati Reds,5,4
2023-04-12,2023-04-13T00:05Z,Final,13,Texas Rangers,7,Kansas City Royals,1,10
2023-04-12,2023-04-13T01:45Z,Final,26,San Francisco Giants,19,Los Angeles Dodgers,5,10
2023-04-13,2023-04-13T17:05Z,Final,1,Baltimore Orioles,11,Oakland Athletics,8,7
2023-04-13,2023-04-13T17:10Z,Final,30,Tampa Bay Rays,2,Boston Red Sox,9,3
2023-04-13,2023-04-13T22:40Z,Final,17,Cincinnati Reds,22,Philadelphia Phillies,6,2
2023-04-13,2023-04-13T23:05Z,Final,10,New York Yankees,9,Minnesota Twins,2,11
2023-04-13,2023-04-13T23:07Z,Final,14,Toronto Blue Jays,6,Detroit Tigers,1,3
2023-04-13,2023-04-13T23:45Z,Final,24,St. Louis Cardinals,23,Pittsburgh Pirates,0,5
2023-04-13,2023-04-14T01:40Z,Final,25,San Diego Padres,8,Milwaukee Brewers,3,4
2023-04-14,2023-04-14T22:40Z,Final,28,Miami Marlins,29,Arizona Diamondbacks,5,1
2023-04-14,2023-04-14T22:40Z,Final,17,Cincinnati Reds,22,Philadelphia Phillies,3,8
2023-04-14,2023-04-14T22:40Z,Final,6,Detroit Tigers,26,San Francisco Giants,7,5
2023-04-14,2023-04-14T23:05Z,Final,20,Washington Nationals,5,Cleveland Guardians,3,4
2023-04-14,2023-04-14T23:05Z,Final,10,New York Yankees,9,Minnesota Twins,3,4
2023-04-14,2023-04-14T23:07Z,Final,14,Toronto Blue Jays,30,Tampa Bay Rays,6,3
2023-04-14,2023-04-14T23:10Z,Final,2,Boston Red Sox,3,Los Angeles Angels,5,3
2023-04-14,2023-04-14T23:10Z,Final,4,Chicago White Sox,1,Baltimore Orioles,3,6
2023-04-14,2023-04-15T00:10Z,Final,7,Kansas City Royals,15,Atlanta Braves,3,10
2023-04-14,2023-04-15T00:10Z,Final,18,Houston Astros,13,Texas Rangers,2,6
2023-04-14,2023-04-15T00:15Z,Final,24,St. Louis Cardinals,23,Pittsburgh Pirates,3,0
2023-04-14,2023-04-15T01:40Z,Final,11,Oakland Athletics,21,New York Mets,6,17
2023-04-14,2023-04-15T01:40Z,Final,25,San Diego Padres,8,Milwaukee Brewers,2,11
2023-04-14,2023-04-15T02:10Z,Final,19,Los Angeles Dodgers,16,Chicago Cubs,2,8
2023-04-14,2023-04-15T02:10Z,Final,12,Seattle Mariners,27,Colorado Rockies,5,3
2023-04-15,2023-04-15T17:05Z,Final,10,New York Yankees,9,Minnesota Twins,6,1
2023-04-15,2023-04-15T17:10Z,Final,6,Detroit Tigers,26,San Francisco Giants,7,6
2023-04-15,2023-04-15T18:10Z,Final,4,Chicago White Sox,1,Baltimore Orioles,7,6
2023-04-15,2023-04-15T18:15Z,Final,24,St. Louis Cardinals,23,Pittsburgh Pirates,3,6
2023-04-15,2023-04-15T19:07Z,Final,14,Toronto Blue Jays,30,Tampa Bay Rays,5,2
2023-04-15,2023-04-15T20:05Z,Final,20,Washington Nationals,5,Cleveland Guardians,4,6
2023-04-15,2023-04-15T20:05Z,Final,25,San Diego Padres,8,Milwaukee Brewers,10,3
2023-04-15,2023-04-15T20:07Z,Final,11,Oakland Athletics,21,New York Mets,2,3
2023-04-15,2023-04-15T20:10Z,Final,2,Boston Red Sox,3,Los Angeles Angels,9,7
2023-04-15,2023-04-15T20:10Z,Final,28,Miami Marlins,29,Arizona Diamondbacks,3,2
2023-04-15,2023-04-15T20:10Z,Final,7,Kansas City Royals,15,Atlanta Braves,3,9
2023-04-15,2023-04-15T20:10Z,Final,17,Cincinnati Reds,22,Philadelphia Phillies,13,0
2023-04-15,2023-04-15T23:10Z,Final,18,Houston Astros,13,Texas Rangers,8,2
2023-04-15,2023-04-16T01:10Z,Final,19,Los Angeles Dodgers,16,Chicago Cubs,2,1
2023-04-15,2023-04-16T01:40Z,Final,12,Seattle Mariners,27,Colorado Rockies,9,2
2023-04-16,2023-04-16T17:35Z,Final,2,Boston Red Sox,3,Los Angeles Angels,2,1
2023-04-16,2023-04-16T17:35Z,Final,20,Washington Nationals,5,Cleveland Guardians,7,6
2023-04-16,2023-04-16T17:35Z,Final,10,New York Yankees,9,Minnesota Twins,2,0
2023-04-16,2023-04-16T17:37Z,Final,14,Toronto Blue Jays,30,Tampa Bay Rays,1,8
2023-04-16,2023-04-16T17:40Z,Final,28,Miami Marlins,29,Arizona Diamondbacks,0,5
2023-04-16,2023-04-16T17:40Z,Final,17,Cincinnati Reds,22,Philadelphia Phillies,3,14
2023-04-16,2023-04-16T18:10Z,Final,7,Kansas City Royals,15,Atlanta Braves,4,5
2023-04-16,2023-04-16T18:10Z,Final,4,Chicago White Sox,1,Baltimore Orioles,4,8
2023-04-16,2023-04-16T18:15Z,Final,24,St. Louis Cardinals,23,Pittsburgh Pirates,5,4
2023-04-16,2023-04-16T20:07Z,Final,11,Oakland Athletics,21,New York Mets,3,4
2023-04-16,2023-04-16T20:10Z,Final,19,Los Angeles Dodgers,16,Chicago Cubs,2,3
2023-04-16,2023-04-16T20:10Z,Final,12,Seattle Mariners,27,Colorado Rockies,1,0
2023-04-16,2023-04-16T20:10Z,Final,25,San Diego Padres,8,Milwaukee Brewers,0,1
2023-04-16,2023-04-16T23:00Z,Final,18,Houston Astros,13,Texas Rangers,1,9
2023-04-17,2023-04-17T15:10Z,Final,2,Boston Red Sox,3,Los Angeles Angels,4,5
2023-04-17,2023-04-17T22:40Z,Final,28,Miami Marlins,26,San Francisco Giants,4,3
2023-04-17,2023-04-17T22:40Z,Final,17,Cincinnati Reds,30,Tampa Bay Rays,8,1
2023-04-17,2023-04-17T23:40Z,Final,7,Kansas City Royals,13,Texas Rangers,0,4
2023-04-17,2023-04-17T23:45Z,Final,24,St. Louis Cardinals,29,Arizona Diamondbacks,3,6
2023-04-17,2023-04-18T00:10Z,Final,18,Houston Astros,14,Toronto Blue Jays,9,2
2023-04-17,2023-04-18T00:40Z,Final,27,Colorado Rockies,23,Pittsburgh Pirates,3,14
2023-04-17,2023-04-18T01:40Z,Final,11,Oakland Athletics,16,Chicago Cubs,1,10
2023-04-17,2023-04-18T01:40Z,Final,12,Seattle Mariners,8,Milwaukee Brewers,3,7
2023-04-17,2023-04-18T01:40Z,Final,25,San Diego Padres,15,Atlanta Braves,0,2
2023-04-17,2023-04-18T02:10Z,Final,19,Los Angeles Dodgers,21,New York Mets,6,8
2023-04-18,2023-04-18T17:10Z,Final,6,Detroit Tigers,5,Cleveland Guardians,4,3
2023-04-18,2023-04-18T20:10Z,Final,4,Chicago White Sox,22,Philadelphia Phillies,4,7
2023-04-18,2023-04-18T20:15Z,Final,6,Detroit Tigers,5,Cleveland Guardians,1,0
2023-04-18,2023-04-18T22:40Z,Final,28,Miami Marlins,26,San Francisco Giants,4,2
2023-04-18,2023-04-18T22:40Z,Final,17,Cincinnati Reds,30,Tampa Bay Rays,0,10
2023-04-18,2023-04-18T23:05Z,Final,10,New York Yankees,3,Los Angeles Angels,2,5
2023-04-18,2023-04-18T23:05Z,Final,20,Washington Nationals,1,Baltimore Orioles,0,1
2023-04-18,2023-04-18T23:10Z,Final,2,Boston Red Sox,9,Minnesota Twins,5,4
2023-04-18,2023-04-18T23:40Z,Final,4,Chicago White Sox,22,Philadelphia Phillies,3,0
2023-04-18,2023-04-18T23:40Z,Final,7,Kansas City Royals,13,Texas Rangers,2,12
2023-04-18,2023-04-18T23:45Z,Final,24,St. Louis Cardinals,29,Arizona Diamondbacks,7,8
2023-04-18,2023-04-19T00:10Z,Final,18,Houston Astros,14,Toronto Blue Jays,2,4
2023-04-18,2023-04-19T00:40Z,Final,27,Colorado Rockies,23,Pittsburgh Pirates,3,5
2023-04-18,2023-04-19T01:40Z,Final,11,Oakland Athletics,16,Chicago Cubs,0,4
2023-04-18,2023-04-19T01:40Z,Final,12,Seattle Mariners,8,Milwaukee Brewers,5,6
2023-04-18,2023-04-19T01:40Z,Final,25,San Diego Padres,15,Atlanta Braves,1,8
2023-04-18,2023-04-19T02:10Z,Final,19,Los Angeles Dodgers,21,New York Mets,5,0
2023-04-19,2023-04-19T16:35Z,Final,17,Cincinnati Reds,30,Tampa Bay Rays,0,8
2023-04-19,2023-04-19T17:10Z,Final,6,Detroit Tigers,5,Cleveland Guardians,2,3
2023-04-19,2023-04-19T17:10Z,Final,28,Miami Marlins,26,San Francisco Giants,2,5
2023-04-19,2023-04-19T17:15Z,Final,24,St. Louis Cardinals,29,Arizona Diamondbacks,14,5
2023-04-19,2023-04-19T18:10Z,Final,4,Chicago White Sox,22,Philadelphia Phillies,2,5
2023-04-19,2023-04-19T18:10Z,Final,7,Kansas City Royals,13,Texas Rangers,3,12
2023-04-19,2023-04-19T19:10Z,Final,19,Los Angeles Dodgers,21,New York Mets,3,5
2023-04-19,2023-04-19T19:10Z,Final,27,Colorado Rockies,23,Pittsburgh Pirates,3,14
2023-04-19,2023-04-19T19:37Z,Final,11,Oakland Athletics,16,Chicago Cubs,2,12
2023-04-19,2023-04-19T20:10Z,Final,12,Seattle Mariners,8,Milwaukee Brewers,3,5
2023-04-19,2023-04-19T20:10Z,Final,25,San Diego Padres,15,Atlanta Braves,1,0
2023-04-19,2023-04-19T23:05Z,Final,10,New York Yankees,3,Los Angeles Angels,3,2
2023-04-19,2023-04-19T23:05Z,Final,20,Washington Nationals,1,Baltimore Orioles,0,4
2023-04-19,2023-04-19T23:10Z,Final,2,Boston Red Sox,9,Minnesota Twins,4,10
2023-04-19,2023-04-20T00:10Z,Final,18,Houston Astros,14,Toronto Blue Jays,8,1
2023-04-20,2023-04-20T17:35Z,Final,2,Boston Red Sox,9,Minnesota Twins,11,5
2023-04-20,2023-04-20T20:05Z,Final,10,New York Yankees,3,Los Angeles Angels,9,3
2023-04-20,2023-04-20T22:35Z,Final,23,Pittsburgh Pirates,17,Cincinnati Reds,4,3
2023-04-20,2023-04-20T22:40Z,Final,22,Philadelphia Phillies,27,Colorado Rockies,0,5
2023-04-20,2023-04-20T23:40Z,Final,16,Chicago Cubs,19,Los Angeles Dodgers,2,6
2023-04-20,2023-04-21T01:40Z,Final,29,Arizona Diamondbacks,25,San Diego Padres,5,7
2023-04-20,2023-04-21T01:45Z,Final,26,San Francisco Giants,21,New York Mets,4,9
2023-04-21,2023-04-21T18:20Z,Final,16,Chicago Cubs,19,Los Angeles Dodgers,13,0
2023-04-21,2023-04-21T22:35Z,Final,23,Pittsburgh Pirates,17,Cincinnati Reds,4,2
2023-04-21,2023-04-21T22:40Z,Final,30,Tampa Bay Rays,4,Chicago White Sox,8,7
2023-04-21,2023-04-21T23:05Z,Final,22,Philadelphia Phillies,27,Colorado Rockies,4,3
2023-04-21,2023-04-21T23:05Z,Final,1,Baltimore Orioles,6,Detroit Tigers,2,1
2023-04-21,2023-04-21T23:05Z,Final,10,New York Yankees,14,Toronto Blue Jays,1,6
2023-04-21,2023-04-21T23:20Z,Final,15,Atlanta Braves,18,Houston Astros,4,6
2023-04-21,2023-04-22T00:05Z,Final,13,Texas Rangers,11,Oakland Athletics,4,5
2023-04-21,2023-04-22T00:10Z,Final,8,Milwaukee Brewers,2,Boston Red Sox,3,5
2023-04-21,2023-04-22T00:10Z,Final,9,Minnesota Twins,20,Washington Nationals,2,3
2023-04-21,2023-04-22T01:38Z,Final,3,Los Angeles Angels,7,Kansas City Royals,2,0
2023-04-21,2023-04-22T01:40Z,Final,29,Arizona Diamondbacks,25,San Diego Padres,9,0
2023-04-21,2023-04-22T02:10Z,Final,12,Seattle Mariners,24,St. Louis Cardinals,5,2
2023-04-21,2023-04-22T02:15Z,Final,26,San Francisco Giants,21,New York Mets,0,7
2023-04-22,2023-04-22T17:05Z,Final,10,New York Yankees,14,Toronto Blue Jays,3,2
2023-04-22,2023-04-22T18:10Z,Final,9,Minnesota Twins,20,Washington Nationals,4,10
2023-04-22,2023-04-22T18:20Z,Final,16,Chicago Cubs,19,Los Angeles Dodgers,4,9
2023-04-22,2023-04-22T19:05Z,Final,22,Philadelphia Phillies,27,Colorado Rockies,4,3
2023-04-22,2023-04-22T19:10Z,Final,5,Cleveland Guardians,28,Miami Marlins,1,6
2023-04-22,2023-04-22T20:05Z,Final,30,Tampa Bay Rays,4,Chicago White Sox,4,3
2023-04-22,2023-04-22T20:05Z,Final,26,San Francisco Giants,21,New York Mets,7,4
2023-04-22,2023-04-22T22:35Z,Final,23,Pittsburgh Pirates,17,Cincinnati Reds,2,1
2023-04-22,2023-04-22T23:05Z,Final,1,Baltimore Orioles,6,Detroit Tigers,5,1
2023-04-22,2023-04-22T23:05Z,Final,13,Texas Rangers,11,Oakland Athletics,18,3
2023-04-22,2023-04-22T23:10Z,Final,8,Milwaukee Brewers,2,Boston Red Sox,5,4
2023-04-22,2023-04-22T23:20Z,Final,15,Atlanta Braves,18,Houston Astros,3,6
2023-04-22,2023-04-23T00:10Z,Final,29,Arizona Diamondbacks,25,San Diego Padres,3,5
2023-04-22,2023-04-23T00:15Z,Final,5,Cleveland Guardians,28,Miami Marlins,2,3
2023-04-22,2023-04-23T01:07Z,Final,3,Los Angeles Angels,7,Kansas City Royals,8,11
2023-04-22,2023-04-23T01:40Z,Final,12,Seattle Mariners,24,St. Louis Cardinals,5,4
2023-04-23,2023-04-23T16:05Z,Final,22,Philadelphia Phillies,27,Colorado Rockies,9,3
2023-04-23,2023-04-23T17:35Z,Final,1,Baltimore Orioles,6,Detroit Tigers,2,1
2023-04-23,2023-04-23T17:35Z,Final,15,Atlanta Braves,18,Houston Astros,2,5
2023-04-23,2023-04-23T17:35Z,Final,10,New York Yankees,14,Toronto Blue Jays,1,5
2023-04-23,2023-04-23T17:35Z,Final,23,Pittsburgh Pirates,17,Cincinnati Reds,2,0
2023-04-23,2023-04-23T17:40Z,Final,30,Tampa Bay Rays,4,Chicago White Sox,4,1
2023-04-23,2023-04-23T17:40Z,Final,5,Cleveland Guardians,28,Miami Marlins,7,4
2023-04-23,2023-04-23T18:10Z,Final,8,Milwaukee Brewers,2,Boston Red Sox,5,12
2023-04-23,2023-04-23T18:10Z,Final,9,Minnesota Twins,20,Washington Nationals,3,1
2023-04-23,2023-04-23T18:20Z,Final,16,Chicago Cubs,19,Los Angeles Dodgers,3,7
2023-04-23,2023-04-23T18:35Z,Final,13,Texas Rangers,11,Oakland Athletics,5,2
2023-04-23,2023-04-23T20:07Z,Final,3,Los Angeles Angels,7,Kansas City Royals,4,3
2023-04-23,2023-04-23T20:10Z,Final,29,Arizona Diamondbacks,25,San Diego Padres,5,7
2023-04-23,2023-04-23T20:10Z,Final,12,Seattle Mariners,24,St. Louis Cardinals,3,7
2023-04-23,2023-04-23T23:00Z,Final,26,San Francisco Giants,21,New York Mets,5,4
2023-04-24,2023-04-24T22:10Z,Final,5,Cleveland Guardians,27,Colorado Rockies,0,6
2023-04-24,2023-04-24T22:35Z,Final,1,Baltimore Orioles,2,Boston Red Sox,5,4
2023-04-24,2023-04-24T22:40Z,Final,30,Tampa Bay Rays,18,Houston Astros,8,3
2023-04-24,2023-04-24T22:40Z,Final,17,Cincinnati Reds,13,Texas Rangers,7,6
2023-04-24,2023-04-24T23:07Z,Final,14,Toronto Blue Jays,4,Chicago White Sox,5,2
2023-04-24,2023-04-24T23:20Z,Final,15,Atlanta Braves,28,Miami Marlins,11,0
2023-04-24,2023-04-24T23:40Z,Final,8,Milwaukee Brewers,6,Detroit Tigers,2,4
2023-04-24,2023-04-24T23:40Z,Final,9,Minnesota Twins,10,New York Yankees,6,1
2023-04-24,2023-04-25T01:38Z,Final,3,Los Angeles Angels,11,Oakland Athletics,10,11
2023-04-24,2023-04-25T01:40Z,Final,29,Arizona Diamondbacks,7,Kansas City Royals,5,4
2023-04-24,2023-04-25T01:45Z,Final,26,San Francisco Giants,24,St. Louis Cardinals,4,0
2023-04-25,2023-04-25T22:10Z,Final,5,Cleveland Guardians,27,Colorado Rockies,1,5
2023-04-25,2023-04-25T22:35Z,Final,1,Baltimore Orioles,2,Boston Red Sox,6,8
2023-04-25,2023-04-25T22:35Z,Final,23,Pittsburgh Pirates,19,Los Angeles Dodgers,7,8
2023-04-25,2023-04-25T22:40Z,Final,30,Tampa Bay Rays,18,Houston Astros,0,5
2023-04-25,2023-04-25T22:40Z,Final,22,Philadelphia Phillies,12,Seattle Mariners,3,5
2023-04-25,2023-04-25T22:40Z,Final,17,Cincinnati Reds,13,Texas Rangers,7,6
2023-04-25,2023-04-25T23:07Z,Final,14,Toronto Blue Jays,4,Chicago White Sox,7,0
2023-04-25,2023-04-25T23:10Z,Final,21,New York Mets,20,Washington Nationals,0,5
2023-04-25,2023-04-25T23:20Z,Final,15,Atlanta Braves,28,Miami Marlins,7,4
2023-04-25,2023-04-25T23:40Z,Final,8,Milwaukee Brewers,6,Detroit Tigers,3,4
2023-04-25,2023-04-25T23:40Z,Final,9,Minnesota Twins,10,New York Yankees,6,2
2023-04-25,2023-04-25T23:40Z,Final,16,Chicago Cubs,25,San Diego Padres,6,0
2023-04-25,2023-04-26T01:38Z,Final,3,Los Angeles Angels,11,Oakland Athletics,5,3
2023-04-25,2023-04-26T01:40Z,Final,29,Arizona Diamondbacks,7,Kansas City Royals,4,5
2023-04-25,2023-04-26T01:45Z,Final,26,San Francisco Giants,24,St. Louis Cardinals,5,4
2023-04-26,2023-04-26T16:35Z,Final,17,Cincinnati Reds,13,Texas Rangers,5,3
2023-04-26,2023-04-26T17:05Z,Final,1,Baltimore Orioles,2,Boston Red Sox,6,2
2023-04-26,2023-04-26T17:07Z,Final,14,Toronto Blue Jays,4,Chicago White Sox,8,0
2023-04-26,2023-04-26T17:10Z,Final,5,Cleveland Guardians,27,Colorado Rockies,4,1
2023-04-26,2023-04-26T17:10Z,Final,9,Minnesota Twins,10,New York Yankees,6,12
2023-04-26,2023-04-26T17:40Z,Final,8,Milwaukee Brewers,6,Detroit Tigers,6,2
2023-04-26,2023-04-26T19:40Z,Final,29,Arizona Diamondbacks,7,Kansas City Royals,2,0
2023-04-26,2023-04-26T22:35Z,Final,23,Pittsburgh Pirates,19,Los Angeles Dodgers,8,1
2023-04-26,2023-04-26T22:40Z,Final,30,Tampa Bay Rays,18,Houston Astros,0,1
2023-04-26,2023-04-26T22:40Z,Final,22,Philadelphia Phillies,12,Seattle Mariners,6,5
2023-04-26,2023-04-26T23:10Z,Final,21,New York Mets,20,Washington Nationals,1,4
2023-04-26,2023-04-26T23:20Z,Final,15,Atlanta Braves,28,Miami Marlins,6,4
2023-04-26,2023-04-26T23:40Z,Final,16,Chicago Cubs,25,San Diego Padres,3,5
2023-04-26,2023-04-27T01:38Z,Final,3,Los Angeles Angels,11,Oakland Athletics,11,3
2023-04-26,2023-04-27T01:45Z,Final,26,San Francisco Giants,24,St. Louis Cardinals,7,3
2023-04-27,2023-04-27T16:20Z,Final,15,Atlanta Braves,28,Miami Marlins,4,5
2023-04-27,2023-04-27T16:35Z,Final,23,Pittsburgh Pirates,19,Los Angeles Dodgers,6,2
2023-04-27,2023-04-27T17:05Z,Final,22,Philadelphia Phillies,12,Seattle Mariners,1,0
2023-04-27,2023-04-27T18:20Z,Final,16,Chicago Cubs,25,San Diego Padres,5,2
2023-04-27,2023-04-27T19:45Z,Final,26,San Francisco Giants,24,St. Louis Cardinals,0,6
2023-04-27,2023-04-27T20:07Z,Final,3,Los Angeles Angels,11,Oakland Athletics,8,7
2023-04-27,2023-04-27T22:40Z,Final,6,Detroit Tigers,1,Baltimore Orioles,4,7
2023-04-27,2023-04-27T23:10Z,Final,4,Chicago White Sox,30,Tampa Bay Rays,5,14
2023-04-27,2023-04-27T23:10Z,Final,21,New York Mets,20,Washington Nationals,9,8
2023-04-27,2023-04-27T23:40Z,Final,9,Minnesota Twins,7,Kansas City Royals,7,1
2023-04-27,2023-04-28T00:05Z,Final,13,Texas Rangers,10,New York Yankees,2,4
2023-04-28,2023-04-28T20:10Z,Final,9,Minnesota Twins,7,Kansas City Royals,8,6
2023-04-28,2023-04-28T22:40Z,Final,28,Miami Marlins,16,Chicago Cubs,3,2
2023-04-28,2023-04-28T23:07Z,Final,14,Toronto Blue Jays,12,Seattle Mariners,3,2
2023-04-28,2023-04-28T23:10Z,Final,21,New York Mets,15,Atlanta Braves,0,4
2023-04-28,2023-04-28T23:10Z,Final,2,Boston Red Sox,5,Cleveland Guardians,2,5
2023-04-28,2023-04-28T23:10Z,Final,4,Chicago White Sox,30,Tampa Bay Rays,2,3
2023-04-28,2023-04-29T00:05Z,Final,13,Texas Rangers,10,New York Yankees,5,2
2023-04-28,2023-04-29T00:10Z,Final,8,Milwaukee Brewers,3,Los Angeles Angels,2,1
2023-04-28,2023-04-29T00:10Z,Final,18,Houston Astros,22,Philadelphia Phillies,1,3
2023-04-28,2023-04-29T00:40Z,Final,27,Colorado Rockies,29,Arizona Diamondbacks,1,9
2023-04-28,2023-04-29T01:40Z,Final,11,Oakland Athletics,17,Cincinnati Reds,7,11
2023-04-28,2023-04-29T02:10Z,Final,19,Los Angeles Dodgers,24,St. Louis Cardinals,7,3
2023-04-29,2023-04-29T16:10Z,Final,6,Detroit Tigers,1,Baltimore Orioles,7,4
2023-04-29,2023-04-29T17:05Z,Final,20,Washington Nationals,23,Pittsburgh Pirates,3,6
2023-04-29,2023-04-29T18:10Z,Final,9,Minnesota Twins,7,Kansas City Royals,2,3
2023-04-29,2023-04-29T19:07Z,Final,14,Toronto Blue Jays,12,Seattle Mariners,1,0
2023-04-29,2023-04-29T20:05Z,Final,28,Miami Marlins,16,Chicago Cubs,7,6
2023-04-29,2023-04-29T20:07Z,Final,11,Oakland Athletics,17,Cincinnati Reds,2,3
2023-04-29,2023-04-29T20:10Z,Final,2,Boston Red Sox,5,Cleveland Guardians,8,7
2023-04-29,2023-04-29T21:10Z,Final,18,Houston Astros,22,Philadelphia Phillies,1,6
2023-04-29,2023-04-29T21:10Z,Final,6,Detroit Tigers,1,Baltimore Orioles,4,6
2023-04-29,2023-04-29T22:05Z,Final,25,San Diego Padres,26,San Francisco Giants,16,11
2023-04-29,2023-04-29T22:05Z,Final,20,Washington Nationals,23,Pittsburgh Pirates,1,16
2023-04-29,2023-04-29T23:05Z,Final,13,Texas Rangers,10,New York Yankees,2,0
2023-04-29,2023-04-29T23:10Z,Final,8,Milwaukee Brewers,3,Los Angeles Angels,7,5
2023-04-29,2023-04-29T23:10Z,Final,4,Chicago White Sox,30,Tampa Bay Rays,3,12
2023-04-29,2023-04-30T00:10Z,Final,27,Colorado Rockies,29,Arizona Diamondbacks,4,11
2023-04-29,2023-04-30T01:10Z,Final,19,Los Angeles Dodgers,24,St. Louis Cardinals,1,0
2023-04-30,2023-04-30T16:05Z,Final,28,Miami Marlins,16,Chicago Cubs,4,3
2023-04-30,2023-04-30T17:35Z,Final,2,Boston Red Sox,5,Cleveland Guardians,7,1
2023-04-30,2023-04-30T17:35Z,Final,20,Washington Nationals,23,Pittsburgh Pirates,7,2
2023-04-30,2023-04-30T17:37Z,Final,14,Toronto Blue Jays,12,Seattle Mariners,8,10
2023-04-30,2023-04-30T17:40Z,Final,6,Detroit Tigers,1,Baltimore Orioles,3,5
2023-04-30,2023-04-30T18:10Z,Final,8,Milwaukee Brewers,3,Los Angeles Angels,0,3
2023-04-30,2023-04-30T18:10Z,Final,9,Minnesota Twins,7,Kansas City Royals,8,4
2023-04-30,2023-04-30T18:10Z,Final,4,Chicago White Sox,30,Tampa Bay Rays,12,9
2023-04-30,2023-04-30T18:35Z,Final,13,Texas Rangers,10,New York Yankees,15,2
2023-04-30,2023-04-30T19:10Z,Final,27,Colorado Rockies,29,Arizona Diamondbacks,12,4
2023-04-30,2023-04-30T20:05Z,Final,25,San Diego Padres,26,San Francisco Giants,6,4
2023-04-30,2023-04-30T20:07Z,Final,11,Oakland Athletics,17,Cincinnati Reds,5,4
2023-04-30,2023-04-30T20:10Z,Final,19,Los Angeles Dodgers,24,St. Louis Cardinals,6,3
2023-04-30,2023-04-30T23:00Z,Final,18,Houston Astros,22,Philadelphia Phillies,4,3
2023-05-01,2023-05-01T17:10Z,Final,21,New York Mets,15,Atlanta Braves,8,9
2023-05-01,2023-05-01T20:45Z,Final,21,New York Mets,15,Atlanta Braves,5,3
2023-05-01,2023-05-01T23:05Z,Final,20,Washington Nationals,16,Chicago Cubs,1,5
2023-05-01,2023-05-01T23:05Z,Final,10,New York Yankees,5,Cleveland Guardians,2,3
2023-05-01,2023-05-01T23:10Z,Final,2,Boston Red Sox,14,Toronto Blue Jays,6,5
2023-05-01,2023-05-02T00:10Z,Final,18,Houston Astros,26,San Francisco Giants,7,3
2023-05-01,2023-05-02T01:40Z,Final,25,San Diego Padres,17,Cincinnati Reds,8,3
2023-05-01,2023-05-02T02:10Z,Final,19,Los Angeles Dodgers,22,Philadelphia Phillies,13,4
2023-05-02,2023-05-02T22:40Z,Final,28,Miami Marlins,15,Atlanta Braves,0,6
2023-05-02,2023-05-02T22:40Z,Final,30,Tampa Bay Rays,23,Pittsburgh Pirates,4,1
2023-05-02,2023-05-02T23:05Z,Final,20,Washington Nationals,16,Chicago Cubs,4,1
2023-05-02,2023-05-02T23:05Z,Final,10,New York Yankees,5,Cleveland Guardians,4,2
2023-05-02,2023-05-02T23:10Z,Final,4,Chicago White Sox,9,Minnesota Twins,3,2
2023-05-02,2023-05-02T23:10Z,Final,2,Boston Red Sox,14,Toronto Blue Jays,7,6
2023-05-02,2023-05-02T23:40Z,Final,7,Kansas City Royals,1,Baltimore Orioles,7,11
2023-05-02,2023-05-02T23:45Z,Final,24,St. Louis Cardinals,3,Los Angeles Angels,1,5
2023-05-02,2023-05-03T00:05Z,Final,13,Texas Rangers,29,Arizona Diamondbacks,6,4
2023-05-02,2023-05-03T00:10Z,Final,18,Houston Astros,26,San Francisco Giants,0,2
2023-05-02,2023-05-03T00:40Z,Final,27,Colorado Rockies,8,Milwaukee Brewers,3,2
2023-05-02,2023-05-03T01:40Z,Final,11,Oakland Athletics,12,Seattle Mariners,1,2
2023-05-02,2023-05-03T01:40Z,Final,25,San Diego Padres,17,Cincinnati Reds,1,2
2023-05-02,2023-05-03T02:10Z,Final,19,Los Angeles Dodgers,22,Philadelphia Phillies,13,1
2023-05-03,2023-05-03T17:40Z,Final,6,Detroit Tigers,21,New York Mets,6,5
2023-05-03,2023-05-03T18:05Z,Final,13,Texas Rangers,29,Arizona Diamondbacks,7,12
2023-05-03,2023-05-03T18:10Z,Final,18,Houston Astros,26,San Francisco Giants,2,4
2023-05-03,2023-05-03T20:10Z,Final,19,Los Angeles Dodgers,22,Philadelphia Phillies,10,6
2023-05-03,2023-05-03T20:10Z,Final,25,San Diego Padres,17,Cincinnati Reds,7,1
2023-05-03,2023-05-03T22:40Z,Final,28,Miami Marlins,15,Atlanta Braves,6,14
2023-05-03,2023-05-03T22:40Z,Final,6,Detroit Tigers,21,New York Mets,8,1
2023-05-03,2023-05-03T22:40Z,Final,30,Tampa Bay Rays,23,Pittsburgh Pirates,8,1
2023-05-03,2023-05-03T23:05Z,Final,20,Washington Nationals,16,Chicago Cubs,2,1
2023-05-03,2023-05-03T23:05Z,Final,10,New York Yankees,5,Cleveland Guardians,4,3
2023-05-03,2023-05-03T23:10Z,Final,4,Chicago White Sox,9,Minnesota Twins,6,4
2023-05-03,2023-05-03T23:10Z,Final,2,Boston Red Sox,14,Toronto Blue Jays,8,3
2023-05-03,2023-05-03T23:40Z,Final,7,Kansas City Royals,1,Baltimore Orioles,6,0
2023-05-03,2023-05-03T23:45Z,Final,24,St. Louis Cardinals,3,Los Angeles Angels,4,6
2023-05-03,2023-05-04T00:40Z,Final,27,Colorado Rockies,8,Milwaukee Brewers,7,1
2023-05-03,2023-05-04T01:40Z,Final,11,Oakland Athletics,12,Seattle Mariners,2,7
2023-05-04,2023-05-04T17:05Z,Final,20,Washington Nationals,16,Chicago Cubs,4,3
2023-05-04,2023-05-04T17:10Z,Final,6,Detroit Tigers,21,New York Mets,2,0
2023-05-04,2023-05-04T17:10Z,Final,30,Tampa Bay Rays,23,Pittsburgh Pirates,3,2
2023-05-04,2023-05-04T17:15Z,Final,24,St. Louis Cardinals,3,Los Angeles Angels,7,11
2023-05-04,2023-05-04T18:10Z,Final,7,Kansas City Royals,1,Baltimore Orioles,10,13
2023-05-04,2023-05-04T18:10Z,Final,4,Chicago White Sox,9,Minnesota Twins,3,7
2023-05-04,2023-05-04T19:10Z,Final,27,Colorado Rockies,8,Milwaukee Brewers,9,6
2023-05-04,2023-05-04T19:37Z,Final,11,Oakland Athletics,12,Seattle Mariners,3,5
2023-05-04,2023-05-04T20:10Z,Final,28,Miami Marlins,15,Atlanta Braves,3,6
2023-05-04,2023-05-04T22:10Z,Final,2,Boston Red Sox,14,Toronto Blue Jays,11,5
2023-05-05,2023-05-05T18:20Z,Final,16,Chicago Cubs,28,Miami Marlins,4,1
2023-05-05,2023-05-05T22:35Z,Final,23,Pittsburgh Pirates,14,Toronto Blue Jays,0,4
2023-05-05,2023-05-05T22:40Z,Final,17,Cincinnati Reds,4,Chicago White Sox,4,5
2023-05-05,2023-05-05T22:40Z,Final,30,Tampa Bay Rays,10,New York Yankees,5,4
2023-05-05,2023-05-05T23:05Z,Final,22,Philadelphia Phillies,2,Boston Red Sox,3,5
2023-05-05,2023-05-05T23:10Z,Final,21,New York Mets,27,Colorado Rockies,1,0
2023-05-05,2023-05-05T23:10Z,Final,5,Cleveland Guardians,9,Minnesota Twins,0,2
2023-05-05,2023-05-05T23:20Z,Final,15,Atlanta Braves,1,Baltimore Orioles,4,9
2023-05-05,2023-05-06T00:10Z,Final,7,Kansas City Royals,11,Oakland Athletics,8,12
2023-05-05,2023-05-06T00:15Z,Final,24,St. Louis Cardinals,6,Detroit Tigers,4,5
2023-05-05,2023-05-06T01:38Z,Final,3,Los Angeles Angels,13,Texas Rangers,5,4
2023-05-05,2023-05-06T01:40Z,Final,29,Arizona Diamondbacks,20,Washington Nationals,3,1
2023-05-05,2023-05-06T01:40Z,Final,25,San Diego Padres,19,Los Angeles Dodgers,5,2
2023-05-05,2023-05-06T02:10Z,Final,12,Seattle Mariners,18,Houston Astros,4,6
2023-05-05,2023-05-06T02:15Z,Final,26,San Francisco Giants,8,Milwaukee Brewers,6,4
2023-05-06,2023-05-06T18:15Z,Final,24,St. Louis Cardinals,6,Detroit Tigers,5,6
2023-05-06,2023-05-06T18:20Z,Final,16,Chicago Cubs,28,Miami Marlins,4,2
2023-05-06,2023-05-06T20:10Z,Final,21,New York Mets,27,Colorado Rockies,2,5
2023-05-06,2023-05-06T20:10Z,Final,30,Tampa Bay Rays,10,New York Yankees,2,3
2023-05-06,2023-05-06T22:10Z,Final,5,Cleveland Guardians,9,Minnesota Twins,4,3
2023-05-06,2023-05-06T22:35Z,Final,23,Pittsburgh Pirates,14,Toronto Blue Jays,2,8
2023-05-06,2023-05-06T22:40Z,Final,17,Cincinnati Reds,4,Chicago White Sox,5,3
2023-05-06,2023-05-06T23:10Z,Final,7,Kansas City Royals,11,Oakland Athletics,4,5
2023-05-06,2023-05-06T23:15Z,Final,15,Atlanta Braves,1,Baltimore Orioles,5,4
2023-05-06,2023-05-06T23:15Z,Final,22,Philadelphia Phillies,2,Boston Red Sox,4,7
2023-05-06,2023-05-06T23:15Z,Final,26,San Francisco Giants,8,Milwaukee Brewers,4,1
2023-05-06,2023-05-07T00:10Z,Final,29,Arizona Diamondbacks,20,Washington Nationals,8,7
2023-05-06,2023-05-07T00:40Z,Final,25,San Diego Padres,19,Los Angeles Dodgers,1,2
2023-05-06,2023-05-07T01:07Z,Final,3,Los Angeles Angels,13,Texas Rangers,1,10
2023-05-06,2023-05-07T01:40Z,Final,12,Seattle Mariners,18,Houston Astros,7,5
2023-05-07,2023-05-07T15:35Z,Final,15,Atlanta Braves,1,Baltimore Orioles,3,2
2023-05-07,2023-05-07T17:35Z,Final,22,Philadelphia Phillies,2,Boston Red Sox,6,1
2023-05-07,2023-05-07T17:35Z,Final,23,Pittsburgh Pirates,14,Toronto Blue Jays,1,10
2023-05-07,2023-05-07T17:40Z,Final,21,New York Mets,27,Colorado Rockies,6,13
2023-05-07,2023-05-07T17:40Z,Final,5,Cleveland Guardians,9,Minnesota Twins,2,0
2023-05-07,2023-05-07T17:40Z,Final,30,Tampa Bay Rays,10,New York Yankees,8,7
2023-05-07,2023-05-07T18:10Z,Final,7,Kansas City Royals,11,Oakland Athletics,5,1
2023-05-07,2023-05-07T18:15Z,Final,24,St. Louis Cardinals,6,Detroit Tigers,12,6
2023-05-07,2023-05-07T18:20Z,Final,16,Chicago Cubs,28,Miami Marlins,4,5
2023-05-07,2023-05-07T20:05Z,Final,26,San Francisco Giants,8,Milwaukee Brewers,3,7
2023-05-07,2023-05-07T20:07Z,Final,3,Los Angeles Angels,13,Texas Rangers,8,16
2023-05-07,2023-05-07T20:10Z,Final,17,Cincinnati Reds,4,Chicago White Sox,4,17
2023-05-07,2023-05-07T20:10Z,Final,12,Seattle Mariners,18,Houston Astros,3,1
2023-05-07,2023-05-07T20:10Z,Final,29,Arizona Diamondbacks,20,Washington Nationals,8,9
2023-05-07,2023-05-07T23:00Z,Final,25,San Diego Padres,19,Los Angeles Dodgers,2,5
2023-05-08,2023-05-08T22:10Z,Final,5,Cleveland Guardians,6,Detroit Tigers,2,6
2023-05-08,2023-05-08T22:35Z,Final,1,Baltimore Orioles,30,Tampa Bay Rays,0,3
2023-05-08,2023-05-08T22:35Z,Final,23,Pittsburgh Pirates,27,Colorado Rockies,2,0
2023-05-08,2023-05-08T23:05Z,Final,10,New York Yankees,11,Oakland Athletics,7,2
2023-05-08,2023-05-08T23:40Z,Final,7,Kansas City Royals,4,Chicago White Sox,12,5
2023-05-08,2023-05-08T23:40Z,Final,8,Milwaukee Brewers,19,Los Angeles Dodgers,9,3
2023-05-08,2023-05-08T23:40Z,Final,16,Chicago Cubs,24,St. Louis Cardinals,1,3
2023-05-08,2023-05-09T01:38Z,Final,3,Los Angeles Angels,18,Houston Astros,6,4
2023-05-08,2023-05-09T01:40Z,Final,29,Arizona Diamondbacks,28,Miami Marlins,5,2
2023-05-08,2023-05-09T01:40Z,Final,12,Seattle Mariners,13,Texas Rangers,1,2
2023-05-08,2023-05-09T01:45Z,Final,26,San Francisco Giants,20,Washington Nationals,1,5
2023-05-09,2023-05-09T22:10Z,Final,5,Cleveland Guardians,6,Detroit Tigers,2,0
2023-05-09,2023-05-09T22:35Z,Final,1,Baltimore Orioles,30,Tampa Bay Rays,4,2
2023-05-09,2023-05-09T22:35Z,Final,23,Pittsburgh Pirates,27,Colorado Rockies,1,10
2023-05-09,2023-05-09T22:40Z,Final,17,Cincinnati Reds,21,New York Mets,7,6
2023-05-09,2023-05-09T22:40Z,Final,22,Philadelphia Phillies,14,Toronto Blue Jays,8,4
2023-05-09,2023-05-09T23:05Z,Final,10,New York Yankees,11,Oakland Athletics,10,5
2023-05-09,2023-05-09T23:20Z,Final,15,Atlanta Braves,2,Boston Red Sox,9,3
2023-05-09,2023-05-09T23:40Z,Final,7,Kansas City Royals,4,Chicago White Sox,2,4
2023-05-09,2023-05-09T23:40Z,Final,8,Milwaukee Brewers,19,Los Angeles Dodgers,2,6
2023-05-09,2023-05-09T23:40Z,Final,9,Minnesota Twins,25,San Diego Padres,1,6
2023-05-09,2023-05-09T23:40Z,Final,16,Chicago Cubs,24,St. Louis Cardinals,4,6
2023-05-09,2023-05-10T01:38Z,Final,3,Los Angeles Angels,18,Houston Astros,1,3
2023-05-09,2023-05-10T01:40Z,Final,29,Arizona Diamondbacks,28,Miami Marlins,2,6
2023-05-09,2023-05-10T01:40Z,Final,12,Seattle Mariners,13,Texas Rangers,5,0
2023-05-09,2023-05-10T01:45Z,Final,26,San Francisco Giants,20,Washington Nationals,4,1
2023-05-10,2023-05-10T16:35Z,Final,10,New York Yankees,11,Oakland Athletics,11,3
2023-05-10,2023-05-10T16:35Z,Final,23,Pittsburgh Pirates,27,Colorado Rockies,3,4
2023-05-10,2023-05-10T17:10Z,Final,5,Cleveland Guardians,6,Detroit Tigers,0,5
2023-05-10,2023-05-10T17:40Z,Final,8,Milwaukee Brewers,19,Los Angeles Dodgers,1,8
2023-05-10,2023-05-10T19:40Z,Final,29,Arizona Diamondbacks,28,Miami Marlins,4,5
2023-05-10,2023-05-10T19:40Z,Final,12,Seattle Mariners,13,Texas Rangers,3,4
2023-05-10,2023-05-10T19:45Z,Final,26,San Francisco Giants,20,Washington Nationals,6,11
2023-05-10,2023-05-10T20:05Z,Final,22,Philadelphia Phillies,14,Toronto Blue Jays,2,1
2023-05-10,2023-05-10T20:07Z,Final,3,Los Angeles Angels,18,Houston Astros,4,5
2023-05-10,2023-05-10T22:35Z,Final,1,Baltimore Orioles,30,Tampa Bay Rays,2,1
2023-05-10,2023-05-10T22:40Z,Final,17,Cincinnati Reds,21,New York Mets,1,2
2023-05-10,2023-05-10T23:20Z,Final,15,Atlanta Braves,2,Boston Red Sox,2,5
2023-05-10,2023-05-10T23:40Z,Final,7,Kansas City Royals,4,Chicago White Sox,9,1
2023-05-10,2023-05-10T23:40Z,Final,9,Minnesota Twins,25,San Diego Padres,4,3
2023-05-10,2023-05-10T23:40Z,Final,16,Chicago Cubs,24,St. Louis Cardinals,10,4
2023-05-11,2023-05-11T16:35Z,Final,17,Cincinnati Reds,21,New York Mets,5,0
2023-05-11,2023-05-11T17:10Z,Final,9,Minnesota Twins,25,San Diego Padres,5,3
2023-05-11,2023-05-11T18:10Z,Final,7,Kansas City Royals,4,Chicago White Sox,4,3
2023-05-11,2023-05-11T23:05Z,Final,10,New York Yankees,30,Tampa Bay Rays,2,8
2023-05-11,2023-05-12T01:40Z,Final,29,Arizona Diamondbacks,26,San Francisco Giants,2,6
2023-05-11,2023-05-12T01:40Z,Final,11,Oakland Athletics,13,Texas Rangers,0,4
2023-05-12,2023-05-12T22:40Z,Final,28,Miami Marlins,17,Cincinnati Reds,4,7
2023-05-12,2023-05-12T22:40Z,Final,6,Detroit Tigers,12,Seattle Mariners,2,9
2023-05-12,2023-05-12T23:05Z,Final,20,Washington Nationals,21,New York Mets,2,3
2023-05-12,2023-05-12T23:05Z,Final,1,Baltimore Orioles,23,Pittsburgh Pirates,6,3
2023-05-12,2023-05-12T23:05Z,Final,10,New York Yankees,30,Tampa Bay Rays,6,5
2023-05-12,2023-05-12T23:07Z,Final,14,Toronto Blue Jays,15,Atlanta Braves,3,0
2023-05-12,2023-05-12T23:10Z,Final,5,Cleveland Guardians,3,Los Angeles Angels,4,5
2023-05-12,2023-05-12T23:10Z,Final,2,Boston Red Sox,24,St. Louis Cardinals,6,8
2023-05-12,2023-05-13T00:10Z,Final,9,Minnesota Twins,16,Chicago Cubs,2,6
2023-05-12,2023-05-13T00:10Z,Final,4,Chicago White Sox,18,Houston Astros,1,5
2023-05-12,2023-05-13T00:10Z,Final,8,Milwaukee Brewers,7,Kansas City Royals,5,1
2023-05-12,2023-05-13T00:40Z,Final,27,Colorado Rockies,22,Philadelphia Phillies,3,6
2023-05-12,2023-05-13T01:40Z,Final,29,Arizona Diamondbacks,26,San Francisco Giants,7,5
2023-05-12,2023-05-13T01:40Z,Final,11,Oakland Athletics,13,Texas Rangers,9,7
2023-05-12,2023-05-13T02:10Z,Final,19,Los Angeles Dodgers,25,San Diego Padres,4,2
2023-05-13,2023-05-13T17:05Z,Final,10,New York Yankees,30,Tampa Bay Rays,9,8
2023-05-13,2023-05-13T17:10Z,Final,28,Miami Marlins,17,Cincinnati Reds,5,6
2023-05-13,2023-05-13T17:10Z,Final,6,Detroit Tigers,12,Seattle Mariners,0,5
2023-05-13,2023-05-13T18:10Z,Final,9,Minnesota Twins,16,Chicago Cubs,11,1
2023-05-13,2023-05-13T19:07Z,Final,14,Toronto Blue Jays,15,Atlanta Braves,5,2
2023-05-13,2023-05-13T20:05Z,Final,20,Washington Nationals,21,New York Mets,3,2
2023-05-13,2023-05-13T20:07Z,Final,11,Oakland Athletics,13,Texas Rangers,0,5
2023-05-13,2023-05-13T20:10Z,Final,2,Boston Red Sox,24,St. Louis Cardinals,3,4
2023-05-13,2023-05-13T22:10Z,Final,5,Cleveland Guardians,3,Los Angeles Angels,8,6
2023-05-13,2023-05-13T23:05Z,Final,1,Baltimore Orioles,23,Pittsburgh Pirates,2,0
2023-05-13,2023-05-13T23:10Z,Final,8,Milwaukee Brewers,7,Kansas City Royals,4,3
2023-05-13,2023-05-13T23:15Z,Final,4,Chicago White Sox,18,Houston Astros,3,1
2023-05-13,2023-05-13T23:15Z,Final,19,Los Angeles Dodgers,25,San Diego Padres,4,2
2023-05-13,2023-05-14T00:10Z,Final,29,Arizona Diamondbacks,26,San Francisco Giants,7,2
2023-05-13,2023-05-14T00:10Z,Final,27,Colorado Rockies,22,Philadelphia Phillies,4,7
2023-05-14,2023-05-14T15:35Z,Final,5,Cleveland Guardians,3,Los Angeles Angels,4,3
2023-05-14,2023-05-14T17:35Z,Final,1,Baltimore Orioles,23,Pittsburgh Pirates,0,4
2023-05-14,2023-05-14T17:35Z,Final,10,New York Yankees,30,Tampa Bay Rays,7,8
2023-05-14,2023-05-14T17:37Z,Final,14,Toronto Blue Jays,15,Atlanta Braves,6,5
2023-05-14,2023-05-14T17:40Z,Final,28,Miami Marlins,17,Cincinnati Reds,3,1
2023-05-14,2023-05-14T17:40Z,Final,6,Detroit Tigers,12,Seattle Mariners,5,3
2023-05-14,2023-05-14T18:10Z,Final,9,Minnesota Twins,16,Chicago Cubs,16,3
2023-05-14,2023-05-14T18:10Z,Final,4,Chicago White Sox,18,Houston Astros,3,4
2023-05-14,2023-05-14T18:10Z,Final,8,Milwaukee Brewers,7,Kansas City Royals,9,6
2023-05-14,2023-05-14T19:10Z,Final,27,Colorado Rockies,22,Philadelphia Phillies,4,0
2023-05-14,2023-05-14T20:07Z,Final,11,Oakland Athletics,13,Texas Rangers,3,11
2023-05-14,2023-05-14T20:10Z,Final,19,Los Angeles Dodgers,25,San Diego Padres,4,0
2023-05-14,2023-05-14T20:10Z,Final,29,Arizona Diamondbacks,26,San Francisco Giants,2,1
2023-05-14,2023-05-14T20:35Z,Final,20,Washington Nationals,21,New York Mets,2,8
2023-05-14,2023-05-14T23:00Z,Final,2,Boston Red Sox,24,St. Louis Cardinals,1,9
2023-05-15,2023-05-15T20:05Z,Final,20,Washington Nationals,21,New York Mets,10,3
2023-05-15,2023-05-15T22:35Z,Final,1,Baltimore Orioles,3,Los Angeles Angels,5,9
2023-05-15,2023-05-15T23:07Z,Final,14,Toronto Blue Jays,10,New York Yankees,4,7
2023-05-15,2023-05-15T23:10Z,Final,2,Boston Red Sox,12,Seattle Mariners,1,10
2023-05-15,2023-05-15T23:45Z,Final,24,St. Louis Cardinals,8,Milwaukee Brewers,18,1
2023-05-15,2023-05-16T00:05Z,Final,13,Texas Rangers,15,Atlanta Braves,0,12
2023-05-15,2023-05-16T00:10Z,Final,18,Houston Astros,16,Chicago Cubs,6,4
2023-05-15,2023-05-16T00:40Z,Final,27,Colorado Rockies,17,Cincinnati Reds,9,8
2023-05-15,2023-05-16T01:40Z,Final,11,Oakland Athletics,29,Arizona Diamondbacks,2,5
2023-05-15,2023-05-16T01:40Z,Final,25,San Diego Padres,7,Kansas City Royals,4,0
2023-05-15,2023-05-16T01:45Z,Final,26,San Francisco Giants,22,Philadelphia Phillies,6,3
2023-05-15,2023-05-16T02:10Z,Final,19,Los Angeles Dodgers,9,Minnesota Twins,9,8
2023-05-16,2023-05-16T22:35Z,Final,1,Baltimore Orioles,3,Los Angeles Angels,7,3
2023-05-16,2023-05-16T22:40Z,Final,6,Detroit Tigers,23,Pittsburgh Pirates,4,0
2023-05-16,2023-05-16T22:40Z,Final,28,Miami Marlins,20,Washington Nationals,5,4
2023-05-16,2023-05-16T23:07Z,Final,14,Toronto Blue Jays,10,New York Yankees,3,6
2023-05-16,2023-05-16T23:10Z,Final,2,Boston Red Sox,12,Seattle Mariners,9,4
2023-05-16,2023-05-16T23:10Z,Final,21,New York Mets,30,Tampa Bay Rays,5,8
2023-05-16,2023-05-16T23:45Z,Final,24,St. Louis Cardinals,8,Milwaukee Brewers,2,3
2023-05-16,2023-05-17T00:05Z,Final,13,Texas Rangers,15,Atlanta Braves,7,4
2023-05-16,2023-05-17T00:10Z,Final,18,Houston Astros,16,Chicago Cubs,7,3
2023-05-16,2023-05-17T00:10Z,Final,4,Chicago White Sox,5,Cleveland Guardians,8,3
2023-05-16,2023-05-17T00:40Z,Final,27,Colorado Rockies,17,Cincinnati Reds,1,3
2023-05-16,2023-05-17T01:40Z,Final,11,Oakland Athletics,29,Arizona Diamondbacks,9,8
2023-05-16,2023-05-17T01:40Z,Final,25,San Diego Padres,7,Kansas City Royals,4,5
2023-05-16,2023-05-17T01:45Z,Final,26,San Francisco Giants,22,Philadelphia Phillies,4,3
2023-05-16,2023-05-17T02:10Z,Final,19,Los Angeles Dodgers,9,Minnesota Twins,1,5
2023-05-17,2023-05-17T17:10Z,Final,6,Detroit Tigers,23,Pittsburgh Pirates,0,8
2023-05-17,2023-05-17T19:10Z,Final,19,Los Angeles Dodgers,9,Minnesota Twins,7,3
2023-05-17,2023-05-17T19:10Z,Final,27,Colorado Rockies,17,Cincinnati Reds,11,6
2023-05-17,2023-05-17T19:37Z,Final,11,Oakland Athletics,29,Arizona Diamondbacks,3,5
2023-05-17,2023-05-17T19:45Z,Final,26,San Francisco Giants,22,Philadelphia Phillies,7,4
2023-05-17,2023-05-17T20:10Z,Final,25,San Diego Padres,7,Kansas City Royals,3,4
2023-05-17,2023-05-17T22:35Z,Final,1,Baltimore Orioles,3,Los Angeles Angels,3,1
2023-05-17,2023-05-17T22:40Z,Final,28,Miami Marlins,20,Washington Nationals,4,3
2023-05-17,2023-05-17T23:07Z,Final,14,Toronto Blue Jays,10,New York Yankees,3,0
2023-05-17,2023-05-17T23:10Z,Final,2,Boston Red Sox,12,Seattle Mariners,12,3
2023-05-17,2023-05-17T23:10Z,Final,21,New York Mets,30,Tampa Bay Rays,8,7
2023-05-17,2023-05-17T23:45Z,Final,24,St. Louis Cardinals,8,Milwaukee Brewers,3,0
2023-05-17,2023-05-18T00:05Z,Final,13,Texas Rangers,15,Atlanta Braves,5,6
2023-05-17,2023-05-18T00:10Z,Final,18,Houston Astros,16,Chicago Cubs,7,6
2023-05-17,2023-05-18T00:10Z,Final,4,Chicago White Sox,5,Cleveland Guardians,7,2
2023-05-18,2023-05-18T16:35Z,Final,1,Baltimore Orioles,3,Los Angeles Angels,5,6
2023-05-18,2023-05-18T17:10Z,Final,21,New York Mets,30,Tampa Bay Rays,3,2
2023-05-18,2023-05-18T17:10Z,Final,28,Miami Marlins,20,Washington Nationals,5,3
2023-05-18,2023-05-18T18:10Z,Final,4,Chicago White Sox,5,Cleveland Guardians,1,3
2023-05-18,2023-05-18T23:07Z,Final,14,Toronto Blue Jays,10,New York Yankees,2,4
2023-05-18,2023-05-18T23:45Z,Final,24,St. Louis Cardinals,19,Los Angeles Dodgers,16,8
2023-05-19,2023-05-19T22:35Z,Final,23,Pittsburgh Pirates,29,Arizona Diamondbacks,13,3
2023-05-19,2023-05-19T22:40Z,Final,30,Tampa Bay Rays,8,Milwaukee Brewers,1,0
2023-05-19,2023-05-19T22:40Z,Final,17,Cincinnati Reds,10,New York Yankees,2,6
2023-05-19,2023-05-19T23:05Z,Final,22,Philadelphia Phillies,16,Chicago Cubs,1,10
2023-05-19,2023-05-19T23:05Z,Final,20,Washington Nationals,6,Detroit Tigers,6,8
2023-05-19,2023-05-19T23:07Z,Final,14,Toronto Blue Jays,1,Baltimore Orioles,2,6
2023-05-19,2023-05-19T23:10Z,Final,21,New York Mets,5,Cleveland Guardians,10,9
2023-05-19,2023-05-19T23:20Z,Final,15,Atlanta Braves,12,Seattle Mariners,6,2
2023-05-19,2023-05-20T00:05Z,Final,13,Texas Rangers,27,Colorado Rockies,7,2
2023-05-19,2023-05-20T00:10Z,Final,4,Chicago White Sox,7,Kansas City Royals,2,0
2023-05-19,2023-05-20T00:10Z,Final,18,Houston Astros,11,Oakland Athletics,5,1
2023-05-19,2023-05-20T00:15Z,Final,24,St. Louis Cardinals,19,Los Angeles Dodgers,0,5
2023-05-19,2023-05-20T01:38Z,Final,3,Los Angeles Angels,9,Minnesota Twins,5,4
2023-05-19,2023-05-20T01:40Z,Final,25,San Diego Padres,2,Boston Red Sox,1,6
2023-05-19,2023-05-20T02:15Z,Final,26,San Francisco Giants,28,Miami Marlins,4,3
2023-05-20,2023-05-20T18:10Z,Final,4,Chicago White Sox,7,Kansas City Royals,5,1
2023-05-20,2023-05-20T19:07Z,Final,14,Toronto Blue Jays,1,Baltimore Orioles,5,6
2023-05-20,2023-05-20T20:05Z,Final,22,Philadelphia Phillies,16,Chicago Cubs,12,3
2023-05-20,2023-05-20T20:05Z,Final,13,Texas Rangers,27,Colorado Rockies,11,5
2023-05-20,2023-05-20T20:05Z,Final,20,Washington Nationals,6,Detroit Tigers,5,2
2023-05-20,2023-05-20T20:05Z,Final,26,San Francisco Giants,28,Miami Marlins,0,1
2023-05-20,2023-05-20T20:05Z,Final,23,Pittsburgh Pirates,29,Arizona Diamondbacks,3,4
2023-05-20,2023-05-20T20:10Z,Final,30,Tampa Bay Rays,8,Milwaukee Brewers,8,4
2023-05-20,2023-05-20T20:10Z,Final,17,Cincinnati Reds,10,New York Yankees,4,7
2023-05-20,2023-05-20T20:10Z,Final,18,Houston Astros,11,Oakland Athletics,3,2
2023-05-20,2023-05-20T23:15Z,Final,24,St. Louis Cardinals,19,Los Angeles Dodgers,6,5
2023-05-20,2023-05-20T23:15Z,Final,15,Atlanta Braves,12,Seattle Mariners,3,7
2023-05-20,2023-05-21T02:07Z,Final,3,Los Angeles Angels,9,Minnesota Twins,2,6
2023-05-20,2023-05-21T02:10Z,Final,25,San Diego Padres,2,Boston Red Sox,2,4
2023-05-21,2023-05-21T15:35Z,Final,17,Cincinnati Reds,10,New York Yankees,1,4
2023-05-21,2023-05-21T17:35Z,Final,22,Philadelphia Phillies,16,Chicago Cubs,2,1
2023-05-21,2023-05-21T17:35Z,Final,20,Washington Nationals,6,Detroit Tigers,6,4
2023-05-21,2023-05-21T17:35Z,Final,15,Atlanta Braves,12,Seattle Mariners,3,2
2023-05-21,2023-05-21T17:35Z,Final,23,Pittsburgh Pirates,29,Arizona Diamondbacks,3,8
2023-05-21,2023-05-21T17:37Z,Final,14,Toronto Blue Jays,1,Baltimore Orioles,3,8
2023-05-21,2023-05-21T17:40Z,Final,30,Tampa Bay Rays,8,Milwaukee Brewers,4,6
2023-05-21,2023-05-21T17:40Z,Final,21,New York Mets,5,Cleveland Guardians,5,4
2023-05-21,2023-05-21T18:10Z,Final,4,Chicago White Sox,7,Kansas City Royals,5,2
2023-05-21,2023-05-21T18:10Z,Final,18,Houston Astros,11,Oakland Athletics,2,0
2023-05-21,2023-05-21T18:15Z,Final,24,St. Louis Cardinals,19,Los Angeles Dodgers,10,5
2023-05-21,2023-05-21T18:35Z,Final,13,Texas Rangers,27,Colorado Rockies,13,3
2023-05-21,2023-05-21T20:05Z,Final,26,San Francisco Giants,28,Miami Marlins,7,5
2023-05-21,2023-05-21T20:07Z,Final,3,Los Angeles Angels,9,Minnesota Twins,4,2
2023-05-21,2023-05-21T20:10Z,Final,25,San Diego Padres,2,Boston Red Sox,7,0
2023-05-21,2023-05-21T23:00Z,Final,21,New York Mets,5,Cleveland Guardians,2,1
2023-05-22,2023-05-22T22:10Z,Final,5,Cleveland Guardians,4,Chicago White Sox,3,0
2023-05-22,2023-05-22T22:35Z,Final,23,Pittsburgh Pirates,13,Texas Rangers,6,4
2023-05-22,2023-05-22T22:40Z,Final,22,Philadelphia Phillies,29,Arizona Diamondbacks,3,6
2023-05-22,2023-05-22T22:40Z,Final,17,Cincinnati Reds,24,St. Louis Cardinals,6,5
2023-05-22,2023-05-22T22:40Z,Final,30,Tampa Bay Rays,14,Toronto Blue Jays,6,4
2023-05-22,2023-05-22T23:20Z,Final,15,Atlanta Braves,19,Los Angeles Dodgers,6,8
2023-05-22,2023-05-22T23:40Z,Final,7,Kansas City Royals,6,Detroit Tigers,5,8
2023-05-22,2023-05-22T23:40Z,Final,8,Milwaukee Brewers,18,Houston Astros,2,12
2023-05-22,2023-05-22T23:40Z,Final,9,Minnesota Twins,26,San Francisco Giants,1,4
2023-05-22,2023-05-23T00:40Z,Final,27,Colorado Rockies,28,Miami Marlins,5,3
2023-05-22,2023-05-23T01:38Z,Final,3,Los Angeles Angels,2,Boston Red Sox,2,1
2023-05-22,2023-05-23T01:40Z,Final,12,Seattle Mariners,11,Oakland Athletics,11,2
2023-05-23,2023-05-23T22:10Z,Final,5,Cleveland Guardians,4,Chicago White Sox,2,4
2023-05-23,2023-05-23T22:35Z,Final,23,Pittsburgh Pirates,13,Texas Rangers,1,6
2023-05-23,2023-05-23T22:40Z,Final,22,Philadelphia Phillies,29,Arizona Diamondbacks,3,4
2023-05-23,2023-05-23T22:40Z,Final,17,Cincinnati Reds,24,St. Louis Cardinals,5,8
2023-05-23,2023-05-23T22:40Z,Final,30,Tampa Bay Rays,14,Toronto Blue Jays,1,20
2023-05-23,2023-05-23T23:05Z,Final,10,New York Yankees,1,Baltimore Orioles,6,5
2023-05-23,2023-05-23T23:05Z,Final,20,Washington Nationals,25,San Diego Padres,4,7
2023-05-23,2023-05-23T23:20Z,Final,15,Atlanta Braves,19,Los Angeles Dodgers,1,8
2023-05-23,2023-05-23T23:40Z,Final,7,Kansas City Royals,6,Detroit Tigers,4,1
2023-05-23,2023-05-23T23:40Z,Final,8,Milwaukee Brewers,18,Houston Astros,6,0
2023-05-23,2023-05-23T23:40Z,Final,16,Chicago Cubs,21,New York Mets,7,2
2023-05-23,2023-05-23T23:40Z,Final,9,Minnesota Twins,26,San Francisco Giants,3,4
2023-05-23,2023-05-24T00:40Z,Final,27,Colorado Rockies,28,Miami Marlins,5,4
2023-05-23,2023-05-24T01:38Z,Final,3,Los Angeles Angels,2,Boston Red Sox,4,0
2023-05-23,2023-05-24T01:40Z,Final,12,Seattle Mariners,11,Oakland Athletics,3,2
2023-05-24,2023-05-24T16:35Z,Final,23,Pittsburgh Pirates,13,Texas Rangers,2,3
2023-05-24,2023-05-24T17:05Z,Final,22,Philadelphia Phillies,29,Arizona Diamondbacks,6,5
2023-05-24,2023-05-24T17:10Z,Final,5,Cleveland Guardians,4,Chicago White Sox,0,6
2023-05-24,2023-05-24T17:10Z,Final,8,Milwaukee Brewers,18,Houston Astros,4,0
2023-05-24,2023-05-24T17:10Z,Final,9,Minnesota Twins,26,San Francisco Giants,7,1
2023-05-24,2023-05-24T22:40Z,Final,17,Cincinnati Reds,24,St. Louis Cardinals,10,3
2023-05-24,2023-05-24T22:40Z,Final,30,Tampa Bay Rays,14,Toronto Blue Jays,7,3
2023-05-24,2023-05-24T23:05Z,Final,10,New York Yankees,1,Baltimore Orioles,6,9
2023-05-24,2023-05-24T23:05Z,Final,20,Washington Nationals,25,San Diego Padres,5,3
2023-05-24,2023-05-24T23:20Z,Final,15,Atlanta Braves,19,Los Angeles Dodgers,4,3
2023-05-24,2023-05-24T23:40Z,Final,7,Kansas City Royals,6,Detroit Tigers,4,6
2023-05-24,2023-05-24T23:40Z,Final,16,Chicago Cubs,21,New York Mets,4,2
2023-05-24,2023-05-25T00:40Z,Final,27,Colorado Rockies,28,Miami Marlins,2,10
2023-05-24,2023-05-25T01:38Z,Final,3,Los Angeles Angels,2,Boston Red Sox,7,3
2023-05-24,2023-05-25T01:40Z,Final,12,Seattle Mariners,11,Oakland Athletics,6,1
2023-05-25,2023-05-25T16:35Z,Final,17,Cincinnati Reds,24,St. Louis Cardinals,1,2
2023-05-25,2023-05-25T17:10Z,Final,30,Tampa Bay Rays,14,Toronto Blue Jays,6,3
2023-05-25,2023-05-25T19:10Z,Final,27,Colorado Rockies,28,Miami Marlins,7,6
2023-05-25,2023-05-25T20:05Z,Final,20,Washington Nationals,25,San Diego Padres,6,8
2023-05-25,2023-05-25T22:40Z,Final,6,Detroit Tigers,4,Chicago White Sox,7,2
2023-05-25,2023-05-25T23:05Z,Final,10,New York Yankees,1,Baltimore Orioles,1,3
2023-05-25,2023-05-25T23:20Z,Final,15,Atlanta Braves,22,Philadelphia Phillies,8,5
2023-05-25,2023-05-25T23:40Z,Final,16,Chicago Cubs,21,New York Mets,1,10
2023-05-25,2023-05-25T23:40Z,Final,8,Milwaukee Brewers,26,San Francisco Giants,0,5
2023-05-25,2023-05-26T01:40Z,Final,12,Seattle Mariners,11,Oakland Athletics,3,2
2023-05-26,2023-05-26T18:20Z,Final,16,Chicago Cubs,17,Cincinnati Reds,0,9
2023-05-26,2023-05-26T22:40Z,Final,6,Detroit Tigers,4,Chicago White Sox,3,12
2023-05-26,2023-05-26T22:40Z,Final,30,Tampa Bay Rays,19,Los Angeles Dodgers,9,3
2023-05-26,2023-05-26T23:05Z,Final,10,New York Yankees,25,San Diego Padres,1,5
2023-05-26,2023-05-26T23:05Z,Final,1,Baltimore Orioles,13,Texas Rangers,2,12
2023-05-26,2023-05-26T23:10Z,Final,5,Cleveland Guardians,24,St. Louis Cardinals,4,3
2023-05-26,2023-05-26T23:20Z,Final,15,Atlanta Braves,22,Philadelphia Phillies,4,6
2023-05-26,2023-05-27T00:10Z,Final,8,Milwaukee Brewers,26,San Francisco Giants,1,15
2023-05-26,2023-05-27T00:10Z,Final,9,Minnesota Twins,14,Toronto Blue Jays,1,3
2023-05-26,2023-05-27T00:10Z,Final,7,Kansas City Royals,20,Washington Nationals,10,12
2023-05-26,2023-05-27T00:40Z,Final,27,Colorado Rockies,21,New York Mets,2,5
2023-05-26,2023-05-27T01:38Z,Final,3,Los Angeles Angels,28,Miami Marlins,2,6
2023-05-26,2023-05-27T01:40Z,Final,29,Arizona Diamondbacks,2,Boston Red Sox,2,7
2023-05-26,2023-05-27T01:40Z,Final,11,Oakland Athletics,18,Houston Astros,2,5
2023-05-26,2023-05-27T02:10Z,Final,12,Seattle Mariners,23,Pittsburgh Pirates,6,11
2023-05-27,2023-05-27T17:05Z,Final,10,New York Yankees,25,San Diego Padres,3,2
2023-05-27,2023-05-27T17:10Z,Final,6,Detroit Tigers,4,Chicago White Sox,7,3
2023-05-27,2023-05-27T18:10Z,Final,9,Minnesota Twins,14,Toronto Blue Jays,9,7
2023-05-27,2023-05-27T20:05Z,Final,1,Baltimore Orioles,13,Texas Rangers,3,5
2023-05-27,2023-05-27T20:07Z,Final,11,Oakland Athletics,18,Houston Astros,3,6
2023-05-27,2023-05-27T20:10Z,Final,30,Tampa Bay Rays,19,Los Angeles Dodgers,5,6
2023-05-27,2023-05-27T20:10Z,Final,15,Atlanta Braves,22,Philadelphia Phillies,1,2
2023-05-27,2023-05-27T20:10Z,Final,12,Seattle Mariners,23,Pittsburgh Pirates,5,0
2023-05-27,2023-05-27T20:10Z,Final,8,Milwaukee Brewers,26,San Francisco Giants,1,3
2023-05-27,2023-05-27T20:10Z,Final,7,Kansas City Royals,20,Washington Nationals,2,4
2023-05-27,2023-05-27T23:15Z,Final,29,Arizona Diamondbacks,2,Boston Red Sox,1,2
2023-05-27,2023-05-27T23:15Z,Final,16,Chicago Cubs,17,Cincinnati Reds,5,8
2023-05-27,2023-05-27T23:15Z,Final,5,Cleveland Guardians,24,St. Louis Cardinals,1,2
2023-05-27,2023-05-28T01:10Z,Final,27,Colorado Rockies,21,New York Mets,10,7
2023-05-27,2023-05-28T02:07Z,Final,3,Los Angeles Angels,28,Miami Marlins,5,8
2023-05-28,2023-05-28T15:35Z,Final,30,Tampa Bay Rays,19,Los Angeles Dodgers,11,10
2023-05-28,2023-05-28T17:35Z,Final,10,New York Yankees,25,San Diego Padres,10,7
2023-05-28,2023-05-28T17:35Z,Final,1,Baltimore Orioles,13,Texas Rangers,3,2
2023-05-28,2023-05-28T17:40Z,Final,6,Detroit Tigers,4,Chicago White Sox,6,5
2023-05-28,2023-05-28T17:40Z,Final,5,Cleveland Guardians,24,St. Louis Cardinals,4,3
2023-05-28,2023-05-28T18:10Z,Final,8,Milwaukee Brewers,26,San Francisco Giants,7,5
2023-05-28,2023-05-28T18:10Z,Final,9,Minnesota Twins,14,Toronto Blue Jays,0,3
2023-05-28,2023-05-28T18:10Z,Final,7,Kansas City Royals,20,Washington Nationals,3,2
2023-05-28,2023-05-28T18:20Z,Final,16,Chicago Cubs,17,Cincinnati Reds,5,8
2023-05-28,2023-05-28T19:10Z,Final,27,Colorado Rockies,21,New York Mets,11,10
2023-05-28,2023-05-28T20:07Z,Final,11,Oakland Athletics,18,Houston Astros,1,10
2023-05-28,2023-05-28T20:07Z,Final,3,Los Angeles Angels,28,Miami Marlins,0,2
2023-05-28,2023-05-28T20:10Z,Final,29,Arizona Diamondbacks,2,Boston Red Sox,4,2
2023-05-28,2023-05-28T20:10Z,Final,12,Seattle Mariners,23,Pittsburgh Pirates,6,3
2023-05-28,2023-05-28T23:00Z,Final,15,Atlanta Braves,22,Philadelphia Phillies,11,4
2023-05-29,2023-05-29T17:05Z,Final,1,Baltimore Orioles,5,Cleveland Guardians,0,5
2023-05-29,2023-05-29T17:10Z,Final,6,Detroit Tigers,13,Texas Rangers,0,5
2023-05-29,2023-05-29T18:15Z,Final,24,St. Louis Cardinals,7,Kansas City Royals,0,7
2023-05-29,2023-05-29T18:20Z,Final,16,Chicago Cubs,30,Tampa Bay Rays,1,0
2023-05-29,2023-05-29T20:10Z,Final,29,Arizona Diamondbacks,27,Colorado Rockies,7,5
2023-05-29,2023-05-29T20:10Z,Final,18,Houston Astros,9,Minnesota Twins,5,7
2023-05-29,2023-05-29T21:05Z,Final,26,San Francisco Giants,23,Pittsburgh Pirates,14,4
2023-05-29,2023-05-30T00:07Z,Final,11,Oakland Athletics,15,Atlanta Braves,7,2
2023-05-29,2023-05-30T00:10Z,Final,4,Chicago White Sox,3,Los Angeles Angels,4,6
2023-05-29,2023-05-30T01:10Z,Final,19,Los Angeles Dodgers,20,Washington Nationals,6,1
2023-05-29,2023-05-30T01:40Z,Final,12,Seattle Mariners,10,New York Yankees,4,10
2023-05-30,2023-05-30T22:40Z,Final,28,Miami Marlins,25,San Diego Padres,4,9
2023-05-30,2023-05-30T22:40Z,Final,6,Detroit Tigers,13,Texas Rangers,6,10
2023-05-30,2023-05-30T23:05Z,Final,1,Baltimore Orioles,5,Cleveland Guardians,8,5
2023-05-30,2023-05-30T23:07Z,Final,14,Toronto Blue Jays,8,Milwaukee Brewers,7,2
2023-05-30,2023-05-30T23:10Z,Final,2,Boston Red Sox,17,Cincinnati Reds,8,9
2023-05-30,2023-05-30T23:10Z,Final,21,New York Mets,22,Philadelphia Phillies,2,0
2023-05-30,2023-05-30T23:45Z,Final,24,St. Louis Cardinals,7,Kansas City Royals,2,1
2023-05-30,2023-05-31T00:05Z,Final,16,Chicago Cubs,30,Tampa Bay Rays,2,1
2023-05-30,2023-05-31T00:10Z,Final,4,Chicago White Sox,3,Los Angeles Angels,7,3
2023-05-30,2023-05-31T00:10Z,Final,18,Houston Astros,9,Minnesota Twins,5,1
2023-05-30,2023-05-31T01:40Z,Final,11,Oakland Athletics,15,Atlanta Braves,2,1
2023-05-30,2023-05-31T01:40Z,Final,29,Arizona Diamondbacks,27,Colorado Rockies,5,1
2023-05-30,2023-05-31T01:40Z,Final,12,Seattle Mariners,10,New York Yankees,2,10
2023-05-30,2023-05-31T01:45Z,Final,26,San Francisco Giants,23,Pittsburgh Pirates,1,2
2023-05-30,2023-05-31T02:10Z,Final,19,Los Angeles Dodgers,20,Washington Nationals,9,3
2023-05-31,2023-05-31T17:10Z,Final,6,Detroit Tigers,13,Texas Rangers,3,2
2023-05-31,2023-05-31T18:10Z,Final,4,Chicago White Sox,3,Los Angeles Angels,5,12
2023-05-31,2023-05-31T18:20Z,Final,16,Chicago Cubs,30,Tampa Bay Rays,3,4
2023-05-31,2023-05-31T19:05Z,Final,1,Baltimore Orioles,5,Cleveland Guardians,8,12
2023-05-31,2023-05-31T19:37Z,Final,11,Oakland Athletics,15,Atlanta Braves,2,4
2023-05-31,2023-05-31T19:45Z,Final,26,San Francisco Giants,23,Pittsburgh Pirates,4,9
2023-05-31,2023-05-31T20:10Z,Final,19,Los Angeles Dodgers,20,Washington Nationals,6,10
2023-05-31,2023-05-31T22:40Z,Final,28,Miami Marlins,25,San Diego Padres,2,1
2023-05-31,2023-05-31T23:07Z,Final,14,Toronto Blue Jays,8,Milwaukee Brewers,2,4
2023-05-31,2023-05-31T23:10Z,Final,2,Boston Red Sox,17,Cincinnati Reds,4,5
2023-05-31,2023-05-31T23:10Z,Final,21,New York Mets,22,Philadelphia Phillies,4,1
2023-05-31,2023-06-01T00:10Z,Final,18,Houston Astros,9,Minnesota Twins,2,8
2023-05-31,2023-06-01T01:40Z,Final,29,Arizona Diamondbacks,27,Colorado Rockies,6,0
2023-05-31,2023-06-01T01:40Z,Final,12,Seattle Mariners,10,New York Yankees,1,0
2023-06-01,2023-06-01T17:07Z,Final,14,Toronto Blue Jays,8,Milwaukee Brewers,3,1
2023-06-01,2023-06-01T17:10Z,Final,21,New York Mets,22,Philadelphia Phillies,4,2
2023-06-01,2023-06-01T17:10Z,Final,28,Miami Marlins,25,San Diego Padres,1,10
2023-06-01,2023-06-01T19:40Z,Final,29,Arizona Diamondbacks,27,Colorado Rockies,5,4
2023-06-01,2023-06-01T23:10Z,Final,2,Boston Red Sox,17,Cincinnati Reds,8,2
2023-06-01,2023-06-01T23:40Z,Final,9,Minnesota Twins,5,Cleveland Guardians,7,6
2023-06-01,2023-06-02T00:10Z,Final,18,Houston Astros,3,Los Angeles Angels,5,2
2023-06-02,2023-06-02T21:10Z,Final,17,Cincinnati Reds,8,Milwaukee Brewers,4,5
2023-06-02,2023-06-02T22:40Z,Final,28,Miami Marlins,11,Oakland Athletics,4,0
2023-06-02,2023-06-02T23:05Z,Final,20,Washington Nationals,22,Philadelphia Phillies,8,7
2023-06-02,2023-06-02T23:05Z,Final,23,Pittsburgh Pirates,24,St. Louis Cardinals,7,5
2023-06-02,2023-06-02T23:10Z,Final,21,New York Mets,14,Toronto Blue Jays,0,3
2023-06-02,2023-06-03T00:05Z,Final,13,Texas Rangers,12,Seattle Mariners,2,0
2023-06-02,2023-06-03T00:10Z,Final,18,Houston Astros,3,Los Angeles Angels,6,2
2023-06-02,2023-06-03T00:10Z,Final,9,Minnesota Twins,5,Cleveland Guardians,1,0
2023-06-02,2023-06-03T00:10Z,Final,7,Kansas City Royals,27,Colorado Rockies,2,7
2023-06-02,2023-06-03T00:10Z,Final,4,Chicago White Sox,6,Detroit Tigers,3,0
2023-06-02,2023-06-03T01:40Z,Final,29,Arizona Diamondbacks,15,Atlanta Braves,3,2
2023-06-02,2023-06-03T01:40Z,Final,25,San Diego Padres,16,Chicago Cubs,1,2
2023-06-02,2023-06-03T02:10Z,Final,19,Los Angeles Dodgers,10,New York Yankees,8,4
2023-06-02,2023-06-03T02:15Z,Final,26,San Francisco Giants,1,Baltimore Orioles,2,3
2023-06-03,2023-06-03T17:10Z,Final,2,Boston Red Sox,30,Tampa Bay Rays,8,5
2023-06-03,2023-06-03T18:10Z,Final,4,Chicago White Sox,6,Detroit Tigers,2,1
2023-06-03,2023-06-03T20:05Z,Final,20,Washington Nationals,22,Philadelphia Phillies,2,4
2023-06-03,2023-06-03T20:05Z,Final,13,Texas Rangers,12,Seattle Mariners,16,6
2023-06-03,2023-06-03T20:05Z,Final,23,Pittsburgh Pirates,24,St. Louis Cardinals,4,3
2023-06-03,2023-06-03T20:10Z,Final,18,Houston Astros,3,Los Angeles Angels,9,6
2023-06-03,2023-06-03T20:10Z,Final,7,Kansas City Royals,27,Colorado Rockies,4,6
2023-06-03,2023-06-03T20:10Z,Final,17,Cincinnati Reds,8,Milwaukee Brewers,8,10
2023-06-03,2023-06-03T20:10Z,Final,28,Miami Marlins,11,Oakland Athletics,12,1
2023-06-03,2023-06-03T20:10Z,Final,21,New York Mets,14,Toronto Blue Jays,1,2
2023-06-03,2023-06-03T22:10Z,Final,2,Boston Red Sox,30,Tampa Bay Rays,2,4
2023-06-03,2023-06-03T23:15Z,Final,9,Minnesota Twins,5,Cleveland Guardians,2,4
2023-06-03,2023-06-03T23:15Z,Final,19,Los Angeles Dodgers,10,New York Yankees,3,6
2023-06-03,2023-06-04T02:05Z,Final,26,San Francisco Giants,1,Baltimore Orioles,4,0
2023-06-03,2023-06-04T02:10Z,Final,29,Arizona Diamondbacks,15,Atlanta Braves,2,5
2023-06-03,2023-06-04T02:10Z,Final,25,San Diego Padres,16,Chicago Cubs,6,0
2023-06-04,2023-06-04T15:35Z,Final,23,Pittsburgh Pirates,24,St. Louis Cardinals,2,1
2023-06-04,2023-06-04T17:35Z,Final,20,Washington Nationals,22,Philadelphia Phillies,3,11
2023-06-04,2023-06-04T17:35Z,Final,2,Boston Red Sox,30,Tampa Bay Rays,2,6
2023-06-04,2023-06-04T17:40Z,Final,17,Cincinnati Reds,8,Milwaukee Brewers,1,5
2023-06-04,2023-06-04T17:40Z,Final,28,Miami Marlins,11,Oakland Athletics,7,5
2023-06-04,2023-06-04T17:40Z,Final,21,New York Mets,14,Toronto Blue Jays,4,6
2023-06-04,2023-06-04T18:10Z,Final,18,Houston Astros,3,Los Angeles Angels,1,2
2023-06-04,2023-06-04T18:10Z,Final,9,Minnesota Twins,5,Cleveland Guardians,1,2
2023-06-04,2023-06-04T18:10Z,Final,7,Kansas City Royals,27,Colorado Rockies,2,0
2023-06-04,2023-06-04T18:10Z,Final,4,Chicago White Sox,6,Detroit Tigers,6,2
2023-06-04,2023-06-04T18:35Z,Final,13,Texas Rangers,12,Seattle Mariners,12,3
2023-06-04,2023-06-04T20:05Z,Final,26,San Francisco Giants,1,Baltimore Orioles,3,8
2023-06-04,2023-06-04T20:10Z,Final,29,Arizona Diamondbacks,15,Atlanta Braves,5,8
2023-06-04,2023-06-04T21:30Z,Final,25,San Diego Padres,16,Chicago Cubs,1,7
2023-06-04,2023-06-04T23:00Z,Final,19,Los Angeles Dodgers,10,New York Yankees,1,4
2023-06-05,2023-06-05T20:05Z,Final,2,Boston Red Sox,30,Tampa Bay Rays,1,4
2023-06-05,2023-06-05T22:40Z,Final,22,Philadelphia Phillies,6,Detroit Tigers,8,3
2023-06-05,2023-06-05T22:40Z,Final,28,Miami Marlins,7,Kansas City Royals,9,6
2023-06-05,2023-06-05T23:05Z,Final,23,Pittsburgh Pirates,11,Oakland Athletics,5,4
2023-06-05,2023-06-05T23:07Z,Final,14,Toronto Blue Jays,18,Houston Astros,4,11
2023-06-05,2023-06-05T23:10Z,Final,17,Cincinnati Reds,8,Milwaukee Brewers,2,0
2023-06-05,2023-06-06T00:05Z,Final,13,Texas Rangers,24,St. Louis Cardinals,4,3
2023-06-05,2023-06-06T01:10Z,Final,25,San Diego Padres,16,Chicago Cubs,5,0
2023-06-06,2023-06-06T22:40Z,Final,22,Philadelphia Phillies,6,Detroit Tigers,1,0
2023-06-06,2023-06-06T22:40Z,Final,28,Miami Marlins,7,Kansas City Royals,6,1
2023-06-06,2023-06-06T22:40Z,Final,30,Tampa Bay Rays,9,Minnesota Twins,7,0
2023-06-06,2023-06-06T23:05Z,Final,20,Washington Nationals,29,Arizona Diamondbacks,5,10
2023-06-06,2023-06-06T23:05Z,Final,10,New York Yankees,4,Chicago White Sox,2,3
2023-06-06,2023-06-06T23:05Z,Final,23,Pittsburgh Pirates,11,Oakland Athletics,2,11
2023-06-06,2023-06-06T23:07Z,Final,14,Toronto Blue Jays,18,Houston Astros,5,1
2023-06-06,2023-06-06T23:10Z,Final,5,Cleveland Guardians,2,Boston Red Sox,4,5
2023-06-06,2023-06-06T23:10Z,Final,17,Cincinnati Reds,19,Los Angeles Dodgers,9,8
2023-06-06,2023-06-06T23:20Z,Final,15,Atlanta Braves,21,New York Mets,6,4
2023-06-06,2023-06-06T23:40Z,Final,8,Milwaukee Brewers,1,Baltimore Orioles,4,3
2023-06-06,2023-06-07T00:05Z,Final,13,Texas Rangers,24,St. Louis Cardinals,6,4
2023-06-06,2023-06-07T00:40Z,Final,27,Colorado Rockies,26,San Francisco Giants,4,10
2023-06-06,2023-06-07T01:38Z,Final,3,Los Angeles Angels,16,Chicago Cubs,7,4
2023-06-06,2023-06-07T01:40Z,Final,25,San Diego Padres,12,Seattle Mariners,1,4
2023-06-07,2023-06-07T16:35Z,Final,23,Pittsburgh Pirates,11,Oakland Athletics,5,9
2023-06-07,2023-06-07T20:10Z,Final,25,San Diego Padres,12,Seattle Mariners,10,3
2023-06-07,2023-06-07T22:10Z,Final,28,Miami Marlins,7,Kansas City Royals,6,1
2023-06-07,2023-06-07T22:40Z,Final,30,Tampa Bay Rays,9,Minnesota Twins,2,1
2023-06-07,2023-06-07T23:05Z,Final,20,Washington Nationals,29,Arizona Diamondbacks,2,6
2023-06-07,2023-06-07T23:07Z,Final,14,Toronto Blue Jays,18,Houston Astros,3,2
2023-06-07,2023-06-07T23:10Z,Final,5,Cleveland Guardians,2,Boston Red Sox,5,2
2023-06-07,2023-06-07T23:10Z,Final,17,Cincinnati Reds,19,Los Angeles Dodgers,8,6
2023-06-07,2023-06-07T23:20Z,Final,15,Atlanta Braves,21,New York Mets,7,5
2023-06-07,2023-06-07T23:40Z,Final,8,Milwaukee Brewers,1,Baltimore Orioles,10,2
2023-06-07,2023-06-08T00:05Z,Final,13,Texas Rangers,24,St. Louis Cardinals,0,1
2023-06-07,2023-06-08T00:40Z,Final,27,Colorado Rockies,26,San Francisco Giants,4,5
2023-06-07,2023-06-08T01:38Z,Final,3,Los Angeles Angels,16,Chicago Cubs,6,2
2023-06-08,2023-06-08T16:35Z,Final,17,Cincinnati Reds,19,Los Angeles Dodgers,0,6
2023-06-08,2023-06-08T17:10Z,Final,30,Tampa Bay Rays,9,Minnesota Twins,4,2
2023-06-08,2023-06-08T18:10Z,Final,8,Milwaukee Brewers,1,Baltimore Orioles,3,6
2023-06-08,2023-06-08T19:10Z,Final,27,Colorado Rockies,26,San Francisco Giants,4,6
2023-06-08,2023-06-08T20:05Z,Final,10,New York Yankees,4,Chicago White Sox,5,6
2023-06-08,2023-06-08T22:05Z,Final,22,Philadelphia Phillies,6,Detroit Tigers,3,2
2023-06-08,2023-06-08T23:07Z,Final,14,Toronto Blue Jays,18,Houston Astros,3,2
2023-06-08,2023-06-08T23:10Z,Final,5,Cleveland Guardians,2,Boston Red Sox,10,3
2023-06-08,2023-06-08T23:20Z,Final,15,Atlanta Braves,21,New York Mets,13,10
2023-06-08,2023-06-08T23:35Z,Final,10,New York Yankees,4,Chicago White Sox,3,0
2023-06-08,2023-06-09T01:38Z,Final,3,Los Angeles Angels,16,Chicago Cubs,3,1
2023-06-09,2023-06-09T22:40Z,Final,6,Detroit Tigers,29,Arizona Diamondbacks,6,11
2023-06-09,2023-06-09T22:40Z,Final,30,Tampa Bay Rays,13,Texas Rangers,8,3
2023-06-09,2023-06-09T23:05Z,Final,10,New York Yankees,2,Boston Red Sox,2,3
2023-06-09,2023-06-09T23:05Z,Final,1,Baltimore Orioles,7,Kansas City Royals,3,2
2023-06-09,2023-06-09T23:05Z,Final,22,Philadelphia Phillies,19,Los Angeles Dodgers,5,4
2023-06-09,2023-06-09T23:05Z,Final,23,Pittsburgh Pirates,21,New York Mets,14,7
2023-06-09,2023-06-09T23:07Z,Final,14,Toronto Blue Jays,9,Minnesota Twins,2,3
2023-06-09,2023-06-09T23:10Z,Final,5,Cleveland Guardians,18,Houston Astros,10,9
2023-06-09,2023-06-09T23:20Z,Final,15,Atlanta Braves,20,Washington Nationals,3,2
2023-06-09,2023-06-10T00:10Z,Final,4,Chicago White Sox,28,Miami Marlins,2,1
2023-06-09,2023-06-10T00:10Z,Final,8,Milwaukee Brewers,11,Oakland Athletics,2,5
2023-06-09,2023-06-10T00:15Z,Final,24,St. Louis Cardinals,17,Cincinnati Reds,7,4
2023-06-09,2023-06-10T00:40Z,Final,27,Colorado Rockies,25,San Diego Padres,6,9
2023-06-09,2023-06-10T01:38Z,Final,3,Los Angeles Angels,12,Seattle Mariners,5,4
2023-06-09,2023-06-10T02:15Z,Final,26,San Francisco Giants,16,Chicago Cubs,2,3
2023-06-10,2023-06-10T17:10Z,Final,6,Detroit Tigers,29,Arizona Diamondbacks,0,5
2023-06-10,2023-06-10T18:10Z,Final,4,Chicago White Sox,28,Miami Marlins,1,5
2023-06-10,2023-06-10T18:15Z,Final,24,St. Louis Cardinals,17,Cincinnati Reds,4,8
2023-06-10,2023-06-10T19:07Z,Final,14,Toronto Blue Jays,9,Minnesota Twins,4,9
2023-06-10,2023-06-10T19:10Z,Final,27,Colorado Rockies,25,San Diego Padres,2,3
2023-06-10,2023-06-10T20:05Z,Final,1,Baltimore Orioles,7,Kansas City Royals,6,1
2023-06-10,2023-06-10T20:05Z,Final,22,Philadelphia Phillies,19,Los Angeles Dodgers,0,9
2023-06-10,2023-06-10T20:05Z,Final,23,Pittsburgh Pirates,21,New York Mets,1,5
2023-06-10,2023-06-10T20:10Z,Final,8,Milwaukee Brewers,11,Oakland Athletics,1,2
2023-06-10,2023-06-10T20:10Z,Final,30,Tampa Bay Rays,13,Texas Rangers,4,8
2023-06-10,2023-06-10T20:10Z,Final,15,Atlanta Braves,20,Washington Nationals,6,4
2023-06-10,2023-06-10T22:10Z,Final,5,Cleveland Guardians,18,Houston Astros,4,6
2023-06-10,2023-06-10T23:35Z,Final,10,New York Yankees,2,Boston Red Sox,3,1
2023-06-10,2023-06-10T23:35Z,Final,26,San Francisco Giants,16,Chicago Cubs,0,4
2023-06-10,2023-06-11T02:07Z,Final,3,Los Angeles Angels,12,Seattle Mariners,2,6
2023-06-11,2023-06-11T15:35Z,Final,6,Detroit Tigers,29,Arizona Diamondbacks,5,7
2023-06-11,2023-06-11T16:40Z,Final,5,Cleveland Guardians,18,Houston Astros,5,0
2023-06-11,2023-06-11T17:35Z,Final,1,Baltimore Orioles,7,Kansas City Royals,11,3
2023-06-11,2023-06-11T17:35Z,Final,22,Philadelphia Phillies,19,Los Angeles Dodgers,7,3
2023-06-11,2023-06-11T17:35Z,Final,15,Atlanta Braves,20,Washington Nationals,2,6
2023-06-11,2023-06-11T17:35Z,Final,23,Pittsburgh Pirates,21,New York Mets,2,1
2023-06-11,2023-06-11T17:37Z,Final,14,Toronto Blue Jays,9,Minnesota Twins,7,6
2023-06-11,2023-06-11T17:40Z,Final,30,Tampa Bay Rays,13,Texas Rangers,7,3
2023-06-11,2023-06-11T18:10Z,Final,4,Chicago White Sox,28,Miami Marlins,5,6
2023-06-11,2023-06-11T18:10Z,Final,8,Milwaukee Brewers,11,Oakland Athletics,6,8
2023-06-11,2023-06-11T18:15Z,Final,24,St. Louis Cardinals,17,Cincinnati Reds,3,4
2023-06-11,2023-06-11T19:10Z,Final,27,Colorado Rockies,25,San Diego Padres,5,4
2023-06-11,2023-06-11T20:05Z,Final,26,San Francisco Giants,16,Chicago Cubs,13,3
2023-06-11,2023-06-11T20:07Z,Final,3,Los Angeles Angels,12,Seattle Mariners,9,4
2023-06-11,2023-06-11T23:00Z,Final,10,New York Yankees,2,Boston Red Sox,2,3
2023-06-12,2023-06-12T22:40Z,Final,6,Detroit Tigers,15,Atlanta Braves,6,5
2023-06-12,2023-06-12T23:10Z,Final,2,Boston Red Sox,27,Colorado Rockies,3,4
2023-06-12,2023-06-12T23:45Z,Final,24,St. Louis Cardinals,26,San Francisco Giants,3,4
2023-06-12,2023-06-13T00:05Z,Final,13,Texas Rangers,3,Los Angeles Angels,6,9
2023-06-12,2023-06-13T00:10Z,Final,7,Kansas City Royals,17,Cincinnati Reds,4,5
2023-06-12,2023-06-13T01:40Z,Final,12,Seattle Mariners,28,Miami Marlins,8,1
2023-06-12,2023-06-13T01:40Z,Final,29,Arizona Diamondbacks,22,Philadelphia Phillies,9,8
2023-06-12,2023-06-13T01:40Z,Final,11,Oakland Athletics,30,Tampa Bay Rays,4,3
2023-06-13,2023-06-13T23:05Z,Final,1,Baltimore Orioles,14,Toronto Blue Jays,11,6
2023-06-13,2023-06-13T23:10Z,Final,2,Boston Red Sox,27,Colorado Rockies,6,7
2023-06-13,2023-06-13T23:10Z,Final,21,New York Mets,10,New York Yankees,6,7
2023-06-13,2023-06-13T23:40Z,Final,9,Minnesota Twins,8,Milwaukee Brewers,7,5
2023-06-13,2023-06-13T23:45Z,Final,24,St. Louis Cardinals,26,San Francisco Giants,3,11
2023-06-13,2023-06-14T00:05Z,Final,13,Texas Rangers,3,Los Angeles Angels,3,7
2023-06-13,2023-06-14T00:05Z,Final,16,Chicago Cubs,23,Pittsburgh Pirates,11,3
2023-06-13,2023-06-14T00:10Z,Final,7,Kansas City Royals,17,Cincinnati Reds,4,5
2023-06-13,2023-06-14T00:10Z,Final,18,Houston Astros,20,Washington Nationals,6,1
2023-06-13,2023-06-14T01:40Z,Final,12,Seattle Mariners,28,Miami Marlins,9,3
2023-06-13,2023-06-14T01:40Z,Final,29,Arizona Diamondbacks,22,Philadelphia Phillies,3,15
2023-06-13,2023-06-14T01:40Z,Final,11,Oakland Athletics,30,Tampa Bay Rays,2,1
2023-06-13,2023-06-14T01:40Z,Final,25,San Diego Padres,5,Cleveland Guardians,6,3
2023-06-13,2023-06-14T02:10Z,Final,19,Los Angeles Dodgers,4,Chicago White Sox,5,1
2023-06-14,2023-06-14T17:10Z,Final,6,Detroit Tigers,15,Atlanta Braves,7,10
2023-06-14,2023-06-14T17:10Z,Final,9,Minnesota Twins,8,Milwaukee Brewers,4,2
2023-06-14,2023-06-14T17:15Z,Final,24,St. Louis Cardinals,26,San Francisco Giants,5,8
2023-06-14,2023-06-14T21:05Z,Final,6,Detroit Tigers,15,Atlanta Braves,5,6
2023-06-14,2023-06-14T23:00Z,Final,21,New York Mets,10,New York Yankees,4,3
2023-06-14,2023-06-14T23:05Z,Final,1,Baltimore Orioles,14,Toronto Blue Jays,1,3
2023-06-14,2023-06-14T23:10Z,Final,2,Boston Red Sox,27,Colorado Rockies,6,3
2023-06-14,2023-06-15T00:05Z,Final,13,Texas Rangers,3,Los Angeles Angels,6,3
2023-06-14,2023-06-15T00:05Z,Final,16,Chicago Cubs,23,Pittsburgh Pirates,10,6
2023-06-14,2023-06-15T00:10Z,Final,7,Kansas City Royals,17,Cincinnati Reds,4,7
2023-06-14,2023-06-15T00:10Z,Final,18,Houston Astros,20,Washington Nationals,5,4
2023-06-14,2023-06-15T01:40Z,Final,12,Seattle Mariners,28,Miami Marlins,1,4
2023-06-14,2023-06-15T01:40Z,Final,29,Arizona Diamondbacks,22,Philadelphia Phillies,3,4
2023-06-14,2023-06-15T01:40Z,Final,11,Oakland Athletics,30,Tampa Bay Rays,3,6
2023-06-14,2023-06-15T01:40Z,Final,25,San Diego Padres,5,Cleveland Guardians,5,0
2023-06-14,2023-06-15T02:00Z,Final,19,Los Angeles Dodgers,4,Chicago White Sox,4,8
2023-06-15,2023-06-15T17:05Z,Final,1,Baltimore Orioles,14,Toronto Blue Jays,4,2
2023-06-15,2023-06-15T19:37Z,Final,11,Oakland Athletics,30,Tampa Bay Rays,3,4
2023-06-15,2023-06-15T19:40Z,Final,29,Arizona Diamondbacks,22,Philadelphia Phillies,4,5
2023-06-15,2023-06-15T23:10Z,Final,9,Minnesota Twins,6,Detroit Tigers,4,8
2023-06-15,2023-06-15T23:20Z,Final,15,Atlanta Braves,27,Colorado Rockies,8,3
2023-06-15,2023-06-16T00:05Z,Final,13,Texas Rangers,3,Los Angeles Angels,3,5
2023-06-15,2023-06-16T00:05Z,Final,16,Chicago Cubs,23,Pittsburgh Pirates,7,2
2023-06-15,2023-06-16T00:10Z,Final,18,Houston Astros,20,Washington Nationals,1,4
2023-06-15,2023-06-16T00:40Z,Final,25,San Diego Padres,5,Cleveland Guardians,6,8
2023-06-15,2023-06-16T02:10Z,Final,19,Los Angeles Dodgers,4,Chicago White Sox,5,4
2023-06-16,2023-06-16T18:20Z,Final,16,Chicago Cubs,1,Baltimore Orioles,10,3
2023-06-16,2023-06-16T23:05Z,Final,20,Washington Nationals,28,Miami Marlins,5,6
2023-06-16,2023-06-16T23:10Z,Final,2,Boston Red Sox,10,New York Yankees,15,5
2023-06-16,2023-06-16T23:10Z,Final,21,New York Mets,24,St. Louis Cardinals,6,1
2023-06-16,2023-06-16T23:20Z,Final,15,Atlanta Braves,27,Colorado Rockies,8,1
2023-06-16,2023-06-17T00:05Z,Final,13,Texas Rangers,14,Toronto Blue Jays,1,2
2023-06-16,2023-06-17T00:10Z,Final,7,Kansas City Royals,3,Los Angeles Angels,0,3
2023-06-16,2023-06-17T00:10Z,Final,18,Houston Astros,17,Cincinnati Reds,1,2
2023-06-16,2023-06-17T00:10Z,Final,9,Minnesota Twins,6,Detroit Tigers,1,7
2023-06-16,2023-06-17T00:10Z,Final,8,Milwaukee Brewers,23,Pittsburgh Pirates,5,4
2023-06-16,2023-06-17T01:40Z,Final,29,Arizona Diamondbacks,5,Cleveland Guardians,5,1
2023-06-16,2023-06-17T01:40Z,Final,11,Oakland Athletics,22,Philadelphia Phillies,1,6
2023-06-16,2023-06-17T01:40Z,Final,25,San Diego Padres,30,Tampa Bay Rays,2,6
2023-06-16,2023-06-17T02:10Z,Final,12,Seattle Mariners,4,Chicago White Sox,3,2
2023-06-16,2023-06-17T02:10Z,Final,19,Los Angeles Dodgers,26,San Francisco Giants,5,7
2023-06-17,2023-06-17T18:10Z,Final,9,Minnesota Twins,6,Detroit Tigers,2,0
2023-06-17,2023-06-17T18:20Z,Final,16,Chicago Cubs,1,Baltimore Orioles,3,2
2023-06-17,2023-06-17T20:05Z,Final,20,Washington Nationals,28,Miami Marlins,2,5
2023-06-17,2023-06-17T20:05Z,Final,13,Texas Rangers,14,Toronto Blue Jays,4,2
2023-06-17,2023-06-17T20:07Z,Final,11,Oakland Athletics,22,Philadelphia Phillies,2,3
2023-06-17,2023-06-17T20:10Z,Final,7,Kansas City Royals,3,Los Angeles Angels,10,9
2023-06-17,2023-06-17T20:10Z,Final,12,Seattle Mariners,4,Chicago White Sox,3,4
2023-06-17,2023-06-17T20:10Z,Final,18,Houston Astros,17,Cincinnati Reds,3,10
2023-06-17,2023-06-17T20:10Z,Final,15,Atlanta Braves,27,Colorado Rockies,10,2
2023-06-17,2023-06-17T20:10Z,Final,8,Milwaukee Brewers,23,Pittsburgh Pirates,5,0
2023-06-17,2023-06-17T20:10Z,Final,21,New York Mets,24,St. Louis Cardinals,3,5
2023-06-17,2023-06-17T23:15Z,Final,25,San Diego Padres,30,Tampa Bay Rays,2,0
2023-06-17,2023-06-18T01:10Z,Final,19,Los Angeles Dodgers,26,San Francisco Giants,0,15
2023-06-17,2023-06-18T02:10Z,Final,29,Arizona Diamondbacks,5,Cleveland Guardians,6,3
2023-06-18,2023-06-18T17:05Z,Final,16,Chicago Cubs,1,Baltimore Orioles,3,6
2023-06-18,2023-06-18T17:35Z,Final,15,Atlanta Braves,27,Colorado Rockies,14,6
2023-06-18,2023-06-18T17:35Z,Final,20,Washington Nationals,28,Miami Marlins,2,4
2023-06-18,2023-06-18T17:35Z,Final,2,Boston Red Sox,10,New York Yankees,6,2
2023-06-18,2023-06-18T17:40Z,Final,21,New York Mets,24,St. Louis Cardinals,7,8
2023-06-18,2023-06-18T18:10Z,Final,7,Kansas City Royals,3,Los Angeles Angels,2,5
2023-06-18,2023-06-18T18:10Z,Final,18,Houston Astros,17,Cincinnati Reds,7,9
2023-06-18,2023-06-18T18:10Z,Final,9,Minnesota Twins,6,Detroit Tigers,4,6
2023-06-18,2023-06-18T18:10Z,Final,8,Milwaukee Brewers,23,Pittsburgh Pirates,5,2
2023-06-18,2023-06-18T18:35Z,Final,13,Texas Rangers,14,Toronto Blue Jays,11,7
2023-06-18,2023-06-18T20:07Z,Final,11,Oakland Athletics,22,Philadelphia Phillies,2,3
2023-06-18,2023-06-18T20:10Z,Final,12,Seattle Mariners,4,Chicago White Sox,5,1
2023-06-18,2023-06-18T20:10Z,Final,29,Arizona Diamondbacks,5,Cleveland Guardians,3,12
2023-06-18,2023-06-18T20:10Z,Final,19,Los Angeles Dodgers,26,San Francisco Giants,3,7
2023-06-18,2023-06-18T20:10Z,Final,25,San Diego Padres,30,Tampa Bay Rays,5,4
2023-06-18,2023-06-18T23:00Z,Final,2,Boston Red Sox,10,New York Yankees,4,1
2023-06-19,2023-06-19T20:05Z,Final,20,Washington Nationals,24,St. Louis Cardinals,6,8
2023-06-19,2023-06-19T22:40Z,Final,6,Detroit Tigers,7,Kansas City Royals,6,4
2023-06-19,2023-06-19T22:40Z,Final,28,Miami Marlins,14,Toronto Blue Jays,11,0
2023-06-19,2023-06-19T23:05Z,Final,23,Pittsburgh Pirates,16,Chicago Cubs,0,8
2023-06-19,2023-06-19T23:10Z,Final,17,Cincinnati Reds,27,Colorado Rockies,5,4
2023-06-19,2023-06-19T23:40Z,Final,9,Minnesota Twins,2,Boston Red Sox,3,9
2023-06-19,2023-06-20T00:10Z,Final,8,Milwaukee Brewers,29,Arizona Diamondbacks,1,9
2023-06-19,2023-06-20T00:10Z,Final,18,Houston Astros,21,New York Mets,1,11
2023-06-19,2023-06-20T00:10Z,Final,4,Chicago White Sox,13,Texas Rangers,2,5
2023-06-19,2023-06-20T01:45Z,Final,26,San Francisco Giants,25,San Diego Padres,7,4
2023-06-20,2023-06-20T22:40Z,Final,22,Philadelphia Phillies,15,Atlanta Braves,2,4
2023-06-20,2023-06-20T22:40Z,Final,30,Tampa Bay Rays,1,Baltimore Orioles,6,8
2023-06-20,2023-06-20T22:40Z,Final,6,Detroit Tigers,7,Kansas City Royals,0,1
2023-06-20,2023-06-20T22:40Z,Final,28,Miami Marlins,14,Toronto Blue Jays,0,2
2023-06-20,2023-06-20T23:05Z,Final,10,New York Yankees,12,Seattle Mariners,3,1
2023-06-20,2023-06-20T23:05Z,Final,20,Washington Nationals,24,St. Louis Cardinals,3,9
2023-06-20,2023-06-20T23:05Z,Final,23,Pittsburgh Pirates,16,Chicago Cubs,0,4
2023-06-20,2023-06-20T23:10Z,Final,17,Cincinnati Reds,27,Colorado Rockies,8,6
2023-06-20,2023-06-20T23:10Z,Final,5,Cleveland Guardians,11,Oakland Athletics,3,2
2023-06-20,2023-06-20T23:40Z,Final,9,Minnesota Twins,2,Boston Red Sox,4,10
2023-06-20,2023-06-21T00:10Z,Final,8,Milwaukee Brewers,29,Arizona Diamondbacks,7,5
2023-06-20,2023-06-21T00:10Z,Final,18,Houston Astros,21,New York Mets,4,2
2023-06-20,2023-06-21T00:10Z,Final,4,Chicago White Sox,13,Texas Rangers,7,6
2023-06-20,2023-06-21T01:45Z,Final,26,San Francisco Giants,25,San Diego Padres,4,3
2023-06-20,2023-06-21T02:07Z,Final,3,Los Angeles Angels,19,Los Angeles Dodgers,0,2
2023-06-21,2023-06-21T16:10Z,Final,30,Tampa Bay Rays,1,Baltimore Orioles,7,2
2023-06-21,2023-06-21T16:10Z,Final,28,Miami Marlins,14,Toronto Blue Jays,3,6
2023-06-21,2023-06-21T16:35Z,Final,17,Cincinnati Reds,27,Colorado Rockies,5,3
2023-06-21,2023-06-21T16:35Z,Final,23,Pittsburgh Pirates,16,Chicago Cubs,3,8
2023-06-21,2023-06-21T17:10Z,Final,6,Detroit Tigers,7,Kansas City Royals,9,4
2023-06-21,2023-06-21T18:10Z,Final,8,Milwaukee Brewers,29,Arizona Diamondbacks,1,5
2023-06-21,2023-06-21T18:10Z,Final,18,Houston Astros,21,New York Mets,10,8
2023-06-21,2023-06-21T20:05Z,Final,20,Washington Nationals,24,St. Louis Cardinals,3,0
2023-06-21,2023-06-21T23:05Z,Final,10,New York Yankees,12,Seattle Mariners,4,2
2023-06-21,2023-06-21T23:10Z,Final,5,Cleveland Guardians,11,Oakland Athletics,7,6
2023-06-21,2023-06-21T23:40Z,Final,9,Minnesota Twins,2,Boston Red Sox,5,4
2023-06-21,2023-06-22T00:10Z,Final,4,Chicago White Sox,13,Texas Rangers,3,6
2023-06-21,2023-06-22T01:38Z,Final,3,Los Angeles Angels,19,Los Angeles Dodgers,0,2
2023-06-21,2023-06-22T01:45Z,Final,26,San Francisco Giants,25,San Diego Padres,4,2
2023-06-22,2023-06-22T17:05Z,Final,22,Philadelphia Phillies,15,Atlanta Braves,1,5
2023-06-22,2023-06-22T17:05Z,Final,20,Washington Nationals,29,Arizona Diamondbacks,3,5
2023-06-22,2023-06-22T17:10Z,Final,9,Minnesota Twins,2,Boston Red Sox,6,0
2023-06-22,2023-06-22T17:10Z,Final,5,Cleveland Guardians,11,Oakland Athletics,6,1
2023-06-22,2023-06-22T19:45Z,Final,26,San Francisco Giants,25,San Diego Padres,0,10
2023-06-22,2023-06-22T22:40Z,Final,30,Tampa Bay Rays,7,Kansas City Royals,5,6
2023-06-22,2023-06-22T22:40Z,Final,28,Miami Marlins,23,Pittsburgh Pirates,6,4
2023-06-22,2023-06-22T23:05Z,Final,10,New York Yankees,12,Seattle Mariners,2,10
2023-06-23,2023-06-23T22:40Z,Final,17,Cincinnati Reds,15,Atlanta Braves,11,10
2023-06-23,2023-06-23T22:40Z,Final,30,Tampa Bay Rays,7,Kansas City Royals,11,3
2023-06-23,2023-06-23T22:40Z,Final,6,Detroit Tigers,9,Minnesota Twins,1,4
2023-06-23,2023-06-23T22:40Z,Final,28,Miami Marlins,23,Pittsburgh Pirates,1,3
2023-06-23,2023-06-23T23:05Z,Final,22,Philadelphia Phillies,21,New York Mets,5,1
2023-06-23,2023-06-23T23:05Z,Final,1,Baltimore Orioles,12,Seattle Mariners,1,13
2023-06-23,2023-06-23T23:05Z,Final,10,New York Yankees,13,Texas Rangers,2,4
2023-06-23,2023-06-23T23:07Z,Final,14,Toronto Blue Jays,11,Oakland Athletics,4,5
2023-06-23,2023-06-23T23:10Z,Final,5,Cleveland Guardians,8,Milwaukee Brewers,1,7
2023-06-23,2023-06-24T00:10Z,Final,4,Chicago White Sox,2,Boston Red Sox,1,3
2023-06-23,2023-06-24T00:40Z,Final,27,Colorado Rockies,3,Los Angeles Angels,7,4
2023-06-23,2023-06-24T01:40Z,Final,25,San Diego Padres,20,Washington Nationals,13,3
2023-06-23,2023-06-24T02:10Z,Final,19,Los Angeles Dodgers,18,Houston Astros,3,2
2023-06-23,2023-06-24T02:15Z,Final,26,San Francisco Giants,29,Arizona Diamondbacks,8,5
2023-06-24,2023-06-24T17:10Z,Final,24,St. Louis Cardinals,16,Chicago Cubs,1,9
2023-06-24,2023-06-24T20:05Z,Final,26,San Francisco Giants,29,Arizona Diamondbacks,7,6
2023-06-24,2023-06-24T20:05Z,Final,22,Philadelphia Phillies,21,New York Mets,2,4
2023-06-24,2023-06-24T20:05Z,Final,1,Baltimore Orioles,12,Seattle Mariners,6,4
2023-06-24,2023-06-24T20:05Z,Final,10,New York Yankees,13,Texas Rangers,1,0
2023-06-24,2023-06-24T20:07Z,Final,14,Toronto Blue Jays,11,Oakland Athletics,7,3
2023-06-24,2023-06-24T20:10Z,Final,17,Cincinnati Reds,15,Atlanta Braves,6,7
2023-06-24,2023-06-24T20:10Z,Final,4,Chicago White Sox,2,Boston Red Sox,5,4
2023-06-24,2023-06-24T20:10Z,Final,30,Tampa Bay Rays,7,Kansas City Royals,4,9
2023-06-24,2023-06-24T20:10Z,Final,5,Cleveland Guardians,8,Milwaukee Brewers,4,2
2023-06-24,2023-06-24T20:10Z,Final,28,Miami Marlins,23,Pittsburgh Pirates,4,3
2023-06-24,2023-06-24T23:15Z,Final,19,Los Angeles Dodgers,18,Houston Astros,8,7
2023-06-24,2023-06-24T23:15Z,Final,6,Detroit Tigers,9,Minnesota Twins,3,2
2023-06-24,2023-06-25T00:40Z,Final,25,San Diego Padres,20,Washington Nationals,0,2
2023-06-24,2023-06-25T01:10Z,Final,27,Colorado Rockies,3,Los Angeles Angels,1,25
2023-06-25,2023-06-25T14:00Z,Final,24,St. Louis Cardinals,16,Chicago Cubs,7,5
2023-06-25,2023-06-25T16:10Z,Final,6,Detroit Tigers,9,Minnesota Twins,3,6
2023-06-25,2023-06-25T17:35Z,Final,22,Philadelphia Phillies,21,New York Mets,7,6
2023-06-25,2023-06-25T17:35Z,Final,1,Baltimore Orioles,12,Seattle Mariners,3,2
2023-06-25,2023-06-25T17:35Z,Final,10,New York Yankees,13,Texas Rangers,5,3
2023-06-25,2023-06-25T17:37Z,Final,14,Toronto Blue Jays,11,Oakland Athletics,12,1
2023-06-25,2023-06-25T17:40Z,Final,17,Cincinnati Reds,15,Atlanta Braves,6,7
2023-06-25,2023-06-25T17:40Z,Final,30,Tampa Bay Rays,7,Kansas City Royals,3,1
2023-06-25,2023-06-25T17:40Z,Final,5,Cleveland Guardians,8,Milwaukee Brewers,4,5
2023-06-25,2023-06-25T17:40Z,Final,28,Miami Marlins,23,Pittsburgh Pirates,2,0
2023-06-25,2023-06-25T18:10Z,Final,4,Chicago White Sox,2,Boston Red Sox,4,1
2023-06-25,2023-06-25T19:10Z,Final,27,Colorado Rockies,3,Los Angeles Angels,4,3
2023-06-25,2023-06-25T20:05Z,Final,26,San Francisco Giants,29,Arizona Diamondbacks,2,5
2023-06-25,2023-06-25T20:10Z,Final,25,San Diego Padres,20,Washington Nationals,3,8
2023-06-25,2023-06-25T23:00Z,Final,19,Los Angeles Dodgers,18,Houston Astros,5,6
2023-06-26,2023-06-26T23:05Z,Final,1,Baltimore Orioles,17,Cincinnati Reds,10,3
2023-06-26,2023-06-26T23:10Z,Final,21,New York Mets,8,Milwaukee Brewers,1,2
2023-06-26,2023-06-26T23:20Z,Final,15,Atlanta Braves,9,Minnesota Twins,4,1
2023-06-26,2023-06-27T00:05Z,Final,13,Texas Rangers,6,Detroit Tigers,2,7
2023-06-26,2023-06-27T01:38Z,Final,3,Los Angeles Angels,4,Chicago White Sox,2,1
2023-06-26,2023-06-27T01:40Z,Final,12,Seattle Mariners,20,Washington Nationals,8,4
2023-06-27,2023-06-27T23:05Z,Final,1,Baltimore Orioles,17,Cincinnati Reds,1,3
2023-06-27,2023-06-27T23:05Z,Final,23,Pittsburgh Pirates,25,San Diego Padres,9,4
2023-06-27,2023-06-27T23:07Z,Final,14,Toronto Blue Jays,26,San Francisco Giants,0,3
2023-06-27,2023-06-27T23:10Z,Final,2,Boston Red Sox,28,Miami Marlins,1,10
2023-06-27,2023-06-27T23:10Z,Final,21,New York Mets,8,Milwaukee Brewers,7,2
2023-06-27,2023-06-27T23:20Z,Final,15,Atlanta Braves,9,Minnesota Twins,6,2
2023-06-27,2023-06-27T23:45Z,Final,24,St. Louis Cardinals,18,Houston Astros,4,2
2023-06-27,2023-06-28T00:05Z,Final,13,Texas Rangers,6,Detroit Tigers,8,3
2023-06-27,2023-06-28T00:05Z,Final,16,Chicago Cubs,22,Philadelphia Phillies,1,5
2023-06-27,2023-06-28T00:10Z,Final,7,Kansas City Royals,5,Cleveland Guardians,1,2
2023-06-27,2023-06-28T00:40Z,Final,27,Colorado Rockies,19,Los Angeles Dodgers,0,5
2023-06-27,2023-06-28T01:38Z,Final,3,Los Angeles Angels,4,Chicago White Sox,4,2
2023-06-27,2023-06-28T01:40Z,Final,11,Oakland Athletics,10,New York Yankees,2,1
2023-06-27,2023-06-28T01:40Z,Final,29,Arizona Diamondbacks,30,Tampa Bay Rays,8,4
2023-06-27,2023-06-28T01:40Z,Final,12,Seattle Mariners,20,Washington Nationals,4,7
2023-06-28,2023-06-28T16:20Z,Final,15,Atlanta Braves,9,Minnesota Twins,3,0
2023-06-28,2023-06-28T20:10Z,Final,12,Seattle Mariners,20,Washington Nationals,1,4
2023-06-28,2023-06-28T23:05Z,Final,1,Baltimore Orioles,17,Cincinnati Reds,7,11
2023-06-28,2023-06-28T23:05Z,Final,23,Pittsburgh Pirates,25,San Diego Padres,7,1
2023-06-28,2023-06-28T23:07Z,Final,14,Toronto Blue Jays,26,San Francisco Giants,6,1
2023-06-28,2023-06-28T23:10Z,Final,2,Boston Red Sox,28,Miami Marlins,2,6
2023-06-28,2023-06-28T23:10Z,Final,21,New York Mets,8,Milwaukee Brewers,2,5
2023-06-28,2023-06-28T23:45Z,Final,24,St. Louis Cardinals,18,Houston Astros,7,10
2023-06-28,2023-06-29T00:05Z,Final,13,Texas Rangers,6,Detroit Tigers,10,2
2023-06-28,2023-06-29T00:05Z,Final,16,Chicago Cubs,22,Philadelphia Phillies,5,8
2023-06-28,2023-06-29T00:10Z,Final,7,Kansas City Royals,5,Cleveland Guardians,1,14
2023-06-28,2023-06-29T00:40Z,Final,27,Colorado Rockies,19,Los Angeles Dodgers,9,8
2023-06-28,2023-06-29T01:38Z,Final,3,Los Angeles Angels,4,Chicago White Sox,5,11
2023-06-28,2023-06-29T01:40Z,Final,11,Oakland Athletics,10,New York Yankees,0,11
2023-06-28,2023-06-29T01:40Z,Final,29,Arizona Diamondbacks,30,Tampa Bay Rays,2,3
2023-06-29,2023-06-29T16:35Z,Final,23,Pittsburgh Pirates,25,San Diego Padres,5,4
2023-06-29,2023-06-29T18:05Z,Final,13,Texas Rangers,6,Detroit Tigers,5,8
2023-06-29,2023-06-29T18:10Z,Final,7,Kansas City Royals,5,Cleveland Guardians,4,3
2023-06-29,2023-06-29T19:37Z,Final,11,Oakland Athletics,10,New York Yankees,4,10
2023-06-29,2023-06-29T19:40Z,Final,29,Arizona Diamondbacks,30,Tampa Bay Rays,1,6
2023-06-29,2023-06-29T20:07Z,Final,3,Los Angeles Angels,4,Chicago White Sox,7,9
2023-06-29,2023-06-29T22:10Z,Final,2,Boston Red Sox,28,Miami Marlins,0,2
2023-06-29,2023-06-29T23:07Z,Final,14,Toronto Blue Jays,26,San Francisco Giants,2,1
2023-06-29,2023-06-29T23:10Z,Final,21,New York Mets,8,Milwaukee Brewers,2,3
2023-06-29,2023-06-29T23:15Z,Final,24,St. Louis Cardinals,18,Houston Astros,0,14
2023-06-29,2023-06-30T00:05Z,Final,16,Chicago Cubs,22,Philadelphia Phillies,1,3
2023-06-29,2023-06-30T00:40Z,Final,27,Colorado Rockies,19,Los Angeles Dodgers,3,14
2023-06-30,2023-06-30T18:20Z,Final,16,Chicago Cubs,5,Cleveland Guardians,10,1
2023-06-30,2023-06-30T21:10Z,Final,17,Cincinnati Reds,25,San Diego Padres,7,5
2023-06-30,2023-06-30T22:05Z,Final,22,Philadelphia Phillies,20,Washington Nationals,1,2
2023-06-30,2023-06-30T23:05Z,Final,1,Baltimore Orioles,9,Minnesota Twins,1,8
2023-06-30,2023-06-30T23:05Z,Final,23,Pittsburgh Pirates,8,Milwaukee Brewers,8,7
2023-06-30,2023-06-30T23:07Z,Final,14,Toronto Blue Jays,2,Boston Red Sox,0,5
2023-06-30,2023-06-30T23:10Z,Final,21,New York Mets,26,San Francisco Giants,4,5
2023-06-30,2023-06-30T23:20Z,Final,15,Atlanta Braves,28,Miami Marlins,16,4
2023-06-30,2023-07-01T00:05Z,Final,13,Texas Rangers,18,Houston Astros,3,5
2023-06-30,2023-07-01T00:10Z,Final,7,Kansas City Royals,19,Los Angeles Dodgers,3,9
2023-06-30,2023-07-01T00:10Z,Final,27,Colorado Rockies,6,Detroit Tigers,8,5
2023-06-30,2023-07-01T01:38Z,Final,3,Los Angeles Angels,29,Arizona Diamondbacks,2,6
2023-06-30,2023-07-01T01:40Z,Final,11,Oakland Athletics,4,Chicago White Sox,7,4
2023-06-30,2023-07-01T02:10Z,Final,12,Seattle Mariners,30,Tampa Bay Rays,4,15
2023-07-01,2023-07-01T17:40Z,Final,17,Cincinnati Reds,25,San Diego Padres,5,12
2023-07-01,2023-07-01T18:15Z,Final,24,St. Louis Cardinals,10,New York Yankees,11,4
2023-07-01,2023-07-01T19:07Z,Final,14,Toronto Blue Jays,2,Boston Red Sox,6,7
2023-07-01,2023-07-01T20:05Z,Final,13,Texas Rangers,18,Houston Astros,5,2
2023-07-01,2023-07-01T20:05Z,Final,1,Baltimore Orioles,9,Minnesota Twins,0,1
2023-07-01,2023-07-01T20:05Z,Final,22,Philadelphia Phillies,20,Washington Nationals,19,4
2023-07-01,2023-07-01T20:05Z,Final,23,Pittsburgh Pirates,8,Milwaukee Brewers,8,11
2023-07-01,2023-07-01T20:07Z,Final,11,Oakland Athletics,4,Chicago White Sox,7,6
2023-07-01,2023-07-01T20:10Z,Final,15,Atlanta Braves,28,Miami Marlins,7,0
2023-07-01,2023-07-01T20:10Z,Final,21,New York Mets,26,San Francisco Giants,4,1
2023-07-01,2023-07-01T23:15Z,Final,16,Chicago Cubs,5,Cleveland Guardians,0,6
2023-07-01,2023-07-01T23:15Z,Final,7,Kansas City Royals,19,Los Angeles Dodgers,6,4
2023-07-01,2023-07-01T23:15Z,Final,12,Seattle Mariners,30,Tampa Bay Rays,8,3
2023-07-01,2023-07-02T00:30Z,Final,24,St. Louis Cardinals,10,New York Yankees,2,6
2023-07-01,2023-07-02T01:10Z,Final,27,Colorado Rockies,6,Detroit Tigers,2,4
2023-07-01,2023-07-02T02:07Z,Final,3,Los Angeles Angels,29,Arizona Diamondbacks,1,3
2023-07-02,2023-07-02T16:05Z,Final,1,Baltimore Orioles,9,Minnesota Twins,2,1
2023-07-02,2023-07-02T17:35Z,Final,15,Atlanta Braves,28,Miami Marlins,6,3
2023-07-02,2023-07-02T17:35Z,Final,22,Philadelphia Phillies,20,Washington Nationals,4,5
2023-07-02,2023-07-02T17:35Z,Final,23,Pittsburgh Pirates,8,Milwaukee Brewers,3,6
2023-07-02,2023-07-02T17:37Z,Final,14,Toronto Blue Jays,2,Boston Red Sox,4,5
2023-07-02,2023-07-02T17:40Z,Final,17,Cincinnati Reds,25,San Diego Padres,4,3
2023-07-02,2023-07-02T18:10Z,Final,7,Kansas City Royals,19,Los Angeles Dodgers,9,1
2023-07-02,2023-07-02T18:15Z,Final,24,St. Louis Cardinals,10,New York Yankees,5,1
2023-07-02,2023-07-02T18:35Z,Final,13,Texas Rangers,18,Houston Astros,3,5
2023-07-02,2023-07-02T19:10Z,Final,27,Colorado Rockies,6,Detroit Tigers,9,14
2023-07-02,2023-07-02T20:07Z,Final,3,Los Angeles Angels,29,Arizona Diamondbacks,5,2
2023-07-02,2023-07-02T20:07Z,Final,11,Oakland Athletics,4,Chicago White Sox,7,8
2023-07-02,2023-07-02T20:10Z,Final,12,Seattle Mariners,30,Tampa Bay Rays,7,6
2023-07-02,2023-07-02T21:05Z,Final,16,Chicago Cubs,5,Cleveland Guardians,6,8
2023-07-02,2023-07-02T23:00Z,Final,21,New York Mets,26,San Francisco Giants,8,4
2023-07-03,2023-07-03T18:05Z,Final,13,Texas Rangers,18,Houston Astros,11,12
2023-07-03,2023-07-03T18:10Z,Final,8,Milwaukee Brewers,16,Chicago Cubs,8,6
2023-07-03,2023-07-03T22:05Z,Final,20,Washington Nationals,17,Cincinnati Reds,2,3
2023-07-03,2023-07-03T22:40Z,Final,28,Miami Marlins,24,St. Louis Cardinals,5,4
2023-07-03,2023-07-03T23:05Z,Final,10,New York Yankees,1,Baltimore Orioles,6,3
2023-07-03,2023-07-03T23:10Z,Final,5,Cleveland Guardians,15,Atlanta Braves,2,4
2023-07-03,2023-07-04T00:10Z,Final,9,Minnesota Twins,7,Kansas City Royals,8,4
2023-07-03,2023-07-04T01:40Z,Final,25,San Diego Padres,3,Los Angeles Angels,10,3
2023-07-03,2023-07-04T01:45Z,Final,26,San Francisco Giants,12,Seattle Mariners,5,6
2023-07-03,2023-07-04T02:10Z,Final,19,Los Angeles Dodgers,23,Pittsburgh Pirates,5,2
2023-07-04,2023-07-04T15:05Z,Final,20,Washington Nationals,17,Cincinnati Reds,4,8
2023-07-04,2023-07-04T17:05Z,Final,10,New York Yankees,1,Baltimore Orioles,8,4
2023-07-04,2023-07-04T17:10Z,Final,28,Miami Marlins,24,St. Louis Cardinals,15,2
2023-07-04,2023-07-04T17:35Z,Final,2,Boston Red Sox,13,Texas Rangers,2,6
2023-07-04,2023-07-04T18:10Z,Final,9,Minnesota Twins,7,Kansas City Royals,9,3
2023-07-04,2023-07-04T20:10Z,Final,8,Milwaukee Brewers,16,Chicago Cubs,6,7
2023-07-04,2023-07-04T20:10Z,Final,18,Houston Astros,27,Colorado Rockies,4,1
2023-07-04,2023-07-04T20:10Z,Final,29,Arizona Diamondbacks,21,New York Mets,5,8
2023-07-04,2023-07-04T20:10Z,Final,30,Tampa Bay Rays,22,Philadelphia Phillies,1,3
2023-07-04,2023-07-04T20:35Z,Final,26,San Francisco Giants,12,Seattle Mariners,0,6
2023-07-04,2023-07-04T22:40Z,Final,6,Detroit Tigers,11,Oakland Athletics,0,1
2023-07-04,2023-07-04T22:40Z,Final,25,San Diego Padres,3,Los Angeles Angels,8,5
2023-07-04,2023-07-04T23:10Z,Final,5,Cleveland Guardians,15,Atlanta Braves,6,5
2023-07-04,2023-07-05T00:10Z,Final,4,Chicago White Sox,14,Toronto Blue Jays,3,4
2023-07-04,2023-07-05T01:10Z,Final,19,Los Angeles Dodgers,23,Pittsburgh Pirates,7,9
2023-07-05,2023-07-05T18:10Z,Final,18,Houston Astros,27,Colorado Rockies,6,4
2023-07-05,2023-07-05T22:40Z,Final,6,Detroit Tigers,11,Oakland Athletics,3,12
2023-07-05,2023-07-05T22:40Z,Final,30,Tampa Bay Rays,22,Philadelphia Phillies,4,8
2023-07-05,2023-07-05T22:40Z,Final,28,Miami Marlins,24,St. Louis Cardinals,10,9
2023-07-05,2023-07-05T23:05Z,Final,10,New York Yankees,1,Baltimore Orioles,3,6
2023-07-05,2023-07-05T23:05Z,Final,20,Washington Nationals,17,Cincinnati Reds,2,9
2023-07-05,2023-07-05T23:10Z,Final,5,Cleveland Guardians,15,Atlanta Braves,1,8
2023-07-05,2023-07-05T23:10Z,Final,2,Boston Red Sox,13,Texas Rangers,4,2
2023-07-05,2023-07-05T23:40Z,Final,9,Minnesota Twins,7,Kansas City Royals,5,0
2023-07-05,2023-07-06T00:10Z,Final,8,Milwaukee Brewers,16,Chicago Cubs,3,4
2023-07-05,2023-07-06T00:40Z,Final,25,San Diego Padres,3,Los Angeles Angels,5,3
2023-07-05,2023-07-06T01:05Z,Final,26,San Francisco Giants,12,Seattle Mariners,2,0
2023-07-05,2023-07-06T01:40Z,Final,29,Arizona Diamondbacks,21,New York Mets,1,2
2023-07-05,2023-07-06T02:10Z,Final,19,Los Angeles Dodgers,23,Pittsburgh Pirates,6,4
2023-07-06,2023-07-06T17:05Z,Final,20,Washington Nationals,17,Cincinnati Reds,4,5
2023-07-06,2023-07-06T17:10Z,Final,6,Detroit Tigers,11,Oakland Athletics,9,0
2023-07-06,2023-07-06T18:10Z,Final,8,Milwaukee Brewers,16,Chicago Cubs,6,5
2023-07-06,2023-07-06T21:10Z,Final,4,Chicago White Sox,14,Toronto Blue Jays,2,6
2023-07-06,2023-07-06T22:40Z,Final,30,Tampa Bay Rays,22,Philadelphia Phillies,1,3
2023-07-06,2023-07-06T22:40Z,Final,28,Miami Marlins,24,St. Louis Cardinals,0,3
2023-07-06,2023-07-06T23:05Z,Final,10,New York Yankees,1,Baltimore Orioles,1,14
2023-07-06,2023-07-06T23:10Z,Final,5,Cleveland Guardians,7,Kansas City Royals,6,1
2023-07-06,2023-07-06T23:10Z,Final,2,Boston Red Sox,13,Texas Rangers,10,6
2023-07-06,2023-07-07T00:10Z,Final,18,Houston Astros,12,Seattle Mariners,1,5
2023-07-06,2023-07-07T01:00Z,Final,4,Chicago White Sox,14,Toronto Blue Jays,4,5
2023-07-06,2023-07-07T01:40Z,Final,29,Arizona Diamondbacks,21,New York Mets,0,9
2023-07-06,2023-07-07T02:10Z,Final,19,Los Angeles Dodgers,23,Pittsburgh Pirates,5,2
2023-07-07,2023-07-07T22:40Z,Final,30,Tampa Bay Rays,15,Atlanta Braves,1,2
2023-07-07,2023-07-07T22:40Z,Final,28,Miami Marlins,22,Philadelphia Phillies,3,4
2023-07-07,2023-07-07T22:40Z,Final,6,Detroit Tigers,14,Toronto Blue Jays,2,12
2023-07-07,2023-07-07T23:05Z,Final,10,New York Yankees,16,Chicago Cubs,0,3
2023-07-07,2023-07-07T23:05Z,Final,20,Washington Nationals,13,Texas Rangers,2,7
2023-07-07,2023-07-07T23:10Z,Final,5,Cleveland Guardians,7,Kansas City Royals,3,0
2023-07-07,2023-07-07T23:10Z,Final,2,Boston Red Sox,11,Oakland Athletics,7,3
2023-07-07,2023-07-08T00:10Z,Final,9,Minnesota Twins,1,Baltimore Orioles,1,3
2023-07-07,2023-07-08T00:10Z,Final,8,Milwaukee Brewers,17,Cincinnati Reds,7,3
2023-07-07,2023-07-08T00:10Z,Final,18,Houston Astros,12,Seattle Mariners,1,10
2023-07-07,2023-07-08T00:10Z,Final,4,Chicago White Sox,24,St. Louis Cardinals,8,7
2023-07-07,2023-07-08T01:40Z,Final,29,Arizona Diamondbacks,23,Pittsburgh Pirates,7,3
2023-07-07,2023-07-08T01:40Z,Final,25,San Diego Padres,21,New York Mets,5,7
2023-07-07,2023-07-08T02:10Z,Final,19,Los Angeles Dodgers,3,Los Angeles Angels,11,4
2023-07-07,2023-07-08T02:15Z,Final,26,San Francisco Giants,27,Colorado Rockies,2,5
2023-07-08,2023-07-08T17:05Z,Final,10,New York Yankees,16,Chicago Cubs,6,3
2023-07-08,2023-07-08T17:10Z,Final,6,Detroit Tigers,14,Toronto Blue Jays,2,0
2023-07-08,2023-07-08T18:10Z,Final,9,Minnesota Twins,1,Baltimore Orioles,2,6
2023-07-08,2023-07-08T18:10Z,Final,4,Chicago White Sox,24,St. Louis Cardinals,0,3
2023-07-08,2023-07-08T20:05Z,Final,26,San Francisco Giants,27,Colorado Rockies,5,3
2023-07-08,2023-07-08T20:05Z,Final,20,Washington Nationals,13,Texas Rangers,8,3
2023-07-08,2023-07-08T20:10Z,Final,8,Milwaukee Brewers,17,Cincinnati Reds,5,8
2023-07-08,2023-07-08T20:10Z,Final,5,Cleveland Guardians,7,Kansas City Royals,10,6
2023-07-08,2023-07-08T20:10Z,Final,2,Boston Red Sox,11,Oakland Athletics,10,3
2023-07-08,2023-07-08T20:10Z,Final,28,Miami Marlins,22,Philadelphia Phillies,5,3
2023-07-08,2023-07-08T20:10Z,Final,29,Arizona Diamondbacks,23,Pittsburgh Pirates,3,2
2023-07-08,2023-07-08T23:15Z,Final,30,Tampa Bay Rays,15,Atlanta Braves,1,6
2023-07-08,2023-07-08T23:15Z,Final,18,Houston Astros,12,Seattle Mariners,3,2
2023-07-08,2023-07-09T01:10Z,Final,19,Los Angeles Dodgers,3,Los Angeles Angels,10,5
2023-07-08,2023-07-09T02:10Z,Final,25,San Diego Padres,21,New York Mets,3,1
2023-07-09,2023-07-09T16:05Z,Final,20,Washington Nationals,13,Texas Rangers,7,2
2023-07-09,2023-07-09T17:35Z,Final,10,New York Yankees,16,Chicago Cubs,4,7
2023-07-09,2023-07-09T17:35Z,Final,2,Boston Red Sox,11,Oakland Athletics,4,3
2023-07-09,2023-07-09T17:40Z,Final,30,Tampa Bay Rays,15,Atlanta Braves,10,4
2023-07-09,2023-07-09T17:40Z,Final,5,Cleveland Guardians,7,Kansas City Royals,1,4
2023-07-09,2023-07-09T17:40Z,Final,28,Miami Marlins,22,Philadelphia Phillies,7,3
2023-07-09,2023-07-09T17:40Z,Final,6,Detroit Tigers,14,Toronto Blue Jays,3,4
2023-07-09,2023-07-09T18:10Z,Final,9,Minnesota Twins,1,Baltimore Orioles,2,15
2023-07-09,2023-07-09T18:10Z,Final,8,Milwaukee Brewers,17,Cincinnati Reds,1,0
2023-07-09,2023-07-09T18:10Z,Final,18,Houston Astros,12,Seattle Mariners,1,3
2023-07-09,2023-07-09T18:10Z,Final,4,Chicago White Sox,24,St. Louis Cardinals,3,4
2023-07-09,2023-07-09T20:05Z,Final,26,San Francisco Giants,27,Colorado Rockies,1,0
2023-07-09,2023-07-09T20:10Z,Final,29,Arizona Diamondbacks,23,Pittsburgh Pirates,2,4
2023-07-09,2023-07-09T20:10Z,Final,25,San Diego Padres,21,New York Mets,6,2
2023-07-11,2023-07-12T00:00Z,Final,31,American All-Stars,32,National All-Stars,2,3
2023-07-14,2023-07-14T22:05Z,Final,22,Philadelphia Phillies,25,San Diego Padres,3,8
2023-07-14,2023-07-14T23:05Z,Final,1,Baltimore Orioles,28,Miami Marlins,5,2
2023-07-14,2023-07-14T23:05Z,Final,23,Pittsburgh Pirates,26,San Francisco Giants,4,6
2023-07-14,2023-07-14T23:07Z,Final,14,Toronto Blue Jays,29,Arizona Diamondbacks,7,2
2023-07-14,2023-07-14T23:10Z,Final,21,New York Mets,19,Los Angeles Dodgers,0,6
2023-07-14,2023-07-14T23:10Z,Final,17,Cincinnati Reds,8,Milwaukee Brewers,0,1
2023-07-14,2023-07-14T23:20Z,Final,15,Atlanta Braves,4,Chicago White Sox,9,0
2023-07-14,2023-07-15T00:05Z,Final,16,Chicago Cubs,2,Boston Red Sox,3,8
2023-07-14,2023-07-15T00:05Z,Final,13,Texas Rangers,5,Cleveland Guardians,12,4
2023-07-14,2023-07-15T00:15Z,Final,24,St. Louis Cardinals,20,Washington Nationals,5,7
2023-07-14,2023-07-15T00:40Z,Final,27,Colorado Rockies,10,New York Yankees,7,2
2023-07-14,2023-07-15T01:38Z,Final,3,Los Angeles Angels,18,Houston Astros,5,7
2023-07-14,2023-07-15T01:40Z,Final,11,Oakland Athletics,9,Minnesota Twins,4,5
2023-07-14,2023-07-15T02:10Z,Final,12,Seattle Mariners,6,Detroit Tigers,4,5
2023-07-15,2023-07-15T17:05Z,Final,22,Philadelphia Phillies,25,San Diego Padres,6,4
2023-07-15,2023-07-15T18:10Z,Final,7,Kansas City Royals,30,Tampa Bay Rays,1,6
2023-07-15,2023-07-15T18:20Z,Final,16,Chicago Cubs,2,Boston Red Sox,10,4
2023-07-15,2023-07-15T19:07Z,Final,14,Toronto Blue Jays,29,Arizona Diamondbacks,5,2
2023-07-15,2023-07-15T20:05Z,Final,13,Texas Rangers,5,Cleveland Guardians,2,0
2023-07-15,2023-07-15T23:05Z,Final,1,Baltimore Orioles,28,Miami Marlins,6,5
2023-07-15,2023-07-15T23:05Z,Final,22,Philadelphia Phillies,25,San Diego Padres,9,4
2023-07-15,2023-07-15T23:05Z,Final,23,Pittsburgh Pirates,26,San Francisco Giants,1,3
2023-07-15,2023-07-15T23:07Z,Final,11,Oakland Athletics,9,Minnesota Twins,7,10
2023-07-15,2023-07-15T23:10Z,Final,17,Cincinnati Reds,8,Milwaukee Brewers,0,3
2023-07-15,2023-07-15T23:10Z,Final,7,Kansas City Royals,30,Tampa Bay Rays,2,4
2023-07-15,2023-07-15T23:15Z,Final,15,Atlanta Braves,4,Chicago White Sox,5,6
2023-07-15,2023-07-15T23:15Z,Final,21,New York Mets,19,Los Angeles Dodgers,1,5
2023-07-15,2023-07-15T23:15Z,Final,24,St. Louis Cardinals,20,Washington Nationals,9,6
2023-07-15,2023-07-16T00:10Z,Final,27,Colorado Rockies,10,New York Yankees,3,6
2023-07-15,2023-07-16T01:07Z,Final,3,Los Angeles Angels,18,Houston Astros,13,12
2023-07-15,2023-07-16T01:40Z,Final,12,Seattle Mariners,6,Detroit Tigers,0,6
2023-07-16,2023-07-16T16:05Z,Final,23,Pittsburgh Pirates,26,San Francisco Giants,4,8
2023-07-16,2023-07-16T17:30Z,Final,15,Atlanta Braves,4,Chicago White Sox,1,8
2023-07-16,2023-07-16T17:35Z,Final,1,Baltimore Orioles,28,Miami Marlins,5,4
2023-07-16,2023-07-16T17:35Z,Final,22,Philadelphia Phillies,25,San Diego Padres,7,6
2023-07-16,2023-07-16T17:37Z,Final,14,Toronto Blue Jays,29,Arizona Diamondbacks,7,5
2023-07-16,2023-07-16T17:40Z,Final,17,Cincinnati Reds,8,Milwaukee Brewers,3,4
2023-07-16,2023-07-16T18:10Z,Final,7,Kansas City Royals,30,Tampa Bay Rays,8,4
2023-07-16,2023-07-16T18:15Z,Final,24,St. Louis Cardinals,20,Washington Nationals,8,4
2023-07-16,2023-07-16T18:20Z,Final,16,Chicago Cubs,2,Boston Red Sox,5,11
2023-07-16,2023-07-16T18:35Z,Final,13,Texas Rangers,5,Cleveland Guardians,6,5
2023-07-16,2023-07-16T19:10Z,Final,27,Colorado Rockies,10,New York Yankees,8,7
2023-07-16,2023-07-16T20:07Z,Final,11,Oakland Athletics,9,Minnesota Twins,4,5
2023-07-16,2023-07-16T20:10Z,Final,12,Seattle Mariners,6,Detroit Tigers,2,0
2023-07-16,2023-07-16T21:30Z,Final,21,New York Mets,19,Los Angeles Dodgers,2,1
2023-07-16,2023-07-16T23:00Z,Final,3,Los Angeles Angels,18,Houston Astros,8,9
2023-07-17,2023-07-17T23:05Z,Final,1,Baltimore Orioles,19,Los Angeles Dodgers,4,6
2023-07-17,2023-07-17T23:05Z,Final,23,Pittsburgh Pirates,5,Cleveland Guardians,0,11
2023-07-17,2023-07-17T23:10Z,Final,17,Cincinnati Reds,26,San Francisco Giants,2,4
2023-07-17,2023-07-17T23:45Z,Final,24,St. Louis Cardinals,28,Miami Marlins,6,4
2023-07-17,2023-07-18T00:05Z,Final,13,Texas Rangers,30,Tampa Bay Rays,3,2
2023-07-17,2023-07-18T00:05Z,Final,16,Chicago Cubs,20,Washington Nationals,5,7
2023-07-17,2023-07-18T00:10Z,Final,7,Kansas City Royals,6,Detroit Tigers,2,3
2023-07-17,2023-07-18T01:38Z,Final,3,Los Angeles Angels,10,New York Yankees,4,3
2023-07-17,2023-07-18T01:40Z,Final,11,Oakland Athletics,2,Boston Red Sox,0,7
2023-07-17,2023-07-18T01:40Z,Final,12,Seattle Mariners,9,Minnesota Twins,7,6
2023-07-18,2023-07-18T22:40Z,Final,22,Philadelphia Phillies,8,Milwaukee Brewers,4,3
2023-07-18,2023-07-18T23:05Z,Final,1,Baltimore Orioles,19,Los Angeles Dodgers,3,10
2023-07-18,2023-07-18T23:05Z,Final,23,Pittsburgh Pirates,5,Cleveland Guardians,1,10
2023-07-18,2023-07-18T23:07Z,Final,14,Toronto Blue Jays,25,San Diego Padres,1,9
2023-07-18,2023-07-18T23:10Z,Final,21,New York Mets,4,Chicago White Sox,11,10
2023-07-18,2023-07-18T23:20Z,Final,15,Atlanta Braves,29,Arizona Diamondbacks,13,16
2023-07-18,2023-07-18T23:20Z,Final,17,Cincinnati Reds,26,San Francisco Giants,10,11
2023-07-18,2023-07-18T23:45Z,Final,24,St. Louis Cardinals,28,Miami Marlins,5,2
2023-07-18,2023-07-19T00:05Z,Final,13,Texas Rangers,30,Tampa Bay Rays,5,3
2023-07-18,2023-07-19T00:05Z,Final,16,Chicago Cubs,20,Washington Nationals,17,3
2023-07-18,2023-07-19T00:10Z,Final,7,Kansas City Royals,6,Detroit Tigers,11,10
2023-07-18,2023-07-19T00:40Z,Final,27,Colorado Rockies,18,Houston Astros,4,3
2023-07-18,2023-07-19T01:38Z,Final,3,Los Angeles Angels,10,New York Yankees,5,1
2023-07-18,2023-07-19T01:40Z,Final,11,Oakland Athletics,2,Boston Red Sox,3,0
2023-07-18,2023-07-19T01:40Z,Final,12,Seattle Mariners,9,Minnesota Twins,3,10
2023-07-19,2023-07-19T16:35Z,Final,23,Pittsburgh Pirates,5,Cleveland Guardians,7,5
2023-07-19,2023-07-19T17:05Z,Final,1,Baltimore Orioles,19,Los Angeles Dodgers,8,5
2023-07-19,2023-07-19T18:05Z,Final,13,Texas Rangers,30,Tampa Bay Rays,5,1
2023-07-19,2023-07-19T18:15Z,Final,24,St. Louis Cardinals,28,Miami Marlins,6,4
2023-07-19,2023-07-19T19:10Z,Final,27,Colorado Rockies,18,Houston Astros,1,4
2023-07-19,2023-07-19T19:37Z,Final,11,Oakland Athletics,2,Boston Red Sox,6,5
2023-07-19,2023-07-19T22:40Z,Final,22,Philadelphia Phillies,8,Milwaukee Brewers,3,5
2023-07-19,2023-07-19T23:07Z,Final,3,Los Angeles Angels,10,New York Yankees,7,3
2023-07-19,2023-07-19T23:07Z,Final,14,Toronto Blue Jays,25,San Diego Padres,0,2
2023-07-19,2023-07-19T23:10Z,Final,21,New York Mets,4,Chicago White Sox,5,1
2023-07-19,2023-07-19T23:10Z,Final,17,Cincinnati Reds,26,San Francisco Giants,3,2
2023-07-19,2023-07-19T23:20Z,Final,15,Atlanta Braves,29,Arizona Diamondbacks,3,5
2023-07-19,2023-07-20T00:05Z,Final,16,Chicago Cubs,20,Washington Nationals,8,3
2023-07-19,2023-07-20T00:10Z,Final,7,Kansas City Royals,6,Detroit Tigers,2,3
2023-07-19,2023-07-20T01:40Z,Final,12,Seattle Mariners,9,Minnesota Twins,3,6
2023-07-20,2023-07-20T16:20Z,Final,15,Atlanta Braves,29,Arizona Diamondbacks,7,5
2023-07-20,2023-07-20T16:35Z,Final,22,Philadelphia Phillies,8,Milwaukee Brewers,0,4
2023-07-20,2023-07-20T16:35Z,Final,17,Cincinnati Reds,26,San Francisco Giants,5,1
2023-07-20,2023-07-20T17:07Z,Final,14,Toronto Blue Jays,25,San Diego Padres,4,0
2023-07-20,2023-07-20T17:10Z,Final,21,New York Mets,4,Chicago White Sox,2,6
2023-07-20,2023-07-20T18:10Z,Final,7,Kansas City Royals,6,Detroit Tigers,0,3
2023-07-20,2023-07-20T19:40Z,Final,12,Seattle Mariners,9,Minnesota Twins,5,0
2023-07-20,2023-07-20T22:40Z,Final,30,Tampa Bay Rays,1,Baltimore Orioles,3,4
2023-07-20,2023-07-21T00:05Z,Final,16,Chicago Cubs,24,St. Louis Cardinals,2,7
2023-07-20,2023-07-21T01:40Z,Final,11,Oakland Athletics,18,Houston Astros,1,3
2023-07-21,2023-07-21T18:20Z,Final,16,Chicago Cubs,24,St. Louis Cardinals,4,3
2023-07-21,2023-07-21T22:40Z,Final,30,Tampa Bay Rays,1,Baltimore Orioles,3,0
2023-07-21,2023-07-21T22:40Z,Final,28,Miami Marlins,27,Colorado Rockies,1,6
2023-07-21,2023-07-21T22:40Z,Final,6,Detroit Tigers,25,San Diego Padres,4,5
2023-07-21,2023-07-21T23:05Z,Final,10,New York Yankees,7,Kansas City Royals,5,4
2023-07-21,2023-07-21T23:05Z,Final,20,Washington Nationals,26,San Francisco Giants,5,3
2023-07-21,2023-07-21T23:10Z,Final,17,Cincinnati Reds,29,Arizona Diamondbacks,9,6
2023-07-21,2023-07-21T23:10Z,Final,2,Boston Red Sox,21,New York Mets,4,5
2023-07-21,2023-07-21T23:10Z,Final,5,Cleveland Guardians,22,Philadelphia Phillies,6,5
2023-07-21,2023-07-22T00:05Z,Final,13,Texas Rangers,19,Los Angeles Dodgers,5,11
2023-07-21,2023-07-22T00:10Z,Final,8,Milwaukee Brewers,15,Atlanta Braves,4,6
2023-07-21,2023-07-22T00:10Z,Final,9,Minnesota Twins,4,Chicago White Sox,9,4
2023-07-21,2023-07-22T01:38Z,Final,3,Los Angeles Angels,23,Pittsburgh Pirates,8,5
2023-07-21,2023-07-22T01:40Z,Final,11,Oakland Athletics,18,Houston Astros,4,6
2023-07-21,2023-07-22T02:10Z,Final,12,Seattle Mariners,14,Toronto Blue Jays,3,2
2023-07-22,2023-07-22T17:05Z,Final,10,New York Yankees,7,Kansas City Royals,5,2
2023-07-22,2023-07-22T17:10Z,Final,28,Miami Marlins,27,Colorado Rockies,3,4
2023-07-22,2023-07-22T18:20Z,Final,16,Chicago Cubs,24,St. Louis Cardinals,8,6
2023-07-22,2023-07-22T20:05Z,Final,13,Texas Rangers,19,Los Angeles Dodgers,3,16
2023-07-22,2023-07-22T20:10Z,Final,17,Cincinnati Reds,29,Arizona Diamondbacks,4,2
2023-07-22,2023-07-22T20:10Z,Final,30,Tampa Bay Rays,1,Baltimore Orioles,5,6
2023-07-22,2023-07-22T20:10Z,Final,12,Seattle Mariners,14,Toronto Blue Jays,9,8
2023-07-22,2023-07-22T22:10Z,Final,6,Detroit Tigers,25,San Diego Padres,3,14
2023-07-22,2023-07-22T23:05Z,Final,20,Washington Nationals,26,San Francisco Giants,10,1
2023-07-22,2023-07-22T23:10Z,Final,2,Boston Red Sox,21,New York Mets,8,6
2023-07-22,2023-07-22T23:10Z,Final,5,Cleveland Guardians,22,Philadelphia Phillies,1,0
2023-07-22,2023-07-22T23:15Z,Final,8,Milwaukee Brewers,15,Atlanta Braves,4,3
2023-07-22,2023-07-22T23:15Z,Final,9,Minnesota Twins,4,Chicago White Sox,3,2
2023-07-22,2023-07-23T01:07Z,Final,11,Oakland Athletics,18,Houston Astros,4,1
2023-07-22,2023-07-23T01:07Z,Final,3,Los Angeles Angels,23,Pittsburgh Pirates,0,3
2023-07-23,2023-07-23T16:05Z,Final,6,Detroit Tigers,25,San Diego Padres,3,1
2023-07-23,2023-07-23T17:35Z,Final,10,New York Yankees,7,Kansas City Royals,8,5
2023-07-23,2023-07-23T17:35Z,Final,20,Washington Nationals,26,San Francisco Giants,6,1
2023-07-23,2023-07-23T17:40Z,Final,17,Cincinnati Reds,29,Arizona Diamondbacks,7,3
2023-07-23,2023-07-23T17:40Z,Final,30,Tampa Bay Rays,1,Baltimore Orioles,3,5
2023-07-23,2023-07-23T17:40Z,Final,28,Miami Marlins,27,Colorado Rockies,3,2
2023-07-23,2023-07-23T17:40Z,Final,5,Cleveland Guardians,22,Philadelphia Phillies,5,8
2023-07-23,2023-07-23T18:10Z,Final,8,Milwaukee Brewers,15,Atlanta Braves,2,4
2023-07-23,2023-07-23T18:10Z,Final,9,Minnesota Twins,4,Chicago White Sox,5,4
2023-07-23,2023-07-23T18:20Z,Final,16,Chicago Cubs,24,St. Louis Cardinals,7,2
2023-07-23,2023-07-23T18:35Z,Final,13,Texas Rangers,19,Los Angeles Dodgers,8,4
2023-07-23,2023-07-23T20:07Z,Final,11,Oakland Athletics,18,Houston Astros,2,3
2023-07-23,2023-07-23T20:07Z,Final,3,Los Angeles Angels,23,Pittsburgh Pirates,7,5
2023-07-23,2023-07-23T20:10Z,Final,12,Seattle Mariners,14,Toronto Blue Jays,3,4
2023-07-23,2023-07-23T23:00Z,Final,2,Boston Red Sox,21,New York Mets,6,1
2023-07-24,2023-07-24T17:10Z,Final,6,Detroit Tigers,26,San Francisco Giants,5,1
2023-07-24,2023-07-24T22:40Z,Final,22,Philadelphia Phillies,1,Baltimore Orioles,2,3
2023-07-24,2023-07-24T23:05Z,Final,20,Washington Nationals,27,Colorado Rockies,6,10
2023-07-24,2023-07-24T23:10Z,Final,5,Cleveland Guardians,7,Kansas City Royals,3,5
2023-07-24,2023-07-24T23:40Z,Final,9,Minnesota Twins,12,Seattle Mariners,4,3
2023-07-24,2023-07-25T00:10Z,Final,8,Milwaukee Brewers,17,Cincinnati Reds,3,2
2023-07-24,2023-07-25T00:10Z,Final,18,Houston Astros,13,Texas Rangers,10,9
2023-07-24,2023-07-25T01:40Z,Final,29,Arizona Diamondbacks,24,St. Louis Cardinals,6,10
2023-07-24,2023-07-25T01:40Z,Final,25,San Diego Padres,23,Pittsburgh Pirates,4,8
2023-07-24,2023-07-25T02:10Z,Final,19,Los Angeles Dodgers,14,Toronto Blue Jays,3,6
2023-07-25,2023-07-25T22:40Z,Final,6,Detroit Tigers,3,Los Angeles Angels,6,7
2023-07-25,2023-07-25T22:40Z,Final,22,Philadelphia Phillies,1,Baltimore Orioles,4,3
2023-07-25,2023-07-25T22:40Z,Final,30,Tampa Bay Rays,28,Miami Marlins,4,1
2023-07-25,2023-07-25T23:05Z,Final,20,Washington Nationals,27,Colorado Rockies,6,5
2023-07-25,2023-07-25T23:05Z,Final,10,New York Yankees,21,New York Mets,3,9
2023-07-25,2023-07-25T23:10Z,Final,2,Boston Red Sox,15,Atlanta Braves,7,1
2023-07-25,2023-07-25T23:10Z,Final,5,Cleveland Guardians,7,Kansas City Royals,5,1
2023-07-25,2023-07-25T23:40Z,Final,9,Minnesota Twins,12,Seattle Mariners,7,9
2023-07-25,2023-07-26T00:10Z,Final,4,Chicago White Sox,16,Chicago Cubs,3,7
2023-07-25,2023-07-26T00:10Z,Final,8,Milwaukee Brewers,17,Cincinnati Reds,3,4
2023-07-25,2023-07-26T00:10Z,Final,18,Houston Astros,13,Texas Rangers,4,3
2023-07-25,2023-07-26T01:40Z,Final,29,Arizona Diamondbacks,24,St. Louis Cardinals,3,1
2023-07-25,2023-07-26T01:40Z,Final,25,San Diego Padres,23,Pittsburgh Pirates,5,1
2023-07-25,2023-07-26T01:45Z,Final,26,San Francisco Giants,11,Oakland Athletics,2,1
2023-07-25,2023-07-26T02:10Z,Final,19,Los Angeles Dodgers,14,Toronto Blue Jays,8,7
2023-07-26,2023-07-26T16:05Z,Final,20,Washington Nationals,27,Colorado Rockies,5,4
2023-07-26,2023-07-26T16:10Z,Final,30,Tampa Bay Rays,28,Miami Marlins,1,7
2023-07-26,2023-07-26T17:10Z,Final,5,Cleveland Guardians,7,Kansas City Royals,8,3
2023-07-26,2023-07-26T17:10Z,Final,9,Minnesota Twins,12,Seattle Mariners,7,8
2023-07-26,2023-07-26T18:10Z,Final,8,Milwaukee Brewers,17,Cincinnati Reds,3,0
2023-07-26,2023-07-26T19:40Z,Final,29,Arizona Diamondbacks,24,St. Louis Cardinals,7,11
2023-07-26,2023-07-26T20:10Z,Final,19,Los Angeles Dodgers,14,Toronto Blue Jays,1,8
2023-07-26,2023-07-26T20:10Z,Final,25,San Diego Padres,23,Pittsburgh Pirates,2,3
2023-07-26,2023-07-26T22:05Z,Final,22,Philadelphia Phillies,1,Baltimore Orioles,6,4
2023-07-26,2023-07-26T23:00Z,Final,2,Boston Red Sox,15,Atlanta Braves,5,3
2023-07-26,2023-07-26T23:05Z,Final,10,New York Yankees,21,New York Mets,3,1
2023-07-26,2023-07-27T00:10Z,Final,4,Chicago White Sox,16,Chicago Cubs,7,10
2023-07-26,2023-07-27T00:10Z,Final,18,Houston Astros,13,Texas Rangers,5,13
2023-07-26,2023-07-27T01:45Z,Final,26,San Francisco Giants,11,Oakland Athletics,8,3
2023-07-27,2023-07-27T17:10Z,Final,6,Detroit Tigers,3,Los Angeles Angels,0,6
2023-07-27,2023-07-27T20:10Z,Final,6,Detroit Tigers,3,Los Angeles Angels,4,11
2023-07-27,2023-07-27T23:10Z,Final,21,New York Mets,20,Washington Nationals,2,1
2023-07-27,2023-07-27T23:45Z,Final,24,St. Louis Cardinals,16,Chicago Cubs,3,10
2023-07-27,2023-07-28T00:10Z,Final,4,Chicago White Sox,5,Cleveland Guardians,3,6
2023-07-28,2023-07-28T22:40Z,Final,28,Miami Marlins,6,Detroit Tigers,6,5
2023-07-28,2023-07-28T23:05Z,Final,1,Baltimore Orioles,10,New York Yankees,1,0
2023-07-28,2023-07-28T23:05Z,Final,23,Pittsburgh Pirates,22,Philadelphia Phillies,1,2
2023-07-28,2023-07-28T23:07Z,Final,14,Toronto Blue Jays,3,Los Angeles Angels,4,1
2023-07-28,2023-07-28T23:10Z,Final,4,Chicago White Sox,5,Cleveland Guardians,3,0
2023-07-28,2023-07-28T23:10Z,Final,21,New York Mets,20,Washington Nationals,5,1
2023-07-28,2023-07-28T23:20Z,Final,15,Atlanta Braves,8,Milwaukee Brewers,10,7
2023-07-28,2023-07-29T00:10Z,Final,7,Kansas City Royals,9,Minnesota Twins,8,5
2023-07-28,2023-07-29T00:10Z,Final,18,Houston Astros,30,Tampa Bay Rays,3,4
2023-07-28,2023-07-29T00:15Z,Final,24,St. Louis Cardinals,16,Chicago Cubs,2,3
2023-07-28,2023-07-29T00:40Z,Final,27,Colorado Rockies,11,Oakland Athletics,5,8
2023-07-28,2023-07-29T01:40Z,Final,29,Arizona Diamondbacks,12,Seattle Mariners,2,5
2023-07-28,2023-07-29T01:40Z,Final,25,San Diego Padres,13,Texas Rangers,7,1
2023-07-28,2023-07-29T02:10Z,Final,19,Los Angeles Dodgers,17,Cincinnati Reds,5,6
2023-07-28,2023-07-29T02:15Z,Final,26,San Francisco Giants,2,Boston Red Sox,2,3
2023-07-29,2023-07-29T19:07Z,Final,14,Toronto Blue Jays,3,Los Angeles Angels,6,1
2023-07-29,2023-07-29T20:10Z,Final,28,Miami Marlins,6,Detroit Tigers,0,5
2023-07-29,2023-07-29T23:05Z,Final,23,Pittsburgh Pirates,22,Philadelphia Phillies,7,6
2023-07-29,2023-07-29T23:10Z,Final,4,Chicago White Sox,5,Cleveland Guardians,7,2
2023-07-29,2023-07-29T23:10Z,Final,7,Kansas City Royals,9,Minnesota Twins,10,7
2023-07-29,2023-07-29T23:10Z,Final,21,New York Mets,20,Washington Nationals,6,11
2023-07-29,2023-07-29T23:15Z,Final,26,San Francisco Giants,2,Boston Red Sox,3,2
2023-07-29,2023-07-29T23:15Z,Final,24,St. Louis Cardinals,16,Chicago Cubs,1,5
2023-07-29,2023-07-29T23:15Z,Final,1,Baltimore Orioles,10,New York Yankees,3,8
2023-07-29,2023-07-29T23:15Z,Final,18,Houston Astros,30,Tampa Bay Rays,17,4
2023-07-29,2023-07-29T23:20Z,Final,15,Atlanta Braves,8,Milwaukee Brewers,11,5
2023-07-29,2023-07-30T00:10Z,Final,29,Arizona Diamondbacks,12,Seattle Mariners,4,3
2023-07-29,2023-07-30T00:10Z,Final,27,Colorado Rockies,11,Oakland Athletics,3,11
2023-07-29,2023-07-30T00:40Z,Final,25,San Diego Padres,13,Texas Rangers,4,0
2023-07-29,2023-07-30T01:10Z,Final,19,Los Angeles Dodgers,17,Cincinnati Reds,3,2
2023-07-30,2023-07-30T16:05Z,Final,14,Toronto Blue Jays,3,Los Angeles Angels,2,3
2023-07-30,2023-07-30T17:35Z,Final,15,Atlanta Braves,8,Milwaukee Brewers,8,6
2023-07-30,2023-07-30T17:35Z,Final,23,Pittsburgh Pirates,22,Philadelphia Phillies,6,4
2023-07-30,2023-07-30T17:40Z,Final,28,Miami Marlins,6,Detroit Tigers,8,6
2023-07-30,2023-07-30T17:40Z,Final,21,New York Mets,20,Washington Nationals,5,2
2023-07-30,2023-07-30T18:10Z,Final,4,Chicago White Sox,5,Cleveland Guardians,0,5
2023-07-30,2023-07-30T18:10Z,Final,7,Kansas City Royals,9,Minnesota Twins,2,1
2023-07-30,2023-07-30T18:10Z,Final,18,Houston Astros,30,Tampa Bay Rays,2,8
2023-07-30,2023-07-30T18:15Z,Final,24,St. Louis Cardinals,16,Chicago Cubs,3,0
2023-07-30,2023-07-30T19:10Z,Final,27,Colorado Rockies,11,Oakland Athletics,2,0
2023-07-30,2023-07-30T20:05Z,Final,26,San Francisco Giants,2,Boston Red Sox,4,3
2023-07-30,2023-07-30T20:10Z,Final,19,Los Angeles Dodgers,17,Cincinnati Reds,0,9
2023-08-05,2023-08-05T17:05Z,Final,10,New York Yankees,18,Houston Astros,3,1
2023-07-30,2023-07-30T20:10Z,Final,29,Arizona Diamondbacks,12,Seattle Mariners,0,4
2023-07-30,2023-07-30T20:10Z,Final,25,San Diego Padres,13,Texas Rangers,5,3
2023-07-30,2023-07-30T23:00Z,Final,1,Baltimore Orioles,10,New York Yankees,9,3
2023-07-31,2023-07-31T22:40Z,Final,28,Miami Marlins,22,Philadelphia Phillies,2,4
2023-07-31,2023-07-31T23:05Z,Final,20,Washington Nationals,8,Milwaukee Brewers,5,3
2023-07-31,2023-07-31T23:05Z,Final,10,New York Yankees,30,Tampa Bay Rays,1,5
2023-07-31,2023-07-31T23:07Z,Final,14,Toronto Blue Jays,1,Baltimore Orioles,2,4
2023-07-31,2023-07-31T23:20Z,Final,15,Atlanta Braves,3,Los Angeles Angels,1,4
2023-07-31,2023-08-01T00:05Z,Final,16,Chicago Cubs,17,Cincinnati Reds,5,6
2023-07-31,2023-08-01T00:10Z,Final,18,Houston Astros,5,Cleveland Guardians,7,3
2023-07-31,2023-08-01T00:40Z,Final,27,Colorado Rockies,25,San Diego Padres,4,3
2023-07-31,2023-08-01T01:40Z,Final,12,Seattle Mariners,2,Boston Red Sox,6,2
2023-07-31,2023-08-01T01:45Z,Final,26,San Francisco Giants,29,Arizona Diamondbacks,3,4
2023-08-01,2023-08-01T22:40Z,Final,28,Miami Marlins,22,Philadelphia Phillies,1,3
2023-08-01,2023-08-01T23:05Z,Final,20,Washington Nationals,8,Milwaukee Brewers,4,6
2023-08-01,2023-08-01T23:05Z,Final,10,New York Yankees,30,Tampa Bay Rays,2,5
2023-08-01,2023-08-01T23:05Z,Final,23,Pittsburgh Pirates,6,Detroit Tigers,4,1
2023-08-01,2023-08-01T23:07Z,Final,14,Toronto Blue Jays,1,Baltimore Orioles,3,13
2023-08-01,2023-08-01T23:20Z,Final,15,Atlanta Braves,3,Los Angeles Angels,5,1
2023-08-01,2023-08-01T23:45Z,Final,24,St. Louis Cardinals,9,Minnesota Twins,2,3
2023-08-01,2023-08-02T00:05Z,Final,13,Texas Rangers,4,Chicago White Sox,2,0
2023-08-01,2023-08-02T00:05Z,Final,16,Chicago Cubs,17,Cincinnati Reds,20,9
2023-08-01,2023-08-02T00:10Z,Final,18,Houston Astros,5,Cleveland Guardians,2,0
2023-08-01,2023-08-02T00:10Z,Final,7,Kansas City Royals,21,New York Mets,7,6
2023-08-01,2023-08-02T00:40Z,Final,27,Colorado Rockies,25,San Diego Padres,5,8
2023-08-01,2023-08-02T01:40Z,Final,12,Seattle Mariners,2,Boston Red Sox,4,6
2023-08-01,2023-08-02T01:45Z,Final,26,San Francisco Giants,29,Arizona Diamondbacks,4,3
2023-08-01,2023-08-02T02:10Z,Final,19,Los Angeles Dodgers,11,Oakland Athletics,7,3
2023-08-02,2023-08-02T16:20Z,Final,15,Atlanta Braves,3,Los Angeles Angels,12,5
2023-08-02,2023-08-02T16:35Z,Final,23,Pittsburgh Pirates,6,Detroit Tigers,3,6
2023-08-02,2023-08-02T17:05Z,Final,20,Washington Nationals,8,Milwaukee Brewers,3,2
2023-08-02,2023-08-02T18:10Z,Final,18,Houston Astros,5,Cleveland Guardians,3,2
2023-08-02,2023-08-02T19:10Z,Final,27,Colorado Rockies,25,San Diego Padres,1,11
2023-08-02,2023-08-02T20:10Z,Final,12,Seattle Mariners,2,Boston Red Sox,6,3
2023-08-02,2023-08-02T22:40Z,Final,28,Miami Marlins,22,Philadelphia Phillies,9,8
2023-08-02,2023-08-02T23:05Z,Final,10,New York Yankees,30,Tampa Bay Rays,7,2
2023-08-02,2023-08-02T23:07Z,Final,14,Toronto Blue Jays,1,Baltimore Orioles,4,1
2023-08-02,2023-08-02T23:45Z,Final,24,St. Louis Cardinals,9,Minnesota Twins,7,3
2023-08-02,2023-08-03T00:05Z,Final,13,Texas Rangers,4,Chicago White Sox,11,1
2023-08-02,2023-08-03T00:05Z,Final,16,Chicago Cubs,17,Cincinnati Reds,16,6
2023-08-02,2023-08-03T00:10Z,Final,7,Kansas City Royals,21,New York Mets,4,0
2023-08-02,2023-08-03T01:45Z,Final,26,San Francisco Giants,29,Arizona Diamondbacks,4,2
2023-08-02,2023-08-03T02:10Z,Final,19,Los Angeles Dodgers,11,Oakland Athletics,10,1
2023-08-03,2023-08-03T16:10Z,Final,28,Miami Marlins,22,Philadelphia Phillies,2,4
2023-08-03,2023-08-03T18:05Z,Final,13,Texas Rangers,4,Chicago White Sox,5,3
2023-08-03,2023-08-03T18:10Z,Final,7,Kansas City Royals,21,New York Mets,9,2
2023-08-03,2023-08-03T19:07Z,Final,14,Toronto Blue Jays,1,Baltimore Orioles,1,6
2023-08-03,2023-08-03T19:45Z,Final,26,San Francisco Giants,29,Arizona Diamondbacks,1,0
2023-08-03,2023-08-03T23:15Z,Final,10,New York Yankees,18,Houston Astros,4,3
2023-08-03,2023-08-03T23:15Z,Final,8,Milwaukee Brewers,23,Pittsburgh Pirates,14,1
2023-08-03,2023-08-03T23:45Z,Final,24,St. Louis Cardinals,9,Minnesota Twins,3,5
2023-08-03,2023-08-04T00:05Z,Final,16,Chicago Cubs,17,Cincinnati Reds,5,3
2023-08-03,2023-08-04T01:38Z,Final,3,Los Angeles Angels,12,Seattle Mariners,3,5
2023-08-03,2023-08-04T02:10Z,Final,19,Los Angeles Dodgers,11,Oakland Athletics,8,2
2023-08-04,2023-08-04T18:20Z,Final,16,Chicago Cubs,15,Atlanta Braves,0,8
2023-08-04,2023-08-04T22:40Z,Final,6,Detroit Tigers,30,Tampa Bay Rays,0,8
2023-08-04,2023-08-04T22:40Z,Final,17,Cincinnati Reds,20,Washington Nationals,3,6
2023-08-04,2023-08-04T23:05Z,Final,10,New York Yankees,18,Houston Astros,3,7
2023-08-04,2023-08-04T23:05Z,Final,22,Philadelphia Phillies,7,Kansas City Royals,5,7
2023-08-04,2023-08-04T23:05Z,Final,1,Baltimore Orioles,21,New York Mets,10,3
2023-08-04,2023-08-04T23:10Z,Final,5,Cleveland Guardians,4,Chicago White Sox,4,2
2023-08-04,2023-08-04T23:10Z,Final,2,Boston Red Sox,14,Toronto Blue Jays,3,7
2023-08-04,2023-08-05T00:05Z,Final,13,Texas Rangers,28,Miami Marlins,6,2
2023-08-04,2023-08-05T00:10Z,Final,9,Minnesota Twins,29,Arizona Diamondbacks,3,2
2023-08-04,2023-08-05T00:10Z,Final,8,Milwaukee Brewers,23,Pittsburgh Pirates,4,8
2023-08-04,2023-08-05T00:15Z,Final,24,St. Louis Cardinals,27,Colorado Rockies,4,9
2023-08-04,2023-08-05T01:38Z,Final,3,Los Angeles Angels,12,Seattle Mariners,7,9
2023-08-04,2023-08-05T01:40Z,Final,25,San Diego Padres,19,Los Angeles Dodgers,5,10
2023-08-05,2023-08-05T17:10Z,Final,6,Detroit Tigers,30,Tampa Bay Rays,4,2
2023-08-05,2023-08-05T18:20Z,Final,16,Chicago Cubs,15,Atlanta Braves,8,6
2023-08-05,2023-08-05T20:05Z,Final,13,Texas Rangers,28,Miami Marlins,9,8
2023-08-05,2023-08-05T20:10Z,Final,2,Boston Red Sox,14,Toronto Blue Jays,4,5
2023-08-05,2023-08-05T20:10Z,Final,17,Cincinnati Reds,20,Washington Nationals,3,7
2023-08-05,2023-08-05T22:05Z,Final,22,Philadelphia Phillies,7,Kansas City Royals,9,6
2023-08-05,2023-08-05T23:05Z,Final,1,Baltimore Orioles,21,New York Mets,7,3
2023-08-05,2023-08-05T23:07Z,Final,11,Oakland Athletics,26,San Francisco Giants,2,1
2023-08-05,2023-08-05T23:10Z,Final,5,Cleveland Guardians,4,Chicago White Sox,4,7
2023-08-05,2023-08-05T23:10Z,Final,8,Milwaukee Brewers,23,Pittsburgh Pirates,3,2
2023-08-05,2023-08-05T23:15Z,Final,24,St. Louis Cardinals,27,Colorado Rockies,6,2
2023-08-05,2023-08-05T23:30Z,Final,9,Minnesota Twins,29,Arizona Diamondbacks,12,1
2023-08-05,2023-08-06T00:40Z,Final,25,San Diego Padres,19,Los Angeles Dodgers,8,3
2023-08-05,2023-08-06T01:07Z,Final,3,Los Angeles Angels,12,Seattle Mariners,2,3
2023-08-06,2023-08-06T16:05Z,Final,5,Cleveland Guardians,4,Chicago White Sox,3,5
2023-08-06,2023-08-06T17:35Z,Final,10,New York Yankees,18,Houston Astros,7,9
2023-08-06,2023-08-06T17:35Z,Final,22,Philadelphia Phillies,7,Kansas City Royals,8,4
2023-08-06,2023-08-06T17:35Z,Final,1,Baltimore Orioles,21,New York Mets,2,0
2023-08-06,2023-08-06T17:35Z,Final,2,Boston Red Sox,14,Toronto Blue Jays,1,13
2023-08-06,2023-08-06T17:40Z,Final,6,Detroit Tigers,30,Tampa Bay Rays,6,10
2023-08-06,2023-08-06T17:40Z,Final,17,Cincinnati Reds,20,Washington Nationals,3,6
2023-08-06,2023-08-06T18:10Z,Final,9,Minnesota Twins,29,Arizona Diamondbacks,5,3
2023-08-06,2023-08-06T18:10Z,Final,8,Milwaukee Brewers,23,Pittsburgh Pirates,1,4
2023-08-06,2023-08-06T18:15Z,Final,24,St. Louis Cardinals,27,Colorado Rockies,0,1
2023-08-06,2023-08-06T18:20Z,Final,16,Chicago Cubs,15,Atlanta Braves,6,4
2023-08-06,2023-08-06T18:35Z,Final,13,Texas Rangers,28,Miami Marlins,6,0
2023-08-06,2023-08-06T20:07Z,Final,3,Los Angeles Angels,12,Seattle Mariners,2,3
2023-08-06,2023-08-06T20:07Z,Final,11,Oakland Athletics,26,San Francisco Giants,8,6
2023-08-06,2023-08-06T23:00Z,Final,25,San Diego Padres,19,Los Angeles Dodgers,2,8
2023-08-07,2023-08-07T20:10Z,Final,25,San Diego Padres,19,Los Angeles Dodgers,7,13
2023-08-07,2023-08-07T22:40Z,Final,17,Cincinnati Reds,28,Miami Marlins,5,2
2023-08-07,2023-08-07T22:40Z,Final,6,Detroit Tigers,9,Minnesota Twins,3,9
2023-08-07,2023-08-07T23:05Z,Final,23,Pittsburgh Pirates,15,Atlanta Braves,7,6
2023-08-07,2023-08-07T23:10Z,Final,21,New York Mets,16,Chicago Cubs,11,2
2023-08-07,2023-08-07T23:10Z,Final,2,Boston Red Sox,7,Kansas City Royals,6,2
2023-08-07,2023-08-07T23:10Z,Final,5,Cleveland Guardians,14,Toronto Blue Jays,1,3
2023-08-07,2023-08-08T00:10Z,Final,8,Milwaukee Brewers,27,Colorado Rockies,12,1
2023-08-07,2023-08-08T00:10Z,Final,4,Chicago White Sox,10,New York Yankees,5,1
2023-08-07,2023-08-08T01:38Z,Final,3,Los Angeles Angels,26,San Francisco Giants,3,8
2023-08-07,2023-08-08T01:40Z,Final,11,Oakland Athletics,13,Texas Rangers,3,5
2023-08-08,2023-08-08T20:05Z,Final,22,Philadelphia Phillies,20,Washington Nationals,8,4
2023-08-08,2023-08-08T22:40Z,Final,17,Cincinnati Reds,28,Miami Marlins,2,3
2023-08-08,2023-08-08T22:40Z,Final,6,Detroit Tigers,9,Minnesota Twins,6,0
2023-08-08,2023-08-08T22:40Z,Final,30,Tampa Bay Rays,24,St. Louis Cardinals,4,2
2023-08-08,2023-08-08T23:05Z,Final,1,Baltimore Orioles,18,Houston Astros,6,7
2023-08-08,2023-08-08T23:05Z,Final,23,Pittsburgh Pirates,15,Atlanta Braves,6,8
2023-08-08,2023-08-08T23:10Z,Final,21,New York Mets,16,Chicago Cubs,2,3
2023-08-08,2023-08-08T23:10Z,Final,2,Boston Red Sox,7,Kansas City Royals,3,9
2023-08-08,2023-08-08T23:10Z,Final,5,Cleveland Guardians,14,Toronto Blue Jays,1,0
2023-08-08,2023-08-08T23:20Z,Final,22,Philadelphia Phillies,20,Washington Nationals,4,5
2023-08-08,2023-08-09T00:10Z,Final,8,Milwaukee Brewers,27,Colorado Rockies,3,7
2023-08-08,2023-08-09T00:10Z,Final,4,Chicago White Sox,10,New York Yankees,1,7
2023-08-08,2023-08-09T01:38Z,Final,3,Los Angeles Angels,26,San Francisco Giants,7,5
2023-08-08,2023-08-09T01:40Z,Final,29,Arizona Diamondbacks,19,Los Angeles Dodgers,4,5
2023-08-08,2023-08-09T01:40Z,Final,12,Seattle Mariners,25,San Diego Padres,2,0
2023-08-08,2023-08-09T01:40Z,Final,11,Oakland Athletics,13,Texas Rangers,1,6
2023-08-09,2023-08-09T16:35Z,Final,17,Cincinnati Reds,28,Miami Marlins,4,5
2023-08-09,2023-08-09T18:10Z,Final,8,Milwaukee Brewers,27,Colorado Rockies,7,6
2023-08-09,2023-08-09T19:37Z,Final,11,Oakland Athletics,13,Texas Rangers,2,0
2023-08-09,2023-08-09T22:40Z,Final,6,Detroit Tigers,9,Minnesota Twins,9,5
2023-08-09,2023-08-09T22:40Z,Final,30,Tampa Bay Rays,24,St. Louis Cardinals,4,6
2023-08-09,2023-08-09T22:40Z,Final,22,Philadelphia Phillies,20,Washington Nationals,7,0
2023-08-09,2023-08-09T23:05Z,Final,1,Baltimore Orioles,18,Houston Astros,2,8
2023-08-09,2023-08-09T23:05Z,Final,23,Pittsburgh Pirates,15,Atlanta Braves,5,6
2023-08-09,2023-08-09T23:10Z,Final,21,New York Mets,16,Chicago Cubs,4,3
2023-08-09,2023-08-09T23:10Z,Final,2,Boston Red Sox,7,Kansas City Royals,4,3
2023-08-09,2023-08-09T23:10Z,Final,5,Cleveland Guardians,14,Toronto Blue Jays,0,1
2023-08-09,2023-08-10T00:10Z,Final,4,Chicago White Sox,10,New York Yankees,9,2
2023-08-09,2023-08-10T01:38Z,Final,3,Los Angeles Angels,26,San Francisco Giants,4,1
2023-08-09,2023-08-10T01:40Z,Final,29,Arizona Diamondbacks,19,Los Angeles Dodgers,0,2
2023-08-09,2023-08-10T01:40Z,Final,12,Seattle Mariners,25,San Diego Padres,6,1
2023-08-10,2023-08-10T16:35Z,Final,1,Baltimore Orioles,18,Houston Astros,5,4
2023-08-10,2023-08-10T16:35Z,Final,23,Pittsburgh Pirates,15,Atlanta Braves,7,5
2023-08-10,2023-08-10T17:10Z,Final,6,Detroit Tigers,9,Minnesota Twins,3,0
2023-08-10,2023-08-10T17:10Z,Final,5,Cleveland Guardians,14,Toronto Blue Jays,4,3
2023-08-10,2023-08-10T22:40Z,Final,30,Tampa Bay Rays,24,St. Louis Cardinals,2,5
2023-08-10,2023-08-10T22:40Z,Final,22,Philadelphia Phillies,20,Washington Nationals,6,2
2023-08-10,2023-08-10T23:10Z,Final,2,Boston Red Sox,7,Kansas City Royals,2,0
2023-08-10,2023-08-11T02:10Z,Final,19,Los Angeles Dodgers,27,Colorado Rockies,2,1
2023-08-11,2023-08-11T22:40Z,Final,30,Tampa Bay Rays,5,Cleveland Guardians,9,8
2023-08-11,2023-08-11T22:40Z,Final,28,Miami Marlins,10,New York Yankees,4,9
2023-08-11,2023-08-11T23:05Z,Final,22,Philadelphia Phillies,9,Minnesota Twins,13,2
2023-08-11,2023-08-11T23:05Z,Final,20,Washington Nationals,11,Oakland Athletics,8,2
2023-08-11,2023-08-11T23:05Z,Final,23,Pittsburgh Pirates,17,Cincinnati Reds,2,9
2023-08-11,2023-08-11T23:07Z,Final,14,Toronto Blue Jays,16,Chicago Cubs,2,6
2023-08-11,2023-08-11T23:10Z,Final,21,New York Mets,15,Atlanta Braves,0,7
2023-08-11,2023-08-11T23:10Z,Final,2,Boston Red Sox,6,Detroit Tigers,5,2
2023-08-11,2023-08-12T00:10Z,Final,18,Houston Astros,3,Los Angeles Angels,11,3
2023-08-11,2023-08-12T00:10Z,Final,4,Chicago White Sox,8,Milwaukee Brewers,6,7
2023-08-11,2023-08-12T00:10Z,Final,7,Kansas City Royals,24,St. Louis Cardinals,12,8
2023-08-11,2023-08-12T01:40Z,Final,29,Arizona Diamondbacks,25,San Diego Padres,5,10
2023-08-11,2023-08-12T02:10Z,Final,12,Seattle Mariners,1,Baltimore Orioles,9,2
2023-08-11,2023-08-12T02:10Z,Final,19,Los Angeles Dodgers,27,Colorado Rockies,6,1
2023-08-11,2023-08-12T02:15Z,Final,26,San Francisco Giants,13,Texas Rangers,1,2
2023-08-12,2023-08-12T17:10Z,Final,21,New York Mets,15,Atlanta Braves,3,21
2023-08-12,2023-08-12T19:07Z,Final,14,Toronto Blue Jays,16,Chicago Cubs,4,5
2023-08-12,2023-08-12T20:10Z,Final,30,Tampa Bay Rays,5,Cleveland Guardians,6,5
2023-08-12,2023-08-12T20:10Z,Final,2,Boston Red Sox,6,Detroit Tigers,2,6
2023-08-12,2023-08-12T20:10Z,Final,28,Miami Marlins,10,New York Yankees,3,1
2023-08-12,2023-08-12T22:05Z,Final,22,Philadelphia Phillies,9,Minnesota Twins,1,8
2023-08-12,2023-08-12T23:05Z,Final,20,Washington Nationals,11,Oakland Athletics,3,2
2023-08-12,2023-08-12T23:15Z,Final,18,Houston Astros,3,Los Angeles Angels,11,3
2023-08-12,2023-08-12T23:15Z,Final,21,New York Mets,15,Atlanta Braves,0,6
2023-08-12,2023-08-12T23:15Z,Final,4,Chicago White Sox,8,Milwaukee Brewers,2,3
2023-08-12,2023-08-12T23:15Z,Final,7,Kansas City Royals,24,St. Louis Cardinals,4,5
2023-08-12,2023-08-13T00:10Z,Final,29,Arizona Diamondbacks,25,San Diego Padres,3,0
2023-08-12,2023-08-13T01:05Z,Final,26,San Francisco Giants,13,Texas Rangers,3,9
2023-08-12,2023-08-13T01:10Z,Final,19,Los Angeles Dodgers,27,Colorado Rockies,4,1
2023-08-12,2023-08-13T01:40Z,Final,12,Seattle Mariners,1,Baltimore Orioles,0,1
2023-08-13,2023-08-13T16:05Z,Final,2,Boston Red Sox,6,Detroit Tigers,6,3
2023-08-13,2023-08-13T17:35Z,Final,22,Philadelphia Phillies,9,Minnesota Twins,0,3
2023-08-13,2023-08-13T17:35Z,Final,20,Washington Nationals,11,Oakland Athletics,8,7
2023-08-13,2023-08-13T17:35Z,Final,23,Pittsburgh Pirates,17,Cincinnati Reds,4,2
2023-08-13,2023-08-13T17:37Z,Final,14,Toronto Blue Jays,16,Chicago Cubs,11,4
2023-08-13,2023-08-13T17:40Z,Final,30,Tampa Bay Rays,5,Cleveland Guardians,2,9
2023-08-13,2023-08-13T17:40Z,Final,28,Miami Marlins,10,New York Yankees,8,7
2023-08-13,2023-08-13T18:10Z,Final,18,Houston Astros,3,Los Angeles Angels,1,2
2023-08-13,2023-08-13T18:10Z,Final,4,Chicago White Sox,8,Milwaukee Brewers,3,7
2023-08-13,2023-08-13T20:05Z,Final,26,San Francisco Giants,13,Texas Rangers,3,2
2023-08-13,2023-08-13T20:10Z,Final,12,Seattle Mariners,1,Baltimore Orioles,3,5
2023-08-13,2023-08-13T20:10Z,Final,19,Los Angeles Dodgers,27,Colorado Rockies,8,3
2023-08-13,2023-08-13T20:10Z,Final,29,Arizona Diamondbacks,25,San Diego Padres,5,4
2023-08-13,2023-08-13T22:05Z,Final,23,Pittsburgh Pirates,17,Cincinnati Reds,5,6
2023-08-13,2023-08-13T23:00Z,Final,21,New York Mets,15,Atlanta Braves,7,6
2023-08-14,2023-08-14T22:40Z,Final,28,Miami Marlins,18,Houston Astros,5,1
2023-08-14,2023-08-14T23:10Z,Final,21,New York Mets,23,Pittsburgh Pirates,7,2
2023-08-14,2023-08-14T23:20Z,Final,15,Atlanta Braves,10,New York Yankees,11,3
2023-08-14,2023-08-14T23:45Z,Final,24,St. Louis Cardinals,11,Oakland Athletics,7,5
2023-08-14,2023-08-15T00:05Z,Final,13,Texas Rangers,3,Los Angeles Angels,12,0
2023-08-14,2023-08-15T00:10Z,Final,7,Kansas City Royals,12,Seattle Mariners,7,6
2023-08-14,2023-08-15T00:40Z,Final,27,Colorado Rockies,29,Arizona Diamondbacks,6,4
2023-08-14,2023-08-15T01:40Z,Final,25,San Diego Padres,1,Baltimore Orioles,1,4
2023-08-14,2023-08-15T01:45Z,Final,26,San Francisco Giants,30,Tampa Bay Rays,2,10
2023-08-15,2023-08-15T22:40Z,Final,17,Cincinnati Reds,5,Cleveland Guardians,0,3
2023-08-15,2023-08-15T22:40Z,Final,28,Miami Marlins,18,Houston Astros,5,6
2023-08-15,2023-08-15T23:05Z,Final,20,Washington Nationals,2,Boston Red Sox,4,5
2023-08-27,2023-08-27T23:00Z,Final,26,San Francisco Giants,15,Atlanta Braves,8,5
2023-08-15,2023-08-15T23:07Z,Final,14,Toronto Blue Jays,22,Philadelphia Phillies,2,1
2023-08-15,2023-08-15T23:10Z,Final,21,New York Mets,23,Pittsburgh Pirates,4,7
2023-08-15,2023-08-15T23:20Z,Final,15,Atlanta Braves,10,New York Yankees,5,0
2023-08-15,2023-08-15T23:40Z,Final,9,Minnesota Twins,6,Detroit Tigers,5,3
2023-08-15,2023-08-15T23:45Z,Final,24,St. Louis Cardinals,11,Oakland Athletics,6,2
2023-08-15,2023-08-16T00:05Z,Final,13,Texas Rangers,3,Los Angeles Angels,7,3
2023-08-15,2023-08-16T00:05Z,Final,16,Chicago Cubs,4,Chicago White Sox,3,5
2023-08-15,2023-08-16T00:10Z,Final,7,Kansas City Royals,12,Seattle Mariners,8,10
2023-08-15,2023-08-16T00:40Z,Final,27,Colorado Rockies,29,Arizona Diamondbacks,5,8
2023-08-15,2023-08-16T01:40Z,Final,25,San Diego Padres,1,Baltimore Orioles,10,3
2023-08-15,2023-08-16T01:45Z,Final,26,San Francisco Giants,30,Tampa Bay Rays,7,0
2023-08-15,2023-08-16T02:10Z,Final,19,Los Angeles Dodgers,8,Milwaukee Brewers,6,2
2023-08-16,2023-08-16T17:10Z,Final,9,Minnesota Twins,6,Detroit Tigers,7,8
2023-08-16,2023-08-16T17:10Z,Final,21,New York Mets,23,Pittsburgh Pirates,8,3
2023-08-16,2023-08-16T19:10Z,Final,27,Colorado Rockies,29,Arizona Diamondbacks,7,9
2023-08-16,2023-08-16T19:45Z,Final,26,San Francisco Giants,30,Tampa Bay Rays,1,6
2023-08-16,2023-08-16T22:40Z,Final,17,Cincinnati Reds,5,Cleveland Guardians,7,2
2023-08-16,2023-08-16T22:40Z,Final,28,Miami Marlins,18,Houston Astros,5,12
2023-08-16,2023-08-16T22:45Z,Final,24,St. Louis Cardinals,11,Oakland Athletics,0,8
2023-08-16,2023-08-16T23:05Z,Final,20,Washington Nationals,2,Boston Red Sox,6,2
2023-08-16,2023-08-16T23:07Z,Final,14,Toronto Blue Jays,22,Philadelphia Phillies,4,9
2023-08-16,2023-08-16T23:20Z,Final,15,Atlanta Braves,10,New York Yankees,2,0
2023-08-16,2023-08-17T00:05Z,Final,13,Texas Rangers,3,Los Angeles Angels,0,2
2023-08-16,2023-08-17T00:05Z,Final,16,Chicago Cubs,4,Chicago White Sox,4,3
2023-08-16,2023-08-17T00:10Z,Final,7,Kansas City Royals,12,Seattle Mariners,5,6
2023-08-16,2023-08-17T00:40Z,Final,25,San Diego Padres,1,Baltimore Orioles,5,2
2023-08-16,2023-08-17T02:10Z,Final,19,Los Angeles Dodgers,8,Milwaukee Brewers,7,1
2023-08-17,2023-08-17T18:10Z,Final,7,Kansas City Royals,12,Seattle Mariners,4,6
2023-08-17,2023-08-17T20:05Z,Final,20,Washington Nationals,2,Boston Red Sox,10,7
2023-08-17,2023-08-17T23:15Z,Final,24,St. Louis Cardinals,21,New York Mets,2,4
2023-08-17,2023-08-18T01:40Z,Final,25,San Diego Padres,29,Arizona Diamondbacks,1,3
2023-08-17,2023-08-18T02:10Z,Final,19,Los Angeles Dodgers,8,Milwaukee Brewers,1,0
2023-08-18,2023-08-18T18:20Z,Final,16,Chicago Cubs,7,Kansas City Royals,3,4
2023-08-18,2023-08-18T20:10Z,Final,5,Cleveland Guardians,6,Detroit Tigers,2,4
2023-08-18,2023-08-18T22:40Z,Final,17,Cincinnati Reds,14,Toronto Blue Jays,1,0
2023-08-18,2023-08-18T23:05Z,Final,10,New York Yankees,2,Boston Red Sox,3,8
2023-08-18,2023-08-18T23:05Z,Final,20,Washington Nationals,22,Philadelphia Phillies,8,7
2023-08-18,2023-08-18T23:20Z,Final,15,Atlanta Braves,26,San Francisco Giants,4,0
2023-08-18,2023-08-18T23:30Z,Final,5,Cleveland Guardians,6,Detroit Tigers,4,1
2023-08-18,2023-08-19T00:05Z,Final,13,Texas Rangers,8,Milwaukee Brewers,8,9
2023-08-18,2023-08-19T00:10Z,Final,9,Minnesota Twins,23,Pittsburgh Pirates,5,1
2023-08-18,2023-08-19T00:10Z,Final,18,Houston Astros,12,Seattle Mariners,0,2
2023-08-18,2023-08-19T00:15Z,Final,24,St. Louis Cardinals,21,New York Mets,1,7
2023-08-18,2023-08-19T00:40Z,Final,27,Colorado Rockies,4,Chicago White Sox,14,1
2023-08-18,2023-08-19T01:38Z,Final,3,Los Angeles Angels,30,Tampa Bay Rays,6,9
2023-08-18,2023-08-19T01:40Z,Final,11,Oakland Athletics,1,Baltimore Orioles,4,9
2023-08-18,2023-08-19T01:40Z,Final,25,San Diego Padres,29,Arizona Diamondbacks,4,0
2023-08-18,2023-08-19T02:10Z,Final,19,Los Angeles Dodgers,28,Miami Marlins,3,11
2023-08-19,2023-08-19T17:05Z,Final,10,New York Yankees,2,Boston Red Sox,1,8
2023-08-19,2023-08-19T18:20Z,Final,16,Chicago Cubs,7,Kansas City Royals,6,4
2023-08-19,2023-08-19T19:00Z,Final,19,Los Angeles Dodgers,28,Miami Marlins,3,1
2023-08-19,2023-08-19T19:10Z,Final,25,San Diego Padres,29,Arizona Diamondbacks,4,6
2023-08-19,2023-08-19T20:05Z,Final,13,Texas Rangers,8,Milwaukee Brewers,1,6
2023-08-19,2023-08-19T20:05Z,Final,20,Washington Nationals,22,Philadelphia Phillies,3,12
2023-08-19,2023-08-19T20:07Z,Final,3,Los Angeles Angels,30,Tampa Bay Rays,7,6
2023-08-19,2023-08-19T22:40Z,Final,17,Cincinnati Reds,14,Toronto Blue Jays,3,4
2023-08-19,2023-08-19T23:10Z,Final,5,Cleveland Guardians,6,Detroit Tigers,3,4
2023-08-19,2023-08-19T23:10Z,Final,9,Minnesota Twins,23,Pittsburgh Pirates,4,7
2023-08-19,2023-08-19T23:10Z,Final,18,Houston Astros,12,Seattle Mariners,3,10
2023-08-19,2023-08-19T23:15Z,Final,24,St. Louis Cardinals,21,New York Mets,2,13
2023-08-19,2023-08-19T23:20Z,Final,15,Atlanta Braves,26,San Francisco Giants,6,5
2023-08-19,2023-08-20T00:10Z,Final,27,Colorado Rockies,4,Chicago White Sox,11,5
2023-08-19,2023-08-20T00:40Z,Final,25,San Diego Padres,29,Arizona Diamondbacks,1,8
2023-08-19,2023-08-20T01:07Z,Final,11,Oakland Athletics,1,Baltimore Orioles,2,7
2023-08-19,2023-08-20T01:07Z,Final,3,Los Angeles Angels,30,Tampa Bay Rays,4,18
2023-08-19,2023-08-20T01:10Z,Final,19,Los Angeles Dodgers,28,Miami Marlins,3,1
2023-08-20,2023-08-20T17:05Z,Final,18,Houston Astros,12,Seattle Mariners,6,7
2023-08-20,2023-08-20T17:35Z,Final,10,New York Yankees,2,Boston Red Sox,5,6
2023-08-20,2023-08-20T17:35Z,Final,15,Atlanta Braves,26,San Francisco Giants,3,4
2023-08-20,2023-08-20T17:40Z,Final,5,Cleveland Guardians,6,Detroit Tigers,1,4
2023-08-20,2023-08-20T17:40Z,Final,17,Cincinnati Reds,14,Toronto Blue Jays,3,10
2023-08-20,2023-08-20T18:10Z,Final,9,Minnesota Twins,23,Pittsburgh Pirates,2,0
2023-08-20,2023-08-20T18:15Z,Final,24,St. Louis Cardinals,21,New York Mets,7,3
2023-08-20,2023-08-20T18:20Z,Final,16,Chicago Cubs,7,Kansas City Royals,4,3
2023-08-20,2023-08-20T18:35Z,Final,13,Texas Rangers,8,Milwaukee Brewers,2,6
2023-08-20,2023-08-20T19:10Z,Final,27,Colorado Rockies,4,Chicago White Sox,5,10
2023-08-20,2023-08-20T20:07Z,Final,11,Oakland Athletics,1,Baltimore Orioles,1,12
2023-08-20,2023-08-20T23:00Z,Final,20,Washington Nationals,22,Philadelphia Phillies,4,3
2023-08-21,2023-08-21T22:40Z,Final,6,Detroit Tigers,16,Chicago Cubs,6,7
2023-08-21,2023-08-21T22:40Z,Final,22,Philadelphia Phillies,26,San Francisco Giants,10,4
2023-08-21,2023-08-21T23:05Z,Final,23,Pittsburgh Pirates,24,St. Louis Cardinals,11,1
2023-08-21,2023-08-21T23:20Z,Final,15,Atlanta Braves,21,New York Mets,4,10
2023-08-21,2023-08-22T00:10Z,Final,18,Houston Astros,2,Boston Red Sox,9,4
2023-08-21,2023-08-22T00:10Z,Final,4,Chicago White Sox,12,Seattle Mariners,2,14
2023-08-21,2023-08-22T01:40Z,Final,11,Oakland Athletics,7,Kansas City Royals,6,4
2023-08-21,2023-08-22T01:40Z,Final,29,Arizona Diamondbacks,13,Texas Rangers,4,3
2023-08-21,2023-08-22T01:40Z,Final,25,San Diego Padres,28,Miami Marlins,6,2
2023-08-22,2023-08-22T22:40Z,Final,6,Detroit Tigers,16,Chicago Cubs,8,6
2023-08-22,2023-08-22T22:40Z,Final,30,Tampa Bay Rays,27,Colorado Rockies,12,4
2023-08-22,2023-08-22T22:40Z,Final,22,Philadelphia Phillies,26,San Francisco Giants,4,3
2023-08-22,2023-08-22T23:05Z,Final,1,Baltimore Orioles,14,Toronto Blue Jays,3,6
2023-08-22,2023-08-22T23:05Z,Final,10,New York Yankees,20,Washington Nationals,1,2
2023-08-22,2023-08-22T23:05Z,Final,23,Pittsburgh Pirates,24,St. Louis Cardinals,6,3
2023-08-22,2023-08-22T23:10Z,Final,5,Cleveland Guardians,19,Los Angeles Dodgers,8,3
2023-08-22,2023-08-22T23:20Z,Final,15,Atlanta Braves,21,New York Mets,3,2
2023-08-22,2023-08-23T00:10Z,Final,18,Houston Astros,2,Boston Red Sox,7,3
2023-08-22,2023-08-23T00:10Z,Final,8,Milwaukee Brewers,9,Minnesota Twins,7,3
2023-08-22,2023-08-23T00:10Z,Final,4,Chicago White Sox,12,Seattle Mariners,3,6
2023-08-22,2023-08-23T01:38Z,Final,3,Los Angeles Angels,17,Cincinnati Reds,3,4
2023-08-22,2023-08-23T01:40Z,Final,11,Oakland Athletics,7,Kansas City Royals,5,4
2023-08-22,2023-08-23T01:40Z,Final,29,Arizona Diamondbacks,13,Texas Rangers,6,3
2023-08-22,2023-08-23T01:40Z,Final,25,San Diego Padres,28,Miami Marlins,0,3
2023-08-23,2023-08-23T16:35Z,Final,23,Pittsburgh Pirates,24,St. Louis Cardinals,4,6
2023-08-23,2023-08-23T17:10Z,Final,6,Detroit Tigers,16,Chicago Cubs,4,6
2023-08-23,2023-08-23T18:10Z,Final,8,Milwaukee Brewers,9,Minnesota Twins,8,7
2023-08-23,2023-08-23T18:10Z,Final,4,Chicago White Sox,12,Seattle Mariners,5,4
2023-08-23,2023-08-23T19:37Z,Final,11,Oakland Athletics,7,Kansas City Royals,0,4
2023-08-23,2023-08-23T20:05Z,Final,22,Philadelphia Phillies,26,San Francisco Giants,6,8
2023-08-23,2023-08-23T20:07Z,Final,3,Los Angeles Angels,17,Cincinnati Reds,4,9
2023-08-23,2023-08-23T20:10Z,Final,25,San Diego Padres,28,Miami Marlins,4,0
2023-08-23,2023-08-23T22:40Z,Final,30,Tampa Bay Rays,27,Colorado Rockies,6,5
2023-08-23,2023-08-23T23:05Z,Final,1,Baltimore Orioles,14,Toronto Blue Jays,7,0
2023-08-23,2023-08-23T23:05Z,Final,10,New York Yankees,20,Washington Nationals,9,1
2023-08-23,2023-08-23T23:10Z,Final,5,Cleveland Guardians,19,Los Angeles Dodgers,1,6
2023-08-23,2023-08-23T23:20Z,Final,15,Atlanta Braves,21,New York Mets,7,0
2023-08-23,2023-08-24T00:10Z,Final,18,Houston Astros,2,Boston Red Sox,5,7
2023-08-23,2023-08-24T01:38Z,Final,3,Los Angeles Angels,17,Cincinnati Reds,3,7
2023-08-24,2023-08-24T17:05Z,Final,10,New York Yankees,20,Washington Nationals,5,6
2023-08-24,2023-08-24T17:10Z,Final,30,Tampa Bay Rays,27,Colorado Rockies,5,3
2023-08-24,2023-08-24T18:10Z,Final,18,Houston Astros,2,Boston Red Sox,1,17
2023-08-24,2023-08-24T20:20Z,Final,5,Cleveland Guardians,19,Los Angeles Dodgers,3,9
2023-08-24,2023-08-24T23:05Z,Final,1,Baltimore Orioles,14,Toronto Blue Jays,5,3
2023-08-24,2023-08-24T23:05Z,Final,23,Pittsburgh Pirates,16,Chicago Cubs,4,5
2023-08-24,2023-08-24T23:10Z,Final,9,Minnesota Twins,13,Texas Rangers,7,5
2023-08-24,2023-08-25T00:10Z,Final,4,Chicago White Sox,11,Oakland Athletics,5,8
2023-08-24,2023-08-25T01:40Z,Final,29,Arizona Diamondbacks,17,Cincinnati Reds,3,2
2023-08-25,2023-08-25T22:40Z,Final,6,Detroit Tigers,18,Houston Astros,4,1
2023-08-25,2023-08-25T22:40Z,Final,30,Tampa Bay Rays,10,New York Yankees,2,6
2023-08-25,2023-08-25T22:40Z,Final,28,Miami Marlins,20,Washington Nationals,4,7
2023-08-25,2023-08-25T23:05Z,Final,1,Baltimore Orioles,27,Colorado Rockies,5,4
2023-08-25,2023-08-25T23:05Z,Final,22,Philadelphia Phillies,24,St. Louis Cardinals,7,2
2023-08-25,2023-08-25T23:05Z,Final,23,Pittsburgh Pirates,16,Chicago Cubs,2,1
2023-08-25,2023-08-25T23:07Z,Final,14,Toronto Blue Jays,5,Cleveland Guardians,2,5
2023-08-25,2023-08-25T23:10Z,Final,21,New York Mets,3,Los Angeles Angels,1,3
2023-08-25,2023-08-25T23:10Z,Final,2,Boston Red Sox,19,Los Angeles Dodgers,4,7
2023-08-25,2023-08-25T23:10Z,Final,4,Chicago White Sox,11,Oakland Athletics,4,12
2023-08-25,2023-08-26T00:10Z,Final,8,Milwaukee Brewers,25,San Diego Padres,7,3
2023-08-25,2023-08-26T00:10Z,Final,9,Minnesota Twins,13,Texas Rangers,12,2
2023-08-25,2023-08-26T01:40Z,Final,29,Arizona Diamondbacks,17,Cincinnati Reds,10,8
2023-08-25,2023-08-26T02:10Z,Final,12,Seattle Mariners,7,Kansas City Royals,7,5
2023-08-25,2023-08-26T02:15Z,Final,26,San Francisco Giants,15,Atlanta Braves,1,5
2023-08-26,2023-08-26T19:07Z,Final,14,Toronto Blue Jays,5,Cleveland Guardians,8,3
2023-08-26,2023-08-26T20:05Z,Final,26,San Francisco Giants,15,Atlanta Braves,3,7
2023-08-26,2023-08-26T20:10Z,Final,12,Seattle Mariners,7,Kansas City Royals,15,2
2023-08-26,2023-08-26T20:10Z,Final,2,Boston Red Sox,19,Los Angeles Dodgers,8,5
2023-08-26,2023-08-26T20:10Z,Final,30,Tampa Bay Rays,10,New York Yankees,3,0
2023-08-26,2023-08-26T20:10Z,Final,28,Miami Marlins,20,Washington Nationals,2,3
2023-08-26,2023-08-26T22:10Z,Final,6,Detroit Tigers,18,Houston Astros,2,9
2023-08-26,2023-08-26T23:05Z,Final,1,Baltimore Orioles,27,Colorado Rockies,5,4
2023-08-26,2023-08-26T23:10Z,Final,21,New York Mets,3,Los Angeles Angels,3,5
2023-08-26,2023-08-26T23:10Z,Final,4,Chicago White Sox,11,Oakland Athletics,6,2
2023-08-26,2023-08-26T23:10Z,Final,8,Milwaukee Brewers,25,San Diego Padres,5,4
2023-08-26,2023-08-26T23:15Z,Final,22,Philadelphia Phillies,24,St. Louis Cardinals,12,1
2023-08-26,2023-08-26T23:15Z,Final,9,Minnesota Twins,13,Texas Rangers,2,6
2023-08-26,2023-08-26T23:15Z,Final,23,Pittsburgh Pirates,16,Chicago Cubs,6,10
2023-08-26,2023-08-27T00:10Z,Final,29,Arizona Diamondbacks,17,Cincinnati Reds,7,8
2023-08-27,2023-08-27T16:05Z,Final,21,New York Mets,3,Los Angeles Angels,3,2
2023-08-27,2023-08-27T17:35Z,Final,1,Baltimore Orioles,27,Colorado Rockies,3,4
2023-08-27,2023-08-27T17:35Z,Final,2,Boston Red Sox,19,Los Angeles Dodgers,4,7
2023-08-27,2023-08-27T17:35Z,Final,22,Philadelphia Phillies,24,St. Louis Cardinals,3,0
2023-08-27,2023-08-27T17:35Z,Final,23,Pittsburgh Pirates,16,Chicago Cubs,1,10
2023-08-27,2023-08-27T17:37Z,Final,14,Toronto Blue Jays,5,Cleveland Guardians,7,10
2023-08-27,2023-08-27T17:40Z,Final,6,Detroit Tigers,18,Houston Astros,4,17
2023-08-27,2023-08-27T17:40Z,Final,30,Tampa Bay Rays,10,New York Yankees,7,4
2023-08-27,2023-08-27T17:40Z,Final,28,Miami Marlins,20,Washington Nationals,2,1
2023-08-27,2023-08-27T18:10Z,Final,4,Chicago White Sox,11,Oakland Athletics,6,1
2023-08-27,2023-08-27T18:10Z,Final,8,Milwaukee Brewers,25,San Diego Padres,10,6
2023-08-27,2023-08-27T18:10Z,Final,9,Minnesota Twins,13,Texas Rangers,7,6
2023-08-27,2023-08-27T20:10Z,Final,29,Arizona Diamondbacks,17,Cincinnati Reds,5,2
2023-08-27,2023-08-27T20:10Z,Final,12,Seattle Mariners,7,Kansas City Royals,3,2
2023-08-28,2023-08-28T22:40Z,Final,22,Philadelphia Phillies,3,Los Angeles Angels,6,4
2023-08-28,2023-08-28T22:40Z,Final,6,Detroit Tigers,10,New York Yankees,1,4
2023-08-28,2023-08-28T23:05Z,Final,1,Baltimore Orioles,4,Chicago White Sox,9,0
2023-08-28,2023-08-28T23:07Z,Final,14,Toronto Blue Jays,20,Washington Nationals,6,3
2023-08-28,2023-08-28T23:10Z,Final,2,Boston Red Sox,18,Houston Astros,5,13
2023-08-28,2023-08-28T23:10Z,Final,21,New York Mets,13,Texas Rangers,3,4
2023-08-28,2023-08-28T23:40Z,Final,9,Minnesota Twins,5,Cleveland Guardians,10,6
2023-08-28,2023-08-28T23:45Z,Final,24,St. Louis Cardinals,25,San Diego Padres,1,4
2023-08-28,2023-08-29T00:05Z,Final,16,Chicago Cubs,8,Milwaukee Brewers,2,6
2023-08-28,2023-08-29T00:10Z,Final,7,Kansas City Royals,23,Pittsburgh Pirates,0,5
2023-08-28,2023-08-29T00:40Z,Final,27,Colorado Rockies,15,Atlanta Braves,4,14
2023-08-28,2023-08-29T01:40Z,Final,12,Seattle Mariners,11,Oakland Athletics,7,0
2023-08-28,2023-08-29T01:45Z,Final,26,San Francisco Giants,17,Cincinnati Reds,4,1
2023-08-28,2023-08-29T02:10Z,Final,19,Los Angeles Dodgers,29,Arizona Diamondbacks,7,4
2023-08-29,2023-08-29T22:40Z,Final,22,Philadelphia Phillies,3,Los Angeles Angels,12,7
2023-08-29,2023-08-29T22:40Z,Final,6,Detroit Tigers,10,New York Yankees,2,4
2023-08-29,2023-08-29T22:40Z,Final,28,Miami Marlins,30,Tampa Bay Rays,2,11
2023-08-29,2023-08-29T23:05Z,Final,1,Baltimore Orioles,4,Chicago White Sox,9,3
2023-08-29,2023-08-29T23:07Z,Final,14,Toronto Blue Jays,20,Washington Nationals,4,5
2023-08-29,2023-08-29T23:10Z,Final,2,Boston Red Sox,18,Houston Astros,2,6
2023-08-29,2023-08-29T23:10Z,Final,21,New York Mets,13,Texas Rangers,1,2
2023-08-29,2023-08-29T23:40Z,Final,9,Minnesota Twins,5,Cleveland Guardians,2,4
2023-08-29,2023-08-29T23:45Z,Final,24,St. Louis Cardinals,25,San Diego Padres,6,5
2023-08-29,2023-08-30T00:05Z,Final,16,Chicago Cubs,8,Milwaukee Brewers,1,0
2023-08-29,2023-08-30T00:10Z,Final,7,Kansas City Royals,23,Pittsburgh Pirates,3,6
2023-08-29,2023-08-30T00:40Z,Final,27,Colorado Rockies,15,Atlanta Braves,1,3
2023-08-29,2023-08-30T01:40Z,Final,12,Seattle Mariners,11,Oakland Athletics,1,3
2023-08-29,2023-08-30T01:45Z,Final,26,San Francisco Giants,17,Cincinnati Reds,6,1
2023-08-29,2023-08-30T02:10Z,Final,19,Los Angeles Dodgers,29,Arizona Diamondbacks,9,1
2023-08-30,2023-08-30T17:05Z,Final,22,Philadelphia Phillies,3,Los Angeles Angels,8,10
2023-08-30,2023-08-30T17:05Z,Final,1,Baltimore Orioles,4,Chicago White Sox,5,10
2023-08-30,2023-08-30T17:10Z,Final,9,Minnesota Twins,5,Cleveland Guardians,2,5
2023-08-30,2023-08-30T18:15Z,Final,24,St. Louis Cardinals,25,San Diego Padres,5,4
2023-08-30,2023-08-30T18:20Z,Final,16,Chicago Cubs,8,Milwaukee Brewers,3,2
2023-08-30,2023-08-30T19:07Z,Final,14,Toronto Blue Jays,20,Washington Nationals,7,0
2023-08-30,2023-08-30T19:45Z,Final,26,San Francisco Giants,17,Cincinnati Reds,1,4
2023-08-30,2023-08-30T20:10Z,Final,2,Boston Red Sox,18,Houston Astros,4,7
2023-08-30,2023-08-30T20:10Z,Final,12,Seattle Mariners,11,Oakland Athletics,5,4
2023-08-30,2023-08-30T22:40Z,Final,6,Detroit Tigers,10,New York Yankees,2,6
2023-08-30,2023-08-30T22:40Z,Final,28,Miami Marlins,30,Tampa Bay Rays,0,3
2023-08-30,2023-08-30T22:40Z,Final,21,New York Mets,13,Texas Rangers,6,5
2023-08-30,2023-08-31T00:10Z,Final,7,Kansas City Royals,23,Pittsburgh Pirates,1,4
2023-08-30,2023-08-31T00:40Z,Final,27,Colorado Rockies,15,Atlanta Braves,3,7
2023-08-30,2023-08-31T02:10Z,Final,19,Los Angeles Dodgers,29,Arizona Diamondbacks,7,0
2023-08-31,2023-08-31T17:10Z,Final,6,Detroit Tigers,10,New York Yankees,4,3
2023-08-31,2023-08-31T23:05Z,Final,20,Washington Nationals,28,Miami Marlins,1,6
2023-08-31,2023-09-01T01:40Z,Final,25,San Diego Padres,26,San Francisco Giants,2,7
2023-08-31,2023-09-01T02:10Z,Final,19,Los Angeles Dodgers,15,Atlanta Braves,7,8
2023-09-01,2023-09-01T17:10Z,Final,17,Cincinnati Reds,16,Chicago Cubs,2,6
2023-09-01,2023-09-01T22:40Z,Final,17,Cincinnati Reds,16,Chicago Cubs,3,2
2023-09-01,2023-09-01T23:05Z,Final,20,Washington Nationals,28,Miami Marlins,5,8
2023-09-01,2023-09-01T23:10Z,Final,21,New York Mets,12,Seattle Mariners,2,1
2023-09-01,2023-09-01T23:10Z,Final,5,Cleveland Guardians,30,Tampa Bay Rays,3,2
2023-09-01,2023-09-02T00:05Z,Final,13,Texas Rangers,9,Minnesota Twins,1,5
2023-09-01,2023-09-02T00:10Z,Final,7,Kansas City Royals,2,Boston Red Sox,13,2
2023-09-01,2023-09-02T00:10Z,Final,4,Chicago White Sox,6,Detroit Tigers,2,4
2023-09-01,2023-09-02T00:10Z,Final,18,Houston Astros,10,New York Yankees,2,6
2023-09-01,2023-09-02T00:10Z,Final,8,Milwaukee Brewers,22,Philadelphia Phillies,7,5
2023-09-01,2023-09-02T00:15Z,Final,24,St. Louis Cardinals,23,Pittsburgh Pirates,2,4
2023-09-01,2023-09-02T00:40Z,Final,27,Colorado Rockies,14,Toronto Blue Jays,9,13
2023-09-01,2023-09-02T01:40Z,Final,11,Oakland Athletics,3,Los Angeles Angels,9,2
2023-09-01,2023-09-02T01:40Z,Final,29,Arizona Diamondbacks,1,Baltimore Orioles,4,2
2023-09-01,2023-09-02T01:40Z,Final,25,San Diego Padres,26,San Francisco Giants,7,3
2023-09-01,2023-09-02T02:10Z,Final,19,Los Angeles Dodgers,15,Atlanta Braves,3,6
2023-09-02,2023-09-02T20:05Z,Final,20,Washington Nationals,28,Miami Marlins,5,11
2023-09-02,2023-09-02T20:07Z,Final,11,Oakland Athletics,3,Los Angeles Angels,2,1
2023-09-02,2023-09-02T22:10Z,Final,5,Cleveland Guardians,30,Tampa Bay Rays,7,6
2023-09-02,2023-09-02T22:40Z,Final,17,Cincinnati Reds,16,Chicago Cubs,2,1
2023-09-02,2023-09-02T23:10Z,Final,7,Kansas City Royals,2,Boston Red Sox,5,9
2023-09-02,2023-09-02T23:10Z,Final,4,Chicago White Sox,6,Detroit Tigers,0,10
2023-09-02,2023-09-02T23:10Z,Final,18,Houston Astros,10,New York Yankees,4,5
2023-09-02,2023-09-02T23:10Z,Final,21,New York Mets,12,Seattle Mariners,7,8
2023-09-02,2023-09-02T23:15Z,Final,13,Texas Rangers,9,Minnesota Twins,7,9
2023-09-02,2023-09-02T23:15Z,Final,8,Milwaukee Brewers,22,Philadelphia Phillies,7,5
2023-09-02,2023-09-02T23:15Z,Final,24,St. Louis Cardinals,23,Pittsburgh Pirates,6,7
2023-09-02,2023-09-03T00:10Z,Final,29,Arizona Diamondbacks,1,Baltimore Orioles,3,7
2023-09-02,2023-09-03T00:10Z,Final,27,Colorado Rockies,14,Toronto Blue Jays,8,7
2023-09-02,2023-09-03T00:40Z,Final,25,San Diego Padres,26,San Francisco Giants,6,1
2023-09-02,2023-09-03T01:10Z,Final,19,Los Angeles Dodgers,15,Atlanta Braves,2,4
2023-09-03,2023-09-03T16:10Z,Final,17,Cincinnati Reds,16,Chicago Cubs,7,15
2023-09-03,2023-09-03T17:05Z,Final,8,Milwaukee Brewers,22,Philadelphia Phillies,2,4
2023-09-03,2023-09-03T17:35Z,Final,20,Washington Nationals,28,Miami Marlins,4,6
2023-09-03,2023-09-03T17:40Z,Final,21,New York Mets,12,Seattle Mariners,6,3
2023-09-03,2023-09-03T18:10Z,Final,7,Kansas City Royals,2,Boston Red Sox,3,7
2023-09-03,2023-09-03T18:10Z,Final,4,Chicago White Sox,6,Detroit Tigers,2,3
2023-09-03,2023-09-03T18:15Z,Final,24,St. Louis Cardinals,23,Pittsburgh Pirates,6,4
2023-09-03,2023-09-03T18:35Z,Final,13,Texas Rangers,9,Minnesota Twins,6,5
2023-09-03,2023-09-03T19:10Z,Final,27,Colorado Rockies,14,Toronto Blue Jays,5,7
2023-09-03,2023-09-03T20:07Z,Final,11,Oakland Athletics,3,Los Angeles Angels,10,6
2023-09-03,2023-09-03T20:10Z,Final,19,Los Angeles Dodgers,15,Atlanta Braves,3,1
2023-09-03,2023-09-03T20:10Z,Final,29,Arizona Diamondbacks,1,Baltimore Orioles,5,8
2023-09-03,2023-09-03T20:10Z,Final,5,Cleveland Guardians,30,Tampa Bay Rays,2,6
2023-09-03,2023-09-03T20:10Z,Final,25,San Diego Padres,26,San Francisco Giants,4,0
2023-09-03,2023-09-03T23:00Z,Final,18,Houston Astros,10,New York Yankees,1,6
2023-09-04,2023-09-04T18:10Z,Final,7,Kansas City Royals,4,Chicago White Sox,12,1
2023-09-04,2023-09-04T18:20Z,Final,16,Chicago Cubs,26,San Francisco Giants,5,0
2023-09-04,2023-09-04T20:05Z,Final,13,Texas Rangers,18,Houston Astros,6,13
2023-09-04,2023-09-04T20:07Z,Final,11,Oakland Athletics,14,Toronto Blue Jays,5,6
2023-09-04,2023-09-04T20:10Z,Final,30,Tampa Bay Rays,2,Boston Red Sox,3,7
2023-09-04,2023-09-04T20:10Z,Final,29,Arizona Diamondbacks,27,Colorado Rockies,4,2
2023-09-04,2023-09-04T20:10Z,Final,17,Cincinnati Reds,12,Seattle Mariners,6,3
2023-09-04,2023-09-04T22:10Z,Final,5,Cleveland Guardians,9,Minnesota Twins,6,20
2023-09-04,2023-09-04T22:35Z,Final,23,Pittsburgh Pirates,8,Milwaukee Brewers,4,2
2023-09-04,2023-09-04T22:40Z,Final,25,San Diego Padres,22,Philadelphia Phillies,7,9
2023-09-04,2023-09-05T01:38Z,Final,3,Los Angeles Angels,1,Baltimore Orioles,3,6
2023-09-05,2023-09-05T22:10Z,Final,5,Cleveland Guardians,9,Minnesota Twins,3,8
2023-09-05,2023-09-05T22:35Z,Final,23,Pittsburgh Pirates,8,Milwaukee Brewers,3,7
2023-09-05,2023-09-05T22:40Z,Final,30,Tampa Bay Rays,2,Boston Red Sox,8,6
2023-09-05,2023-09-05T22:40Z,Final,28,Miami Marlins,19,Los Angeles Dodgers,6,3
2023-09-05,2023-09-05T22:40Z,Final,17,Cincinnati Reds,12,Seattle Mariners,7,6
2023-09-05,2023-09-05T23:05Z,Final,10,New York Yankees,6,Detroit Tigers,5,1
2023-09-05,2023-09-05T23:05Z,Final,20,Washington Nationals,21,New York Mets,5,11
2023-09-05,2023-09-05T23:20Z,Final,15,Atlanta Braves,24,St. Louis Cardinals,6,10
2023-09-05,2023-09-05T23:40Z,Final,7,Kansas City Royals,4,Chicago White Sox,7,6
2023-09-05,2023-09-05T23:40Z,Final,16,Chicago Cubs,26,San Francisco Giants,11,8
2023-09-05,2023-09-06T00:05Z,Final,13,Texas Rangers,18,Houston Astros,1,14
2023-09-05,2023-09-06T01:38Z,Final,3,Los Angeles Angels,1,Baltimore Orioles,4,5
2023-09-05,2023-09-06T01:40Z,Final,29,Arizona Diamondbacks,27,Colorado Rockies,2,3
2023-09-05,2023-09-06T01:40Z,Final,11,Oakland Athletics,14,Toronto Blue Jays,1,7
2023-09-05,2023-09-06T01:40Z,Final,25,San Diego Padres,22,Philadelphia Phillies,8,0
2023-09-06,2023-09-06T16:35Z,Final,23,Pittsburgh Pirates,8,Milwaukee Brewers,5,4
2023-09-06,2023-09-06T17:10Z,Final,5,Cleveland Guardians,9,Minnesota Twins,2,1
2023-09-06,2023-09-06T18:20Z,Final,16,Chicago Cubs,26,San Francisco Giants,8,2
2023-09-06,2023-09-06T19:37Z,Final,11,Oakland Athletics,14,Toronto Blue Jays,5,2
2023-09-06,2023-09-06T19:40Z,Final,29,Arizona Diamondbacks,27,Colorado Rockies,12,5
2023-09-06,2023-09-06T20:10Z,Final,25,San Diego Padres,22,Philadelphia Phillies,1,5
2023-09-06,2023-09-06T22:40Z,Final,30,Tampa Bay Rays,2,Boston Red Sox,3,1
2023-09-06,2023-09-06T22:40Z,Final,28,Miami Marlins,19,Los Angeles Dodgers,11,4
2023-09-06,2023-09-06T22:40Z,Final,17,Cincinnati Reds,12,Seattle Mariners,4,8
2023-09-06,2023-09-06T23:05Z,Final,10,New York Yankees,6,Detroit Tigers,4,3
2023-09-06,2023-09-06T23:05Z,Final,20,Washington Nationals,21,New York Mets,3,2
2023-09-06,2023-09-06T23:20Z,Final,15,Atlanta Braves,24,St. Louis Cardinals,6,11
2023-09-06,2023-09-06T23:40Z,Final,7,Kansas City Royals,4,Chicago White Sox,4,6
2023-09-06,2023-09-07T00:05Z,Final,13,Texas Rangers,18,Houston Astros,3,12
2023-09-06,2023-09-07T01:38Z,Final,3,Los Angeles Angels,1,Baltimore Orioles,3,10
2023-09-07,2023-09-07T22:40Z,Final,28,Miami Marlins,19,Los Angeles Dodgers,0,10
2023-09-07,2023-09-07T22:40Z,Final,30,Tampa Bay Rays,12,Seattle Mariners,0,1
2023-09-07,2023-09-07T23:05Z,Final,10,New York Yankees,6,Detroit Tigers,3,10
2023-09-07,2023-09-07T23:20Z,Final,15,Atlanta Braves,24,St. Louis Cardinals,8,5
2023-09-07,2023-09-07T23:40Z,Final,16,Chicago Cubs,29,Arizona Diamondbacks,2,6
2023-09-07,2023-09-08T01:38Z,Final,3,Los Angeles Angels,5,Cleveland Guardians,3,2
2023-09-08,2023-09-08T18:20Z,Final,16,Chicago Cubs,29,Arizona Diamondbacks,0,1
2023-09-08,2023-09-08T22:40Z,Final,6,Detroit Tigers,4,Chicago White Sox,0,6
2023-09-08,2023-09-08T22:40Z,Final,30,Tampa Bay Rays,12,Seattle Mariners,7,4
2023-09-08,2023-09-08T22:40Z,Final,17,Cincinnati Reds,24,St. Louis Cardinals,4,9
2023-09-08,2023-09-08T23:05Z,Final,20,Washington Nationals,19,Los Angeles Dodgers,5,8
2023-09-08,2023-09-08T23:05Z,Final,22,Philadelphia Phillies,28,Miami Marlins,2,3
2023-09-08,2023-09-08T23:05Z,Final,10,New York Yankees,8,Milwaukee Brewers,2,8
2023-09-08,2023-09-08T23:07Z,Final,14,Toronto Blue Jays,7,Kansas City Royals,5,4
2023-09-08,2023-09-08T23:10Z,Final,2,Boston Red Sox,1,Baltimore Orioles,2,11
2023-09-08,2023-09-08T23:20Z,Final,15,Atlanta Braves,23,Pittsburgh Pirates,8,2
2023-09-08,2023-09-09T00:05Z,Final,13,Texas Rangers,11,Oakland Athletics,3,6
2023-09-08,2023-09-09T00:10Z,Final,9,Minnesota Twins,21,New York Mets,5,2
2023-09-08,2023-09-09T00:10Z,Final,18,Houston Astros,25,San Diego Padres,2,11
2023-09-08,2023-09-09T01:38Z,Final,3,Los Angeles Angels,5,Cleveland Guardians,3,6
2023-09-08,2023-09-09T02:15Z,Final,26,San Francisco Giants,27,Colorado Rockies,9,8
2023-09-09,2023-09-09T18:05Z,Final,10,New York Yankees,8,Milwaukee Brewers,2,9
2023-09-09,2023-09-09T18:10Z,Final,9,Minnesota Twins,21,New York Mets,8,4
2023-09-09,2023-09-09T18:20Z,Final,16,Chicago Cubs,29,Arizona Diamondbacks,2,3
2023-09-09,2023-09-09T19:07Z,Final,14,Toronto Blue Jays,7,Kansas City Royals,5,1
2023-09-09,2023-09-09T20:05Z,Final,20,Washington Nationals,19,Los Angeles Dodgers,7,6
2023-09-09,2023-09-09T20:05Z,Final,30,Tampa Bay Rays,12,Seattle Mariners,7,5
2023-09-09,2023-09-09T20:10Z,Final,2,Boston Red Sox,1,Baltimore Orioles,12,13
2023-09-09,2023-09-09T22:05Z,Final,22,Philadelphia Phillies,28,Miami Marlins,8,4
2023-09-09,2023-09-09T22:10Z,Final,6,Detroit Tigers,4,Chicago White Sox,3,1
2023-09-09,2023-09-09T22:40Z,Final,17,Cincinnati Reds,24,St. Louis Cardinals,3,4
2023-09-09,2023-09-09T23:05Z,Final,13,Texas Rangers,11,Oakland Athletics,3,2
2023-09-09,2023-09-09T23:10Z,Final,18,Houston Astros,25,San Diego Padres,7,5
2023-09-09,2023-09-09T23:20Z,Final,15,Atlanta Braves,23,Pittsburgh Pirates,4,8
2023-09-09,2023-09-10T01:05Z,Final,26,San Francisco Giants,27,Colorado Rockies,9,1
2023-09-09,2023-09-10T01:07Z,Final,3,Los Angeles Angels,5,Cleveland Guardians,6,2
2023-09-10,2023-09-10T17:05Z,Final,22,Philadelphia Phillies,28,Miami Marlins,4,5
2023-09-10,2023-09-10T17:10Z,Final,6,Detroit Tigers,4,Chicago White Sox,3,2
2023-09-10,2023-09-10T17:10Z,Final,30,Tampa Bay Rays,12,Seattle Mariners,6,3
2023-09-10,2023-09-10T17:35Z,Final,2,Boston Red Sox,1,Baltimore Orioles,7,3
2023-09-10,2023-09-10T17:35Z,Final,20,Washington Nationals,19,Los Angeles Dodgers,3,7
2023-09-10,2023-09-10T17:35Z,Final,10,New York Yankees,8,Milwaukee Brewers,4,3
2023-09-10,2023-09-10T17:35Z,Final,15,Atlanta Braves,23,Pittsburgh Pirates,5,2
2023-09-10,2023-09-10T17:37Z,Final,14,Toronto Blue Jays,7,Kansas City Royals,5,2
2023-09-10,2023-09-10T17:40Z,Final,17,Cincinnati Reds,24,St. Louis Cardinals,7,1
2023-09-10,2023-09-10T18:10Z,Final,9,Minnesota Twins,21,New York Mets,0,2
2023-09-10,2023-09-10T18:10Z,Final,18,Houston Astros,25,San Diego Padres,12,2
2023-09-10,2023-09-10T18:20Z,Final,16,Chicago Cubs,29,Arizona Diamondbacks,5,2
2023-09-10,2023-09-10T18:35Z,Final,13,Texas Rangers,11,Oakland Athletics,9,4
2023-09-10,2023-09-10T20:07Z,Final,3,Los Angeles Angels,5,Cleveland Guardians,2,1
2023-09-10,2023-09-11T00:00Z,Final,26,San Francisco Giants,27,Colorado Rockies,6,3
2023-09-11,2023-09-11T17:05Z,Final,22,Philadelphia Phillies,15,Atlanta Braves,8,10
2023-09-11,2023-09-11T22:35Z,Final,1,Baltimore Orioles,24,St. Louis Cardinals,11,5
2023-09-11,2023-09-11T22:35Z,Final,23,Pittsburgh Pirates,20,Washington Nationals,2,6
2023-09-11,2023-09-11T22:40Z,Final,22,Philadelphia Phillies,15,Atlanta Braves,7,5
2023-09-11,2023-09-11T23:07Z,Final,14,Toronto Blue Jays,13,Texas Rangers,4,10
2023-09-11,2023-09-11T23:10Z,Final,21,New York Mets,29,Arizona Diamondbacks,3,4
2023-09-11,2023-09-11T23:40Z,Final,8,Milwaukee Brewers,28,Miami Marlins,12,0
2023-09-11,2023-09-11T23:40Z,Final,9,Minnesota Twins,30,Tampa Bay Rays,4,7
2023-09-11,2023-09-12T00:10Z,Final,18,Houston Astros,11,Oakland Athletics,0,4
2023-09-11,2023-09-12T00:40Z,Final,27,Colorado Rockies,16,Chicago Cubs,4,5
2023-09-11,2023-09-12T01:40Z,Final,12,Seattle Mariners,3,Los Angeles Angels,5,8
2023-09-11,2023-09-12T01:45Z,Final,26,San Francisco Giants,5,Cleveland Guardians,5,4
2023-09-11,2023-09-12T02:10Z,Final,19,Los Angeles Dodgers,25,San Diego Padres,8,11
2023-09-12,2023-09-12T17:35Z,Final,2,Boston Red Sox,10,New York Yankees,2,3
2023-09-12,2023-09-12T20:40Z,Final,4,Chicago White Sox,7,Kansas City Royals,6,2
2023-09-12,2023-09-12T22:35Z,Final,1,Baltimore Orioles,24,St. Louis Cardinals,2,5
2023-09-12,2023-09-12T22:35Z,Final,23,Pittsburgh Pirates,20,Washington Nationals,5,1
2023-09-12,2023-09-12T22:40Z,Final,22,Philadelphia Phillies,15,Atlanta Braves,6,7
2023-09-12,2023-09-12T22:40Z,Final,6,Detroit Tigers,17,Cincinnati Reds,5,6
2023-09-12,2023-09-12T23:07Z,Final,14,Toronto Blue Jays,13,Texas Rangers,3,6
2023-09-12,2023-09-12T23:10Z,Final,21,New York Mets,29,Arizona Diamondbacks,7,4
2023-09-12,2023-09-12T23:10Z,Final,2,Boston Red Sox,10,New York Yankees,1,4
2023-09-12,2023-09-12T23:40Z,Final,8,Milwaukee Brewers,28,Miami Marlins,3,1
2023-09-12,2023-09-12T23:40Z,Final,9,Minnesota Twins,30,Tampa Bay Rays,3,2
2023-09-12,2023-09-12T23:55Z,Final,4,Chicago White Sox,7,Kansas City Royals,10,11
2023-09-12,2023-09-13T00:10Z,Final,18,Houston Astros,11,Oakland Athletics,2,6
2023-09-12,2023-09-13T00:40Z,Final,27,Colorado Rockies,16,Chicago Cubs,6,4
2023-09-12,2023-09-13T01:40Z,Final,12,Seattle Mariners,3,Los Angeles Angels,8,0
2023-09-12,2023-09-13T01:45Z,Final,26,San Francisco Giants,5,Cleveland Guardians,1,3
2023-09-12,2023-09-13T02:10Z,Final,19,Los Angeles Dodgers,25,San Diego Padres,11,2
2023-09-13,2023-09-13T17:10Z,Final,9,Minnesota Twins,30,Tampa Bay Rays,4,5
2023-09-13,2023-09-13T19:10Z,Final,27,Colorado Rockies,16,Chicago Cubs,7,3
2023-09-13,2023-09-13T19:45Z,Final,26,San Francisco Giants,5,Cleveland Guardians,6,5
2023-09-13,2023-09-13T20:10Z,Final,12,Seattle Mariners,3,Los Angeles Angels,3,2
2023-09-13,2023-09-13T22:35Z,Final,1,Baltimore Orioles,24,St. Louis Cardinals,0,1
2023-09-13,2023-09-13T22:35Z,Final,23,Pittsburgh Pirates,20,Washington Nationals,7,6
2023-09-13,2023-09-13T22:40Z,Final,22,Philadelphia Phillies,15,Atlanta Braves,1,4
2023-09-13,2023-09-13T22:40Z,Final,6,Detroit Tigers,17,Cincinnati Reds,3,4
2023-09-13,2023-09-13T23:07Z,Final,14,Toronto Blue Jays,13,Texas Rangers,0,10
2023-09-13,2023-09-13T23:10Z,Final,21,New York Mets,29,Arizona Diamondbacks,7,1
2023-09-13,2023-09-13T23:10Z,Final,18,Houston Astros,11,Oakland Athletics,6,2
2023-09-13,2023-09-13T23:40Z,Final,4,Chicago White Sox,7,Kansas City Royals,1,7
2023-09-13,2023-09-13T23:40Z,Final,8,Milwaukee Brewers,28,Miami Marlins,0,2
2023-09-13,2023-09-14T02:10Z,Final,19,Los Angeles Dodgers,25,San Diego Padres,1,6
2023-09-14,2023-09-14T16:35Z,Final,23,Pittsburgh Pirates,20,Washington Nationals,2,0
2023-09-14,2023-09-14T17:10Z,Final,6,Detroit Tigers,17,Cincinnati Reds,8,2
2023-09-14,2023-09-14T17:35Z,Final,2,Boston Red Sox,10,New York Yankees,5,0
2023-09-14,2023-09-14T18:10Z,Final,8,Milwaukee Brewers,28,Miami Marlins,4,2
2023-09-14,2023-09-14T20:10Z,Final,21,New York Mets,29,Arizona Diamondbacks,11,1
2023-09-14,2023-09-14T23:07Z,Final,14,Toronto Blue Jays,13,Texas Rangers,2,9
2023-09-14,2023-09-14T23:15Z,Final,2,Boston Red Sox,10,New York Yankees,5,8
2023-09-14,2023-09-14T23:15Z,Final,1,Baltimore Orioles,30,Tampa Bay Rays,3,4
2023-09-14,2023-09-14T23:40Z,Final,4,Chicago White Sox,9,Minnesota Twins,2,10
2023-09-15,2023-09-15T22:35Z,Final,23,Pittsburgh Pirates,10,New York Yankees,5,7
2023-09-15,2023-09-15T22:40Z,Final,28,Miami Marlins,15,Atlanta Braves,9,6
2023-09-15,2023-09-15T23:05Z,Final,1,Baltimore Orioles,30,Tampa Bay Rays,1,7
2023-09-15,2023-09-15T23:07Z,Final,14,Toronto Blue Jays,2,Boston Red Sox,3,0
2023-09-15,2023-09-15T23:10Z,Final,21,New York Mets,17,Cincinnati Reds,3,5
2023-09-15,2023-09-15T23:10Z,Final,5,Cleveland Guardians,13,Texas Rangers,12,3
2023-09-15,2023-09-15T23:40Z,Final,4,Chicago White Sox,9,Minnesota Twins,2,10
2023-09-15,2023-09-16T00:10Z,Final,7,Kansas City Royals,18,Houston Astros,4,2
2023-09-15,2023-09-16T00:10Z,Final,8,Milwaukee Brewers,20,Washington Nationals,5,3
2023-09-15,2023-09-16T00:15Z,Final,24,St. Louis Cardinals,22,Philadelphia Phillies,4,5
2023-09-15,2023-09-16T00:40Z,Final,27,Colorado Rockies,26,San Francisco Giants,3,2
2023-09-15,2023-09-16T01:38Z,Final,3,Los Angeles Angels,6,Detroit Tigers,2,11
2023-09-15,2023-09-16T01:40Z,Final,29,Arizona Diamondbacks,16,Chicago Cubs,6,4
2023-09-15,2023-09-16T01:40Z,Final,11,Oakland Athletics,25,San Diego Padres,3,8
2023-09-15,2023-09-16T02:10Z,Final,12,Seattle Mariners,19,Los Angeles Dodgers,3,6
2023-09-16,2023-09-16T18:10Z,Final,27,Colorado Rockies,26,San Francisco Giants,9,5
2023-09-16,2023-09-16T19:07Z,Final,14,Toronto Blue Jays,2,Boston Red Sox,4,3
2023-09-16,2023-09-16T20:07Z,Final,11,Oakland Athletics,25,San Diego Padres,2,5
2023-09-16,2023-09-16T20:10Z,Final,28,Miami Marlins,15,Atlanta Braves,11,5
2023-09-16,2023-09-16T22:10Z,Final,5,Cleveland Guardians,13,Texas Rangers,2,1
2023-09-16,2023-09-16T22:35Z,Final,23,Pittsburgh Pirates,10,New York Yankees,3,6
2023-09-16,2023-09-16T23:05Z,Final,1,Baltimore Orioles,30,Tampa Bay Rays,8,0
2023-09-16,2023-09-16T23:10Z,Final,21,New York Mets,17,Cincinnati Reds,2,3
2023-09-16,2023-09-16T23:10Z,Final,7,Kansas City Royals,18,Houston Astros,10,8
2023-09-16,2023-09-16T23:10Z,Final,4,Chicago White Sox,9,Minnesota Twins,7,6
2023-09-16,2023-09-16T23:10Z,Final,8,Milwaukee Brewers,20,Washington Nationals,9,5
2023-09-16,2023-09-16T23:15Z,Final,24,St. Louis Cardinals,22,Philadelphia Phillies,1,6
2023-09-16,2023-09-17T00:10Z,Final,29,Arizona Diamondbacks,16,Chicago Cubs,7,6
2023-09-16,2023-09-17T00:10Z,Final,27,Colorado Rockies,26,San Francisco Giants,5,2
2023-09-16,2023-09-17T01:07Z,Final,3,Los Angeles Angels,6,Detroit Tigers,4,5
2023-09-16,2023-09-17T01:40Z,Final,12,Seattle Mariners,19,Los Angeles Dodgers,2,6
2023-09-17,2023-09-17T17:35Z,Final,1,Baltimore Orioles,30,Tampa Bay Rays,5,4
2023-09-17,2023-09-17T17:35Z,Final,23,Pittsburgh Pirates,10,New York Yankees,3,2
2023-09-17,2023-09-17T17:37Z,Final,14,Toronto Blue Jays,2,Boston Red Sox,3,2
2023-09-17,2023-09-17T17:40Z,Final,28,Miami Marlins,15,Atlanta Braves,16,2
2023-09-17,2023-09-17T17:40Z,Final,21,New York Mets,17,Cincinnati Reds,8,4
2023-09-17,2023-09-17T17:40Z,Final,5,Cleveland Guardians,13,Texas Rangers,9,2
2023-09-17,2023-09-17T18:10Z,Final,7,Kansas City Royals,18,Houston Astros,1,7
2023-09-17,2023-09-17T18:10Z,Final,4,Chicago White Sox,9,Minnesota Twins,0,4
2023-09-17,2023-09-17T18:10Z,Final,8,Milwaukee Brewers,20,Washington Nationals,1,2
2023-09-17,2023-09-17T18:15Z,Final,24,St. Louis Cardinals,22,Philadelphia Phillies,6,5
2023-09-17,2023-09-17T19:10Z,Final,27,Colorado Rockies,26,San Francisco Giants,10,11
2023-09-17,2023-09-17T20:07Z,Final,3,Los Angeles Angels,6,Detroit Tigers,3,5
2023-09-17,2023-09-17T20:07Z,Final,11,Oakland Athletics,25,San Diego Padres,1,10
2023-09-17,2023-09-17T20:10Z,Final,12,Seattle Mariners,19,Los Angeles Dodgers,1,6
2023-09-17,2023-09-17T23:00Z,Final,29,Arizona Diamondbacks,16,Chicago Cubs,6,2
2023-09-18,2023-09-18T18:10Z,Final,7,Kansas City Royals,5,Cleveland Guardians,6,4
2023-09-18,2023-09-18T22:40Z,Final,17,Cincinnati Reds,9,Minnesota Twins,7,3
2023-09-18,2023-09-18T22:40Z,Final,28,Miami Marlins,21,New York Mets,1,2
2023-09-18,2023-09-18T23:05Z,Final,20,Washington Nationals,4,Chicago White Sox,1,6
2023-09-18,2023-09-18T23:20Z,Final,15,Atlanta Braves,22,Philadelphia Phillies,1,7
2023-09-18,2023-09-18T23:45Z,Final,24,St. Louis Cardinals,8,Milwaukee Brewers,1,0
2023-09-18,2023-09-19T00:05Z,Final,13,Texas Rangers,2,Boston Red Sox,2,4
2023-09-18,2023-09-19T00:10Z,Final,18,Houston Astros,1,Baltimore Orioles,7,8
2023-09-18,2023-09-19T01:40Z,Final,11,Oakland Athletics,12,Seattle Mariners,0,5
2023-09-18,2023-09-19T01:40Z,Final,25,San Diego Padres,27,Colorado Rockies,11,9
2023-09-18,2023-09-19T02:10Z,Final,19,Los Angeles Dodgers,6,Detroit Tigers,8,3
2023-09-19,2023-09-19T22:40Z,Final,30,Tampa Bay Rays,3,Los Angeles Angels,6,2
2023-09-19,2023-09-19T22:40Z,Final,17,Cincinnati Reds,9,Minnesota Twins,0,7
2023-09-19,2023-09-19T22:40Z,Final,28,Miami Marlins,21,New York Mets,4,3
2023-09-19,2023-09-19T23:05Z,Final,20,Washington Nationals,4,Chicago White Sox,4,3
2023-09-19,2023-09-19T23:05Z,Final,10,New York Yankees,14,Toronto Blue Jays,1,7
2023-09-19,2023-09-19T23:20Z,Final,15,Atlanta Braves,22,Philadelphia Phillies,9,3
2023-09-19,2023-09-19T23:40Z,Final,7,Kansas City Royals,5,Cleveland Guardians,7,6
2023-09-19,2023-09-19T23:40Z,Final,16,Chicago Cubs,23,Pittsburgh Pirates,14,1
2023-09-19,2023-09-19T23:45Z,Final,24,St. Louis Cardinals,8,Milwaukee Brewers,3,7
2023-09-19,2023-09-20T00:05Z,Final,13,Texas Rangers,2,Boston Red Sox,6,4
2023-09-19,2023-09-20T00:10Z,Final,18,Houston Astros,1,Baltimore Orioles,5,9
2023-09-19,2023-09-20T01:40Z,Final,11,Oakland Athletics,12,Seattle Mariners,2,7
2023-09-19,2023-09-20T01:40Z,Final,29,Arizona Diamondbacks,26,San Francisco Giants,8,4
2023-09-19,2023-09-20T01:40Z,Final,25,San Diego Padres,27,Colorado Rockies,2,0
2023-09-19,2023-09-20T02:10Z,Final,19,Los Angeles Dodgers,6,Detroit Tigers,3,2
2023-09-20,2023-09-20T16:20Z,Final,15,Atlanta Braves,22,Philadelphia Phillies,5,6
2023-09-20,2023-09-20T16:35Z,Final,17,Cincinnati Reds,9,Minnesota Twins,3,5
2023-09-20,2023-09-20T17:05Z,Final,20,Washington Nationals,4,Chicago White Sox,13,3
2023-09-20,2023-09-20T18:05Z,Final,13,Texas Rangers,2,Boston Red Sox,15,5
2023-09-20,2023-09-20T18:10Z,Final,18,Houston Astros,1,Baltimore Orioles,2,1
2023-09-20,2023-09-20T18:10Z,Final,7,Kansas City Royals,5,Cleveland Guardians,6,2
2023-09-20,2023-09-20T19:37Z,Final,11,Oakland Athletics,12,Seattle Mariners,3,6
2023-09-20,2023-09-20T19:40Z,Final,29,Arizona Diamondbacks,26,San Francisco Giants,7,1
2023-09-20,2023-09-20T20:10Z,Final,25,San Diego Padres,27,Colorado Rockies,3,2
2023-09-20,2023-09-20T22:40Z,Final,30,Tampa Bay Rays,3,Los Angeles Angels,3,8
2023-09-20,2023-09-20T22:40Z,Final,28,Miami Marlins,21,New York Mets,3,8
2023-09-20,2023-09-20T23:05Z,Final,10,New York Yankees,14,Toronto Blue Jays,1,6
2023-09-20,2023-09-20T23:40Z,Final,16,Chicago Cubs,23,Pittsburgh Pirates,7,13
2023-09-20,2023-09-20T23:45Z,Final,24,St. Louis Cardinals,8,Milwaukee Brewers,2,8
2023-09-20,2023-09-21T02:10Z,Final,19,Los Angeles Dodgers,6,Detroit Tigers,2,4
2023-09-21,2023-09-21T17:10Z,Final,30,Tampa Bay Rays,3,Los Angeles Angels,5,4
2023-09-21,2023-09-21T17:15Z,Final,24,St. Louis Cardinals,8,Milwaukee Brewers,0,6
2023-09-21,2023-09-21T23:05Z,Final,20,Washington Nationals,15,Atlanta Braves,3,10
2023-09-21,2023-09-21T23:05Z,Final,10,New York Yankees,14,Toronto Blue Jays,5,3
2023-09-21,2023-09-21T23:15Z,Final,5,Cleveland Guardians,1,Baltimore Orioles,5,2
2023-09-21,2023-09-21T23:15Z,Final,22,Philadelphia Phillies,21,New York Mets,5,4
2023-09-21,2023-09-21T23:40Z,Final,16,Chicago Cubs,23,Pittsburgh Pirates,6,8
2023-09-21,2023-09-22T01:40Z,Final,11,Oakland Athletics,6,Detroit Tigers,3,7
2023-09-21,2023-09-22T02:10Z,Final,19,Los Angeles Dodgers,26,San Francisco Giants,7,2
2023-09-22,2023-09-22T18:20Z,Final,16,Chicago Cubs,27,Colorado Rockies,6,0
2023-09-22,2023-09-22T22:40Z,Final,28,Miami Marlins,8,Milwaukee Brewers,1,16
2023-09-22,2023-09-22T22:40Z,Final,17,Cincinnati Reds,23,Pittsburgh Pirates,5,7
2023-09-22,2023-09-22T22:40Z,Final,30,Tampa Bay Rays,14,Toronto Blue Jays,2,6
2023-09-22,2023-09-22T23:05Z,Final,10,New York Yankees,29,Arizona Diamondbacks,7,1
2023-09-22,2023-09-22T23:05Z,Final,20,Washington Nationals,15,Atlanta Braves,6,9
2023-09-22,2023-09-22T23:05Z,Final,22,Philadelphia Phillies,21,New York Mets,5,4
2023-09-22,2023-09-22T23:10Z,Final,5,Cleveland Guardians,1,Baltimore Orioles,9,8
2023-09-22,2023-09-22T23:10Z,Final,2,Boston Red Sox,4,Chicago White Sox,3,2
2023-09-22,2023-09-23T00:05Z,Final,13,Texas Rangers,12,Seattle Mariners,8,5
2023-09-22,2023-09-23T00:10Z,Final,9,Minnesota Twins,3,Los Angeles Angels,8,6
2023-09-22,2023-09-23T00:10Z,Final,18,Houston Astros,7,Kansas City Royals,5,7
2023-09-22,2023-09-23T01:40Z,Final,11,Oakland Athletics,6,Detroit Tigers,8,2
2023-09-22,2023-09-23T01:40Z,Final,25,San Diego Padres,24,St. Louis Cardinals,4,2
2023-09-22,2023-09-23T02:10Z,Final,19,Los Angeles Dodgers,26,San Francisco Giants,1,5
2023-09-23,2023-09-23T18:10Z,Final,9,Minnesota Twins,3,Los Angeles Angels,0,1
2023-09-23,2023-09-23T18:20Z,Final,16,Chicago Cubs,27,Colorado Rockies,6,3
2023-09-23,2023-09-23T20:05Z,Final,22,Philadelphia Phillies,21,New York Mets,7,5
2023-09-23,2023-09-23T20:07Z,Final,11,Oakland Athletics,6,Detroit Tigers,4,1
2023-09-23,2023-09-23T20:10Z,Final,2,Boston Red Sox,4,Chicago White Sox,0,1
2023-09-23,2023-09-23T20:10Z,Final,28,Miami Marlins,8,Milwaukee Brewers,5,4
2023-09-23,2023-09-23T20:10Z,Final,30,Tampa Bay Rays,14,Toronto Blue Jays,7,6
2023-09-23,2023-09-23T22:10Z,Final,5,Cleveland Guardians,1,Baltimore Orioles,1,2
2023-09-23,2023-09-23T22:40Z,Final,17,Cincinnati Reds,23,Pittsburgh Pirates,12,13
2023-09-23,2023-09-23T23:05Z,Final,13,Texas Rangers,12,Seattle Mariners,2,0
2023-09-23,2023-09-23T23:10Z,Final,18,Houston Astros,7,Kansas City Royals,2,3
2023-09-23,2023-09-24T00:40Z,Final,25,San Diego Padres,24,St. Louis Cardinals,2,5
2023-09-23,2023-09-24T01:10Z,Final,19,Los Angeles Dodgers,26,San Francisco Giants,7,0
2023-09-24,2023-09-24T17:10Z,Final,30,Tampa Bay Rays,14,Toronto Blue Jays,5,9
2023-09-24,2023-09-24T17:35Z,Final,10,New York Yankees,29,Arizona Diamondbacks,1,7
2023-09-24,2023-09-24T17:35Z,Final,20,Washington Nationals,15,Atlanta Braves,3,2
2023-09-24,2023-09-24T17:35Z,Final,2,Boston Red Sox,4,Chicago White Sox,2,3
2023-09-24,2023-09-24T17:40Z,Final,5,Cleveland Guardians,1,Baltimore Orioles,1,5
2023-09-24,2023-09-24T17:40Z,Final,28,Miami Marlins,8,Milwaukee Brewers,6,1
2023-09-24,2023-09-24T17:40Z,Final,17,Cincinnati Reds,23,Pittsburgh Pirates,4,2
2023-09-24,2023-09-24T18:10Z,Final,9,Minnesota Twins,3,Los Angeles Angels,9,3
2023-09-24,2023-09-24T18:10Z,Final,18,Houston Astros,7,Kansas City Royals,5,6
2023-09-24,2023-09-24T18:20Z,Final,16,Chicago Cubs,27,Colorado Rockies,4,3
2023-09-24,2023-09-24T18:35Z,Final,13,Texas Rangers,12,Seattle Mariners,9,8
2023-09-24,2023-09-24T20:07Z,Final,11,Oakland Athletics,6,Detroit Tigers,0,2
2023-09-24,2023-09-24T20:10Z,Final,25,San Diego Padres,24,St. Louis Cardinals,12,2
2023-09-24,2023-09-24T22:05Z,Final,22,Philadelphia Phillies,21,New York Mets,5,2
2023-09-24,2023-09-24T22:35Z,Final,20,Washington Nationals,15,Atlanta Braves,5,8
2023-09-24,2023-09-24T23:00Z,Final,19,Los Angeles Dodgers,26,San Francisco Giants,3,2
2023-09-25,2023-09-25T17:05Z,Final,10,New York Yankees,29,Arizona Diamondbacks,6,4
2023-09-25,2023-09-26T01:38Z,Final,3,Los Angeles Angels,13,Texas Rangers,1,5
2023-09-25,2023-09-26T01:40Z,Final,12,Seattle Mariners,18,Houston Astros,1,5
2023-09-25,2023-09-26T01:45Z,Final,26,San Francisco Giants,25,San Diego Padres,2,1
2023-09-26,2023-09-26T19:10Z,Final,27,Colorado Rockies,19,Los Angeles Dodgers,4,1
2023-09-26,2023-09-26T22:10Z,Final,5,Cleveland Guardians,17,Cincinnati Reds,7,11
2023-09-26,2023-09-26T22:35Z,Final,1,Baltimore Orioles,20,Washington Nationals,1,0
2023-09-26,2023-09-26T22:40Z,Final,6,Detroit Tigers,7,Kansas City Royals,6,3
2023-09-26,2023-09-26T22:40Z,Final,22,Philadelphia Phillies,23,Pittsburgh Pirates,3,2
2023-09-26,2023-09-26T23:07Z,Final,14,Toronto Blue Jays,10,New York Yankees,0,2
2023-09-26,2023-09-26T23:10Z,Final,2,Boston Red Sox,30,Tampa Bay Rays,7,9
2023-09-26,2023-09-26T23:20Z,Final,15,Atlanta Braves,16,Chicago Cubs,7,6
2023-09-26,2023-09-26T23:40Z,Final,4,Chicago White Sox,29,Arizona Diamondbacks,4,15
2023-09-26,2023-09-26T23:40Z,Final,9,Minnesota Twins,11,Oakland Athletics,11,3
2023-09-26,2023-09-26T23:40Z,Final,8,Milwaukee Brewers,24,St. Louis Cardinals,1,4
2023-09-26,2023-09-27T00:40Z,Final,27,Colorado Rockies,19,Los Angeles Dodgers,2,11
2023-09-26,2023-09-27T01:38Z,Final,3,Los Angeles Angels,13,Texas Rangers,9,3
2023-09-26,2023-09-27T01:45Z,Final,26,San Francisco Giants,25,San Diego Padres,0,4
2023-09-26,2023-09-27T02:05Z,Final,12,Seattle Mariners,18,Houston Astros,6,2
2023-09-27,2023-09-27T18:10Z,Final,4,Chicago White Sox,29,Arizona Diamondbacks,0,3
2023-09-27,2023-09-27T20:10Z,Final,21,New York Mets,28,Miami Marlins,11,2
2023-09-27,2023-09-27T22:10Z,Final,5,Cleveland Guardians,17,Cincinnati Reds,4,3
2023-09-27,2023-09-27T22:10Z,Final,2,Boston Red Sox,30,Tampa Bay Rays,0,5
2023-09-27,2023-09-27T22:35Z,Final,1,Baltimore Orioles,20,Washington Nationals,5,1
2023-09-27,2023-09-27T22:40Z,Final,6,Detroit Tigers,7,Kansas City Royals,8,0
2023-09-27,2023-09-27T22:40Z,Final,22,Philadelphia Phillies,23,Pittsburgh Pirates,7,6
2023-09-27,2023-09-27T23:07Z,Final,14,Toronto Blue Jays,10,New York Yankees,0,6
2023-09-27,2023-09-27T23:20Z,Final,15,Atlanta Braves,16,Chicago Cubs,6,5
2023-09-27,2023-09-27T23:35Z,Final,21,New York Mets,28,Miami Marlins,2,4
2023-09-27,2023-09-27T23:40Z,Final,9,Minnesota Twins,11,Oakland Athletics,6,4
2023-09-27,2023-09-27T23:40Z,Final,8,Milwaukee Brewers,24,St. Louis Cardinals,3,2
2023-09-27,2023-09-28T00:40Z,Final,27,Colorado Rockies,19,Los Angeles Dodgers,2,8
2023-09-27,2023-09-28T01:38Z,Final,3,Los Angeles Angels,13,Texas Rangers,0,5
2023-09-27,2023-09-28T01:40Z,Final,12,Seattle Mariners,18,Houston Astros,3,8
2023-09-27,2023-09-28T01:45Z,Final,26,San Francisco Giants,25,San Diego Padres,2,5
2023-09-28,2023-09-28T17:10Z,Final,9,Minnesota Twins,11,Oakland Athletics,1,2
2023-09-28,2023-09-28T18:10Z,Final,4,Chicago White Sox,29,Arizona Diamondbacks,3,1
2023-09-28,2023-09-28T19:10Z,Final,6,Detroit Tigers,7,Kansas City Royals,7,3
2023-09-28,2023-09-28T20:10Z,Final,8,Milwaukee Brewers,24,St. Louis Cardinals,3,0
2023-09-28,2023-09-28T22:05Z,Final,22,Philadelphia Phillies,23,Pittsburgh Pirates,2,3
2023-09-28,2023-09-28T22:35Z,Final,1,Baltimore Orioles,2,Boston Red Sox,2,0
2023-09-28,2023-09-28T23:07Z,Final,14,Toronto Blue Jays,10,New York Yankees,6,0
2023-09-28,2023-09-28T23:10Z,Final,21,New York Mets,28,Miami Marlins,1,0
2023-09-28,2023-09-28T23:20Z,Final,15,Atlanta Braves,16,Chicago Cubs,5,3
2023-09-28,2023-09-29T00:40Z,Final,27,Colorado Rockies,19,Los Angeles Dodgers,14,5
2023-09-28,2023-09-29T01:40Z,Final,12,Seattle Mariners,13,Texas Rangers,3,2
2023-09-29,2023-09-29T22:35Z,Final,23,Pittsburgh Pirates,28,Miami Marlins,3,4
2023-09-29,2023-09-29T22:40Z,Final,6,Detroit Tigers,5,Cleveland Guardians,5,7
2023-09-29,2023-09-29T23:05Z,Final,1,Baltimore Orioles,2,Boston Red Sox,0,3
2023-09-29,2023-09-29T23:07Z,Final,14,Toronto Blue Jays,30,Tampa Bay Rays,11,4
2023-09-29,2023-09-29T23:20Z,Final,15,Atlanta Braves,20,Washington Nationals,6,10
2023-09-29,2023-09-29T23:40Z,Final,4,Chicago White Sox,25,San Diego Padres,2,3
2023-09-29,2023-09-30T00:10Z,Final,8,Milwaukee Brewers,16,Chicago Cubs,4,3
2023-09-29,2023-09-30T00:10Z,Final,7,Kansas City Royals,10,New York Yankees,12,5
2023-09-29,2023-09-30T00:10Z,Final,27,Colorado Rockies,9,Minnesota Twins,6,7
2023-09-29,2023-09-30T00:15Z,Final,24,St. Louis Cardinals,17,Cincinnati Reds,2,19
2023-09-29,2023-09-30T01:38Z,Final,3,Los Angeles Angels,11,Oakland Athletics,5,1
2023-09-29,2023-09-30T01:40Z,Final,29,Arizona Diamondbacks,18,Houston Astros,1,2
2023-09-29,2023-09-30T02:10Z,Final,12,Seattle Mariners,13,Texas Rangers,8,0
2023-09-29,2023-09-30T02:15Z,Final,26,San Francisco Giants,19,Los Angeles Dodgers,2,6
2023-09-30,2023-09-30T17:10Z,Final,6,Detroit Tigers,5,Cleveland Guardians,8,0
2023-09-30,2023-09-30T19:07Z,Final,14,Toronto Blue Jays,30,Tampa Bay Rays,5,7
2023-09-30,2023-09-30T20:10Z,Final,21,New York Mets,22,Philadelphia Phillies,4,3
2023-09-30,2023-09-30T22:35Z,Final,23,Pittsburgh Pirates,28,Miami Marlins,3,7
2023-09-30,2023-09-30T23:10Z,Final,8,Milwaukee Brewers,16,Chicago Cubs,6,10
2023-09-30,2023-09-30T23:10Z,Final,7,Kansas City Royals,10,New York Yankees,2,5
2023-09-30,2023-09-30T23:10Z,Final,4,Chicago White Sox,25,San Diego Padres,1,6
2023-09-30,2023-09-30T23:15Z,Final,1,Baltimore Orioles,2,Boston Red Sox,5,2
2023-09-30,2023-09-30T23:15Z,Final,24,St. Louis Cardinals,17,Cincinnati Reds,15,6
2023-09-30,2023-09-30T23:15Z,Final,21,New York Mets,22,Philadelphia Phillies,11,4
2023-09-30,2023-09-30T23:15Z,Final,12,Seattle Mariners,13,Texas Rangers,1,6
2023-09-30,2023-09-30T23:20Z,Final,15,Atlanta Braves,20,Washington Nationals,5,3
2023-09-30,2023-10-01T00:10Z,Final,29,Arizona Diamondbacks,18,Houston Astros,0,1
2023-09-30,2023-10-01T00:10Z,Final,27,Colorado Rockies,9,Minnesota Twins,6,14
2023-09-30,2023-10-01T01:05Z,Final,26,San Francisco Giants,19,Los Angeles Dodgers,2,1
2023-09-30,2023-10-01T01:07Z,Final,3,Los Angeles Angels,11,Oakland Athletics,3,7
2023-10-01,2023-10-01T19:05Z,Final,1,Baltimore Orioles,2,Boston Red Sox,1,6
2023-10-01,2023-10-01T19:05Z,Final,26,San Francisco Giants,19,Los Angeles Dodgers,2,5
2023-10-01,2023-10-01T19:05Z,Final,23,Pittsburgh Pirates,28,Miami Marlins,3,0
2023-10-01,2023-10-01T19:07Z,Final,3,Los Angeles Angels,11,Oakland Athletics,7,3
2023-10-01,2023-10-01T19:07Z,Final,14,Toronto Blue Jays,30,Tampa Bay Rays,8,12
2023-10-01,2023-10-01T19:10Z,Final,8,Milwaukee Brewers,16,Chicago Cubs,4,0
2023-10-01,2023-10-01T19:10Z,Final,6,Detroit Tigers,5,Cleveland Guardians,5,2
2023-10-01,2023-10-01T19:10Z,Final,29,Arizona Diamondbacks,18,Houston Astros,1,8
2023-10-01,2023-10-01T19:10Z,Final,7,Kansas City Royals,10,New York Yankees,5,2
2023-10-01,2023-10-01T19:10Z,Final,21,New York Mets,22,Philadelphia Phillies,1,9
2023-10-01,2023-10-01T19:10Z,Final,4,Chicago White Sox,25,San Diego Padres,1,2
2023-10-01,2023-10-01T19:10Z,Final,12,Seattle Mariners,13,Texas Rangers,1,0
2023-10-01,2023-10-01T19:10Z,Final,15,Atlanta Braves,20,Washington Nationals,9,10
2023-10-01,2023-10-01T19:10Z,Final,27,Colorado Rockies,9,Minnesota Twins,3,2
2023-10-01,2023-10-01T19:15Z,Final,24,St. Louis Cardinals,17,Cincinnati Reds,4,3
2023-10-03,2023-10-03T19:00Z,Final,30,Tampa Bay Rays,13,Texas Rangers,0,4
2023-10-03,2023-10-03T20:30Z,Final,9,Minnesota Twins,14,Toronto Blue Jays,3,1
2023-10-03,2023-10-03T23:00Z,Final,8,Milwaukee Brewers,29,Arizona Diamondbacks,3,6
2023-10-03,2023-10-04T00:00Z,Final,22,Philadelphia Phillies,28,Miami Marlins,4,1
2023-10-04,2023-10-04T19:00Z,Final,30,Tampa Bay Rays,13,Texas Rangers,1,7
2023-10-04,2023-10-04T20:30Z,Final,9,Minnesota Twins,14,Toronto Blue Jays,2,0
2023-10-04,2023-10-04T23:00Z,Final,8,Milwaukee Brewers,29,Arizona Diamondbacks,2,5
2023-10-04,2023-10-05T00:00Z,Final,22,Philadelphia Phillies,28,Miami Marlins,7,1
2023-10-07,2023-10-07T17:00Z,Final,1,Baltimore Orioles,13,Texas Rangers,2,3
2023-10-07,2023-10-07T20:45Z,Final,18,Houston Astros,9,Minnesota Twins,6,4
2023-10-07,2023-10-07T22:00Z,Final,15,Atlanta Braves,22,Philadelphia Phillies,0,3
2023-10-07,2023-10-08T01:20Z,Final,19,Los Angeles Dodgers,29,Arizona Diamondbacks,2,11
2023-10-08,2023-10-08T20:07Z,Final,1,Baltimore Orioles,13,Texas Rangers,8,11
2023-10-08,2023-10-09T00:03Z,Final,18,Houston Astros,9,Minnesota Twins,2,6
2023-10-09,2023-10-09T22:07Z,Final,15,Atlanta Braves,22,Philadelphia Phillies,5,4
2023-10-09,2023-10-10T01:07Z,Final,19,Los Angeles Dodgers,29,Arizona Diamondbacks,2,4
2023-10-10,2023-10-10T20:07Z,Final,9,Minnesota Twins,18,Houston Astros,1,9
2023-10-10,2023-10-11T00:03Z,Final,13,Texas Rangers,1,Baltimore Orioles,7,1
2023-10-11,2023-10-11T21:07Z,Final,22,Philadelphia Phillies,15,Atlanta Braves,10,2
2023-10-11,2023-10-11T23:07Z,Final,9,Minnesota Twins,18,Houston Astros,2,3
2023-10-11,2023-10-12T01:07Z,Final,29,Arizona Diamondbacks,19,Los Angeles Dodgers,4,2
2023-10-12,2023-10-13T00:07Z,Final,22,Philadelphia Phillies,15,Atlanta Braves,3,1
2023-10-15,2023-10-16T00:15Z,Final,18,Houston Astros,13,Texas Rangers,0,2
2023-10-16,2023-10-16T20:37Z,Final,18,Houston Astros,13,Texas Rangers,4,5
2023-10-16,2023-10-17T00:07Z,Final,22,Philadelphia Phillies,29,Arizona Diamondbacks,5,3
2023-10-17,2023-10-18T00:07Z,Final,22,Philadelphia Phillies,29,Arizona Diamondbacks,10,0
2023-10-18,2023-10-19T00:03Z,Final,13,Texas Rangers,18,Houston Astros,5,8
2023-10-19,2023-10-19T21:07Z,Final,29,Arizona Diamondbacks,22,Philadelphia Phillies,2,1
2023-10-19,2023-10-20T00:03Z,Final,13,Texas Rangers,18,Houston Astros,3,10
2023-10-20,2023-10-20T21:07Z,Final,13,Texas Rangers,18,Houston Astros,4,5
2023-10-20,2023-10-21T00:07Z,Final,29,Arizona Diamondbacks,22,Philadelphia Phillies,6,5
2023-10-21,2023-10-22T00:07Z,Final,29,Arizona Diamondbacks,22,Philadelphia Phillies,1,6
2023-10-22,2023-10-23T00:03Z,Final,18,Houston Astros,13,Texas Rangers,2,9
2023-10-23,2023-10-23T21:07Z,Final,22,Philadelphia Phillies,29,Arizona Diamondbacks,1,5
2023-10-23,2023-10-24T00:03Z,Final,18,Houston Astros,13,Texas Rangers,4,11
2023-10-24,2023-10-25T00:07Z,Final,22,Philadelphia Phillies,29,Arizona Diamondbacks,2,4
2023-10-27,2023-10-28T00:03Z,Final,13,Texas Rangers,29,Arizona Diamondbacks,6,5
2023-10-28,2023-10-29T00:03Z,Final,13,Texas Rangers,29,Arizona Diamondbacks,1,9
2023-10-30,2023-10-31T00:03Z,Final,29,Arizona Diamondbacks,13,Texas Rangers,1,3
2023-10-31,2023-11-01T00:03Z,Final,29,Arizona Diamondbacks,13,Texas Rangers,7,11
2023-11-01,2023-11-02T00:03Z,Final,29,Arizona Diamondbacks,13,Texas Rangers,0,5
2024-02-22,2024-02-22T20:10Z,Final,25,San Diego Padres,19,Los Angeles Dodgers,1,14
2024-02-23,2024-02-23T20:05Z,Final,13,Texas Rangers,7,Kansas City Royals,5,4
2024-02-23,2024-02-23T20:05Z,Final,16,Chicago Cubs,4,Chicago White Sox,8,1
2024-02-23,2024-02-23T20:08Z,Final,19,Los Angeles Dodgers,25,San Diego Padres,4,1
2024-02-23,2024-02-23T20:10Z,Final,27,Colorado Rockies,29,Arizona Diamondbacks,3,0
2024-02-24,2024-02-24T18:05Z,Final,30,Tampa Bay Rays,15,Atlanta Braves,5,6
2024-02-24,2024-02-24T18:05Z,Final,1,Baltimore Orioles,2,Boston Red Sox,4,3
2024-02-24,2024-02-24T18:05Z,Final,24,St. Louis Cardinals,28,Miami Marlins,8,9
2024-02-24,2024-02-24T18:05Z,Final,6,Detroit Tigers,10,New York Yankees,10,22
2024-02-24,2024-02-24T18:05Z,Final,9,Minnesota Twins,23,Pittsburgh Pirates,5,3
2024-02-24,2024-02-24T18:07Z,Final,14,Toronto Blue Jays,22,Philadelphia Phillies,13,14
2024-02-24,2024-02-24T18:10Z,Final,21,New York Mets,24,St. Louis Cardinals,5,10
2024-02-24,2024-02-24T20:05Z,Final,26,San Francisco Giants,16,Chicago Cubs,4,8
2024-02-24,2024-02-24T20:05Z,Final,5,Cleveland Guardians,17,Cincinnati Reds,0,4
2024-02-24,2024-02-24T20:05Z,Final,11,Oakland Athletics,27,Colorado Rockies,1,5
2024-02-24,2024-02-24T20:05Z,Final,4,Chicago White Sox,12,Seattle Mariners,8,7
2024-02-24,2024-02-24T20:05Z,Final,7,Kansas City Royals,13,Texas Rangers,5,4
2024-02-24,2024-02-24T20:10Z,Final,29,Arizona Diamondbacks,27,Colorado Rockies,6,2
2024-02-24,2024-02-24T20:10Z,Final,3,Los Angeles Angels,19,Los Angeles Dodgers,7,7
2024-02-24,2024-02-24T20:10Z,Final,25,San Diego Padres,8,Milwaukee Brewers,7,11
2024-02-24,2024-02-24T23:05Z,Final,20,Washington Nationals,18,Houston Astros,4,7
2024-02-25,2024-02-25T18:05Z,Final,23,Pittsburgh Pirates,1,Baltimore Orioles,0,2
2024-02-25,2024-02-25T18:05Z,Final,15,Atlanta Braves,2,Boston Red Sox,4,5
2024-02-25,2024-02-25T18:05Z,Final,30,Tampa Bay Rays,6,Detroit Tigers,9,9
2024-02-25,2024-02-25T18:05Z,Final,2,Boston Red Sox,9,Minnesota Twins,8,6
2024-02-25,2024-02-25T18:05Z,Final,22,Philadelphia Phillies,10,New York Yankees,4,0
2024-02-25,2024-02-25T18:05Z,Final,18,Houston Astros,24,St. Louis Cardinals,0,3
2024-02-25,2024-02-25T18:05Z,Final,10,New York Yankees,14,Toronto Blue Jays,12,6
2024-02-25,2024-02-25T18:10Z,Final,21,New York Mets,18,Houston Astros,3,1
2024-02-25,2024-02-25T18:10Z,Final,28,Miami Marlins,20,Washington Nationals,3,6
2024-02-25,2024-02-25T20:05Z,Final,17,Cincinnati Reds,3,Los Angeles Angels,9,4
2024-02-25,2024-02-25T20:05Z,Final,19,Los Angeles Dodgers,11,Oakland Athletics,4,2
2024-02-25,2024-02-25T20:05Z,Final,16,Chicago Cubs,25,San Diego Padres,0,7
2024-02-25,2024-02-25T20:05Z,Final,13,Texas Rangers,26,San Francisco Giants,0,0
2024-02-25,2024-02-25T20:10Z,Final,29,Arizona Diamondbacks,4,Chicago White Sox,5,0
2024-02-25,2024-02-25T20:10Z,Final,12,Seattle Mariners,5,Cleveland Guardians,4,8
2024-02-25,2024-02-25T20:10Z,Final,8,Milwaukee Brewers,27,Colorado Rockies,3,10
2024-02-25,2024-02-25T20:10Z,Final,3,Los Angeles Angels,7,Kansas City Royals,0,1
2024-02-26,2024-02-26T18:05Z,Final,15,Atlanta Braves,1,Baltimore Orioles,1,2
2024-02-26,2024-02-26T18:05Z,Final,6,Detroit Tigers,18,Houston Astros,4,0
2024-02-26,2024-02-26T18:05Z,Final,10,New York Yankees,9,Minnesota Twins,9,2
2024-02-26,2024-02-26T18:05Z,Final,20,Washington Nationals,21,New York Mets,3,6
2024-02-26,2024-02-26T18:05Z,Final,2,Boston Red Sox,22,Philadelphia Phillies,7,6
2024-02-26,2024-02-26T18:05Z,Final,1,Baltimore Orioles,30,Tampa Bay Rays,3,8
2024-02-26,2024-02-26T18:07Z,Final,14,Toronto Blue Jays,23,Pittsburgh Pirates,8,4
2024-02-26,2024-02-26T18:10Z,Final,28,Miami Marlins,24,St. Louis Cardinals,1,1
2024-02-26,2024-02-26T20:05Z,Final,26,San Francisco Giants,3,Los Angeles Angels,9,11
2024-02-26,2024-02-26T20:05Z,Final,11,Oakland Athletics,29,Arizona Diamondbacks,9,8
2024-02-26,2024-02-26T20:05Z,Final,7,Kansas City Royals,16,Chicago Cubs,6,0
2024-02-26,2024-02-26T20:05Z,Final,17,Cincinnati Reds,12,Seattle Mariners,0,2
2024-02-26,2024-02-26T20:05Z,Final,4,Chicago White Sox,13,Texas Rangers,2,4
2024-02-26,2024-02-26T20:10Z,Final,8,Milwaukee Brewers,17,Cincinnati Reds,3,8
2024-02-26,2024-02-26T20:10Z,Final,25,San Diego Padres,5,Cleveland Guardians,4,7
2024-02-26,2024-02-26T20:10Z,Final,27,Colorado Rockies,19,Los Angeles Dodgers,4,9
2024-02-27,2024-02-27T18:05Z,Final,23,Pittsburgh Pirates,15,Atlanta Braves,13,4
2024-02-27,2024-02-27T18:05Z,Final,24,St. Louis Cardinals,2,Boston Red Sox,3,3
2024-02-27,2024-02-27T18:05Z,Final,1,Baltimore Orioles,6,Detroit Tigers,5,2
2024-02-27,2024-02-27T18:05Z,Final,30,Tampa Bay Rays,10,New York Yankees,4,2
2024-02-27,2024-02-27T18:05Z,Final,9,Minnesota Twins,22,Philadelphia Phillies,3,3
2024-02-27,2024-02-27T18:05Z,Final,6,Detroit Tigers,14,Toronto Blue Jays,6,4
2024-02-27,2024-02-27T18:05Z,Final,18,Houston Astros,20,Washington Nationals,3,10
2024-02-27,2024-02-27T18:10Z,Final,21,New York Mets,28,Miami Marlins,7,1
2024-02-27,2024-02-27T20:05Z,Final,19,Los Angeles Dodgers,4,Chicago White Sox,9,6
2024-02-27,2024-02-27T20:05Z,Final,16,Chicago Cubs,17,Cincinnati Reds,6,6
2024-02-27,2024-02-27T20:05Z,Final,7,Kansas City Royals,27,Colorado Rockies,4,3
2024-02-27,2024-02-27T20:05Z,Final,5,Cleveland Guardians,11,Oakland Athletics,2,11
2024-02-27,2024-02-27T20:05Z,Final,26,San Francisco Giants,12,Seattle Mariners,10,10
2024-02-27,2024-02-27T20:10Z,Final,25,San Diego Padres,7,Kansas City Royals,6,3
2024-02-27,2024-02-27T20:10Z,Final,3,Los Angeles Angels,8,Milwaukee Brewers,6,4
2024-02-27,2024-02-27T20:10Z,Final,29,Arizona Diamondbacks,13,Texas Rangers,3,10
2024-02-28,2024-02-28T18:05Z,Final,22,Philadelphia Phillies,15,Atlanta Braves,7,7
2024-02-28,2024-02-28T18:05Z,Final,9,Minnesota Twins,1,Baltimore Orioles,3,12
2024-02-28,2024-02-28T18:05Z,Final,20,Washington Nationals,2,Boston Red Sox,4,3
2024-02-28,2024-02-28T18:05Z,Final,23,Pittsburgh Pirates,6,Detroit Tigers,3,5
2024-02-28,2024-02-28T18:07Z,Final,14,Toronto Blue Jays,30,Tampa Bay Rays,3,2
2024-02-28,2024-02-28T18:10Z,Final,28,Miami Marlins,18,Houston Astros,1,6
2024-02-28,2024-02-28T18:10Z,Final,21,New York Mets,24,St. Louis Cardinals,3,0
2024-02-28,2024-02-28T20:05Z,Final,5,Cleveland Guardians,29,Arizona Diamondbacks,6,8
2024-02-28,2024-02-28T20:05Z,Final,13,Texas Rangers,19,Los Angeles Dodgers,6,4
2024-02-28,2024-02-28T20:05Z,Final,4,Chicago White Sox,25,San Diego Padres,1,3
2024-02-28,2024-02-28T20:05Z,Final,11,Oakland Athletics,26,San Francisco Giants,7,4
2024-02-28,2024-02-28T20:10Z,Final,27,Colorado Rockies,3,Los Angeles Angels,3,1
2024-02-28,2024-02-28T20:10Z,Final,8,Milwaukee Brewers,16,Chicago Cubs,1,6
2024-02-28,2024-02-28T20:10Z,Final,12,Seattle Mariners,7,Kansas City Royals,7,9
2024-02-29,2024-02-29T18:05Z,Final,30,Tampa Bay Rays,15,Atlanta Braves,9,12
2024-02-29,2024-02-29T18:05Z,Final,2,Boston Red Sox,6,Detroit Tigers,5,2
2024-02-29,2024-02-29T18:05Z,Final,15,Atlanta Braves,9,Minnesota Twins,5,0
2024-02-29,2024-02-29T18:05Z,Final,1,Baltimore Orioles,23,Pittsburgh Pirates,9,8
2024-02-29,2024-02-29T18:05Z,Final,24,St. Louis Cardinals,20,Washington Nationals,1,3
2024-02-29,2024-02-29T18:07Z,Final,14,Toronto Blue Jays,22,Philadelphia Phillies,0,5
2024-02-29,2024-02-29T20:05Z,Final,16,Chicago Cubs,27,Colorado Rockies,9,10
2024-02-29,2024-02-29T20:05Z,Final,4,Chicago White Sox,7,Kansas City Royals,6,1
2024-02-29,2024-02-29T20:05Z,Final,13,Texas Rangers,8,Milwaukee Brewers,7,5
2024-02-29,2024-02-29T20:05Z,Final,11,Oakland Athletics,25,San Diego Padres,3,5
2024-02-29,2024-02-29T20:10Z,Final,12,Seattle Mariners,4,Chicago White Sox,5,6
2024-02-29,2024-02-29T20:10Z,Final,3,Los Angeles Angels,5,Cleveland Guardians,4,1
2024-02-29,2024-02-29T20:10Z,Final,29,Arizona Diamondbacks,26,San Francisco Giants,2,1
2024-02-29,2024-02-29T23:05Z,Final,18,Houston Astros,21,New York Mets,2,1
2024-02-29,2024-02-29T23:35Z,Final,10,New York Yankees,28,Miami Marlins,0,0
2024-02-29,2024-03-01T01:05Z,Final,17,Cincinnati Reds,19,Los Angeles Dodgers,5,4
2024-03-01,2024-03-01T18:05Z,Final,15,Atlanta Braves,1,Baltimore Orioles,1,3
2024-03-01,2024-03-01T18:05Z,Final,9,Minnesota Twins,2,Boston Red Sox,5,3
2024-03-01,2024-03-01T18:05Z,Final,20,Washington Nationals,18,Houston Astros,8,10
2024-03-01,2024-03-01T18:05Z,Final,22,Philadelphia Phillies,28,Miami Marlins,6,6
2024-03-01,2024-03-01T18:05Z,Final,24,St. Louis Cardinals,21,New York Mets,3,2
2024-03-01,2024-03-01T18:05Z,Final,6,Detroit Tigers,22,Philadelphia Phillies,4,2
2024-03-01,2024-03-01T18:05Z,Final,23,Pittsburgh Pirates,30,Tampa Bay Rays,12,8
2024-03-01,2024-03-01T20:05Z,Final,16,Chicago Cubs,4,Chicago White Sox,10,6
2024-03-01,2024-03-01T20:05Z,Final,7,Kansas City Royals,11,Oakland Athletics,5,4
2024-03-01,2024-03-01T20:05Z,Final,26,San Francisco Giants,13,Texas Rangers,11,5
2024-03-01,2024-03-01T20:10Z,Final,25,San Diego Padres,3,Los Angeles Angels,3,5
2024-03-01,2024-03-01T20:10Z,Final,8,Milwaukee Brewers,25,San Diego Padres,4,3
2024-03-01,2024-03-01T20:10Z,Final,27,Colorado Rockies,12,Seattle Mariners,10,9
2024-03-01,2024-03-01T23:35Z,Final,10,New York Yankees,14,Toronto Blue Jays,8,4
2024-03-01,2024-03-02T01:05Z,Final,17,Cincinnati Reds,29,Arizona Diamondbacks,8,12
2024-03-01,2024-03-02T01:05Z,Final,19,Los Angeles Dodgers,5,Cleveland Guardians,6,4
2024-03-02,2024-03-02T18:05Z,Final,30,Tampa Bay Rays,2,Boston Red Sox,2,3
2024-03-02,2024-03-02T18:05Z,Final,22,Philadelphia Phillies,9,Minnesota Twins,3,2
2024-03-02,2024-03-02T18:05Z,Final,1,Baltimore Orioles,10,New York Yankees,7,3
2024-03-02,2024-03-02T18:05Z,Final,6,Detroit Tigers,23,Pittsburgh Pirates,3,7
2024-03-02,2024-03-02T18:05Z,Final,18,Houston Astros,24,St. Louis Cardinals,7,1
2024-03-02,2024-03-02T18:05Z,Final,2,Boston Red Sox,20,Washington Nationals,4,2
2024-03-02,2024-03-02T18:07Z,Final,14,Toronto Blue Jays,15,Atlanta Braves,2,6
2024-03-02,2024-03-02T18:10Z,Final,28,Miami Marlins,21,New York Mets,4,1
2024-03-02,2024-03-02T20:05Z,Final,13,Texas Rangers,4,Chicago White Sox,14,3
2024-03-02,2024-03-02T20:05Z,Final,19,Los Angeles Dodgers,16,Chicago Cubs,8,5
2024-03-02,2024-03-02T20:05Z,Final,5,Cleveland Guardians,7,Kansas City Royals,12,13
2024-03-02,2024-03-02T20:05Z,Final,26,San Francisco Giants,25,San Diego Padres,2,3
2024-03-02,2024-03-02T20:10Z,Final,3,Los Angeles Angels,29,Arizona Diamondbacks,4,1
2024-03-02,2024-03-02T20:10Z,Final,27,Colorado Rockies,17,Cincinnati Reds,10,4
2024-03-02,2024-03-02T20:10Z,Final,8,Milwaukee Brewers,19,Los Angeles Dodgers,3,11
2024-03-02,2024-03-02T20:10Z,Final,12,Seattle Mariners,11,Oakland Athletics,8,12
2024-03-03,2024-03-03T18:05Z,Final,23,Pittsburgh Pirates,1,Baltimore Orioles,2,5
2024-03-03,2024-03-03T18:05Z,Final,10,New York Yankees,6,Detroit Tigers,2,7
2024-03-03,2024-03-03T18:05Z,Final,15,Atlanta Braves,22,Philadelphia Phillies,3,2
2024-03-03,2024-03-03T18:05Z,Final,9,Minnesota Twins,30,Tampa Bay Rays,4,4
2024-03-03,2024-03-03T18:05Z,Final,2,Boston Red Sox,14,Toronto Blue Jays,3,1
2024-03-03,2024-03-03T18:10Z,Final,21,New York Mets,18,Houston Astros,2,5
2024-03-03,2024-03-03T20:05Z,Final,7,Kansas City Royals,17,Cincinnati Reds,7,3
2024-03-03,2024-03-03T20:05Z,Final,16,Chicago Cubs,5,Cleveland Guardians,5,3
2024-03-03,2024-03-03T20:05Z,Final,19,Los Angeles Dodgers,27,Colorado Rockies,7,4
2024-03-03,2024-03-03T20:05Z,Final,5,Cleveland Guardians,26,San Francisco Giants,5,6
2024-03-03,2024-03-03T20:05Z,Final,11,Oakland Athletics,13,Texas Rangers,5,2
2024-03-03,2024-03-03T20:10Z,Final,3,Los Angeles Angels,4,Chicago White Sox,3,1
2024-03-03,2024-03-03T20:10Z,Final,29,Arizona Diamondbacks,8,Milwaukee Brewers,4,10
2024-03-03,2024-03-03T20:10Z,Final,25,San Diego Padres,12,Seattle Mariners,12,4
2024-03-04,2024-03-04T18:05Z,Final,9,Minnesota Twins,15,Atlanta Braves,4,3
2024-03-04,2024-03-04T18:05Z,Final,6,Detroit Tigers,2,Boston Red Sox,2,1
2024-03-04,2024-03-04T18:05Z,Final,1,Baltimore Orioles,9,Minnesota Twins,2,7
2024-03-04,2024-03-04T18:05Z,Final,30,Tampa Bay Rays,23,Pittsburgh Pirates,3,7
2024-03-04,2024-03-04T18:05Z,Final,20,Washington Nationals,24,St. Louis Cardinals,1,0
2024-03-04,2024-03-04T18:07Z,Final,14,Toronto Blue Jays,22,Philadelphia Phillies,5,2
2024-03-04,2024-03-04T20:05Z,Final,13,Texas Rangers,3,Los Angeles Angels,2,3
2024-03-04,2024-03-04T20:05Z,Final,4,Chicago White Sox,29,Arizona Diamondbacks,5,2
2024-03-04,2024-03-04T20:05Z,Final,17,Cincinnati Reds,11,Oakland Athletics,15,8
2024-03-04,2024-03-04T20:10Z,Final,25,San Diego Padres,16,Chicago Cubs,2,1
2024-03-04,2024-03-04T20:10Z,Final,27,Colorado Rockies,26,San Francisco Giants,12,10
2024-03-04,2024-03-04T23:40Z,Final,28,Miami Marlins,10,New York Yankees,2,3
2024-03-05,2024-03-05T18:00Z,Final,21,New York Mets,10,New York Yankees,5,4
2024-03-05,2024-03-05T18:05Z,Final,22,Philadelphia Phillies,1,Baltimore Orioles,2,3
2024-03-05,2024-03-05T18:05Z,Final,15,Atlanta Braves,6,Detroit Tigers,3,0
2024-03-05,2024-03-05T18:05Z,Final,18,Houston Astros,28,Miami Marlins,0,2
2024-03-05,2024-03-05T18:05Z,Final,24,St. Louis Cardinals,9,Minnesota Twins,5,4
2024-03-05,2024-03-05T18:05Z,Final,2,Boston Red Sox,30,Tampa Bay Rays,7,4
2024-03-05,2024-03-05T18:05Z,Final,23,Pittsburgh Pirates,14,Toronto Blue Jays,6,5
2024-03-05,2024-03-05T20:05Z,Final,26,San Francisco Giants,8,Milwaukee Brewers,13,8
2024-03-05,2024-03-05T20:05Z,Final,5,Cleveland Guardians,12,Seattle Mariners,4,1
2024-03-05,2024-03-05T20:10Z,Final,29,Arizona Diamondbacks,25,San Diego Padres,5,3
2024-03-05,2024-03-05T20:10Z,Final,12,Seattle Mariners,13,Texas Rangers,9,10
2024-03-05,2024-03-06T01:05Z,Final,19,Los Angeles Dodgers,3,Los Angeles Angels,0,4
2024-03-05,2024-03-06T01:05Z,Final,7,Kansas City Royals,16,Chicago Cubs,4,0
2024-03-06,2024-03-06T18:05Z,Final,9,Minnesota Twins,2,Boston Red Sox,7,1
2024-03-06,2024-03-06T18:05Z,Final,10,New York Yankees,30,Tampa Bay Rays,3,4
2024-03-06,2024-03-06T18:10Z,Final,28,Miami Marlins,20,Washington Nationals,3,9
2024-03-06,2024-03-06T20:05Z,Final,16,Chicago Cubs,3,Los Angeles Angels,6,5
2024-03-06,2024-03-06T20:05Z,Final,4,Chicago White Sox,19,Los Angeles Dodgers,9,12
2024-03-06,2024-03-06T20:05Z,Final,17,Cincinnati Reds,8,Milwaukee Brewers,0,2
2024-03-06,2024-03-06T20:05Z,Final,7,Kansas City Royals,12,Seattle Mariners,7,8
2024-03-06,2024-03-06T20:10Z,Final,25,San Diego Padres,17,Cincinnati Reds,2,6
2024-03-06,2024-03-06T20:10Z,Final,8,Milwaukee Brewers,5,Cleveland Guardians,3,3
2024-03-06,2024-03-06T20:10Z,Final,3,Los Angeles Angels,11,Oakland Athletics,5,12
2024-03-06,2024-03-06T20:10Z,Final,27,Colorado Rockies,13,Texas Rangers,6,6
2024-03-06,2024-03-06T23:05Z,Final,1,Baltimore Orioles,23,Pittsburgh Pirates,6,4
2024-03-07,2024-03-07T18:00Z,Final,2,Boston Red Sox,15,Atlanta Braves,2,3
2024-03-07,2024-03-07T18:05Z,Final,24,St. Louis Cardinals,18,Houston Astros,3,6
2024-03-07,2024-03-07T18:05Z,Final,30,Tampa Bay Rays,22,Philadelphia Phillies,3,2
2024-03-07,2024-03-07T20:05Z,Final,13,Texas Rangers,29,Arizona Diamondbacks,7,5
2024-03-07,2024-03-07T20:05Z,Final,4,Chicago White Sox,8,Milwaukee Brewers,2,8
2024-03-07,2024-03-07T20:10Z,Final,12,Seattle Mariners,3,Los Angeles Angels,5,0
2024-03-07,2024-03-07T23:05Z,Final,6,Detroit Tigers,14,Toronto Blue Jays,4,5
2024-03-07,2024-03-07T23:10Z,Final,21,New York Mets,20,Washington Nationals,3,1
2024-03-07,2024-03-07T23:35Z,Final,10,New York Yankees,6,Detroit Tigers,5,11
2024-03-07,2024-03-08T01:05Z,Final,17,Cincinnati Reds,16,Chicago Cubs,2,2
2024-03-08,2024-03-08T18:05Z,Final,22,Philadelphia Phillies,18,Houston Astros,6,3
2024-03-08,2024-03-08T18:05Z,Final,23,Pittsburgh Pirates,9,Minnesota Twins,6,3
2024-03-08,2024-03-08T18:05Z,Final,15,Atlanta Braves,23,Pittsburgh Pirates,6,6
2024-03-08,2024-03-08T18:07Z,Final,14,Toronto Blue Jays,10,New York Yankees,2,1
2024-03-08,2024-03-08T20:05Z,Final,5,Cleveland Guardians,4,Chicago White Sox,2,1
2024-03-08,2024-03-08T20:05Z,Final,13,Texas Rangers,7,Kansas City Royals,2,4
2024-03-08,2024-03-08T20:05Z,Final,16,Chicago Cubs,12,Seattle Mariners,9,5
2024-03-08,2024-03-08T20:10Z,Final,29,Arizona Diamondbacks,16,Chicago Cubs,7,5
2024-03-08,2024-03-08T20:10Z,Final,3,Los Angeles Angels,27,Colorado Rockies,8,7
2024-03-08,2024-03-08T20:10Z,Final,8,Milwaukee Brewers,11,Oakland Athletics,7,4
2024-03-08,2024-03-08T23:05Z,Final,1,Baltimore Orioles,6,Detroit Tigers,4,3
2024-03-08,2024-03-08T23:05Z,Final,20,Washington Nationals,24,St. Louis Cardinals,6,7
2024-03-08,2024-03-08T23:40Z,Final,28,Miami Marlins,21,New York Mets,1,3
2024-03-08,2024-03-09T02:05Z,Final,11,Oakland Athletics,8,Milwaukee Brewers,4,5
2024-03-09,2024-03-09T17:05Z,Final,18,Houston Astros,20,Washington Nationals,9,4
2024-03-09,2024-03-09T18:05Z,Final,15,Atlanta Braves,1,Baltimore Orioles,3,10
2024-03-09,2024-03-09T18:05Z,Final,9,Minnesota Twins,10,New York Yankees,10,7
2024-03-09,2024-03-09T18:05Z,Final,24,St. Louis Cardinals,21,New York Mets,3,9
2024-03-09,2024-03-09T18:05Z,Final,6,Detroit Tigers,23,Pittsburgh Pirates,8,5
2024-03-09,2024-03-09T18:05Z,Final,22,Philadelphia Phillies,14,Toronto Blue Jays,5,13
2024-03-09,2024-03-09T20:05Z,Final,5,Cleveland Guardians,3,Los Angeles Angels,4,5
2024-03-09,2024-03-09T20:05Z,Final,7,Kansas City Royals,29,Arizona Diamondbacks,6,5
2024-03-09,2024-03-09T20:05Z,Final,16,Chicago Cubs,27,Colorado Rockies,5,0
2024-03-09,2024-03-09T20:05Z,Final,26,San Francisco Giants,11,Oakland Athletics,5,1
2024-03-09,2024-03-09T20:05Z,Final,19,Los Angeles Dodgers,13,Texas Rangers,7,1
2024-03-09,2024-03-09T20:10Z,Final,25,San Diego Padres,4,Chicago White Sox,1,1
2024-03-09,2024-03-09T20:10Z,Final,29,Arizona Diamondbacks,17,Cincinnati Reds,5,7
2024-03-09,2024-03-09T20:10Z,Final,8,Milwaukee Brewers,12,Seattle Mariners,5,7
2024-03-09,2024-03-09T21:05Z,Final,11,Oakland Athletics,8,Milwaukee Brewers,4,2
2024-03-09,2024-03-09T22:05Z,Final,30,Tampa Bay Rays,2,Boston Red Sox,0,4
2024-03-09,2024-03-09T23:05Z,Final,20,Washington Nationals,28,Miami Marlins,1,4
2024-03-10,2024-03-10T17:05Z,Final,10,New York Yankees,15,Atlanta Braves,9,8
2024-03-10,2024-03-10T17:05Z,Final,18,Houston Astros,28,Miami Marlins,0,3
2024-03-10,2024-03-10T17:05Z,Final,23,Pittsburgh Pirates,22,Philadelphia Phillies,7,9
2024-03-10,2024-03-10T17:05Z,Final,2,Boston Red Sox,30,Tampa Bay Rays,7,6
2024-03-10,2024-03-10T17:05Z,Final,1,Baltimore Orioles,14,Toronto Blue Jays,6,6
2024-03-10,2024-03-10T17:05Z,Final,9,Minnesota Twins,20,Washington Nationals,3,7
2024-03-10,2024-03-10T17:07Z,Final,14,Toronto Blue Jays,1,Baltimore Orioles,6,11
2024-03-10,2024-03-10T17:10Z,Final,21,New York Mets,6,Detroit Tigers,2,3
2024-03-10,2024-03-10T17:10Z,Final,28,Miami Marlins,24,St. Louis Cardinals,8,12
2024-03-10,2024-03-10T20:05Z,Final,19,Los Angeles Dodgers,29,Arizona Diamondbacks,12,1
2024-03-10,2024-03-10T20:05Z,Final,26,San Francisco Giants,4,Chicago White Sox,5,4
2024-03-10,2024-03-10T20:05Z,Final,13,Texas Rangers,16,Chicago Cubs,1,5
2024-03-10,2024-03-10T20:05Z,Final,17,Cincinnati Reds,5,Cleveland Guardians,5,3
2024-03-10,2024-03-10T20:05Z,Final,11,Oakland Athletics,7,Kansas City Royals,6,3
2024-03-10,2024-03-10T20:10Z,Final,27,Colorado Rockies,8,Milwaukee Brewers,3,1
2024-03-10,2024-03-10T20:10Z,Final,3,Los Angeles Angels,25,San Diego Padres,5,4
2024-03-10,2024-03-10T20:10Z,Final,12,Seattle Mariners,26,San Francisco Giants,8,3
2024-03-11,2024-03-11T17:05Z,Final,10,New York Yankees,1,Baltimore Orioles,5,3
2024-03-11,2024-03-11T17:05Z,Final,18,Houston Astros,6,Detroit Tigers,3,5
2024-03-11,2024-03-11T17:05Z,Final,15,Atlanta Braves,9,Minnesota Twins,3,0
2024-03-11,2024-03-11T17:05Z,Final,22,Philadelphia Phillies,10,New York Yankees,1,2
2024-03-11,2024-03-11T17:05Z,Final,2,Boston Red Sox,23,Pittsburgh Pirates,1,0
2024-03-11,2024-03-11T17:05Z,Final,30,Tampa Bay Rays,14,Toronto Blue Jays,2,9
2024-03-11,2024-03-11T17:05Z,Final,24,St. Louis Cardinals,20,Washington Nationals,4,11
2024-03-11,2024-03-11T20:05Z,Final,4,Chicago White Sox,27,Colorado Rockies,2,7
2024-03-11,2024-03-11T20:05Z,Final,5,Cleveland Guardians,19,Los Angeles Dodgers,5,1
2024-03-11,2024-03-11T20:05Z,Final,7,Kansas City Royals,26,San Francisco Giants,9,12
2024-03-11,2024-03-11T20:10Z,Final,29,Arizona Diamondbacks,11,Oakland Athletics,5,6
2024-03-11,2024-03-11T20:10Z,Final,12,Seattle Mariners,25,San Diego Padres,3,13
2024-03-11,2024-03-11T20:10Z,Final,3,Los Angeles Angels,13,Texas Rangers,5,15
2024-03-11,2024-03-11T22:10Z,Final,21,New York Mets,28,Miami Marlins,0,1
2024-03-12,2024-03-12T17:05Z,Final,23,Pittsburgh Pirates,15,Atlanta Braves,5,1
2024-03-12,2024-03-12T17:05Z,Final,6,Detroit Tigers,9,Minnesota Twins,1,0
2024-03-12,2024-03-12T17:05Z,Final,2,Boston Red Sox,24,St. Louis Cardinals,6,8
2024-03-12,2024-03-12T17:05Z,Final,1,Baltimore Orioles,30,Tampa Bay Rays,12,8
2024-03-12,2024-03-12T17:07Z,Final,14,Toronto Blue Jays,10,New York Yankees,8,1
2024-03-12,2024-03-12T17:10Z,Final,28,Miami Marlins,18,Houston Astros,1,9
2024-03-12,2024-03-12T20:05Z,Final,13,Texas Rangers,5,Cleveland Guardians,0,3
2024-03-12,2024-03-12T20:05Z,Final,11,Oakland Athletics,12,Seattle Mariners,4,2
2024-03-12,2024-03-12T20:05Z,Final,19,Los Angeles Dodgers,26,San Francisco Giants,6,4
2024-03-12,2024-03-12T20:10Z,Final,25,San Diego Padres,29,Arizona Diamondbacks,2,2
2024-03-12,2024-03-12T20:10Z,Final,27,Colorado Rockies,7,Kansas City Royals,4,2
2024-03-12,2024-03-12T22:05Z,Final,20,Washington Nationals,21,New York Mets,4,1
2024-03-12,2024-03-13T01:05Z,Final,17,Cincinnati Reds,4,Chicago White Sox,1,14
2024-03-12,2024-03-13T01:05Z,Final,16,Chicago Cubs,8,Milwaukee Brewers,6,5
2024-03-13,2024-03-13T17:05Z,Final,10,New York Yankees,2,Boston Red Sox,4,9
2024-03-13,2024-03-13T17:05Z,Final,22,Philadelphia Phillies,6,Detroit Tigers,4,1
2024-03-13,2024-03-13T17:05Z,Final,30,Tampa Bay Rays,9,Minnesota Twins,4,3
2024-03-13,2024-03-13T17:05Z,Final,9,Minnesota Twins,24,St. Louis Cardinals,1,1
2024-03-13,2024-03-13T17:07Z,Final,14,Toronto Blue Jays,23,Pittsburgh Pirates,10,3
2024-03-13,2024-03-13T17:10Z,Final,28,Miami Marlins,20,Washington Nationals,1,2
2024-03-13,2024-03-13T20:05Z,Final,7,Kansas City Royals,3,Los Angeles Angels,3,2
2024-03-13,2024-03-13T20:05Z,Final,5,Cleveland Guardians,16,Chicago Cubs,3,8
2024-03-13,2024-03-13T20:05Z,Final,26,San Francisco Giants,17,Cincinnati Reds,11,19
2024-03-13,2024-03-13T20:05Z,Final,19,Los Angeles Dodgers,12,Seattle Mariners,1,8
2024-03-13,2024-03-13T20:10Z,Final,8,Milwaukee Brewers,4,Chicago White Sox,4,15
2024-03-13,2024-03-13T20:10Z,Final,29,Arizona Diamondbacks,27,Colorado Rockies,5,7
2024-03-13,2024-03-13T20:10Z,Final,25,San Diego Padres,11,Oakland Athletics,12,11
2024-03-13,2024-03-13T22:05Z,Final,1,Baltimore Orioles,15,Atlanta Braves,5,7
2024-03-13,2024-03-13T22:10Z,Final,21,New York Mets,18,Houston Astros,6,5
2024-03-14,2024-03-14T17:05Z,Final,22,Philadelphia Phillies,2,Boston Red Sox,6,1
2024-03-14,2024-03-14T17:05Z,Final,6,Detroit Tigers,10,New York Yankees,7,0
2024-03-14,2024-03-14T17:05Z,Final,24,St. Louis Cardinals,21,New York Mets,0,0
2024-03-14,2024-03-14T17:05Z,Final,15,Atlanta Braves,30,Tampa Bay Rays,1,3
2024-03-14,2024-03-14T17:05Z,Final,9,Minnesota Twins,14,Toronto Blue Jays,1,5
2024-03-14,2024-03-14T19:05Z,Final,23,Pittsburgh Pirates,1,Baltimore Orioles,2,5
2024-03-14,2024-03-14T20:05Z,Final,4,Chicago White Sox,3,Los Angeles Angels,5,1
2024-03-14,2024-03-14T20:05Z,Final,5,Cleveland Guardians,27,Colorado Rockies,13,7
2024-03-14,2024-03-14T20:05Z,Final,16,Chicago Cubs,11,Oakland Athletics,3,1
2024-03-14,2024-03-14T20:10Z,Final,29,Arizona Diamondbacks,7,Kansas City Royals,0,6
2024-03-14,2024-03-14T20:10Z,Final,12,Seattle Mariners,8,Milwaukee Brewers,4,2
2024-03-14,2024-03-14T22:05Z,Final,20,Washington Nationals,18,Houston Astros,5,3
2024-03-14,2024-03-15T01:05Z,Final,13,Texas Rangers,17,Cincinnati Reds,7,4
2024-03-15,2024-03-15T17:05Z,Final,6,Detroit Tigers,15,Atlanta Braves,6,1
2024-03-15,2024-03-15T17:05Z,Final,30,Tampa Bay Rays,1,Baltimore Orioles,7,2
2024-03-15,2024-03-15T17:07Z,Final,14,Toronto Blue Jays,6,Detroit Tigers,6,9
2024-03-15,2024-03-15T20:05Z,Final,4,Chicago White Sox,16,Chicago Cubs,3,2
2024-03-15,2024-03-15T20:45Z,Final,7,Kansas City Royals,5,Cleveland Guardians,1,6
2024-03-15,2024-03-15T22:05Z,Final,24,St. Louis Cardinals,28,Miami Marlins,4,8
2024-03-15,2024-03-15T22:05Z,Final,2,Boston Red Sox,9,Minnesota Twins,8,5
2024-03-15,2024-03-15T22:05Z,Final,18,Houston Astros,22,Philadelphia Phillies,5,3
2024-03-15,2024-03-15T22:10Z,Final,21,New York Mets,20,Washington Nationals,3,7
2024-03-15,2024-03-15T22:35Z,Final,10,New York Yankees,23,Pittsburgh Pirates,2,6
2024-03-16,2024-03-16T16:05Z,Final,20,Washington Nationals,24,St. Louis Cardinals,5,8
2024-03-16,2024-03-16T17:05Z,Final,1,Baltimore Orioles,2,Boston Red Sox,5,4
2024-03-16,2024-03-16T17:05Z,Final,9,Minnesota Twins,30,Tampa Bay Rays,6,5
2024-03-16,2024-03-16T17:05Z,Final,10,New York Yankees,14,Toronto Blue Jays,10,9
2024-03-16,2024-03-16T17:10Z,Final,28,Miami Marlins,22,Philadelphia Phillies,3,3
2024-03-16,2024-03-16T20:05Z,Final,23,Pittsburgh Pirates,6,Detroit Tigers,4,6
2024-03-16,2024-03-16T20:05Z,Final,13,Texas Rangers,29,Arizona Diamondbacks,4,5
2024-03-16,2024-03-16T20:05Z,Final,26,San Francisco Giants,5,Cleveland Guardians,6,0
2024-03-16,2024-03-16T20:05Z,Final,16,Chicago Cubs,7,Kansas City Royals,7,6
2024-03-16,2024-03-16T20:05Z,Final,11,Oakland Athletics,8,Milwaukee Brewers,4,11
2024-03-16,2024-03-16T20:05Z,Final,17,Cincinnati Reds,12,Seattle Mariners,7,11
2024-03-16,2024-03-16T20:05Z,Final,4,Chicago White Sox,26,San Francisco Giants,7,11
2024-03-16,2024-03-16T20:10Z,Final,12,Seattle Mariners,4,Chicago White Sox,8,2
2024-03-16,2024-03-16T20:10Z,Final,3,Los Angeles Angels,16,Chicago Cubs,3,4
2024-03-16,2024-03-16T20:10Z,Final,27,Colorado Rockies,11,Oakland Athletics,11,9
2024-03-16,2024-03-16T20:10Z,Final,8,Milwaukee Brewers,13,Texas Rangers,5,1
2024-03-16,2024-03-16T22:05Z,Final,18,Houston Astros,21,New York Mets,1,6
2024-03-16,2024-03-16T22:05Z,Final,15,Atlanta Braves,23,Pittsburgh Pirates,2,4
2024-03-17,2024-03-17T17:05Z,Final,1,Baltimore Orioles,15,Atlanta Braves,8,2
2024-03-17,2024-03-17T17:05Z,Final,6,Detroit Tigers,1,Baltimore Orioles,4,4
2024-03-17,2024-03-17T17:05Z,Final,15,Atlanta Braves,2,Boston Red Sox,3,3
2024-03-17,2024-03-17T17:05Z,Final,24,St. Louis Cardinals,18,Houston Astros,10,6
2024-03-17,2024-03-17T17:05Z,Final,2,Boston Red Sox,10,New York Yankees,12,6
2024-03-17,2024-03-17T17:05Z,Final,20,Washington Nationals,21,New York Mets,9,8
2024-03-17,2024-03-17T17:05Z,Final,23,Pittsburgh Pirates,30,Tampa Bay Rays,8,4
2024-03-17,2024-03-17T17:05Z,Final,22,Philadelphia Phillies,14,Toronto Blue Jays,5,5
2024-03-17,2024-03-17T17:07Z,Final,14,Toronto Blue Jays,9,Minnesota Twins,9,4
2024-03-17,2024-03-17T17:10Z,Final,21,New York Mets,28,Miami Marlins,7,6
2024-03-17,2024-03-17T20:05Z,Final,11,Oakland Athletics,4,Chicago White Sox,3,3
2024-03-17,2024-03-17T20:05Z,Final,26,San Francisco Giants,27,Colorado Rockies,3,5
2024-03-17,2024-03-17T20:05Z,Final,16,Chicago Cubs,13,Texas Rangers,8,6
2024-03-17,2024-03-17T20:10Z,Final,29,Arizona Diamondbacks,3,Los Angeles Angels,2,0
2024-03-17,2024-03-17T20:10Z,Final,12,Seattle Mariners,29,Arizona Diamondbacks,4,5
2024-03-17,2024-03-17T23:05Z,Final,5,Cleveland Guardians,17,Cincinnati Reds,4,2
2024-03-17,2024-03-17T23:05Z,Final,7,Kansas City Royals,8,Milwaukee Brewers,4,6
2024-03-18,2024-03-18T17:05Z,Final,30,Tampa Bay Rays,15,Atlanta Braves,7,3
2024-03-18,2024-03-18T17:05Z,Final,9,Minnesota Twins,2,Boston Red Sox,5,2
2024-03-18,2024-03-18T17:05Z,Final,22,Philadelphia Phillies,23,Pittsburgh Pirates,2,11
2024-03-18,2024-03-18T17:10Z,Final,28,Miami Marlins,18,Houston Astros,6,5
2024-03-18,2024-03-18T17:25Z,Final,10,New York Yankees,22,Philadelphia Phillies,4,3
2024-03-18,2024-03-18T20:05Z,Final,4,Chicago White Sox,5,Cleveland Guardians,5,8
2024-03-18,2024-03-18T20:05Z,Final,13,Texas Rangers,12,Seattle Mariners,5,9
2024-03-18,2024-03-18T20:10Z,Final,8,Milwaukee Brewers,3,Los Angeles Angels,4,3
2024-03-18,2024-03-18T20:10Z,Final,29,Arizona Diamondbacks,11,Oakland Athletics,3,3
2024-03-18,2024-03-18T22:05Z,Final,18,Houston Astros,20,Washington Nationals,1,10
2024-03-18,2024-03-19T01:05Z,Final,17,Cincinnati Reds,26,San Francisco Giants,2,4
2024-03-19,2024-03-19T17:05Z,Final,24,St. Louis Cardinals,28,Miami Marlins,11,10
2024-03-19,2024-03-19T17:05Z,Final,2,Boston Red Sox,30,Tampa Bay Rays,5,2
2024-03-19,2024-03-19T17:07Z,Final,14,Toronto Blue Jays,1,Baltimore Orioles,8,13
2024-03-19,2024-03-19T20:05Z,Final,5,Cleveland Guardians,8,Milwaukee Brewers,5,8
2024-03-19,2024-03-19T20:05Z,Final,13,Texas Rangers,11,Oakland Athletics,7,7
2024-03-19,2024-03-19T20:10Z,Final,3,Los Angeles Angels,17,Cincinnati Reds,10,6
2024-03-19,2024-03-19T20:10Z,Final,27,Colorado Rockies,5,Cleveland Guardians,8,8
2024-03-19,2024-03-19T20:10Z,Final,12,Seattle Mariners,27,Colorado Rockies,12,3
2024-03-19,2024-03-19T22:05Z,Final,18,Houston Astros,28,Miami Marlins,3,3
2024-03-19,2024-03-19T22:05Z,Final,6,Detroit Tigers,22,Philadelphia Phillies,0,0
2024-03-19,2024-03-19T22:10Z,Final,21,New York Mets,24,St. Louis Cardinals,3,1
2024-03-19,2024-03-20T01:05Z,Final,16,Chicago Cubs,29,Arizona Diamondbacks,1,4
2024-03-19,2024-03-20T02:05Z,Final,26,San Francisco Giants,7,Kansas City Royals,9,8
2024-03-20,2024-03-20T10:05Z,Final,25,San Diego Padres,19,Los Angeles Dodgers,2,5
2024-03-20,2024-03-20T17:05Z,Final,9,Minnesota Twins,6,Detroit Tigers,3,12
2024-03-20,2024-03-20T17:05Z,Final,15,Atlanta Braves,14,Toronto Blue Jays,10,9
2024-03-20,2024-03-20T17:10Z,Final,28,Miami Marlins,21,New York Mets,3,6
2024-03-20,2024-03-20T20:05Z,Final,11,Oakland Athletics,16,Chicago Cubs,3,1
2024-03-20,2024-03-20T20:05Z,Final,4,Chicago White Sox,17,Cincinnati Reds,1,3
2024-03-20,2024-03-20T20:05Z,Final,17,Cincinnati Reds,13,Texas Rangers,1,8
2024-03-20,2024-03-20T20:10Z,Final,29,Arizona Diamondbacks,27,Colorado Rockies,5,1
2024-03-20,2024-03-20T20:10Z,Final,3,Los Angeles Angels,26,San Francisco Giants,2,5
2024-03-20,2024-03-20T22:05Z,Final,1,Baltimore Orioles,22,Philadelphia Phillies,13,4
2024-03-20,2024-03-20T22:05Z,Final,20,Washington Nationals,24,St. Louis Cardinals,4,13
2024-03-20,2024-03-20T22:35Z,Final,10,New York Yankees,23,Pittsburgh Pirates,12,0
2024-03-20,2024-03-21T01:05Z,Final,7,Kansas City Royals,3,Los Angeles Angels,8,8
2024-03-21,2024-03-21T10:05Z,Final,19,Los Angeles Dodgers,25,San Diego Padres,11,15
2024-03-21,2024-03-21T17:00Z,Final,24,St. Louis Cardinals,18,Houston Astros,1,9
2024-03-21,2024-03-21T17:05Z,Final,20,Washington Nationals,9,Minnesota Twins,9,8
2024-03-21,2024-03-21T17:05Z,Final,15,Atlanta Braves,10,New York Yankees,5,2
2024-03-21,2024-03-21T17:05Z,Final,6,Detroit Tigers,21,New York Mets,5,10
2024-03-21,2024-03-21T17:05Z,Final,22,Philadelphia Phillies,30,Tampa Bay Rays,5,6
2024-03-21,2024-03-21T20:05Z,Final,7,Kansas City Royals,4,Chicago White Sox,3,3
2024-03-21,2024-03-21T20:05Z,Final,5,Cleveland Guardians,7,Kansas City Royals,8,5
2024-03-21,2024-03-21T20:10Z,Final,27,Colorado Rockies,16,Chicago Cubs,2,5
2024-03-21,2024-03-21T22:05Z,Final,2,Boston Red Sox,1,Baltimore Orioles,3,2
2024-03-21,2024-03-21T22:05Z,Final,23,Pittsburgh Pirates,14,Toronto Blue Jays,2,3
2024-03-21,2024-03-22T01:10Z,Final,8,Milwaukee Brewers,26,San Francisco Giants,6,7
2024-03-21,2024-03-22T01:40Z,Final,12,Seattle Mariners,17,Cincinnati Reds,7,6
2024-03-22,2024-03-22T17:00Z,Final,10,New York Yankees,21,New York Mets,5,3
2024-03-22,2024-03-22T17:05Z,Final,22,Philadelphia Phillies,6,Detroit Tigers,3,4
2024-03-22,2024-03-22T17:07Z,Final,14,Toronto Blue Jays,2,Boston Red Sox,5,1
2024-03-22,2024-03-22T20:05Z,Final,26,San Francisco Giants,16,Chicago Cubs,13,12
2024-03-22,2024-03-22T20:05Z,Final,11,Oakland Athletics,17,Cincinnati Reds,8,6
2024-03-22,2024-03-22T20:05Z,Final,13,Texas Rangers,27,Colorado Rockies,2,3
2024-03-22,2024-03-22T20:05Z,Final,4,Chicago White Sox,11,Oakland Athletics,8,2
2024-03-22,2024-03-22T20:05Z,Final,16,Chicago Cubs,26,San Francisco Giants,3,7
2024-03-22,2024-03-22T20:05Z,Final,5,Cleveland Guardians,13,Texas Rangers,10,0
2024-03-22,2024-03-22T20:10Z,Final,3,Los Angeles Angels,4,Chicago White Sox,2,0
2024-03-22,2024-03-22T20:10Z,Final,8,Milwaukee Brewers,7,Kansas City Royals,11,5
2024-03-22,2024-03-22T20:10Z,Final,12,Seattle Mariners,8,Milwaukee Brewers,4,4
2024-03-22,2024-03-22T20:10Z,Final,29,Arizona Diamondbacks,12,Seattle Mariners,3,3
2024-03-23,2024-03-23T17:00Z,Final,10,New York Yankees,22,Philadelphia Phillies,6,6
2024-03-23,2024-03-23T17:05Z,Final,30,Tampa Bay Rays,1,Baltimore Orioles,4,6
2024-03-23,2024-03-23T17:05Z,Final,23,Pittsburgh Pirates,2,Boston Red Sox,4,1
2024-03-23,2024-03-23T17:05Z,Final,6,Detroit Tigers,10,New York Yankees,11,6
2024-03-23,2024-03-23T17:05Z,Final,15,Atlanta Braves,30,Tampa Bay Rays,2,5
2024-03-23,2024-03-23T17:05Z,Final,24,St. Louis Cardinals,20,Washington Nationals,2,2
2024-03-23,2024-03-23T17:07Z,Final,14,Toronto Blue Jays,6,Detroit Tigers,7,10
2024-03-23,2024-03-23T17:10Z,Final,21,New York Mets,18,Houston Astros,5,13
2024-03-23,2024-03-23T19:05Z,Final,11,Oakland Athletics,3,Los Angeles Angels,11,5
2024-03-23,2024-03-23T19:05Z,Final,7,Kansas City Royals,13,Texas Rangers,1,1
2024-03-23,2024-03-23T20:05Z,Final,26,San Francisco Giants,29,Arizona Diamondbacks,5,11
2024-03-23,2024-03-23T20:05Z,Final,17,Cincinnati Reds,27,Colorado Rockies,6,2
2024-03-23,2024-03-23T20:05Z,Final,16,Chicago Cubs,8,Milwaukee Brewers,4,7
2024-03-23,2024-03-23T20:05Z,Final,4,Chicago White Sox,12,Seattle Mariners,2,8
2024-03-23,2024-03-23T20:10Z,Final,29,Arizona Diamondbacks,5,Cleveland Guardians,0,5
2024-03-23,2024-03-23T22:05Z,Final,20,Washington Nationals,28,Miami Marlins,3,5
2024-03-23,2024-03-23T22:05Z,Final,2,Boston Red Sox,9,Minnesota Twins,8,6
2024-03-23,2024-03-23T22:05Z,Final,1,Baltimore Orioles,14,Toronto Blue Jays,3,2
2024-03-24,2024-03-24T16:05Z,Final,18,Houston Astros,24,St. Louis Cardinals,9,4
2024-03-24,2024-03-24T17:00Z,Final,2,Boston Red Sox,15,Atlanta Braves,5,5
2024-03-24,2024-03-24T17:05Z,Final,9,Minnesota Twins,1,Baltimore Orioles,3,8
2024-03-24,2024-03-24T17:05Z,Final,23,Pittsburgh Pirates,10,New York Yankees,0,1
2024-03-24,2024-03-24T17:05Z,Final,6,Detroit Tigers,30,Tampa Bay Rays,3,2
2024-03-24,2024-03-24T17:05Z,Final,22,Philadelphia Phillies,14,Toronto Blue Jays,2,0
2024-03-24,2024-03-24T17:10Z,Final,28,Miami Marlins,21,New York Mets,5,1
2024-03-24,2024-03-24T17:10Z,Final,21,New York Mets,20,Washington Nationals,10,1
2024-03-24,2024-03-24T20:05Z,Final,17,Cincinnati Reds,5,Cleveland Guardians,7,10
2024-03-24,2024-03-24T20:10Z,Final,8,Milwaukee Brewers,29,Arizona Diamondbacks,14,4
2024-03-24,2024-03-24T20:10Z,Final,27,Colorado Rockies,4,Chicago White Sox,7,3
2024-03-24,2024-03-24T20:10Z,Final,12,Seattle Mariners,16,Chicago Cubs,9,9
2024-03-24,2024-03-24T23:10Z,Final,19,Los Angeles Dodgers,3,Los Angeles Angels,5,3
2024-03-25,2024-03-25T16:05Z,Final,22,Philadelphia Phillies,30,Tampa Bay Rays,3,6
2024-03-25,2024-03-25T17:05Z,Final,15,Atlanta Braves,9,Minnesota Twins,4,0
2024-03-25,2024-03-25T17:05Z,Final,23,Pittsburgh Pirates,14,Toronto Blue Jays,4,3
2024-03-25,2024-03-25T17:05Z,Final,10,New York Yankees,21,New York Mets,3,0
2024-03-25,2024-03-25T20:05Z,Final,16,Chicago Cubs,24,St. Louis Cardinals,3,6
2024-03-25,2024-03-25T20:10Z,Final,8,Milwaukee Brewers,27,Colorado Rockies,10,1
2024-03-25,2024-03-26T00:05Z,Final,13,Texas Rangers,2,Boston Red Sox,2,9
2024-03-25,2024-03-26T01:00Z,Final,19,Los Angeles Dodgers,3,Los Angeles Angels,0,6
2024-03-25,2024-03-26T01:40Z,Final,29,Arizona Diamondbacks,5,Cleveland Guardians,6,0
2024-03-25,2024-03-26T01:40Z,Final,25,San Diego Padres,12,Seattle Mariners,1,4
2024-03-25,2024-03-26T01:40Z,Final,11,Oakland Athletics,26,San Francisco Giants,1,4
2024-03-26,2024-03-26T16:35Z,Final,30,Tampa Bay Rays,6,Detroit Tigers,3,3
2024-03-26,2024-03-26T17:05Z,Final,9,Minnesota Twins,15,Atlanta Braves,9,6
2024-03-26,2024-03-26T18:05Z,Final,13,Texas Rangers,2,Boston Red Sox,1,4
2024-03-26,2024-03-26T19:00Z,Final,16,Chicago Cubs,24,St. Louis Cardinals,2,7
2024-03-26,2024-03-26T19:10Z,Final,27,Colorado Rockies,8,Milwaukee Brewers,6,1
2024-03-26,2024-03-26T19:40Z,Final,29,Arizona Diamondbacks,5,Cleveland Guardians,6,1
2024-03-26,2024-03-26T20:10Z,Final,25,San Diego Padres,12,Seattle Mariners,6,7
2024-03-26,2024-03-27T00:05Z,Final,26,San Francisco Giants,11,Oakland Athletics,1,3
2024-03-26,2024-03-27T01:07Z,Final,3,Los Angeles Angels,19,Los Angeles Dodgers,4,3
2024-03-28,2024-03-28T19:05Z,Final,1,Baltimore Orioles,3,Los Angeles Angels,11,3
2024-03-28,2024-03-28T20:10Z,Final,4,Chicago White Sox,6,Detroit Tigers,0,1
2024-03-28,2024-03-28T20:10Z,Final,7,Kansas City Royals,9,Minnesota Twins,1,4
2024-03-28,2024-03-28T20:10Z,Final,18,Houston Astros,10,New York Yankees,4,5
2024-03-28,2024-03-28T20:10Z,Final,28,Miami Marlins,23,Pittsburgh Pirates,5,6
2024-03-28,2024-03-28T20:10Z,Final,25,San Diego Padres,26,San Francisco Giants,6,4
2024-03-28,2024-03-28T20:10Z,Final,19,Los Angeles Dodgers,24,St. Louis Cardinals,7,1
2024-03-28,2024-03-28T20:10Z,Final,30,Tampa Bay Rays,14,Toronto Blue Jays,2,8
2024-03-28,2024-03-28T20:10Z,Final,17,Cincinnati Reds,20,Washington Nationals,8,2
2024-03-28,2024-03-28T23:35Z,Final,13,Texas Rangers,16,Chicago Cubs,4,3
2024-03-28,2024-03-29T02:07Z,Final,11,Oakland Athletics,5,Cleveland Guardians,0,8
2024-03-28,2024-03-29T02:10Z,Final,12,Seattle Mariners,2,Boston Red Sox,4,6
2024-03-28,2024-03-29T02:10Z,Final,29,Arizona Diamondbacks,27,Colorado Rockies,16,1
2024-03-29,2024-03-29T17:40Z,Final,21,New York Mets,8,Milwaukee Brewers,1,3
2024-03-29,2024-03-29T19:05Z,Final,22,Philadelphia Phillies,15,Atlanta Braves,3,9
2024-03-29,2024-03-29T22:50Z,Final,30,Tampa Bay Rays,14,Toronto Blue Jays,8,2
2024-03-29,2024-03-29T23:10Z,Final,28,Miami Marlins,23,Pittsburgh Pirates,2,7
2024-03-29,2024-03-30T00:10Z,Final,18,Houston Astros,10,New York Yankees,1,7
2024-03-29,2024-03-30T01:40Z,Final,12,Seattle Mariners,2,Boston Red Sox,1,0
2024-03-29,2024-03-30T01:40Z,Final,11,Oakland Athletics,5,Cleveland Guardians,4,6
2024-03-29,2024-03-30T01:40Z,Final,29,Arizona Diamondbacks,27,Colorado Rockies,7,3
2024-03-29,2024-03-30T01:40Z,Final,25,San Diego Padres,26,San Francisco Giants,3,8
2024-03-29,2024-03-30T02:10Z,Final,19,Los Angeles Dodgers,24,St. Louis Cardinals,6,3
2024-03-30,2024-03-30T17:40Z,Final,21,New York Mets,8,Milwaukee Brewers,6,7
2024-03-30,2024-03-30T18:10Z,Final,4,Chicago White Sox,6,Detroit Tigers,6,7
2024-03-30,2024-03-30T20:05Z,Final,1,Baltimore Orioles,3,Los Angeles Angels,13,4
2024-03-30,2024-03-30T20:05Z,Final,22,Philadelphia Phillies,15,Atlanta Braves,4,12
2024-03-30,2024-03-30T20:07Z,Final,11,Oakland Athletics,5,Cleveland Guardians,3,12
2024-03-30,2024-03-30T20:10Z,Final,7,Kansas City Royals,9,Minnesota Twins,1,5
2024-03-30,2024-03-30T20:10Z,Final,28,Miami Marlins,23,Pittsburgh Pirates,3,9
2024-03-30,2024-03-30T20:10Z,Final,30,Tampa Bay Rays,14,Toronto Blue Jays,5,1
2024-03-30,2024-03-30T20:10Z,Final,17,Cincinnati Reds,20,Washington Nationals,6,7
2024-03-30,2024-03-30T23:05Z,Final,13,Texas Rangers,16,Chicago Cubs,11,2
2024-03-30,2024-03-30T23:15Z,Final,18,Houston Astros,10,New York Yankees,3,5
2024-03-30,2024-03-30T23:15Z,Final,25,San Diego Padres,26,San Francisco Giants,6,9
2024-03-30,2024-03-31T00:10Z,Final,29,Arizona Diamondbacks,27,Colorado Rockies,4,9
2024-03-30,2024-03-31T01:10Z,Final,19,Los Angeles Dodgers,24,St. Louis Cardinals,5,6
2024-03-30,2024-03-31T01:40Z,Final,12,Seattle Mariners,2,Boston Red Sox,4,3
2024-03-31,2024-03-31T17:35Z,Final,1,Baltimore Orioles,3,Los Angeles Angels,1,4
2024-03-31,2024-03-31T17:35Z,Final,22,Philadelphia Phillies,15,Atlanta Braves,5,4
2024-03-31,2024-03-31T17:40Z,Final,21,New York Mets,8,Milwaukee Brewers,1,4
2024-03-31,2024-03-31T17:40Z,Final,28,Miami Marlins,23,Pittsburgh Pirates,7,9
2024-03-31,2024-03-31T17:40Z,Final,30,Tampa Bay Rays,14,Toronto Blue Jays,2,9
2024-03-31,2024-03-31T17:40Z,Final,17,Cincinnati Reds,20,Washington Nationals,6,5
2024-03-31,2024-03-31T18:10Z,Final,4,Chicago White Sox,6,Detroit Tigers,2,3
2024-03-31,2024-03-31T18:10Z,Final,7,Kansas City Royals,9,Minnesota Twins,11,0
2024-03-31,2024-03-31T18:10Z,Final,18,Houston Astros,10,New York Yankees,3,4
2024-03-31,2024-03-31T18:35Z,Final,13,Texas Rangers,16,Chicago Cubs,5,9
2024-03-31,2024-03-31T20:07Z,Final,11,Oakland Athletics,5,Cleveland Guardians,4,3
2024-03-31,2024-03-31T20:10Z,Final,12,Seattle Mariners,2,Boston Red Sox,1,5
2024-03-31,2024-03-31T20:10Z,Final,29,Arizona Diamondbacks,27,Colorado Rockies,5,1
2024-03-31,2024-03-31T20:10Z,Final,25,San Diego Padres,26,San Francisco Giants,13,4
2024-03-31,2024-03-31T23:00Z,Final,19,Los Angeles Dodgers,24,St. Louis Cardinals,5,4
2024-04-01,2024-04-01T18:10Z,Final,4,Chicago White Sox,15,Atlanta Braves,0,9
2024-04-01,2024-04-01T18:20Z,Final,16,Chicago Cubs,27,Colorado Rockies,5,0
2024-04-01,2024-04-01T20:05Z,Final,20,Washington Nationals,23,Pittsburgh Pirates,4,8
2024-04-01,2024-04-01T22:35Z,Final,1,Baltimore Orioles,7,Kansas City Royals,6,4
2024-04-01,2024-04-01T22:40Z,Final,28,Miami Marlins,3,Los Angeles Angels,4,7
2024-04-01,2024-04-01T22:40Z,Final,22,Philadelphia Phillies,17,Cincinnati Reds,3,6
2024-04-01,2024-04-01T22:50Z,Final,30,Tampa Bay Rays,13,Texas Rangers,3,9
2024-04-01,2024-04-01T23:10Z,Final,21,New York Mets,6,Detroit Tigers,0,5
2024-04-01,2024-04-02T00:10Z,Final,18,Houston Astros,14,Toronto Blue Jays,10,0
2024-04-01,2024-04-02T01:40Z,Final,11,Oakland Athletics,2,Boston Red Sox,0,9
2024-04-01,2024-04-02T01:40Z,Final,12,Seattle Mariners,5,Cleveland Guardians,5,4
2024-04-01,2024-04-02T01:40Z,Final,29,Arizona Diamondbacks,10,New York Yankees,2,5
2024-04-01,2024-04-02T01:40Z,Final,25,San Diego Padres,24,St. Louis Cardinals,2,6
2024-04-01,2024-04-02T02:10Z,Final,19,Los Angeles Dodgers,26,San Francisco Giants,8,3
2024-04-02,2024-04-02T20:10Z,Final,8,Milwaukee Brewers,9,Minnesota Twins,3,2
2024-04-02,2024-04-02T22:35Z,Final,1,Baltimore Orioles,7,Kansas City Royals,1,4
2024-04-02,2024-04-02T22:40Z,Final,28,Miami Marlins,3,Los Angeles Angels,1,3
2024-04-02,2024-04-02T22:40Z,Final,22,Philadelphia Phillies,17,Cincinnati Reds,9,4
2024-04-02,2024-04-02T22:50Z,Final,30,Tampa Bay Rays,13,Texas Rangers,5,2
2024-04-02,2024-04-02T23:40Z,Final,4,Chicago White Sox,15,Atlanta Braves,3,2
2024-04-02,2024-04-02T23:40Z,Final,16,Chicago Cubs,27,Colorado Rockies,12,2
2024-04-02,2024-04-03T00:10Z,Final,18,Houston Astros,14,Toronto Blue Jays,1,2
2024-04-02,2024-04-03T01:40Z,Final,11,Oakland Athletics,2,Boston Red Sox,4,5
2024-04-02,2024-04-03T01:40Z,Final,12,Seattle Mariners,5,Cleveland Guardians,2,5
2024-04-02,2024-04-03T01:40Z,Final,29,Arizona Diamondbacks,10,New York Yankees,7,0
2024-04-02,2024-04-03T01:40Z,Final,25,San Diego Padres,24,St. Louis Cardinals,2,5
2024-04-02,2024-04-03T02:10Z,Final,19,Los Angeles Dodgers,26,San Francisco Giants,5,4
2024-04-03,2024-04-03T17:05Z,Final,1,Baltimore Orioles,7,Kansas City Royals,4,3
2024-04-03,2024-04-03T17:10Z,Final,28,Miami Marlins,3,Los Angeles Angels,2,10
2024-04-03,2024-04-03T17:10Z,Final,8,Milwaukee Brewers,9,Minnesota Twins,3,7
2024-04-03,2024-04-03T17:10Z,Final,30,Tampa Bay Rays,13,Texas Rangers,1,4
2024-04-03,2024-04-03T19:37Z,Final,11,Oakland Athletics,2,Boston Red Sox,0,1
2024-04-03,2024-04-03T19:40Z,Final,29,Arizona Diamondbacks,10,New York Yankees,5,6
2024-04-03,2024-04-03T20:05Z,Final,22,Philadelphia Phillies,17,Cincinnati Reds,1,4
2024-04-03,2024-04-03T20:10Z,Final,12,Seattle Mariners,5,Cleveland Guardians,0,8
2024-04-03,2024-04-03T20:10Z,Final,25,San Diego Padres,24,St. Louis Cardinals,3,2
2024-04-03,2024-04-03T22:45Z,Final,20,Washington Nationals,23,Pittsburgh Pirates,5,3
2024-04-03,2024-04-03T23:40Z,Final,16,Chicago Cubs,27,Colorado Rockies,9,8
2024-04-03,2024-04-04T00:10Z,Final,18,Houston Astros,14,Toronto Blue Jays,8,0
2024-04-03,2024-04-04T02:10Z,Final,19,Los Angeles Dodgers,26,San Francisco Giants,5,4
2024-04-04,2024-04-04T16:10Z,Final,21,New York Mets,6,Detroit Tigers,3,6
2024-04-04,2024-04-04T20:05Z,Final,20,Washington Nationals,23,Pittsburgh Pirates,4,7
2024-04-04,2024-04-04T20:10Z,Final,9,Minnesota Twins,5,Cleveland Guardians,2,4
2024-04-04,2024-04-04T20:15Z,Final,24,St. Louis Cardinals,28,Miami Marlins,8,5
2024-04-04,2024-04-04T20:20Z,Final,21,New York Mets,6,Detroit Tigers,2,1
2024-04-04,2024-04-04T23:40Z,Final,7,Kansas City Royals,4,Chicago White Sox,10,1
2024-04-05,2024-04-05T17:05Z,Final,10,New York Yankees,14,Toronto Blue Jays,0,3
2024-04-05,2024-04-05T17:10Z,Final,6,Detroit Tigers,11,Oakland Athletics,5,4
2024-04-05,2024-04-05T18:20Z,Final,16,Chicago Cubs,19,Los Angeles Dodgers,9,7
2024-04-05,2024-04-05T20:10Z,Final,27,Colorado Rockies,30,Tampa Bay Rays,10,7
2024-04-05,2024-04-05T20:12Z,Final,23,Pittsburgh Pirates,1,Baltimore Orioles,2,5
2024-04-05,2024-04-05T20:35Z,Final,26,San Francisco Giants,25,San Diego Padres,3,2
2024-04-05,2024-04-05T22:40Z,Final,17,Cincinnati Reds,21,New York Mets,2,3
2024-04-05,2024-04-05T22:45Z,Final,20,Washington Nationals,22,Philadelphia Phillies,0,4
2024-04-05,2024-04-05T23:20Z,Final,15,Atlanta Braves,29,Arizona Diamondbacks,6,5
2024-04-05,2024-04-05T23:40Z,Final,7,Kansas City Royals,4,Chicago White Sox,2,1
2024-04-05,2024-04-06T00:05Z,Final,13,Texas Rangers,18,Houston Astros,10,2
2024-04-05,2024-04-06T00:10Z,Final,8,Milwaukee Brewers,12,Seattle Mariners,6,5
2024-04-05,2024-04-06T01:38Z,Final,3,Los Angeles Angels,2,Boston Red Sox,6,8
2024-04-06,2024-04-06T17:10Z,Final,6,Detroit Tigers,11,Oakland Athletics,0,4
2024-04-06,2024-04-06T18:10Z,Final,9,Minnesota Twins,5,Cleveland Guardians,1,3
2024-04-06,2024-04-06T18:15Z,Final,24,St. Louis Cardinals,28,Miami Marlins,3,1
2024-04-06,2024-04-06T20:05Z,Final,23,Pittsburgh Pirates,1,Baltimore Orioles,5,4
2024-04-06,2024-04-06T20:05Z,Final,16,Chicago Cubs,19,Los Angeles Dodgers,1,4
2024-04-06,2024-04-06T20:05Z,Final,20,Washington Nationals,22,Philadelphia Phillies,2,5
2024-04-06,2024-04-06T20:10Z,Final,17,Cincinnati Reds,21,New York Mets,9,6
2024-04-06,2024-04-06T23:05Z,Final,13,Texas Rangers,18,Houston Astros,7,2
2024-04-06,2024-04-06T23:05Z,Final,10,New York Yankees,14,Toronto Blue Jays,9,8
2024-04-06,2024-04-06T23:10Z,Final,7,Kansas City Royals,4,Chicago White Sox,3,0
2024-04-06,2024-04-06T23:10Z,Final,8,Milwaukee Brewers,12,Seattle Mariners,3,5
2024-04-06,2024-04-06T23:20Z,Final,15,Atlanta Braves,29,Arizona Diamondbacks,9,8
2024-04-06,2024-04-07T00:10Z,Final,27,Colorado Rockies,30,Tampa Bay Rays,6,8
2024-04-06,2024-04-07T01:05Z,Final,26,San Francisco Giants,25,San Diego Padres,0,4
2024-04-06,2024-04-07T01:38Z,Final,3,Los Angeles Angels,2,Boston Red Sox,2,1
2024-04-07,2024-04-07T17:35Z,Final,15,Atlanta Braves,29,Arizona Diamondbacks,5,2
2024-04-07,2024-04-07T17:35Z,Final,23,Pittsburgh Pirates,1,Baltimore Orioles,3,2
2024-04-07,2024-04-07T17:35Z,Final,20,Washington Nationals,22,Philadelphia Phillies,3,2
2024-04-07,2024-04-07T17:35Z,Final,10,New York Yankees,14,Toronto Blue Jays,8,3
2024-04-07,2024-04-07T17:40Z,Final,17,Cincinnati Reds,21,New York Mets,1,3
2024-04-07,2024-04-07T17:40Z,Final,6,Detroit Tigers,11,Oakland Athletics,1,7
2024-04-07,2024-04-07T18:10Z,Final,7,Kansas City Royals,4,Chicago White Sox,5,3
2024-04-07,2024-04-07T18:10Z,Final,8,Milwaukee Brewers,12,Seattle Mariners,12,4
2024-04-07,2024-04-07T18:15Z,Final,24,St. Louis Cardinals,28,Miami Marlins,3,10
2024-04-07,2024-04-07T18:20Z,Final,16,Chicago Cubs,19,Los Angeles Dodgers,8,1
2024-04-07,2024-04-07T19:10Z,Final,27,Colorado Rockies,30,Tampa Bay Rays,2,3
2024-04-07,2024-04-07T20:05Z,Final,26,San Francisco Giants,25,San Diego Padres,3,2
2024-04-07,2024-04-07T20:07Z,Final,3,Los Angeles Angels,2,Boston Red Sox,2,12
2024-04-07,2024-04-07T23:00Z,Final,13,Texas Rangers,18,Houston Astros,1,3
2024-04-08,2024-04-08T21:10Z,Final,5,Cleveland Guardians,4,Chicago White Sox,4,0
2024-04-08,2024-04-08T22:05Z,Final,10,New York Yankees,28,Miami Marlins,7,0
2024-04-08,2024-04-08T22:40Z,Final,23,Pittsburgh Pirates,6,Detroit Tigers,7,4
2024-04-08,2024-04-08T22:40Z,Final,17,Cincinnati Reds,8,Milwaukee Brewers,10,8
2024-04-08,2024-04-08T23:07Z,Final,14,Toronto Blue Jays,12,Seattle Mariners,5,2
2024-04-08,2024-04-08T23:20Z,Final,15,Atlanta Braves,21,New York Mets,7,8
2024-04-08,2024-04-08T23:40Z,Final,9,Minnesota Twins,19,Los Angeles Dodgers,2,4
2024-04-08,2024-04-08T23:45Z,Final,24,St. Louis Cardinals,22,Philadelphia Phillies,3,5
2024-04-08,2024-04-09T00:05Z,Final,13,Texas Rangers,18,Houston Astros,5,10
2024-04-08,2024-04-09T00:40Z,Final,27,Colorado Rockies,29,Arizona Diamondbacks,7,5
2024-04-08,2024-04-09T01:38Z,Final,3,Los Angeles Angels,30,Tampa Bay Rays,7,1
2024-04-08,2024-04-09T01:40Z,Final,25,San Diego Padres,16,Chicago Cubs,9,8
2024-04-08,2024-04-09T01:45Z,Final,26,San Francisco Giants,20,Washington Nationals,1,8
2024-04-09,2024-04-09T16:35Z,Final,23,Pittsburgh Pirates,6,Detroit Tigers,3,5
2024-04-09,2024-04-09T18:10Z,Final,2,Boston Red Sox,1,Baltimore Orioles,1,7
2024-04-09,2024-04-09T22:10Z,Final,5,Cleveland Guardians,4,Chicago White Sox,5,7
2024-04-09,2024-04-09T22:40Z,Final,17,Cincinnati Reds,8,Milwaukee Brewers,5,9
2024-04-09,2024-04-09T23:05Z,Final,10,New York Yankees,28,Miami Marlins,3,2
2024-04-09,2024-04-09T23:07Z,Final,14,Toronto Blue Jays,12,Seattle Mariners,5,3
2024-04-09,2024-04-09T23:20Z,Final,15,Atlanta Braves,21,New York Mets,6,5
2024-04-09,2024-04-09T23:40Z,Final,7,Kansas City Royals,18,Houston Astros,4,3
2024-04-09,2024-04-09T23:40Z,Final,9,Minnesota Twins,19,Los Angeles Dodgers,3,6
2024-04-09,2024-04-09T23:45Z,Final,24,St. Louis Cardinals,22,Philadelphia Phillies,3,0
2024-04-09,2024-04-10T00:05Z,Final,13,Texas Rangers,11,Oakland Athletics,3,4
2024-04-09,2024-04-10T00:40Z,Final,27,Colorado Rockies,29,Arizona Diamondbacks,2,3
2024-04-09,2024-04-10T01:38Z,Final,3,Los Angeles Angels,30,Tampa Bay Rays,4,6
2024-04-09,2024-04-10T01:45Z,Final,26,San Francisco Giants,20,Washington Nationals,3,5
2024-04-09,2024-04-10T02:05Z,Final,25,San Diego Padres,16,Chicago Cubs,1,5
2024-04-10,2024-04-10T17:10Z,Final,9,Minnesota Twins,19,Los Angeles Dodgers,3,2
2024-04-10,2024-04-10T17:15Z,Final,24,St. Louis Cardinals,22,Philadelphia Phillies,3,4
2024-04-10,2024-04-10T19:07Z,Final,14,Toronto Blue Jays,12,Seattle Mariners,1,6
2024-04-10,2024-04-10T19:10Z,Final,27,Colorado Rockies,29,Arizona Diamondbacks,3,5
2024-04-10,2024-04-10T19:45Z,Final,26,San Francisco Giants,20,Washington Nationals,7,1
2024-04-10,2024-04-10T20:07Z,Final,3,Los Angeles Angels,30,Tampa Bay Rays,2,4
2024-04-10,2024-04-10T22:10Z,Final,5,Cleveland Guardians,4,Chicago White Sox,7,6
2024-04-10,2024-04-10T22:40Z,Final,25,San Diego Padres,16,Chicago Cubs,10,2
2024-04-10,2024-04-10T22:40Z,Final,17,Cincinnati Reds,8,Milwaukee Brewers,2,7
2024-04-10,2024-04-10T23:05Z,Final,10,New York Yankees,28,Miami Marlins,2,5
2024-04-10,2024-04-10T23:10Z,Final,2,Boston Red Sox,1,Baltimore Orioles,5,7
2024-04-10,2024-04-10T23:40Z,Final,7,Kansas City Royals,18,Houston Astros,11,2
2024-04-10,2024-04-11T00:05Z,Final,13,Texas Rangers,11,Oakland Athletics,6,2
2024-04-11,2024-04-11T16:20Z,Final,15,Atlanta Braves,21,New York Mets,4,16
2024-04-11,2024-04-11T18:10Z,Final,7,Kansas City Royals,18,Houston Astros,13,3
2024-04-11,2024-04-11T18:35Z,Final,13,Texas Rangers,11,Oakland Athletics,0,1
2024-04-11,2024-04-11T22:40Z,Final,22,Philadelphia Phillies,23,Pittsburgh Pirates,5,1
2024-04-11,2024-04-11T23:10Z,Final,2,Boston Red Sox,1,Baltimore Orioles,4,9
2024-04-12,2024-04-12T22:40Z,Final,6,Detroit Tigers,9,Minnesota Twins,8,2
2024-04-12,2024-04-12T22:40Z,Final,22,Philadelphia Phillies,23,Pittsburgh Pirates,2,5
2024-04-12,2024-04-12T22:50Z,Final,30,Tampa Bay Rays,26,San Francisco Giants,2,1
2024-04-12,2024-04-12T23:05Z,Final,1,Baltimore Orioles,8,Milwaukee Brewers,1,11
2024-04-12,2024-04-12T23:07Z,Final,14,Toronto Blue Jays,27,Colorado Rockies,4,12
2024-04-12,2024-04-12T23:10Z,Final,2,Boston Red Sox,3,Los Angeles Angels,0,7
2024-04-12,2024-04-12T23:10Z,Final,28,Miami Marlins,15,Atlanta Braves,1,8
2024-04-12,2024-04-12T23:10Z,Final,21,New York Mets,7,Kansas City Royals,6,1
2024-04-12,2024-04-12T23:40Z,Final,4,Chicago White Sox,17,Cincinnati Reds,1,11
2024-04-12,2024-04-13T00:10Z,Final,18,Houston Astros,13,Texas Rangers,8,12
2024-04-12,2024-04-13T01:40Z,Final,12,Seattle Mariners,16,Chicago Cubs,4,2
2024-04-12,2024-04-13T01:40Z,Final,29,Arizona Diamondbacks,24,St. Louis Cardinals,6,9
2024-04-12,2024-04-13T01:40Z,Final,11,Oakland Athletics,20,Washington Nationals,2,1
2024-04-12,2024-04-13T02:10Z,Final,19,Los Angeles Dodgers,25,San Diego Padres,7,8
2024-04-13,2024-04-13T16:10Z,Final,5,Cleveland Guardians,10,New York Yankees,2,3
2024-04-13,2024-04-13T17:10Z,Final,6,Detroit Tigers,9,Minnesota Twins,5,11
2024-04-13,2024-04-13T17:40Z,Final,21,New York Mets,7,Kansas City Royals,7,11
2024-04-13,2024-04-13T18:10Z,Final,4,Chicago White Sox,17,Cincinnati Reds,0,5
2024-04-13,2024-04-13T19:07Z,Final,14,Toronto Blue Jays,27,Colorado Rockies,5,3
2024-04-13,2024-04-13T20:05Z,Final,1,Baltimore Orioles,8,Milwaukee Brewers,5,11
2024-04-13,2024-04-13T20:05Z,Final,22,Philadelphia Phillies,23,Pittsburgh Pirates,4,3
2024-04-13,2024-04-13T20:05Z,Final,18,Houston Astros,13,Texas Rangers,9,2
2024-04-13,2024-04-13T20:07Z,Final,11,Oakland Athletics,20,Washington Nationals,1,3
2024-04-13,2024-04-13T20:10Z,Final,2,Boston Red Sox,3,Los Angeles Angels,7,2
2024-04-13,2024-04-13T20:10Z,Final,28,Miami Marlins,15,Atlanta Braves,5,1
2024-04-13,2024-04-13T20:10Z,Final,30,Tampa Bay Rays,26,San Francisco Giants,2,11
2024-04-13,2024-04-13T21:05Z,Final,6,Detroit Tigers,9,Minnesota Twins,1,4
2024-04-13,2024-04-13T22:10Z,Final,5,Cleveland Guardians,10,New York Yankees,2,8
2024-04-13,2024-04-14T00:10Z,Final,29,Arizona Diamondbacks,24,St. Louis Cardinals,4,2
2024-04-13,2024-04-14T01:10Z,Final,19,Los Angeles Dodgers,25,San Diego Padres,5,2
2024-04-13,2024-04-14T01:40Z,Final,12,Seattle Mariners,16,Chicago Cubs,1,4
2024-04-14,2024-04-14T17:35Z,Final,2,Boston Red Sox,3,Los Angeles Angels,5,4
2024-04-14,2024-04-14T17:35Z,Final,1,Baltimore Orioles,8,Milwaukee Brewers,6,4
2024-04-14,2024-04-14T17:35Z,Final,22,Philadelphia Phillies,23,Pittsburgh Pirates,2,9
2024-04-14,2024-04-14T17:37Z,Final,14,Toronto Blue Jays,27,Colorado Rockies,5,0
2024-04-14,2024-04-14T17:40Z,Final,28,Miami Marlins,15,Atlanta Braves,7,9
2024-04-14,2024-04-14T17:40Z,Final,21,New York Mets,7,Kansas City Royals,2,1
2024-04-14,2024-04-14T17:40Z,Final,6,Detroit Tigers,9,Minnesota Twins,4,3
2024-04-14,2024-04-14T17:40Z,Final,5,Cleveland Guardians,10,New York Yankees,8,7
2024-04-14,2024-04-14T17:40Z,Final,30,Tampa Bay Rays,26,San Francisco Giants,9,4
2024-04-14,2024-04-14T18:10Z,Final,4,Chicago White Sox,17,Cincinnati Reds,4,11
2024-04-14,2024-04-14T18:10Z,Final,18,Houston Astros,13,Texas Rangers,8,5
2024-04-14,2024-04-14T20:07Z,Final,11,Oakland Athletics,20,Washington Nationals,7,6
2024-04-14,2024-04-14T20:10Z,Final,12,Seattle Mariners,16,Chicago Cubs,2,3
2024-04-14,2024-04-14T20:10Z,Final,29,Arizona Diamondbacks,24,St. Louis Cardinals,5,0
2024-04-14,2024-04-14T23:00Z,Final,19,Los Angeles Dodgers,25,San Diego Padres,3,6
2024-04-15,2024-04-15T15:10Z,Final,2,Boston Red Sox,5,Cleveland Guardians,0,6
2024-04-15,2024-04-15T22:35Z,Final,1,Baltimore Orioles,9,Minnesota Twins,7,4
2024-04-15,2024-04-15T22:40Z,Final,22,Philadelphia Phillies,27,Colorado Rockies,2,1
2024-04-15,2024-04-15T22:40Z,Final,28,Miami Marlins,26,San Francisco Giants,3,4
2024-04-15,2024-04-15T22:40Z,Final,6,Detroit Tigers,13,Texas Rangers,0,1
2024-04-15,2024-04-15T22:50Z,Final,30,Tampa Bay Rays,3,Los Angeles Angels,3,7
2024-04-15,2024-04-15T23:07Z,Final,14,Toronto Blue Jays,10,New York Yankees,3,1
2024-04-15,2024-04-15T23:10Z,Final,21,New York Mets,23,Pittsburgh Pirates,6,3
2024-04-15,2024-04-15T23:40Z,Final,4,Chicago White Sox,7,Kansas City Royals,0,2
2024-04-15,2024-04-15T23:40Z,Final,8,Milwaukee Brewers,25,San Diego Padres,3,7
2024-04-15,2024-04-16T00:10Z,Final,18,Houston Astros,15,Atlanta Braves,1,6
2024-04-15,2024-04-16T01:40Z,Final,29,Arizona Diamondbacks,16,Chicago Cubs,2,3
2024-04-15,2024-04-16T01:40Z,Final,11,Oakland Athletics,24,St. Louis Cardinals,1,3
2024-04-15,2024-04-16T01:42Z,Final,12,Seattle Mariners,17,Cincinnati Reds,9,3
2024-04-15,2024-04-16T02:10Z,Final,19,Los Angeles Dodgers,20,Washington Nationals,4,6
2024-04-16,2024-04-16T17:10Z,Final,6,Detroit Tigers,13,Texas Rangers,4,2
2024-04-16,2024-04-16T22:35Z,Final,1,Baltimore Orioles,9,Minnesota Twins,11,3
2024-04-16,2024-04-16T22:40Z,Final,22,Philadelphia Phillies,27,Colorado Rockies,5,0
2024-04-16,2024-04-16T22:40Z,Final,28,Miami Marlins,26,San Francisco Giants,6,3
2024-04-16,2024-04-16T22:50Z,Final,30,Tampa Bay Rays,3,Los Angeles Angels,7,6
2024-04-16,2024-04-16T23:07Z,Final,14,Toronto Blue Jays,10,New York Yankees,5,4
2024-04-16,2024-04-16T23:10Z,Final,2,Boston Red Sox,5,Cleveland Guardians,7,10
2024-04-16,2024-04-16T23:10Z,Final,21,New York Mets,23,Pittsburgh Pirates,3,1
2024-04-16,2024-04-16T23:40Z,Final,8,Milwaukee Brewers,25,San Diego Padres,3,6
2024-04-16,2024-04-17T00:10Z,Final,18,Houston Astros,15,Atlanta Braves,2,6
2024-04-16,2024-04-17T01:40Z,Final,29,Arizona Diamondbacks,16,Chicago Cubs,12,11
2024-04-16,2024-04-17T01:40Z,Final,12,Seattle Mariners,17,Cincinnati Reds,3,1
2024-04-16,2024-04-17T01:40Z,Final,11,Oakland Athletics,24,St. Louis Cardinals,2,3
2024-04-16,2024-04-17T02:10Z,Final,19,Los Angeles Dodgers,20,Washington Nationals,6,2
2024-04-17,2024-04-17T16:10Z,Final,28,Miami Marlins,26,San Francisco Giants,1,3
2024-04-17,2024-04-17T17:05Z,Final,1,Baltimore Orioles,9,Minnesota Twins,4,2
2024-04-17,2024-04-17T17:10Z,Final,21,New York Mets,23,Pittsburgh Pirates,9,1
2024-04-17,2024-04-17T17:10Z,Final,8,Milwaukee Brewers,25,San Diego Padres,1,0
2024-04-17,2024-04-17T17:10Z,Final,6,Detroit Tigers,13,Texas Rangers,4,5
2024-04-17,2024-04-17T18:10Z,Final,18,Houston Astros,15,Atlanta Braves,4,5
2024-04-17,2024-04-17T18:10Z,Final,4,Chicago White Sox,7,Kansas City Royals,2,4
2024-04-17,2024-04-17T19:07Z,Final,14,Toronto Blue Jays,10,New York Yankees,4,6
2024-04-17,2024-04-17T19:10Z,Final,19,Los Angeles Dodgers,20,Washington Nationals,0,2
2024-04-17,2024-04-17T19:37Z,Final,11,Oakland Athletics,24,St. Louis Cardinals,6,3
2024-04-17,2024-04-17T19:40Z,Final,29,Arizona Diamondbacks,16,Chicago Cubs,3,5
2024-04-17,2024-04-17T20:10Z,Final,12,Seattle Mariners,17,Cincinnati Reds,5,1
2024-04-17,2024-04-17T21:25Z,Final,4,Chicago White Sox,7,Kansas City Royals,2,1
2024-04-17,2024-04-17T22:05Z,Final,22,Philadelphia Phillies,27,Colorado Rockies,7,6
2024-04-17,2024-04-17T22:50Z,Final,30,Tampa Bay Rays,3,Los Angeles Angels,4,5
2024-04-17,2024-04-17T23:10Z,Final,2,Boston Red Sox,5,Cleveland Guardians,2,0
2024-04-18,2024-04-18T17:10Z,Final,30,Tampa Bay Rays,3,Los Angeles Angels,2,1
2024-04-18,2024-04-18T17:10Z,Final,6,Detroit Tigers,13,Texas Rangers,7,9
2024-04-18,2024-04-18T17:35Z,Final,2,Boston Red Sox,5,Cleveland Guardians,4,5
2024-04-18,2024-04-19T01:45Z,Final,26,San Francisco Giants,29,Arizona Diamondbacks,5,0
2024-04-19,2024-04-19T18:20Z,Final,16,Chicago Cubs,28,Miami Marlins,8,3
2024-04-19,2024-04-19T22:40Z,Final,17,Cincinnati Reds,3,Los Angeles Angels,7,1
2024-04-19,2024-04-19T22:40Z,Final,23,Pittsburgh Pirates,2,Boston Red Sox,1,8
2024-04-19,2024-04-19T22:40Z,Final,22,Philadelphia Phillies,4,Chicago White Sox,7,0
2024-04-19,2024-04-19T22:45Z,Final,20,Washington Nationals,18,Houston Astros,3,5
2024-04-19,2024-04-19T23:05Z,Final,10,New York Yankees,30,Tampa Bay Rays,5,3
2024-04-19,2024-04-19T23:10Z,Final,5,Cleveland Guardians,11,Oakland Athletics,10,2
2024-04-19,2024-04-19T23:20Z,Final,15,Atlanta Braves,13,Texas Rangers,8,3
2024-04-19,2024-04-19T23:40Z,Final,7,Kansas City Royals,1,Baltimore Orioles,9,4
2024-04-19,2024-04-20T00:10Z,Final,9,Minnesota Twins,6,Detroit Tigers,4,5
2024-04-19,2024-04-20T00:15Z,Final,24,St. Louis Cardinals,8,Milwaukee Brewers,1,2
2024-04-19,2024-04-20T01:40Z,Final,25,San Diego Padres,14,Toronto Blue Jays,1,5
2024-04-19,2024-04-20T02:10Z,Final,19,Los Angeles Dodgers,21,New York Mets,4,9
2024-04-19,2024-04-20T02:15Z,Final,26,San Francisco Giants,29,Arizona Diamondbacks,1,17
2024-04-20,2024-04-20T17:05Z,Final,10,New York Yankees,30,Tampa Bay Rays,0,2
2024-04-20,2024-04-20T18:10Z,Final,9,Minnesota Twins,6,Detroit Tigers,4,3
2024-04-20,2024-04-20T18:15Z,Final,24,St. Louis Cardinals,8,Milwaukee Brewers,5,12
2024-04-20,2024-04-20T18:20Z,Final,16,Chicago Cubs,28,Miami Marlins,2,3
2024-04-20,2024-04-20T20:05Z,Final,26,San Francisco Giants,29,Arizona Diamondbacks,7,3
2024-04-20,2024-04-20T20:05Z,Final,23,Pittsburgh Pirates,2,Boston Red Sox,2,4
2024-04-20,2024-04-20T20:05Z,Final,20,Washington Nationals,18,Houston Astros,5,4
2024-04-20,2024-04-20T20:05Z,Final,19,Los Angeles Dodgers,21,New York Mets,4,6
2024-04-20,2024-04-20T22:05Z,Final,22,Philadelphia Phillies,4,Chicago White Sox,9,5
2024-04-20,2024-04-20T22:10Z,Final,5,Cleveland Guardians,11,Oakland Athletics,6,3
2024-04-20,2024-04-20T22:40Z,Final,17,Cincinnati Reds,3,Los Angeles Angels,7,5
2024-04-20,2024-04-20T23:10Z,Final,7,Kansas City Royals,1,Baltimore Orioles,7,9
2024-04-20,2024-04-20T23:20Z,Final,15,Atlanta Braves,13,Texas Rangers,5,2
2024-04-20,2024-04-20T23:40Z,Final,16,Chicago Cubs,28,Miami Marlins,5,3
2024-04-20,2024-04-21T00:10Z,Final,27,Colorado Rockies,12,Seattle Mariners,0,7
2024-04-20,2024-04-21T00:40Z,Final,25,San Diego Padres,14,Toronto Blue Jays,2,5
2024-04-21,2024-04-21T17:35Z,Final,23,Pittsburgh Pirates,2,Boston Red Sox,1,6
2024-04-21,2024-04-21T17:35Z,Final,22,Philadelphia Phillies,4,Chicago White Sox,8,2
2024-04-21,2024-04-21T17:35Z,Final,20,Washington Nationals,18,Houston Astros,6,0
2024-04-21,2024-04-21T17:35Z,Final,10,New York Yankees,30,Tampa Bay Rays,5,4
2024-04-21,2024-04-21T17:40Z,Final,17,Cincinnati Reds,3,Los Angeles Angels,3,0
2024-04-21,2024-04-21T17:40Z,Final,5,Cleveland Guardians,11,Oakland Athletics,6,2
2024-04-21,2024-04-21T18:10Z,Final,7,Kansas City Royals,1,Baltimore Orioles,0,5
2024-04-21,2024-04-21T18:10Z,Final,9,Minnesota Twins,6,Detroit Tigers,1,6
2024-04-21,2024-04-21T18:15Z,Final,24,St. Louis Cardinals,8,Milwaukee Brewers,0,2
2024-04-21,2024-04-21T18:20Z,Final,16,Chicago Cubs,28,Miami Marlins,3,6
2024-04-21,2024-04-21T19:10Z,Final,27,Colorado Rockies,12,Seattle Mariners,2,1
2024-04-21,2024-04-21T20:05Z,Final,26,San Francisco Giants,29,Arizona Diamondbacks,3,5
2024-04-21,2024-04-21T20:10Z,Final,19,Los Angeles Dodgers,21,New York Mets,10,0
2024-04-21,2024-04-21T20:10Z,Final,25,San Diego Padres,14,Toronto Blue Jays,6,3
2024-04-21,2024-04-21T23:00Z,Final,15,Atlanta Braves,13,Texas Rangers,4,6
2024-04-21,2024-04-22T00:10Z,Final,27,Colorado Rockies,12,Seattle Mariners,2,10
2024-04-22,2024-04-22T17:05Z,Final,10,New York Yankees,11,Oakland Athletics,0,2
2024-04-22,2024-04-22T22:40Z,Final,23,Pittsburgh Pirates,8,Milwaukee Brewers,4,2
2024-04-22,2024-04-22T22:40Z,Final,17,Cincinnati Reds,22,Philadelphia Phillies,0,7
2024-04-22,2024-04-22T22:50Z,Final,30,Tampa Bay Rays,6,Detroit Tigers,1,7
2024-04-22,2024-04-22T23:20Z,Final,15,Atlanta Braves,28,Miami Marlins,3,0
2024-04-22,2024-04-22T23:40Z,Final,9,Minnesota Twins,4,Chicago White Sox,7,0
2024-04-22,2024-04-22T23:40Z,Final,7,Kansas City Royals,14,Toronto Blue Jays,3,5
2024-04-22,2024-04-22T23:45Z,Final,24,St. Louis Cardinals,29,Arizona Diamondbacks,5,3
2024-04-22,2024-04-23T00:40Z,Final,27,Colorado Rockies,25,San Diego Padres,1,3
2024-04-22,2024-04-23T01:38Z,Final,3,Los Angeles Angels,1,Baltimore Orioles,2,4
2024-04-22,2024-04-23T01:45Z,Final,26,San Francisco Giants,21,New York Mets,5,2
2024-04-23,2024-04-23T22:10Z,Final,5,Cleveland Guardians,2,Boston Red Sox,4,1
2024-04-23,2024-04-23T22:40Z,Final,23,Pittsburgh Pirates,8,Milwaukee Brewers,2,1
2024-04-23,2024-04-23T22:40Z,Final,17,Cincinnati Reds,22,Philadelphia Phillies,8,1
2024-04-23,2024-04-23T22:45Z,Final,20,Washington Nationals,19,Los Angeles Dodgers,1,4
2024-04-23,2024-04-23T22:50Z,Final,30,Tampa Bay Rays,6,Detroit Tigers,2,4
2024-04-23,2024-04-23T23:05Z,Final,10,New York Yankees,11,Oakland Athletics,4,3
2024-04-23,2024-04-23T23:20Z,Final,15,Atlanta Braves,28,Miami Marlins,5,0
2024-04-23,2024-04-23T23:40Z,Final,9,Minnesota Twins,4,Chicago White Sox,6,5
2024-04-23,2024-04-23T23:40Z,Final,16,Chicago Cubs,18,Houston Astros,7,2
2024-04-23,2024-04-23T23:40Z,Final,7,Kansas City Royals,14,Toronto Blue Jays,3,2
2024-04-23,2024-04-23T23:45Z,Final,24,St. Louis Cardinals,29,Arizona Diamondbacks,1,14
2024-04-23,2024-04-24T00:05Z,Final,13,Texas Rangers,12,Seattle Mariners,0,4
2024-04-23,2024-04-24T00:40Z,Final,27,Colorado Rockies,25,San Diego Padres,7,4
2024-04-23,2024-04-24T01:38Z,Final,3,Los Angeles Angels,1,Baltimore Orioles,7,4
2024-04-23,2024-04-24T01:45Z,Final,26,San Francisco Giants,21,New York Mets,5,1
2024-04-24,2024-04-24T17:15Z,Final,24,St. Louis Cardinals,29,Arizona Diamondbacks,5,1
2024-04-24,2024-04-24T19:45Z,Final,26,San Francisco Giants,21,New York Mets,2,8
2024-04-24,2024-04-24T20:07Z,Final,3,Los Angeles Angels,1,Baltimore Orioles,5,6
2024-04-24,2024-04-24T22:10Z,Final,5,Cleveland Guardians,2,Boston Red Sox,0,8
2024-04-24,2024-04-24T22:40Z,Final,23,Pittsburgh Pirates,8,Milwaukee Brewers,2,3
2024-04-24,2024-04-24T22:40Z,Final,17,Cincinnati Reds,22,Philadelphia Phillies,7,4
2024-04-24,2024-04-24T22:45Z,Final,20,Washington Nationals,19,Los Angeles Dodgers,2,11
2024-04-24,2024-04-24T22:50Z,Final,30,Tampa Bay Rays,6,Detroit Tigers,7,5
2024-04-24,2024-04-24T23:05Z,Final,10,New York Yankees,11,Oakland Athletics,7,3
2024-04-24,2024-04-24T23:20Z,Final,15,Atlanta Braves,28,Miami Marlins,4,3
2024-04-24,2024-04-24T23:40Z,Final,9,Minnesota Twins,4,Chicago White Sox,6,3
2024-04-24,2024-04-24T23:40Z,Final,16,Chicago Cubs,18,Houston Astros,4,3
2024-04-24,2024-04-24T23:40Z,Final,7,Kansas City Royals,14,Toronto Blue Jays,3,2
2024-04-24,2024-04-25T00:05Z,Final,13,Texas Rangers,12,Seattle Mariners,5,1
2024-04-24,2024-04-25T00:40Z,Final,27,Colorado Rockies,25,San Diego Padres,2,5
2024-04-25,2024-04-25T16:35Z,Final,23,Pittsburgh Pirates,8,Milwaukee Brewers,5,7
2024-04-25,2024-04-25T17:10Z,Final,5,Cleveland Guardians,2,Boston Red Sox,6,4
2024-04-25,2024-04-25T17:10Z,Final,9,Minnesota Twins,4,Chicago White Sox,6,3
2024-04-25,2024-04-25T17:10Z,Final,17,Cincinnati Reds,22,Philadelphia Phillies,0,5
2024-04-25,2024-04-25T18:10Z,Final,7,Kansas City Royals,14,Toronto Blue Jays,2,1
2024-04-25,2024-04-25T18:20Z,Final,16,Chicago Cubs,18,Houston Astros,3,1
2024-04-25,2024-04-25T18:35Z,Final,13,Texas Rangers,12,Seattle Mariners,3,4
2024-04-25,2024-04-25T19:10Z,Final,27,Colorado Rockies,25,San Diego Padres,10,9
2024-04-25,2024-04-25T20:05Z,Final,20,Washington Nationals,19,Los Angeles Dodgers,1,2
2024-04-25,2024-04-25T23:05Z,Final,10,New York Yankees,11,Oakland Athletics,1,3
2024-04-26,2024-04-26T17:10Z,Final,6,Detroit Tigers,7,Kansas City Royals,0,8
2024-04-26,2024-04-26T23:05Z,Final,1,Baltimore Orioles,11,Oakland Athletics,2,3
2024-04-26,2024-04-26T23:07Z,Final,14,Toronto Blue Jays,19,Los Angeles Dodgers,2,12
2024-04-26,2024-04-26T23:10Z,Final,2,Boston Red Sox,16,Chicago Cubs,1,7
2024-04-26,2024-04-26T23:10Z,Final,21,New York Mets,24,St. Louis Cardinals,2,4
2024-04-26,2024-04-26T23:10Z,Final,28,Miami Marlins,20,Washington Nationals,1,3
2024-04-26,2024-04-26T23:20Z,Final,15,Atlanta Braves,5,Cleveland Guardians,6,2
2024-04-26,2024-04-26T23:40Z,Final,4,Chicago White Sox,30,Tampa Bay Rays,9,4
2024-04-26,2024-04-27T00:05Z,Final,13,Texas Rangers,17,Cincinnati Reds,2,1
2024-04-26,2024-04-27T00:10Z,Final,8,Milwaukee Brewers,10,New York Yankees,7,6
2024-04-26,2024-04-27T01:38Z,Final,3,Los Angeles Angels,9,Minnesota Twins,3,5
2024-04-26,2024-04-27T01:40Z,Final,12,Seattle Mariners,29,Arizona Diamondbacks,6,1
2024-04-26,2024-04-27T01:40Z,Final,25,San Diego Padres,22,Philadelphia Phillies,3,9
2024-04-26,2024-04-27T02:15Z,Final,26,San Francisco Giants,23,Pittsburgh Pirates,3,0
2024-04-27,2024-04-27T19:07Z,Final,14,Toronto Blue Jays,19,Los Angeles Dodgers,2,4
2024-04-27,2024-04-27T20:05Z,Final,13,Texas Rangers,17,Cincinnati Reds,4,8
2024-04-27,2024-04-27T20:05Z,Final,1,Baltimore Orioles,11,Oakland Athletics,7,0
2024-04-27,2024-04-27T20:05Z,Final,21,New York Mets,24,St. Louis Cardinals,4,7
2024-04-27,2024-04-27T20:10Z,Final,2,Boston Red Sox,16,Chicago Cubs,17,0
2024-04-27,2024-04-27T20:10Z,Final,28,Miami Marlins,20,Washington Nationals,4,11
2024-04-27,2024-04-27T22:05Z,Final,27,Colorado Rockies,18,Houston Astros,4,12
2024-04-27,2024-04-27T22:10Z,Final,6,Detroit Tigers,7,Kansas City Royals,6,5
2024-04-27,2024-04-27T23:10Z,Final,8,Milwaukee Brewers,10,New York Yankees,3,15
2024-04-27,2024-04-27T23:10Z,Final,4,Chicago White Sox,30,Tampa Bay Rays,8,7
2024-04-27,2024-04-27T23:20Z,Final,15,Atlanta Braves,5,Cleveland Guardians,2,4
2024-04-27,2024-04-28T00:40Z,Final,25,San Diego Padres,22,Philadelphia Phillies,1,5
2024-04-27,2024-04-28T01:05Z,Final,26,San Francisco Giants,23,Pittsburgh Pirates,3,4
2024-04-27,2024-04-28T01:38Z,Final,3,Los Angeles Angels,9,Minnesota Twins,5,16
2024-04-27,2024-04-28T01:40Z,Final,12,Seattle Mariners,29,Arizona Diamondbacks,3,1
2024-04-28,2024-04-28T17:35Z,Final,15,Atlanta Braves,5,Cleveland Guardians,4,3
2024-04-28,2024-04-28T17:35Z,Final,1,Baltimore Orioles,11,Oakland Athletics,6,7
2024-04-28,2024-04-28T17:37Z,Final,14,Toronto Blue Jays,19,Los Angeles Dodgers,3,1
2024-04-28,2024-04-28T17:40Z,Final,6,Detroit Tigers,7,Kansas City Royals,4,1
2024-04-28,2024-04-28T17:40Z,Final,21,New York Mets,24,St. Louis Cardinals,4,2
2024-04-28,2024-04-28T17:40Z,Final,28,Miami Marlins,20,Washington Nationals,9,12
2024-04-28,2024-04-28T18:10Z,Final,8,Milwaukee Brewers,10,New York Yankees,5,15
2024-04-28,2024-04-28T18:10Z,Final,4,Chicago White Sox,30,Tampa Bay Rays,4,2
2024-04-28,2024-04-28T18:35Z,Final,13,Texas Rangers,17,Cincinnati Reds,4,3
2024-04-28,2024-04-28T20:05Z,Final,27,Colorado Rockies,18,Houston Astros,2,8
2024-04-28,2024-04-28T20:05Z,Final,26,San Francisco Giants,23,Pittsburgh Pirates,3,2
2024-04-28,2024-04-28T20:07Z,Final,3,Los Angeles Angels,9,Minnesota Twins,5,11
2024-04-28,2024-04-28T20:10Z,Final,12,Seattle Mariners,29,Arizona Diamondbacks,2,3
2024-04-28,2024-04-28T20:10Z,Final,25,San Diego Padres,22,Philadelphia Phillies,6,8
2024-04-28,2024-04-28T23:00Z,Final,2,Boston Red Sox,16,Chicago Cubs,5,4
2024-04-29,2024-04-29T22:35Z,Final,1,Baltimore Orioles,10,New York Yankees,2,0
2024-04-29,2024-04-29T22:40Z,Final,28,Miami Marlins,20,Washington Nationals,2,7
2024-04-29,2024-04-29T23:07Z,Final,14,Toronto Blue Jays,7,Kansas City Royals,6,5
2024-04-29,2024-04-29T23:10Z,Final,21,New York Mets,16,Chicago Cubs,1,3
2024-04-29,2024-04-29T23:40Z,Final,4,Chicago White Sox,9,Minnesota Twins,2,3
2024-04-29,2024-04-29T23:40Z,Final,8,Milwaukee Brewers,30,Tampa Bay Rays,0,1
2024-04-29,2024-04-30T01:38Z,Final,3,Los Angeles Angels,22,Philadelphia Phillies,6,5
2024-04-29,2024-04-30T01:40Z,Final,12,Seattle Mariners,15,Atlanta Braves,2,1
2024-04-29,2024-04-30T01:40Z,Final,25,San Diego Padres,17,Cincinnati Reds,2,5
2024-04-29,2024-04-30T01:40Z,Final,29,Arizona Diamondbacks,19,Los Angeles Dodgers,4,8
2024-04-29,2024-04-30T01:40Z,Final,11,Oakland Athletics,23,Pittsburgh Pirates,5,1
2024-04-30,2024-04-30T19:40Z,Final,6,Detroit Tigers,24,St. Louis Cardinals,1,2
2024-04-30,2024-04-30T22:35Z,Final,1,Baltimore Orioles,10,New York Yankees,4,2
2024-04-30,2024-04-30T22:40Z,Final,28,Miami Marlins,27,Colorado Rockies,7,6
2024-04-30,2024-04-30T22:40Z,Final,6,Detroit Tigers,24,St. Louis Cardinals,11,6
2024-04-30,2024-04-30T23:07Z,Final,14,Toronto Blue Jays,7,Kansas City Royals,1,4
2024-04-30,2024-04-30T23:10Z,Final,21,New York Mets,16,Chicago Cubs,4,2
2024-04-30,2024-04-30T23:10Z,Final,2,Boston Red Sox,26,San Francisco Giants,4,0
2024-04-30,2024-04-30T23:40Z,Final,4,Chicago White Sox,9,Minnesota Twins,5,6
2024-04-30,2024-04-30T23:40Z,Final,8,Milwaukee Brewers,30,Tampa Bay Rays,8,2
2024-04-30,2024-05-01T00:05Z,Final,13,Texas Rangers,20,Washington Nationals,7,1
2024-04-30,2024-05-01T00:10Z,Final,18,Houston Astros,5,Cleveland Guardians,10,9
2024-04-30,2024-05-01T01:38Z,Final,3,Los Angeles Angels,22,Philadelphia Phillies,5,7
2024-04-30,2024-05-01T01:40Z,Final,12,Seattle Mariners,15,Atlanta Braves,3,2
2024-04-30,2024-05-01T01:40Z,Final,25,San Diego Padres,17,Cincinnati Reds,6,4
2024-04-30,2024-05-01T01:40Z,Final,29,Arizona Diamondbacks,19,Los Angeles Dodgers,4,3
2024-04-30,2024-05-01T01:40Z,Final,11,Oakland Athletics,23,Pittsburgh Pirates,5,2
2024-05-01,2024-05-01T17:10Z,Final,6,Detroit Tigers,24,St. Louis Cardinals,4,1
2024-05-01,2024-05-01T17:10Z,Final,8,Milwaukee Brewers,30,Tampa Bay Rays,7,1
2024-05-01,2024-05-01T18:10Z,Final,4,Chicago White Sox,9,Minnesota Twins,5,10
2024-05-01,2024-05-01T19:07Z,Final,14,Toronto Blue Jays,7,Kansas City Royals,1,6
2024-05-01,2024-05-01T19:37Z,Final,11,Oakland Athletics,23,Pittsburgh Pirates,4,0
2024-05-01,2024-05-01T19:40Z,Final,12,Seattle Mariners,15,Atlanta Braves,2,5
2024-05-01,2024-05-01T20:07Z,Final,3,Los Angeles Angels,22,Philadelphia Phillies,1,2
2024-05-01,2024-05-01T20:10Z,Final,25,San Diego Padres,17,Cincinnati Reds,6,2
2024-05-01,2024-05-01T22:35Z,Final,1,Baltimore Orioles,10,New York Yankees,0,2
2024-05-01,2024-05-01T22:40Z,Final,28,Miami Marlins,27,Colorado Rockies,4,1
2024-05-01,2024-05-01T23:10Z,Final,21,New York Mets,16,Chicago Cubs,0,1
2024-05-01,2024-05-01T23:10Z,Final,2,Boston Red Sox,26,San Francisco Giants,6,2
2024-05-01,2024-05-02T00:05Z,Final,13,Texas Rangers,20,Washington Nationals,0,1
2024-05-01,2024-05-02T00:10Z,Final,18,Houston Astros,5,Cleveland Guardians,2,3
2024-05-01,2024-05-02T01:40Z,Final,29,Arizona Diamondbacks,19,Los Angeles Dodgers,0,8
2024-05-02,2024-05-02T16:10Z,Final,28,Miami Marlins,27,Colorado Rockies,5,4
2024-05-02,2024-05-02T17:05Z,Final,1,Baltimore Orioles,10,New York Yankees,7,2
2024-05-02,2024-05-02T17:10Z,Final,21,New York Mets,16,Chicago Cubs,7,6
2024-05-02,2024-05-02T17:35Z,Final,2,Boston Red Sox,26,San Francisco Giants,1,3
2024-05-02,2024-05-02T18:35Z,Final,13,Texas Rangers,20,Washington Nationals,6,0
2024-05-02,2024-05-03T00:10Z,Final,18,Houston Astros,5,Cleveland Guardians,8,2
2024-05-03,2024-05-03T18:20Z,Final,16,Chicago Cubs,8,Milwaukee Brewers,1,3
2024-05-03,2024-05-03T22:10Z,Final,17,Cincinnati Reds,1,Baltimore Orioles,0,3
2024-05-03,2024-05-03T22:40Z,Final,23,Pittsburgh Pirates,27,Colorado Rockies,2,3
2024-05-03,2024-05-03T22:40Z,Final,22,Philadelphia Phillies,26,San Francisco Giants,4,3
2024-05-03,2024-05-03T22:45Z,Final,20,Washington Nationals,14,Toronto Blue Jays,9,3
2024-05-03,2024-05-03T22:50Z,Final,30,Tampa Bay Rays,21,New York Mets,10,8
2024-05-03,2024-05-03T23:05Z,Final,10,New York Yankees,6,Detroit Tigers,2,1
2024-05-03,2024-05-03T23:10Z,Final,5,Cleveland Guardians,3,Los Angeles Angels,0,6
2024-05-03,2024-05-03T23:40Z,Final,7,Kansas City Royals,13,Texas Rangers,7,1
2024-05-03,2024-05-04T00:10Z,Final,9,Minnesota Twins,2,Boston Red Sox,5,2
2024-05-03,2024-05-04T00:10Z,Final,18,Houston Astros,12,Seattle Mariners,5,3
2024-05-03,2024-05-04T00:15Z,Final,24,St. Louis Cardinals,4,Chicago White Sox,3,0
2024-05-03,2024-05-04T01:40Z,Final,11,Oakland Athletics,28,Miami Marlins,3,1
2024-05-03,2024-05-04T01:40Z,Final,29,Arizona Diamondbacks,25,San Diego Padres,1,7
2024-05-03,2024-05-04T02:10Z,Final,19,Los Angeles Dodgers,15,Atlanta Braves,4,3
2024-05-04,2024-05-04T17:05Z,Final,10,New York Yankees,6,Detroit Tigers,5,3
2024-05-04,2024-05-04T18:10Z,Final,9,Minnesota Twins,2,Boston Red Sox,3,1
2024-05-04,2024-05-04T18:15Z,Final,24,St. Louis Cardinals,4,Chicago White Sox,5,6
2024-05-04,2024-05-04T18:20Z,Final,16,Chicago Cubs,8,Milwaukee Brewers,6,5
2024-05-04,2024-05-04T20:05Z,Final,23,Pittsburgh Pirates,27,Colorado Rockies,1,0
2024-05-04,2024-05-04T20:05Z,Final,20,Washington Nationals,14,Toronto Blue Jays,3,6
2024-05-04,2024-05-04T20:07Z,Final,11,Oakland Athletics,28,Miami Marlins,20,4
2024-05-04,2024-05-04T22:05Z,Final,22,Philadelphia Phillies,26,San Francisco Giants,14,3
2024-05-04,2024-05-04T22:10Z,Final,5,Cleveland Guardians,3,Los Angeles Angels,7,1
2024-05-04,2024-05-04T22:40Z,Final,17,Cincinnati Reds,1,Baltimore Orioles,1,2
2024-05-04,2024-05-04T23:10Z,Final,7,Kansas City Royals,13,Texas Rangers,4,15
2024-05-04,2024-05-04T23:15Z,Final,30,Tampa Bay Rays,21,New York Mets,3,1
2024-05-04,2024-05-04T23:15Z,Final,18,Houston Astros,12,Seattle Mariners,0,5
2024-05-04,2024-05-05T00:10Z,Final,29,Arizona Diamondbacks,25,San Diego Padres,1,13
2024-05-04,2024-05-05T01:10Z,Final,19,Los Angeles Dodgers,15,Atlanta Braves,11,2
2024-05-05,2024-05-05T17:35Z,Final,23,Pittsburgh Pirates,27,Colorado Rockies,5,3
2024-05-05,2024-05-05T17:35Z,Final,10,New York Yankees,6,Detroit Tigers,5,2
2024-05-05,2024-05-05T17:35Z,Final,20,Washington Nationals,14,Toronto Blue Jays,11,8
2024-05-05,2024-05-05T17:40Z,Final,5,Cleveland Guardians,3,Los Angeles Angels,4,1
2024-05-05,2024-05-05T17:40Z,Final,30,Tampa Bay Rays,21,New York Mets,7,6
2024-05-05,2024-05-05T18:10Z,Final,9,Minnesota Twins,2,Boston Red Sox,2,9
2024-05-05,2024-05-05T18:10Z,Final,18,Houston Astros,12,Seattle Mariners,4,5
2024-05-05,2024-05-05T18:10Z,Final,7,Kansas City Royals,13,Texas Rangers,2,3
2024-05-05,2024-05-05T18:15Z,Final,24,St. Louis Cardinals,4,Chicago White Sox,1,5
2024-05-05,2024-05-05T18:20Z,Final,16,Chicago Cubs,8,Milwaukee Brewers,5,0
2024-05-05,2024-05-05T20:07Z,Final,11,Oakland Athletics,28,Miami Marlins,3,12
2024-05-05,2024-05-05T20:10Z,Final,19,Los Angeles Dodgers,15,Atlanta Braves,5,1
2024-05-05,2024-05-05T20:10Z,Final,17,Cincinnati Reds,1,Baltimore Orioles,1,11
2024-05-05,2024-05-05T20:10Z,Final,29,Arizona Diamondbacks,25,San Diego Padres,11,4
2024-05-05,2024-05-05T23:00Z,Final,22,Philadelphia Phillies,26,San Francisco Giants,5,4
2024-05-06,2024-05-06T20:05Z,Final,22,Philadelphia Phillies,26,San Francisco Giants,6,1
2024-05-06,2024-05-06T22:10Z,Final,5,Cleveland Guardians,6,Detroit Tigers,2,1
2024-05-06,2024-05-06T22:40Z,Final,23,Pittsburgh Pirates,3,Los Angeles Angels,4,1
2024-05-06,2024-05-06T22:50Z,Final,30,Tampa Bay Rays,4,Chicago White Sox,8,2
2024-05-06,2024-05-06T23:10Z,Final,7,Kansas City Royals,8,Milwaukee Brewers,3,2
2024-05-06,2024-05-06T23:40Z,Final,16,Chicago Cubs,25,San Diego Padres,3,6
2024-05-06,2024-05-06T23:40Z,Final,9,Minnesota Twins,12,Seattle Mariners,3,1
2024-05-06,2024-05-06T23:45Z,Final,24,St. Louis Cardinals,21,New York Mets,3,4
2024-05-06,2024-05-07T01:40Z,Final,11,Oakland Athletics,13,Texas Rangers,2,4
2024-05-06,2024-05-07T02:10Z,Final,19,Los Angeles Dodgers,28,Miami Marlins,6,3
2024-05-07,2024-05-07T19:37Z,Final,11,Oakland Athletics,13,Texas Rangers,8,15
2024-05-07,2024-05-07T22:10Z,Final,5,Cleveland Guardians,6,Detroit Tigers,7,11
2024-05-07,2024-05-07T22:40Z,Final,17,Cincinnati Reds,29,Arizona Diamondbacks,2,6
2024-05-07,2024-05-07T22:40Z,Final,22,Philadelphia Phillies,14,Toronto Blue Jays,10,1
2024-05-07,2024-05-07T22:45Z,Final,20,Washington Nationals,1,Baltimore Orioles,3,0
2024-05-07,2024-05-07T22:50Z,Final,30,Tampa Bay Rays,4,Chicago White Sox,5,1
2024-05-07,2024-05-07T23:00Z,Final,23,Pittsburgh Pirates,3,Los Angeles Angels,0,9
2024-05-07,2024-05-07T23:05Z,Final,10,New York Yankees,18,Houston Astros,10,3
2024-05-07,2024-05-07T23:20Z,Final,15,Atlanta Braves,2,Boston Red Sox,4,2
2024-05-07,2024-05-07T23:40Z,Final,7,Kansas City Royals,8,Milwaukee Brewers,5,6
2024-05-07,2024-05-07T23:40Z,Final,16,Chicago Cubs,25,San Diego Padres,3,2
2024-05-07,2024-05-07T23:40Z,Final,9,Minnesota Twins,12,Seattle Mariners,6,10
2024-05-07,2024-05-07T23:45Z,Final,24,St. Louis Cardinals,21,New York Mets,5,7
2024-05-07,2024-05-08T00:40Z,Final,27,Colorado Rockies,26,San Francisco Giants,0,5
2024-05-07,2024-05-08T02:10Z,Final,19,Los Angeles Dodgers,28,Miami Marlins,8,2
2024-05-08,2024-05-08T16:35Z,Final,23,Pittsburgh Pirates,3,Los Angeles Angels,4,5
2024-05-08,2024-05-08T17:05Z,Final,22,Philadelphia Phillies,14,Toronto Blue Jays,3,5
2024-05-08,2024-05-08T17:10Z,Final,5,Cleveland Guardians,6,Detroit Tigers,5,4
2024-05-08,2024-05-08T18:10Z,Final,7,Kansas City Royals,8,Milwaukee Brewers,6,4
2024-05-08,2024-05-08T18:20Z,Final,16,Chicago Cubs,25,San Diego Padres,0,3
2024-05-08,2024-05-08T19:10Z,Final,19,Los Angeles Dodgers,28,Miami Marlins,3,1
2024-05-08,2024-05-08T19:37Z,Final,11,Oakland Athletics,13,Texas Rangers,9,4
2024-05-08,2024-05-08T22:37Z,Final,11,Oakland Athletics,13,Texas Rangers,11,12
2024-05-08,2024-05-08T22:40Z,Final,17,Cincinnati Reds,29,Arizona Diamondbacks,3,4
2024-05-08,2024-05-08T22:45Z,Final,20,Washington Nationals,1,Baltimore Orioles,6,7
2024-05-08,2024-05-08T22:50Z,Final,30,Tampa Bay Rays,4,Chicago White Sox,1,4
2024-05-08,2024-05-08T23:05Z,Final,10,New York Yankees,18,Houston Astros,9,4
2024-05-08,2024-05-08T23:20Z,Final,15,Atlanta Braves,2,Boston Red Sox,5,0
2024-05-08,2024-05-08T23:40Z,Final,9,Minnesota Twins,12,Seattle Mariners,6,3
2024-05-08,2024-05-09T00:40Z,Final,27,Colorado Rockies,26,San Francisco Giants,6,8
2024-05-09,2024-05-09T17:10Z,Final,17,Cincinnati Reds,29,Arizona Diamondbacks,4,5
2024-05-09,2024-05-09T17:10Z,Final,9,Minnesota Twins,12,Seattle Mariners,11,1
2024-05-09,2024-05-09T19:10Z,Final,27,Colorado Rockies,26,San Francisco Giants,9,1
2024-05-09,2024-05-09T21:05Z,Final,10,New York Yankees,18,Houston Astros,3,4
2024-05-09,2024-05-09T23:40Z,Final,4,Chicago White Sox,5,Cleveland Guardians,3,2
2024-05-09,2024-05-09T23:40Z,Final,8,Milwaukee Brewers,24,St. Louis Cardinals,7,1
2024-05-09,2024-05-10T01:38Z,Final,3,Los Angeles Angels,7,Kansas City Royals,4,10
2024-05-10,2024-05-10T22:40Z,Final,23,Pittsburgh Pirates,16,Chicago Cubs,2,7
2024-05-10,2024-05-10T22:40Z,Final,6,Detroit Tigers,18,Houston Astros,2,5
2024-05-10,2024-05-10T22:50Z,Final,30,Tampa Bay Rays,10,New York Yankees,0,2
2024-05-10,2024-05-10T23:05Z,Final,1,Baltimore Orioles,29,Arizona Diamondbacks,4,2
2024-05-10,2024-05-10T23:07Z,Final,14,Toronto Blue Jays,9,Minnesota Twins,2,3
2024-05-10,2024-05-10T23:10Z,Final,21,New York Mets,15,Atlanta Braves,2,4
2024-05-10,2024-05-10T23:10Z,Final,28,Miami Marlins,22,Philadelphia Phillies,2,8
2024-05-10,2024-05-10T23:10Z,Final,2,Boston Red Sox,20,Washington Nationals,1,5
2024-05-10,2024-05-10T23:40Z,Final,4,Chicago White Sox,5,Cleveland Guardians,6,3
2024-05-10,2024-05-11T00:10Z,Final,8,Milwaukee Brewers,24,St. Louis Cardinals,11,2
2024-05-10,2024-05-11T00:40Z,Final,27,Colorado Rockies,13,Texas Rangers,4,2
2024-05-10,2024-05-11T01:38Z,Final,3,Los Angeles Angels,7,Kansas City Royals,1,2
2024-05-10,2024-05-11T01:40Z,Final,25,San Diego Padres,19,Los Angeles Dodgers,2,1
2024-05-10,2024-05-11T01:40Z,Final,12,Seattle Mariners,11,Oakland Athletics,8,1
2024-05-10,2024-05-11T02:15Z,Final,26,San Francisco Giants,17,Cincinnati Reds,2,4
2024-05-11,2024-05-11T19:07Z,Final,14,Toronto Blue Jays,9,Minnesota Twins,10,8
2024-05-11,2024-05-11T20:05Z,Final,1,Baltimore Orioles,29,Arizona Diamondbacks,5,4
2024-05-11,2024-05-11T20:05Z,Final,23,Pittsburgh Pirates,16,Chicago Cubs,10,9
2024-05-11,2024-05-11T20:10Z,Final,21,New York Mets,15,Atlanta Braves,1,4
2024-05-11,2024-05-11T20:10Z,Final,30,Tampa Bay Rays,10,New York Yankees,7,2
2024-05-11,2024-05-11T20:10Z,Final,28,Miami Marlins,22,Philadelphia Phillies,3,8
2024-05-11,2024-05-11T20:10Z,Final,2,Boston Red Sox,20,Washington Nationals,4,2
2024-05-11,2024-05-11T22:10Z,Final,6,Detroit Tigers,18,Houston Astros,8,2
2024-05-11,2024-05-11T23:10Z,Final,4,Chicago White Sox,5,Cleveland Guardians,3,1
2024-05-11,2024-05-11T23:15Z,Final,26,San Francisco Giants,17,Cincinnati Reds,5,1
2024-05-11,2024-05-11T23:15Z,Final,8,Milwaukee Brewers,24,St. Louis Cardinals,5,3
2024-05-11,2024-05-12T00:10Z,Final,27,Colorado Rockies,13,Texas Rangers,8,3
2024-05-11,2024-05-12T00:40Z,Final,25,San Diego Padres,19,Los Angeles Dodgers,0,5
2024-05-11,2024-05-12T01:38Z,Final,3,Los Angeles Angels,7,Kansas City Royals,9,3
2024-05-11,2024-05-12T01:40Z,Final,12,Seattle Mariners,11,Oakland Athletics,1,8
2024-05-12,2024-05-12T17:35Z,Final,1,Baltimore Orioles,29,Arizona Diamondbacks,2,9
2024-05-12,2024-05-12T17:35Z,Final,23,Pittsburgh Pirates,16,Chicago Cubs,4,5
2024-05-12,2024-05-12T17:35Z,Final,2,Boston Red Sox,20,Washington Nationals,3,2
2024-05-12,2024-05-12T17:37Z,Final,14,Toronto Blue Jays,9,Minnesota Twins,1,5
2024-05-12,2024-05-12T17:40Z,Final,6,Detroit Tigers,18,Houston Astros,3,9
2024-05-12,2024-05-12T17:40Z,Final,30,Tampa Bay Rays,10,New York Yankees,6,10
2024-05-12,2024-05-12T17:40Z,Final,28,Miami Marlins,22,Philadelphia Phillies,7,6
2024-05-12,2024-05-12T18:10Z,Final,4,Chicago White Sox,5,Cleveland Guardians,0,7
2024-05-12,2024-05-12T18:10Z,Final,8,Milwaukee Brewers,24,St. Louis Cardinals,3,4
2024-05-12,2024-05-12T19:10Z,Final,27,Colorado Rockies,13,Texas Rangers,3,1
2024-05-12,2024-05-12T20:05Z,Final,26,San Francisco Giants,17,Cincinnati Reds,6,5
2024-05-12,2024-05-12T20:07Z,Final,3,Los Angeles Angels,7,Kansas City Royals,2,4
2024-05-12,2024-05-12T20:10Z,Final,25,San Diego Padres,19,Los Angeles Dodgers,4,0
2024-05-12,2024-05-12T20:10Z,Final,12,Seattle Mariners,11,Oakland Athletics,8,4
2024-05-12,2024-05-12T23:00Z,Final,21,New York Mets,15,Atlanta Braves,4,3
2024-05-13,2024-05-13T22:35Z,Final,1,Baltimore Orioles,14,Toronto Blue Jays,2,3
2024-05-13,2024-05-13T22:40Z,Final,6,Detroit Tigers,28,Miami Marlins,6,5
2024-05-13,2024-05-13T23:10Z,Final,21,New York Mets,22,Philadelphia Phillies,4,5
2024-05-13,2024-05-13T23:10Z,Final,2,Boston Red Sox,30,Tampa Bay Rays,3,5
2024-05-13,2024-05-13T23:20Z,Final,15,Atlanta Braves,16,Chicago Cubs,2,0
2024-05-13,2024-05-13T23:40Z,Final,8,Milwaukee Brewers,23,Pittsburgh Pirates,6,8
2024-05-13,2024-05-14T00:05Z,Final,13,Texas Rangers,5,Cleveland Guardians,0,7
2024-05-13,2024-05-14T00:10Z,Final,18,Houston Astros,11,Oakland Athletics,9,2
2024-05-13,2024-05-14T01:38Z,Final,3,Los Angeles Angels,24,St. Louis Cardinals,5,10
2024-05-13,2024-05-14T01:40Z,Final,29,Arizona Diamondbacks,17,Cincinnati Reds,6,5
2024-05-13,2024-05-14T01:40Z,Final,25,San Diego Padres,27,Colorado Rockies,4,5
2024-05-13,2024-05-14T01:40Z,Final,12,Seattle Mariners,7,Kansas City Royals,6,2
2024-05-13,2024-05-14T01:45Z,Final,26,San Francisco Giants,19,Los Angeles Dodgers,4,6
2024-05-14,2024-05-14T17:10Z,Final,21,New York Mets,22,Philadelphia Phillies,0,4
2024-05-14,2024-05-14T20:40Z,Final,4,Chicago White Sox,20,Washington Nationals,3,6
2024-05-14,2024-05-14T22:40Z,Final,6,Detroit Tigers,28,Miami Marlins,0,1
2024-05-14,2024-05-14T23:10Z,Final,2,Boston Red Sox,30,Tampa Bay Rays,5,4
2024-05-14,2024-05-14T23:20Z,Final,15,Atlanta Braves,16,Chicago Cubs,7,0
2024-05-14,2024-05-14T23:40Z,Final,9,Minnesota Twins,10,New York Yankees,1,5
2024-05-14,2024-05-14T23:40Z,Final,8,Milwaukee Brewers,23,Pittsburgh Pirates,4,3
2024-05-14,2024-05-15T00:05Z,Final,13,Texas Rangers,5,Cleveland Guardians,4,7
2024-05-14,2024-05-15T00:05Z,Final,4,Chicago White Sox,20,Washington Nationals,4,0
2024-05-14,2024-05-15T00:10Z,Final,18,Houston Astros,11,Oakland Athletics,2,1
2024-05-14,2024-05-15T01:38Z,Final,3,Los Angeles Angels,24,St. Louis Cardinals,6,7
2024-05-14,2024-05-15T01:40Z,Final,29,Arizona Diamondbacks,17,Cincinnati Reds,2,6
2024-05-14,2024-05-15T01:40Z,Final,25,San Diego Padres,27,Colorado Rockies,3,6
2024-05-14,2024-05-15T01:40Z,Final,12,Seattle Mariners,7,Kansas City Royals,2,4
2024-05-14,2024-05-15T01:45Z,Final,26,San Francisco Giants,19,Los Angeles Dodgers,2,10
2024-05-15,2024-05-15T16:35Z,Final,1,Baltimore Orioles,14,Toronto Blue Jays,3,2
2024-05-15,2024-05-15T17:10Z,Final,6,Detroit Tigers,28,Miami Marlins,0,2
2024-05-15,2024-05-15T17:10Z,Final,8,Milwaukee Brewers,23,Pittsburgh Pirates,10,2
2024-05-15,2024-05-15T18:10Z,Final,4,Chicago White Sox,20,Washington Nationals,2,0
2024-05-15,2024-05-15T19:40Z,Final,29,Arizona Diamondbacks,17,Cincinnati Reds,2,1
2024-05-15,2024-05-15T20:10Z,Final,25,San Diego Padres,27,Colorado Rockies,0,8
2024-05-15,2024-05-15T20:10Z,Final,12,Seattle Mariners,7,Kansas City Royals,4,2
2024-05-15,2024-05-15T22:40Z,Final,22,Philadelphia Phillies,21,New York Mets,10,5
2024-05-15,2024-05-15T23:10Z,Final,2,Boston Red Sox,30,Tampa Bay Rays,3,4
2024-05-15,2024-05-15T23:20Z,Final,15,Atlanta Braves,16,Chicago Cubs,1,7
2024-05-15,2024-05-15T23:40Z,Final,9,Minnesota Twins,10,New York Yankees,0,4
2024-05-15,2024-05-16T00:05Z,Final,13,Texas Rangers,5,Cleveland Guardians,4,0
2024-05-15,2024-05-16T00:10Z,Final,18,Houston Astros,11,Oakland Athletics,3,0
2024-05-15,2024-05-16T01:07Z,Final,3,Los Angeles Angels,24,St. Louis Cardinals,7,2
2024-05-15,2024-05-16T01:45Z,Final,26,San Francisco Giants,19,Los Angeles Dodgers,4,1
2024-05-16,2024-05-16T17:10Z,Final,9,Minnesota Twins,10,New York Yankees,0,5
2024-05-16,2024-05-16T22:40Z,Final,22,Philadelphia Phillies,21,New York Mets,5,6
2024-05-16,2024-05-16T23:10Z,Final,2,Boston Red Sox,30,Tampa Bay Rays,5,7
2024-05-16,2024-05-16T23:40Z,Final,16,Chicago Cubs,23,Pittsburgh Pirates,4,5
2024-05-16,2024-05-17T00:10Z,Final,18,Houston Astros,11,Oakland Athletics,8,1
2024-05-16,2024-05-17T02:10Z,Final,19,Los Angeles Dodgers,17,Cincinnati Reds,2,7
2024-05-17,2024-05-17T18:20Z,Final,16,Chicago Cubs,23,Pittsburgh Pirates,3,9
2024-05-17,2024-05-17T22:40Z,Final,22,Philadelphia Phillies,20,Washington Nationals,4,2
2024-05-17,2024-05-17T23:05Z,Final,10,New York Yankees,4,Chicago White Sox,4,2
2024-05-17,2024-05-17T23:05Z,Final,1,Baltimore Orioles,12,Seattle Mariners,9,2
2024-05-17,2024-05-17T23:07Z,Final,14,Toronto Blue Jays,30,Tampa Bay Rays,3,4
2024-05-17,2024-05-17T23:10Z,Final,5,Cleveland Guardians,9,Minnesota Twins,3,2
2024-05-17,2024-05-17T23:10Z,Final,28,Miami Marlins,21,New York Mets,8,0
2024-05-17,2024-05-17T23:20Z,Final,15,Atlanta Braves,25,San Diego Padres,1,3
2024-05-17,2024-05-17T23:40Z,Final,7,Kansas City Royals,11,Oakland Athletics,6,2
2024-05-17,2024-05-18T00:05Z,Final,13,Texas Rangers,3,Los Angeles Angels,3,9
2024-05-17,2024-05-18T00:10Z,Final,18,Houston Astros,8,Milwaukee Brewers,5,4
2024-05-17,2024-05-18T00:15Z,Final,24,St. Louis Cardinals,2,Boston Red Sox,10,6
2024-05-17,2024-05-18T01:40Z,Final,29,Arizona Diamondbacks,6,Detroit Tigers,0,13
2024-05-17,2024-05-18T02:10Z,Final,19,Los Angeles Dodgers,17,Cincinnati Reds,7,3
2024-05-17,2024-05-18T02:15Z,Final,26,San Francisco Giants,27,Colorado Rockies,10,5
2024-05-18,2024-05-18T17:05Z,Final,10,New York Yankees,4,Chicago White Sox,6,1
2024-05-18,2024-05-18T18:20Z,Final,16,Chicago Cubs,23,Pittsburgh Pirates,1,0
2024-05-18,2024-05-18T19:07Z,Final,14,Toronto Blue Jays,30,Tampa Bay Rays,4,5
2024-05-18,2024-05-18T20:05Z,Final,26,San Francisco Giants,27,Colorado Rockies,14,4
2024-05-18,2024-05-18T20:05Z,Final,1,Baltimore Orioles,12,Seattle Mariners,3,4
2024-05-18,2024-05-18T20:10Z,Final,28,Miami Marlins,21,New York Mets,10,9
2024-05-18,2024-05-18T22:05Z,Final,22,Philadelphia Phillies,20,Washington Nationals,4,3
2024-05-18,2024-05-18T22:10Z,Final,5,Cleveland Guardians,9,Minnesota Twins,11,4
2024-05-18,2024-05-18T23:10Z,Final,18,Houston Astros,8,Milwaukee Brewers,2,4
2024-05-18,2024-05-18T23:10Z,Final,7,Kansas City Royals,11,Oakland Athletics,5,3
2024-05-18,2024-05-18T23:15Z,Final,13,Texas Rangers,3,Los Angeles Angels,3,2
2024-05-18,2024-05-18T23:15Z,Final,24,St. Louis Cardinals,2,Boston Red Sox,7,2
2024-05-18,2024-05-19T00:10Z,Final,29,Arizona Diamondbacks,6,Detroit Tigers,3,8
2024-05-18,2024-05-19T01:10Z,Final,19,Los Angeles Dodgers,17,Cincinnati Reds,4,0
2024-05-19,2024-05-19T17:05Z,Final,24,St. Louis Cardinals,2,Boston Red Sox,3,11
2024-05-19,2024-05-19T17:35Z,Final,10,New York Yankees,4,Chicago White Sox,7,2
2024-05-19,2024-05-19T17:35Z,Final,1,Baltimore Orioles,12,Seattle Mariners,6,3
2024-05-19,2024-05-19T17:35Z,Final,22,Philadelphia Phillies,20,Washington Nationals,11,5
2024-05-19,2024-05-19T17:37Z,Final,14,Toronto Blue Jays,30,Tampa Bay Rays,5,2
2024-05-19,2024-05-19T17:40Z,Final,5,Cleveland Guardians,9,Minnesota Twins,5,2
2024-05-19,2024-05-19T17:40Z,Final,28,Miami Marlins,21,New York Mets,3,7
2024-05-19,2024-05-19T18:10Z,Final,18,Houston Astros,8,Milwaukee Brewers,9,4
2024-05-19,2024-05-19T18:10Z,Final,7,Kansas City Royals,11,Oakland Athletics,8,4
2024-05-19,2024-05-19T18:20Z,Final,16,Chicago Cubs,23,Pittsburgh Pirates,2,3
2024-05-19,2024-05-19T18:35Z,Final,13,Texas Rangers,3,Los Angeles Angels,1,4
2024-05-19,2024-05-19T20:05Z,Final,26,San Francisco Giants,27,Colorado Rockies,4,1
2024-05-19,2024-05-19T20:10Z,Final,19,Los Angeles Dodgers,17,Cincinnati Reds,3,2
2024-05-19,2024-05-19T20:10Z,Final,29,Arizona Diamondbacks,6,Detroit Tigers,6,4
2024-05-19,2024-05-19T23:00Z,Final,15,Atlanta Braves,25,San Diego Padres,1,9
2024-05-20,2024-05-20T16:20Z,Final,15,Atlanta Braves,25,San Diego Padres,5,6
2024-05-20,2024-05-20T19:07Z,Final,14,Toronto Blue Jays,4,Chicago White Sox,9,3
2024-05-20,2024-05-20T22:10Z,Final,5,Cleveland Guardians,21,New York Mets,3,1
2024-05-20,2024-05-20T22:20Z,Final,15,Atlanta Braves,25,San Diego Padres,3,0
2024-05-20,2024-05-20T22:40Z,Final,28,Miami Marlins,8,Milwaukee Brewers,3,2
2024-05-20,2024-05-20T22:45Z,Final,20,Washington Nationals,9,Minnesota Twins,12,3
2024-05-20,2024-05-20T22:50Z,Final,30,Tampa Bay Rays,2,Boston Red Sox,0,5
2024-05-20,2024-05-20T23:05Z,Final,10,New York Yankees,12,Seattle Mariners,4,5
2024-05-20,2024-05-20T23:40Z,Final,7,Kansas City Royals,6,Detroit Tigers,8,3
2024-05-20,2024-05-20T23:45Z,Final,24,St. Louis Cardinals,1,Baltimore Orioles,6,3
2024-05-20,2024-05-21T00:10Z,Final,18,Houston Astros,3,Los Angeles Angels,7,9
2024-05-20,2024-05-21T02:10Z,Final,19,Los Angeles Dodgers,29,Arizona Diamondbacks,6,4
2024-05-21,2024-05-21T22:10Z,Final,5,Cleveland Guardians,21,New York Mets,7,6
2024-05-21,2024-05-21T22:40Z,Final,28,Miami Marlins,8,Milwaukee Brewers,5,7
2024-05-21,2024-05-21T22:40Z,Final,17,Cincinnati Reds,25,San Diego Padres,2,0
2024-05-21,2024-05-21T22:40Z,Final,23,Pittsburgh Pirates,26,San Francisco Giants,7,6
2024-05-21,2024-05-21T22:40Z,Final,22,Philadelphia Phillies,13,Texas Rangers,5,2
2024-05-21,2024-05-21T22:45Z,Final,20,Washington Nationals,9,Minnesota Twins,0,10
2024-05-21,2024-05-21T22:50Z,Final,30,Tampa Bay Rays,2,Boston Red Sox,2,5
2024-05-21,2024-05-21T23:05Z,Final,10,New York Yankees,12,Seattle Mariners,3,6
2024-05-21,2024-05-21T23:07Z,Final,14,Toronto Blue Jays,4,Chicago White Sox,0,5
2024-05-21,2024-05-21T23:40Z,Final,16,Chicago Cubs,15,Atlanta Braves,4,3
2024-05-21,2024-05-21T23:40Z,Final,7,Kansas City Royals,6,Detroit Tigers,10,3
2024-05-21,2024-05-21T23:45Z,Final,24,St. Louis Cardinals,1,Baltimore Orioles,3,1
2024-05-21,2024-05-22T00:10Z,Final,18,Houston Astros,3,Los Angeles Angels,6,5
2024-05-21,2024-05-22T01:40Z,Final,11,Oakland Athletics,27,Colorado Rockies,5,4
2024-05-21,2024-05-22T02:10Z,Final,19,Los Angeles Dodgers,29,Arizona Diamondbacks,3,7
2024-05-22,2024-05-22T17:05Z,Final,20,Washington Nationals,9,Minnesota Twins,2,3
2024-05-22,2024-05-22T17:10Z,Final,5,Cleveland Guardians,21,New York Mets,6,3
2024-05-22,2024-05-22T17:45Z,Final,24,St. Louis Cardinals,1,Baltimore Orioles,5,4
2024-05-22,2024-05-22T18:10Z,Final,18,Houston Astros,3,Los Angeles Angels,1,2
2024-05-22,2024-05-22T18:10Z,Final,7,Kansas City Royals,6,Detroit Tigers,8,3
2024-05-22,2024-05-22T22:40Z,Final,28,Miami Marlins,8,Milwaukee Brewers,1,0
2024-05-22,2024-05-22T22:40Z,Final,17,Cincinnati Reds,25,San Diego Padres,3,7
2024-05-22,2024-05-22T22:40Z,Final,23,Pittsburgh Pirates,26,San Francisco Giants,5,9
2024-05-22,2024-05-22T22:40Z,Final,22,Philadelphia Phillies,13,Texas Rangers,11,4
2024-05-22,2024-05-22T22:50Z,Final,30,Tampa Bay Rays,2,Boston Red Sox,5,8
2024-05-22,2024-05-22T23:05Z,Final,10,New York Yankees,12,Seattle Mariners,7,3
2024-05-22,2024-05-22T23:07Z,Final,14,Toronto Blue Jays,4,Chicago White Sox,9,2
2024-05-22,2024-05-22T23:40Z,Final,16,Chicago Cubs,15,Atlanta Braves,2,9
2024-05-22,2024-05-23T01:40Z,Final,11,Oakland Athletics,27,Colorado Rockies,3,4
2024-05-22,2024-05-23T02:10Z,Final,19,Los Angeles Dodgers,29,Arizona Diamondbacks,0,6
2024-05-23,2024-05-23T16:35Z,Final,10,New York Yankees,12,Seattle Mariners,5,0
2024-05-23,2024-05-23T16:35Z,Final,23,Pittsburgh Pirates,26,San Francisco Giants,6,7
2024-05-23,2024-05-23T17:05Z,Final,22,Philadelphia Phillies,13,Texas Rangers,5,2
2024-05-23,2024-05-23T17:10Z,Final,17,Cincinnati Reds,25,San Diego Padres,4,6
2024-05-23,2024-05-23T18:20Z,Final,16,Chicago Cubs,15,Atlanta Braves,0,3
2024-05-23,2024-05-23T19:37Z,Final,11,Oakland Athletics,27,Colorado Rockies,10,9
2024-05-23,2024-05-23T22:40Z,Final,6,Detroit Tigers,14,Toronto Blue Jays,1,9
2024-05-23,2024-05-23T23:40Z,Final,4,Chicago White Sox,1,Baltimore Orioles,6,8
2024-05-24,2024-05-24T22:40Z,Final,23,Pittsburgh Pirates,15,Atlanta Braves,11,5
2024-05-24,2024-05-24T22:40Z,Final,6,Detroit Tigers,14,Toronto Blue Jays,6,2
2024-05-24,2024-05-24T22:45Z,Final,20,Washington Nationals,12,Seattle Mariners,6,1
2024-05-24,2024-05-24T22:50Z,Final,30,Tampa Bay Rays,7,Kansas City Royals,1,8
2024-05-24,2024-05-24T23:10Z,Final,17,Cincinnati Reds,19,Los Angeles Dodgers,9,6
2024-05-24,2024-05-24T23:10Z,Final,2,Boston Red Sox,8,Milwaukee Brewers,2,7
2024-05-24,2024-05-24T23:10Z,Final,21,New York Mets,26,San Francisco Giants,7,8
2024-05-24,2024-05-24T23:10Z,Final,9,Minnesota Twins,13,Texas Rangers,3,2
2024-05-24,2024-05-24T23:40Z,Final,4,Chicago White Sox,1,Baltimore Orioles,4,6
2024-05-24,2024-05-25T00:40Z,Final,27,Colorado Rockies,22,Philadelphia Phillies,3,2
2024-05-24,2024-05-25T01:38Z,Final,3,Los Angeles Angels,5,Cleveland Guardians,4,10
2024-05-24,2024-05-25T01:40Z,Final,11,Oakland Athletics,18,Houston Astros,3,6
2024-05-24,2024-05-25T01:40Z,Final,29,Arizona Diamondbacks,28,Miami Marlins,0,3
2024-05-24,2024-05-25T01:40Z,Final,25,San Diego Padres,10,New York Yankees,0,8
2024-05-25,2024-05-25T17:10Z,Final,6,Detroit Tigers,14,Toronto Blue Jays,2,1
2024-05-25,2024-05-25T17:40Z,Final,21,New York Mets,26,San Francisco Giants,2,7
2024-05-25,2024-05-25T18:10Z,Final,4,Chicago White Sox,1,Baltimore Orioles,3,5
2024-05-25,2024-05-25T18:10Z,Final,9,Minnesota Twins,13,Texas Rangers,5,3
2024-05-25,2024-05-25T20:05Z,Final,23,Pittsburgh Pirates,15,Atlanta Braves,4,1
2024-05-25,2024-05-25T20:05Z,Final,20,Washington Nationals,12,Seattle Mariners,3,1
2024-05-25,2024-05-25T20:07Z,Final,11,Oakland Athletics,18,Houston Astros,3,1
2024-05-25,2024-05-25T20:10Z,Final,30,Tampa Bay Rays,7,Kansas City Royals,4,7
2024-05-25,2024-05-25T20:10Z,Final,2,Boston Red Sox,8,Milwaukee Brewers,3,6
2024-05-25,2024-05-25T23:15Z,Final,24,St. Louis Cardinals,16,Chicago Cubs,7,6
2024-05-25,2024-05-25T23:15Z,Final,17,Cincinnati Reds,19,Los Angeles Dodgers,3,1
2024-05-25,2024-05-26T01:10Z,Final,27,Colorado Rockies,22,Philadelphia Phillies,4,8
2024-05-25,2024-05-26T01:38Z,Final,3,Los Angeles Angels,5,Cleveland Guardians,3,4
2024-05-25,2024-05-26T01:40Z,Final,25,San Diego Padres,10,New York Yankees,1,4
2024-05-25,2024-05-26T02:10Z,Final,29,Arizona Diamondbacks,28,Miami Marlins,3,2
2024-05-26,2024-05-26T15:35Z,Final,6,Detroit Tigers,14,Toronto Blue Jays,14,11
2024-05-26,2024-05-26T16:10Z,Final,17,Cincinnati Reds,19,Los Angeles Dodgers,4,1
2024-05-26,2024-05-26T17:35Z,Final,23,Pittsburgh Pirates,15,Atlanta Braves,1,8
2024-05-26,2024-05-26T17:35Z,Final,2,Boston Red Sox,8,Milwaukee Brewers,2,1
2024-05-26,2024-05-26T17:35Z,Final,20,Washington Nationals,12,Seattle Mariners,5,9
2024-05-26,2024-05-26T17:40Z,Final,30,Tampa Bay Rays,7,Kansas City Royals,4,1
2024-05-26,2024-05-26T17:40Z,Final,21,New York Mets,26,San Francisco Giants,4,3
2024-05-26,2024-05-26T18:10Z,Final,4,Chicago White Sox,1,Baltimore Orioles,1,4
2024-05-26,2024-05-26T18:10Z,Final,9,Minnesota Twins,13,Texas Rangers,2,6
2024-05-26,2024-05-26T19:10Z,Final,27,Colorado Rockies,22,Philadelphia Phillies,5,2
2024-05-26,2024-05-26T20:07Z,Final,3,Los Angeles Angels,5,Cleveland Guardians,4,5
2024-05-26,2024-05-26T20:07Z,Final,11,Oakland Athletics,18,Houston Astros,2,5
2024-05-26,2024-05-26T20:10Z,Final,29,Arizona Diamondbacks,28,Miami Marlins,1,3
2024-05-26,2024-05-26T20:10Z,Final,25,San Diego Padres,10,New York Yankees,5,2
2024-05-26,2024-05-26T23:00Z,Final,24,St. Louis Cardinals,16,Chicago Cubs,4,3
2024-05-27,2024-05-27T17:05Z,Final,1,Baltimore Orioles,2,Boston Red Sox,11,3
2024-05-27,2024-05-27T18:10Z,Final,9,Minnesota Twins,7,Kansas City Royals,6,5
2024-05-27,2024-05-27T18:10Z,Final,4,Chicago White Sox,14,Toronto Blue Jays,1,5
2024-05-27,2024-05-27T20:10Z,Final,8,Milwaukee Brewers,16,Chicago Cubs,5,1
2024-05-27,2024-05-27T20:10Z,Final,27,Colorado Rockies,5,Cleveland Guardians,8,6
2024-05-27,2024-05-27T20:10Z,Final,17,Cincinnati Reds,24,St. Louis Cardinals,3,1
2024-05-27,2024-05-27T20:10Z,Final,15,Atlanta Braves,20,Washington Nationals,4,8
2024-05-27,2024-05-27T21:05Z,Final,26,San Francisco Giants,22,Philadelphia Phillies,8,4
2024-05-27,2024-05-27T22:40Z,Final,25,San Diego Padres,28,Miami Marlins,2,1
2024-05-27,2024-05-28T01:40Z,Final,12,Seattle Mariners,18,Houston Astros,3,2
2024-05-28,2024-05-28T20:10Z,Final,21,New York Mets,19,Los Angeles Dodgers,2,5
2024-05-28,2024-05-28T22:35Z,Final,1,Baltimore Orioles,2,Boston Red Sox,3,8
2024-05-28,2024-05-28T22:40Z,Final,17,Cincinnati Reds,24,St. Louis Cardinals,1,7
2024-05-28,2024-05-28T22:50Z,Final,30,Tampa Bay Rays,11,Oakland Athletics,0,3
2024-05-28,2024-05-28T23:20Z,Final,15,Atlanta Braves,20,Washington Nationals,2,0
2024-05-28,2024-05-28T23:40Z,Final,8,Milwaukee Brewers,16,Chicago Cubs,3,6
2024-05-28,2024-05-28T23:40Z,Final,9,Minnesota Twins,7,Kansas City Royals,4,2
2024-05-28,2024-05-28T23:40Z,Final,21,New York Mets,19,Los Angeles Dodgers,0,3
2024-05-28,2024-05-28T23:40Z,Final,4,Chicago White Sox,14,Toronto Blue Jays,2,7
2024-05-28,2024-05-29T00:05Z,Final,13,Texas Rangers,29,Arizona Diamondbacks,4,2
2024-05-28,2024-05-29T00:40Z,Final,27,Colorado Rockies,5,Cleveland Guardians,7,13
2024-05-28,2024-05-29T01:38Z,Final,3,Los Angeles Angels,10,New York Yankees,4,3
2024-05-28,2024-05-29T01:40Z,Final,12,Seattle Mariners,18,Houston Astros,4,2
2024-05-28,2024-05-29T01:40Z,Final,25,San Diego Padres,28,Miami Marlins,4,0
2024-05-28,2024-05-29T01:45Z,Final,26,San Francisco Giants,22,Philadelphia Phillies,1,0
2024-05-29,2024-05-29T16:40Z,Final,6,Detroit Tigers,23,Pittsburgh Pirates,8,0
2024-05-29,2024-05-29T17:10Z,Final,17,Cincinnati Reds,24,St. Louis Cardinals,3,5
2024-05-29,2024-05-29T18:35Z,Final,13,Texas Rangers,29,Arizona Diamondbacks,6,1
2024-05-29,2024-05-29T19:40Z,Final,6,Detroit Tigers,23,Pittsburgh Pirates,2,10
2024-05-29,2024-05-29T19:45Z,Final,26,San Francisco Giants,22,Philadelphia Phillies,1,6
2024-05-29,2024-05-29T20:10Z,Final,21,New York Mets,19,Los Angeles Dodgers,3,10
2024-05-29,2024-05-29T20:10Z,Final,25,San Diego Padres,28,Miami Marlins,1,9
2024-05-29,2024-05-29T22:35Z,Final,1,Baltimore Orioles,2,Boston Red Sox,6,1
2024-05-29,2024-05-29T22:50Z,Final,30,Tampa Bay Rays,11,Oakland Athletics,4,3
2024-05-29,2024-05-29T23:20Z,Final,15,Atlanta Braves,20,Washington Nationals,2,7
2024-05-29,2024-05-29T23:40Z,Final,8,Milwaukee Brewers,16,Chicago Cubs,10,6
2024-05-29,2024-05-29T23:40Z,Final,9,Minnesota Twins,7,Kansas City Royals,1,6
2024-05-29,2024-05-29T23:40Z,Final,4,Chicago White Sox,14,Toronto Blue Jays,1,3
2024-05-29,2024-05-30T00:40Z,Final,27,Colorado Rockies,5,Cleveland Guardians,7,4
2024-05-29,2024-05-30T01:38Z,Final,3,Los Angeles Angels,10,New York Yankees,1,2
2024-05-29,2024-05-30T01:40Z,Final,12,Seattle Mariners,18,Houston Astros,2,1
2024-05-30,2024-05-30T17:10Z,Final,8,Milwaukee Brewers,16,Chicago Cubs,6,4
2024-05-30,2024-05-30T17:10Z,Final,9,Minnesota Twins,7,Kansas City Royals,7,6
2024-05-30,2024-05-30T17:10Z,Final,30,Tampa Bay Rays,11,Oakland Athletics,6,5
2024-05-30,2024-05-30T20:10Z,Final,12,Seattle Mariners,18,Houston Astros,0,4
2024-05-30,2024-05-30T23:10Z,Final,21,New York Mets,29,Arizona Diamondbacks,3,2
2024-05-30,2024-05-30T23:10Z,Final,2,Boston Red Sox,6,Detroit Tigers,0,5
2024-05-30,2024-05-30T23:20Z,Final,15,Atlanta Braves,20,Washington Nationals,1,3
2024-05-30,2024-05-31T01:38Z,Final,3,Los Angeles Angels,10,New York Yankees,3,8
2024-05-31,2024-05-31T18:20Z,Final,16,Chicago Cubs,17,Cincinnati Reds,4,5
2024-05-31,2024-05-31T22:40Z,Final,22,Philadelphia Phillies,24,St. Louis Cardinals,4,2
2024-05-31,2024-05-31T23:05Z,Final,1,Baltimore Orioles,30,Tampa Bay Rays,3,1
2024-05-31,2024-05-31T23:07Z,Final,14,Toronto Blue Jays,23,Pittsburgh Pirates,5,3
2024-05-31,2024-05-31T23:10Z,Final,21,New York Mets,29,Arizona Diamondbacks,10,9
2024-05-31,2024-05-31T23:10Z,Final,2,Boston Red Sox,6,Detroit Tigers,7,3
2024-05-31,2024-05-31T23:10Z,Final,28,Miami Marlins,13,Texas Rangers,8,2
2024-05-31,2024-05-31T23:10Z,Final,5,Cleveland Guardians,20,Washington Nationals,7,1
2024-05-31,2024-05-31T23:20Z,Final,15,Atlanta Braves,11,Oakland Athletics,4,2
2024-05-31,2024-06-01T00:10Z,Final,8,Milwaukee Brewers,4,Chicago White Sox,12,5
2024-05-31,2024-06-01T00:10Z,Final,18,Houston Astros,9,Minnesota Twins,1,6
2024-05-31,2024-06-01T00:10Z,Final,7,Kansas City Royals,25,San Diego Padres,8,11
2024-05-31,2024-06-01T02:10Z,Final,12,Seattle Mariners,3,Los Angeles Angels,5,4
2024-05-31,2024-06-01T02:10Z,Final,19,Los Angeles Dodgers,27,Colorado Rockies,1,4
2024-05-31,2024-06-01T02:15Z,Final,26,San Francisco Giants,10,New York Yankees,2,6
2024-06-01,2024-06-01T19:07Z,Final,14,Toronto Blue Jays,23,Pittsburgh Pirates,1,8
2024-06-01,2024-06-01T20:05Z,Final,1,Baltimore Orioles,30,Tampa Bay Rays,9,5
2024-06-01,2024-06-01T20:10Z,Final,21,New York Mets,29,Arizona Diamondbacks,5,10
2024-06-01,2024-06-01T20:10Z,Final,8,Milwaukee Brewers,4,Chicago White Sox,4,3
2024-06-01,2024-06-01T20:10Z,Final,2,Boston Red Sox,6,Detroit Tigers,6,3
2024-06-01,2024-06-01T20:10Z,Final,18,Houston Astros,9,Minnesota Twins,5,2
2024-06-01,2024-06-01T20:10Z,Final,15,Atlanta Braves,11,Oakland Athletics,9,11
2024-06-01,2024-06-01T20:10Z,Final,7,Kansas City Royals,25,San Diego Padres,3,7
2024-06-01,2024-06-01T20:10Z,Final,28,Miami Marlins,13,Texas Rangers,0,7
2024-06-01,2024-06-01T20:10Z,Final,5,Cleveland Guardians,20,Washington Nationals,3,2
2024-06-01,2024-06-01T23:15Z,Final,12,Seattle Mariners,3,Los Angeles Angels,9,0
2024-06-01,2024-06-01T23:15Z,Final,16,Chicago Cubs,17,Cincinnati Reds,7,5
2024-06-01,2024-06-01T23:15Z,Final,22,Philadelphia Phillies,24,St. Louis Cardinals,6,1
2024-06-01,2024-06-02T02:05Z,Final,26,San Francisco Giants,10,New York Yankees,3,7
2024-06-01,2024-06-02T02:10Z,Final,19,Los Angeles Dodgers,27,Colorado Rockies,4,1
2024-06-02,2024-06-02T17:05Z,Final,18,Houston Astros,9,Minnesota Twins,3,4
2024-06-02,2024-06-02T17:35Z,Final,2,Boston Red Sox,6,Detroit Tigers,4,8
2024-06-02,2024-06-02T17:35Z,Final,15,Atlanta Braves,11,Oakland Athletics,3,1
2024-06-02,2024-06-02T17:35Z,Final,1,Baltimore Orioles,30,Tampa Bay Rays,3,4
2024-06-02,2024-06-02T17:37Z,Final,14,Toronto Blue Jays,23,Pittsburgh Pirates,5,4
2024-06-02,2024-06-02T17:40Z,Final,21,New York Mets,29,Arizona Diamondbacks,4,5
2024-06-02,2024-06-02T17:40Z,Final,28,Miami Marlins,13,Texas Rangers,0,6
2024-06-02,2024-06-02T17:40Z,Final,5,Cleveland Guardians,20,Washington Nationals,2,5
2024-06-02,2024-06-02T18:10Z,Final,8,Milwaukee Brewers,4,Chicago White Sox,6,3
2024-06-02,2024-06-02T18:10Z,Final,7,Kansas City Royals,25,San Diego Padres,4,3
2024-06-02,2024-06-02T18:20Z,Final,16,Chicago Cubs,17,Cincinnati Reds,2,5
2024-06-02,2024-06-02T20:05Z,Final,26,San Francisco Giants,10,New York Yankees,5,7
2024-06-02,2024-06-02T20:10Z,Final,12,Seattle Mariners,3,Los Angeles Angels,5,1
2024-06-02,2024-06-02T20:10Z,Final,19,Los Angeles Dodgers,27,Colorado Rockies,4,0
2024-06-02,2024-06-02T23:00Z,Final,22,Philadelphia Phillies,24,St. Louis Cardinals,4,5
2024-06-03,2024-06-03T22:40Z,Final,22,Philadelphia Phillies,8,Milwaukee Brewers,3,1
2024-06-03,2024-06-03T22:45Z,Final,20,Washington Nationals,21,New York Mets,7,8
2024-06-03,2024-06-03T23:07Z,Final,14,Toronto Blue Jays,1,Baltimore Orioles,2,7
2024-06-03,2024-06-04T00:05Z,Final,13,Texas Rangers,6,Detroit Tigers,1,2
2024-06-03,2024-06-04T00:10Z,Final,18,Houston Astros,24,St. Louis Cardinals,7,4
2024-06-03,2024-06-04T00:40Z,Final,27,Colorado Rockies,17,Cincinnati Reds,3,13
2024-06-03,2024-06-04T01:38Z,Final,3,Los Angeles Angels,25,San Diego Padres,2,1
2024-06-03,2024-06-04T01:40Z,Final,29,Arizona Diamondbacks,26,San Francisco Giants,4,2
2024-06-04,2024-06-04T22:40Z,Final,5,Cleveland Guardians,7,Kansas City Royals,8,5
2024-06-04,2024-06-04T22:40Z,Final,23,Pittsburgh Pirates,19,Los Angeles Dodgers,1,0
2024-06-04,2024-06-04T22:40Z,Final,22,Philadelphia Phillies,8,Milwaukee Brewers,2,1
2024-06-04,2024-06-04T22:40Z,Final,28,Miami Marlins,30,Tampa Bay Rays,5,9
2024-06-04,2024-06-04T22:45Z,Final,20,Washington Nationals,21,New York Mets,3,6
2024-06-04,2024-06-04T23:05Z,Final,10,New York Yankees,9,Minnesota Twins,5,1
2024-06-04,2024-06-04T23:07Z,Final,14,Toronto Blue Jays,1,Baltimore Orioles,1,10
2024-06-04,2024-06-04T23:10Z,Final,2,Boston Red Sox,15,Atlanta Braves,3,8
2024-06-04,2024-06-05T00:05Z,Final,16,Chicago Cubs,4,Chicago White Sox,7,6
2024-06-04,2024-06-05T00:05Z,Final,13,Texas Rangers,6,Detroit Tigers,1,3
2024-06-04,2024-06-05T00:10Z,Final,18,Houston Astros,24,St. Louis Cardinals,8,5
2024-06-04,2024-06-05T00:40Z,Final,27,Colorado Rockies,17,Cincinnati Reds,1,4
2024-06-04,2024-06-05T01:38Z,Final,3,Los Angeles Angels,25,San Diego Padres,4,2
2024-06-04,2024-06-05T01:40Z,Final,11,Oakland Athletics,12,Seattle Mariners,3,4
2024-06-04,2024-06-05T01:40Z,Final,29,Arizona Diamondbacks,26,San Francisco Giants,8,5
2024-06-05,2024-06-05T17:35Z,Final,2,Boston Red Sox,15,Atlanta Braves,9,0
2024-06-05,2024-06-05T18:10Z,Final,18,Houston Astros,24,St. Louis Cardinals,2,4
2024-06-05,2024-06-05T19:10Z,Final,27,Colorado Rockies,17,Cincinnati Reds,7,12
2024-06-05,2024-06-05T19:40Z,Final,29,Arizona Diamondbacks,26,San Francisco Giants,3,9
2024-06-05,2024-06-05T20:05Z,Final,22,Philadelphia Phillies,8,Milwaukee Brewers,2,0
2024-06-05,2024-06-05T20:05Z,Final,20,Washington Nationals,21,New York Mets,1,9
2024-06-05,2024-06-05T22:40Z,Final,23,Pittsburgh Pirates,19,Los Angeles Dodgers,10,6
2024-06-05,2024-06-05T22:40Z,Final,28,Miami Marlins,30,Tampa Bay Rays,3,5
2024-06-05,2024-06-05T23:05Z,Final,10,New York Yankees,9,Minnesota Twins,9,5
2024-06-05,2024-06-05T23:07Z,Final,14,Toronto Blue Jays,1,Baltimore Orioles,3,2
2024-06-05,2024-06-06T00:05Z,Final,16,Chicago Cubs,4,Chicago White Sox,7,6
2024-06-05,2024-06-06T00:05Z,Final,13,Texas Rangers,6,Detroit Tigers,9,1
2024-06-05,2024-06-06T01:38Z,Final,3,Los Angeles Angels,25,San Diego Padres,3,2
2024-06-05,2024-06-06T01:40Z,Final,11,Oakland Athletics,12,Seattle Mariners,2,1
2024-06-06,2024-06-06T17:07Z,Final,14,Toronto Blue Jays,1,Baltimore Orioles,6,5
2024-06-06,2024-06-06T17:10Z,Final,5,Cleveland Guardians,7,Kansas City Royals,3,4
2024-06-06,2024-06-06T19:37Z,Final,11,Oakland Athletics,12,Seattle Mariners,0,3
2024-06-06,2024-06-06T22:40Z,Final,23,Pittsburgh Pirates,19,Los Angeles Dodgers,7,11
2024-06-06,2024-06-06T22:45Z,Final,20,Washington Nationals,15,Atlanta Braves,2,5
2024-06-06,2024-06-06T23:05Z,Final,10,New York Yankees,9,Minnesota Twins,8,5
2024-06-06,2024-06-06T23:10Z,Final,17,Cincinnati Reds,16,Chicago Cubs,8,4
2024-06-06,2024-06-06T23:45Z,Final,24,St. Louis Cardinals,27,Colorado Rockies,2,3
2024-06-06,2024-06-07T00:10Z,Final,4,Chicago White Sox,2,Boston Red Sox,2,14
2024-06-06,2024-06-07T01:40Z,Final,25,San Diego Padres,29,Arizona Diamondbacks,3,4
2024-06-07,2024-06-07T22:40Z,Final,6,Detroit Tigers,8,Milwaukee Brewers,0,10
2024-06-07,2024-06-07T22:40Z,Final,23,Pittsburgh Pirates,9,Minnesota Twins,3,0
2024-06-07,2024-06-07T22:45Z,Final,20,Washington Nationals,15,Atlanta Braves,2,1
2024-06-07,2024-06-07T22:50Z,Final,30,Tampa Bay Rays,1,Baltimore Orioles,3,6
2024-06-07,2024-06-07T23:05Z,Final,10,New York Yankees,19,Los Angeles Dodgers,1,2
2024-06-07,2024-06-07T23:10Z,Final,17,Cincinnati Reds,16,Chicago Cubs,3,2
2024-06-07,2024-06-07T23:10Z,Final,28,Miami Marlins,5,Cleveland Guardians,3,2
2024-06-07,2024-06-08T00:05Z,Final,13,Texas Rangers,26,San Francisco Giants,2,5
2024-06-07,2024-06-08T00:10Z,Final,4,Chicago White Sox,2,Boston Red Sox,7,2
2024-06-07,2024-06-08T00:10Z,Final,7,Kansas City Royals,12,Seattle Mariners,10,9
2024-06-07,2024-06-08T00:15Z,Final,24,St. Louis Cardinals,27,Colorado Rockies,8,5
2024-06-07,2024-06-08T01:38Z,Final,3,Los Angeles Angels,18,Houston Astros,1,7
2024-06-07,2024-06-08T01:40Z,Final,25,San Diego Padres,29,Arizona Diamondbacks,10,3
2024-06-07,2024-06-08T01:40Z,Final,11,Oakland Athletics,14,Toronto Blue Jays,2,1
2024-06-08,2024-06-08T17:10Z,Final,21,New York Mets,22,Philadelphia Phillies,2,7
2024-06-08,2024-06-08T20:05Z,Final,20,Washington Nationals,15,Atlanta Braves,7,3
2024-06-08,2024-06-08T20:05Z,Final,23,Pittsburgh Pirates,9,Minnesota Twins,4,0
2024-06-08,2024-06-08T20:05Z,Final,13,Texas Rangers,26,San Francisco Giants,1,3
2024-06-08,2024-06-08T20:07Z,Final,11,Oakland Athletics,14,Toronto Blue Jays,0,7
2024-06-08,2024-06-08T20:10Z,Final,30,Tampa Bay Rays,1,Baltimore Orioles,0,5
2024-06-08,2024-06-08T20:10Z,Final,4,Chicago White Sox,2,Boston Red Sox,6,1
2024-06-08,2024-06-08T20:10Z,Final,17,Cincinnati Reds,16,Chicago Cubs,4,3
2024-06-08,2024-06-08T20:10Z,Final,6,Detroit Tigers,8,Milwaukee Brewers,4,5
2024-06-08,2024-06-08T20:10Z,Final,7,Kansas City Royals,12,Seattle Mariners,8,4
2024-06-08,2024-06-08T20:15Z,Final,24,St. Louis Cardinals,27,Colorado Rockies,5,6
2024-06-08,2024-06-08T23:35Z,Final,28,Miami Marlins,5,Cleveland Guardians,0,8
2024-06-08,2024-06-08T23:35Z,Final,10,New York Yankees,19,Los Angeles Dodgers,3,11
2024-06-08,2024-06-09T00:40Z,Final,25,San Diego Padres,29,Arizona Diamondbacks,13,1
2024-06-08,2024-06-09T02:07Z,Final,3,Los Angeles Angels,18,Houston Astros,1,6
2024-06-09,2024-06-09T14:00Z,Final,22,Philadelphia Phillies,21,New York Mets,5,6
2024-06-09,2024-06-09T17:05Z,Final,13,Texas Rangers,26,San Francisco Giants,7,2
2024-06-09,2024-06-09T17:35Z,Final,20,Washington Nationals,15,Atlanta Braves,8,5
2024-06-09,2024-06-09T17:35Z,Final,23,Pittsburgh Pirates,9,Minnesota Twins,5,11
2024-06-09,2024-06-09T17:40Z,Final,30,Tampa Bay Rays,1,Baltimore Orioles,2,9
2024-06-09,2024-06-09T17:40Z,Final,17,Cincinnati Reds,16,Chicago Cubs,2,4
2024-06-09,2024-06-09T17:40Z,Final,28,Miami Marlins,5,Cleveland Guardians,3,6
2024-06-09,2024-06-09T17:40Z,Final,6,Detroit Tigers,8,Milwaukee Brewers,10,2
2024-06-09,2024-06-09T18:10Z,Final,4,Chicago White Sox,2,Boston Red Sox,4,6
2024-06-09,2024-06-09T18:10Z,Final,7,Kansas City Royals,12,Seattle Mariners,5,6
2024-06-09,2024-06-09T18:15Z,Final,24,St. Louis Cardinals,27,Colorado Rockies,5,1
2024-06-09,2024-06-09T20:07Z,Final,3,Los Angeles Angels,18,Houston Astros,9,7
2024-06-09,2024-06-09T20:07Z,Final,11,Oakland Athletics,14,Toronto Blue Jays,4,6
2024-06-09,2024-06-09T20:10Z,Final,25,San Diego Padres,29,Arizona Diamondbacks,3,9
2024-06-09,2024-06-09T23:00Z,Final,10,New York Yankees,19,Los Angeles Dodgers,6,4
2024-06-10,2024-06-10T22:50Z,Final,30,Tampa Bay Rays,1,Baltimore Orioles,2,5
2024-06-10,2024-06-10T23:40Z,Final,9,Minnesota Twins,27,Colorado Rockies,5,0
2024-06-10,2024-06-11T00:10Z,Final,7,Kansas City Royals,10,New York Yankees,2,4
2024-06-10,2024-06-11T00:10Z,Final,8,Milwaukee Brewers,14,Toronto Blue Jays,3,1
2024-06-10,2024-06-11T01:40Z,Final,12,Seattle Mariners,4,Chicago White Sox,8,4
2024-06-10,2024-06-11T01:40Z,Final,25,San Diego Padres,11,Oakland Athletics,6,1
2024-06-10,2024-06-11T01:45Z,Final,26,San Francisco Giants,18,Houston Astros,4,3
2024-06-11,2024-06-11T22:35Z,Final,1,Baltimore Orioles,15,Atlanta Braves,4,0
2024-06-11,2024-06-11T22:40Z,Final,6,Detroit Tigers,20,Washington Nationals,4,5
2024-06-11,2024-06-11T22:50Z,Final,30,Tampa Bay Rays,16,Chicago Cubs,5,2
2024-06-11,2024-06-11T23:10Z,Final,17,Cincinnati Reds,5,Cleveland Guardians,3,5
2024-06-11,2024-06-11T23:10Z,Final,21,New York Mets,28,Miami Marlins,2,4
2024-06-11,2024-06-11T23:10Z,Final,2,Boston Red Sox,22,Philadelphia Phillies,1,4
2024-06-11,2024-06-11T23:40Z,Final,9,Minnesota Twins,27,Colorado Rockies,4,5
2024-06-11,2024-06-11T23:45Z,Final,24,St. Louis Cardinals,23,Pittsburgh Pirates,1,2
2024-06-11,2024-06-12T00:10Z,Final,7,Kansas City Royals,10,New York Yankees,1,10
2024-06-11,2024-06-12T00:10Z,Final,8,Milwaukee Brewers,14,Toronto Blue Jays,0,3
2024-06-11,2024-06-12T01:40Z,Final,29,Arizona Diamondbacks,3,Los Angeles Angels,9,4
2024-06-11,2024-06-12T01:40Z,Final,12,Seattle Mariners,4,Chicago White Sox,4,3
2024-06-11,2024-06-12T01:40Z,Final,25,San Diego Padres,11,Oakland Athletics,4,3
2024-06-11,2024-06-12T01:45Z,Final,26,San Francisco Giants,18,Houston Astros,1,3
2024-06-11,2024-06-12T02:10Z,Final,19,Los Angeles Dodgers,13,Texas Rangers,15,2
2024-06-12,2024-06-12T17:10Z,Final,9,Minnesota Twins,27,Colorado Rockies,17,9
2024-06-12,2024-06-12T18:10Z,Final,8,Milwaukee Brewers,14,Toronto Blue Jays,5,4
2024-06-12,2024-06-12T19:45Z,Final,26,San Francisco Giants,18,Houston Astros,5,3
2024-06-12,2024-06-12T20:10Z,Final,25,San Diego Padres,11,Oakland Athletics,5,4
2024-06-12,2024-06-12T22:35Z,Final,1,Baltimore Orioles,15,Atlanta Braves,4,2
2024-06-12,2024-06-12T22:40Z,Final,6,Detroit Tigers,20,Washington Nationals,5,7
2024-06-12,2024-06-12T22:50Z,Final,30,Tampa Bay Rays,16,Chicago Cubs,3,4
2024-06-12,2024-06-12T23:10Z,Final,17,Cincinnati Reds,5,Cleveland Guardians,4,2
2024-06-12,2024-06-12T23:10Z,Final,21,New York Mets,28,Miami Marlins,10,4
2024-06-12,2024-06-12T23:10Z,Final,2,Boston Red Sox,22,Philadelphia Phillies,8,6
2024-06-12,2024-06-12T23:45Z,Final,24,St. Louis Cardinals,23,Pittsburgh Pirates,4,2
2024-06-12,2024-06-13T00:10Z,Final,7,Kansas City Royals,10,New York Yankees,5,11
2024-06-12,2024-06-13T01:40Z,Final,29,Arizona Diamondbacks,3,Los Angeles Angels,3,8
2024-06-12,2024-06-13T01:40Z,Final,12,Seattle Mariners,4,Chicago White Sox,2,1
2024-06-12,2024-06-13T02:10Z,Final,19,Los Angeles Dodgers,13,Texas Rangers,2,3
2024-06-13,2024-06-13T17:05Z,Final,1,Baltimore Orioles,15,Atlanta Braves,3,6
2024-06-13,2024-06-13T17:10Z,Final,6,Detroit Tigers,20,Washington Nationals,7,2
2024-06-13,2024-06-13T18:10Z,Final,7,Kansas City Royals,10,New York Yankees,4,3
2024-06-13,2024-06-13T18:15Z,Final,24,St. Louis Cardinals,23,Pittsburgh Pirates,4,3
2024-06-13,2024-06-13T22:50Z,Final,30,Tampa Bay Rays,16,Chicago Cubs,3,2
2024-06-13,2024-06-13T23:10Z,Final,21,New York Mets,28,Miami Marlins,3,2
2024-06-13,2024-06-13T23:10Z,Final,2,Boston Red Sox,22,Philadelphia Phillies,9,3
2024-06-13,2024-06-13T23:40Z,Final,9,Minnesota Twins,11,Oakland Athletics,6,2
2024-06-13,2024-06-14T01:40Z,Final,29,Arizona Diamondbacks,3,Los Angeles Angels,11,1
2024-06-13,2024-06-14T01:40Z,Final,12,Seattle Mariners,4,Chicago White Sox,2,3
2024-06-13,2024-06-14T02:10Z,Final,19,Los Angeles Dodgers,13,Texas Rangers,1,3
2024-06-14,2024-06-14T18:20Z,Final,16,Chicago Cubs,24,St. Louis Cardinals,0,3
2024-06-14,2024-06-14T22:30Z,Final,2,Boston Red Sox,10,New York Yankees,1,8
2024-06-14,2024-06-14T22:45Z,Final,20,Washington Nationals,28,Miami Marlins,8,1
2024-06-14,2024-06-14T23:05Z,Final,1,Baltimore Orioles,22,Philadelphia Phillies,3,5
2024-06-14,2024-06-14T23:07Z,Final,14,Toronto Blue Jays,5,Cleveland Guardians,1,3
2024-06-14,2024-06-14T23:10Z,Final,21,New York Mets,25,San Diego Padres,2,1
2024-06-14,2024-06-14T23:20Z,Final,15,Atlanta Braves,30,Tampa Bay Rays,7,3
2024-06-14,2024-06-15T00:10Z,Final,8,Milwaukee Brewers,17,Cincinnati Reds,5,6
2024-06-14,2024-06-15T00:10Z,Final,18,Houston Astros,6,Detroit Tigers,4,0
2024-06-14,2024-06-15T00:10Z,Final,9,Minnesota Twins,11,Oakland Athletics,6,5
2024-06-14,2024-06-15T00:40Z,Final,27,Colorado Rockies,23,Pittsburgh Pirates,2,5
2024-06-14,2024-06-15T01:40Z,Final,29,Arizona Diamondbacks,4,Chicago White Sox,7,1
2024-06-14,2024-06-15T02:10Z,Final,19,Los Angeles Dodgers,7,Kansas City Royals,4,3
2024-06-14,2024-06-15T02:10Z,Final,12,Seattle Mariners,13,Texas Rangers,3,2
2024-06-14,2024-06-15T02:15Z,Final,26,San Francisco Giants,3,Los Angeles Angels,6,8
2024-06-15,2024-06-15T18:20Z,Final,16,Chicago Cubs,24,St. Louis Cardinals,5,1
2024-06-15,2024-06-15T19:07Z,Final,14,Toronto Blue Jays,5,Cleveland Guardians,5,0
2024-06-15,2024-06-15T20:05Z,Final,26,San Francisco Giants,3,Los Angeles Angels,3,4
2024-06-15,2024-06-15T20:05Z,Final,20,Washington Nationals,28,Miami Marlins,4,0
2024-06-15,2024-06-15T20:05Z,Final,1,Baltimore Orioles,22,Philadelphia Phillies,6,2
2024-06-15,2024-06-15T20:10Z,Final,8,Milwaukee Brewers,17,Cincinnati Reds,3,1
2024-06-15,2024-06-15T20:10Z,Final,18,Houston Astros,6,Detroit Tigers,5,13
2024-06-15,2024-06-15T20:10Z,Final,21,New York Mets,25,San Diego Padres,5,1
2024-06-15,2024-06-15T20:10Z,Final,15,Atlanta Braves,30,Tampa Bay Rays,9,2
2024-06-15,2024-06-15T23:15Z,Final,2,Boston Red Sox,10,New York Yankees,8,4
2024-06-15,2024-06-15T23:15Z,Final,12,Seattle Mariners,13,Texas Rangers,7,5
2024-06-15,2024-06-16T01:10Z,Final,19,Los Angeles Dodgers,7,Kansas City Royals,2,7
2024-06-15,2024-06-16T01:10Z,Final,27,Colorado Rockies,23,Pittsburgh Pirates,16,4
2024-06-15,2024-06-16T02:10Z,Final,29,Arizona Diamondbacks,4,Chicago White Sox,2,9
2024-06-16,2024-06-16T17:05Z,Final,16,Chicago Cubs,24,St. Louis Cardinals,1,2
2024-06-16,2024-06-16T17:35Z,Final,20,Washington Nationals,28,Miami Marlins,3,1
2024-06-16,2024-06-16T17:35Z,Final,1,Baltimore Orioles,22,Philadelphia Phillies,8,3
2024-06-16,2024-06-16T17:35Z,Final,15,Atlanta Braves,30,Tampa Bay Rays,6,8
2024-06-16,2024-06-16T17:37Z,Final,14,Toronto Blue Jays,5,Cleveland Guardians,7,6
2024-06-16,2024-06-16T17:40Z,Final,21,New York Mets,25,San Diego Padres,11,6
2024-06-16,2024-06-16T18:10Z,Final,8,Milwaukee Brewers,17,Cincinnati Reds,5,4
2024-06-16,2024-06-16T18:10Z,Final,18,Houston Astros,6,Detroit Tigers,4,1
2024-06-16,2024-06-16T18:10Z,Final,9,Minnesota Twins,11,Oakland Athletics,6,2
2024-06-16,2024-06-16T19:10Z,Final,27,Colorado Rockies,23,Pittsburgh Pirates,2,8
2024-06-16,2024-06-16T20:05Z,Final,26,San Francisco Giants,3,Los Angeles Angels,13,6
2024-06-16,2024-06-16T20:10Z,Final,29,Arizona Diamondbacks,4,Chicago White Sox,12,5
2024-06-16,2024-06-16T20:10Z,Final,19,Los Angeles Dodgers,7,Kansas City Royals,3,0
2024-06-16,2024-06-16T20:10Z,Final,12,Seattle Mariners,13,Texas Rangers,5,0
2024-06-16,2024-06-16T23:00Z,Final,2,Boston Red Sox,10,New York Yankees,9,3
2024-06-16,2024-06-16T23:40Z,Final,9,Minnesota Twins,11,Oakland Athletics,8,7
2024-06-17,2024-06-17T22:40Z,Final,22,Philadelphia Phillies,25,San Diego Padres,9,2
2024-06-17,2024-06-17T22:40Z,Final,28,Miami Marlins,24,St. Louis Cardinals,6,7
2024-06-17,2024-06-17T23:07Z,Final,14,Toronto Blue Jays,2,Boston Red Sox,3,7
2024-06-17,2024-06-17T23:10Z,Final,23,Pittsburgh Pirates,17,Cincinnati Reds,4,1
2024-06-17,2024-06-17T23:20Z,Final,15,Atlanta Braves,6,Detroit Tigers,2,1
2024-06-17,2024-06-18T00:05Z,Final,13,Texas Rangers,21,New York Mets,2,14
2024-06-17,2024-06-18T00:05Z,Final,16,Chicago Cubs,26,San Francisco Giants,6,7
2024-06-17,2024-06-18T00:40Z,Final,27,Colorado Rockies,19,Los Angeles Dodgers,5,9
2024-06-17,2024-06-18T01:38Z,Final,3,Los Angeles Angels,8,Milwaukee Brewers,5,3
2024-06-18,2024-06-18T22:10Z,Final,28,Miami Marlins,24,St. Louis Cardinals,9,8
2024-06-18,2024-06-18T22:40Z,Final,23,Pittsburgh Pirates,17,Cincinnati Reds,1,2
2024-06-18,2024-06-18T22:40Z,Final,22,Philadelphia Phillies,25,San Diego Padres,4,3
2024-06-18,2024-06-18T22:40Z,Final,5,Cleveland Guardians,12,Seattle Mariners,5,8
2024-06-18,2024-06-18T22:45Z,Final,20,Washington Nationals,29,Arizona Diamondbacks,0,5
2024-06-18,2024-06-18T23:05Z,Final,10,New York Yankees,1,Baltimore Orioles,4,2
2024-06-18,2024-06-18T23:07Z,Final,14,Toronto Blue Jays,2,Boston Red Sox,3,4
2024-06-18,2024-06-18T23:20Z,Final,15,Atlanta Braves,6,Detroit Tigers,2,1
2024-06-18,2024-06-18T23:40Z,Final,9,Minnesota Twins,30,Tampa Bay Rays,7,6
2024-06-18,2024-06-19T00:05Z,Final,13,Texas Rangers,21,New York Mets,6,7
2024-06-18,2024-06-19T00:05Z,Final,16,Chicago Cubs,26,San Francisco Giants,5,2
2024-06-18,2024-06-19T00:10Z,Final,4,Chicago White Sox,18,Houston Astros,2,0
2024-06-18,2024-06-19T00:40Z,Final,27,Colorado Rockies,19,Los Angeles Dodgers,9,11
2024-06-18,2024-06-19T01:38Z,Final,3,Los Angeles Angels,8,Milwaukee Brewers,3,6
2024-06-18,2024-06-19T01:40Z,Final,11,Oakland Athletics,7,Kansas City Royals,7,5
2024-06-19,2024-06-19T16:20Z,Final,15,Atlanta Braves,6,Detroit Tigers,7,0
2024-06-19,2024-06-19T16:35Z,Final,23,Pittsburgh Pirates,17,Cincinnati Reds,1,0
2024-06-19,2024-06-19T16:40Z,Final,28,Miami Marlins,24,St. Louis Cardinals,4,3
2024-06-19,2024-06-19T17:05Z,Final,22,Philadelphia Phillies,25,San Diego Padres,2,5
2024-06-19,2024-06-19T18:20Z,Final,16,Chicago Cubs,26,San Francisco Giants,6,5
2024-06-19,2024-06-19T20:05Z,Final,20,Washington Nationals,29,Arizona Diamondbacks,3,1
2024-06-19,2024-06-19T22:40Z,Final,5,Cleveland Guardians,12,Seattle Mariners,8,0
2024-06-19,2024-06-19T23:05Z,Final,10,New York Yankees,1,Baltimore Orioles,6,7
2024-06-19,2024-06-19T23:07Z,Final,14,Toronto Blue Jays,2,Boston Red Sox,3,7
2024-06-19,2024-06-19T23:40Z,Final,9,Minnesota Twins,30,Tampa Bay Rays,2,3
2024-06-19,2024-06-20T00:05Z,Final,13,Texas Rangers,21,New York Mets,5,3
2024-06-19,2024-06-20T00:10Z,Final,4,Chicago White Sox,18,Houston Astros,1,4
2024-06-19,2024-06-20T00:40Z,Final,27,Colorado Rockies,19,Los Angeles Dodgers,7,6
2024-06-19,2024-06-20T01:38Z,Final,3,Los Angeles Angels,8,Milwaukee Brewers,0,2
2024-06-19,2024-06-20T01:40Z,Final,11,Oakland Athletics,7,Kansas City Royals,5,1
2024-06-20,2024-06-20T17:05Z,Final,20,Washington Nationals,29,Arizona Diamondbacks,2,5
2024-06-20,2024-06-20T17:10Z,Final,5,Cleveland Guardians,12,Seattle Mariners,6,3
2024-06-20,2024-06-20T17:10Z,Final,9,Minnesota Twins,30,Tampa Bay Rays,6,7
2024-06-20,2024-06-20T18:10Z,Final,4,Chicago White Sox,18,Houston Astros,3,5
2024-06-20,2024-06-20T19:10Z,Final,27,Colorado Rockies,19,Los Angeles Dodgers,3,5
2024-06-20,2024-06-20T19:37Z,Final,11,Oakland Athletics,7,Kansas City Royals,2,3
2024-06-20,2024-06-20T20:05Z,Final,10,New York Yankees,1,Baltimore Orioles,5,17
2024-06-20,2024-06-20T23:15Z,Final,24,St. Louis Cardinals,26,San Francisco Giants,6,5
2024-06-20,2024-06-21T01:40Z,Final,25,San Diego Padres,8,Milwaukee Brewers,7,6
2024-06-21,2024-06-21T18:20Z,Final,16,Chicago Cubs,21,New York Mets,1,11
2024-06-21,2024-06-21T22:40Z,Final,22,Philadelphia Phillies,29,Arizona Diamondbacks,4,5
2024-06-21,2024-06-21T22:40Z,Final,6,Detroit Tigers,4,Chicago White Sox,2,1
2024-06-21,2024-06-21T22:40Z,Final,23,Pittsburgh Pirates,30,Tampa Bay Rays,3,10
2024-06-21,2024-06-21T23:05Z,Final,10,New York Yankees,15,Atlanta Braves,1,8
2024-06-21,2024-06-21T23:10Z,Final,17,Cincinnati Reds,2,Boston Red Sox,5,2
2024-06-21,2024-06-21T23:10Z,Final,28,Miami Marlins,12,Seattle Mariners,3,2
2024-06-21,2024-06-21T23:10Z,Final,5,Cleveland Guardians,14,Toronto Blue Jays,7,1
2024-06-21,2024-06-22T00:05Z,Final,13,Texas Rangers,7,Kansas City Royals,6,2
2024-06-21,2024-06-22T00:10Z,Final,18,Houston Astros,1,Baltimore Orioles,14,11
2024-06-21,2024-06-22T00:40Z,Final,27,Colorado Rockies,20,Washington Nationals,5,11
2024-06-21,2024-06-22T01:40Z,Final,25,San Diego Padres,8,Milwaukee Brewers,9,5
2024-06-21,2024-06-22T01:40Z,Final,11,Oakland Athletics,9,Minnesota Twins,6,5
2024-06-21,2024-06-22T02:10Z,Final,19,Los Angeles Dodgers,3,Los Angeles Angels,2,3
2024-06-22,2024-06-22T17:10Z,Final,6,Detroit Tigers,4,Chicago White Sox,1,5
2024-06-22,2024-06-22T18:15Z,Final,24,St. Louis Cardinals,26,San Francisco Giants,9,4
2024-06-22,2024-06-22T18:20Z,Final,16,Chicago Cubs,21,New York Mets,8,1
2024-06-22,2024-06-22T20:05Z,Final,22,Philadelphia Phillies,29,Arizona Diamondbacks,12,1
2024-06-22,2024-06-22T20:05Z,Final,13,Texas Rangers,7,Kansas City Royals,6,0
2024-06-22,2024-06-22T20:05Z,Final,23,Pittsburgh Pirates,30,Tampa Bay Rays,4,3
2024-06-22,2024-06-22T20:07Z,Final,11,Oakland Athletics,9,Minnesota Twins,2,10
2024-06-22,2024-06-22T20:10Z,Final,18,Houston Astros,1,Baltimore Orioles,5,1
2024-06-22,2024-06-22T20:10Z,Final,17,Cincinnati Reds,2,Boston Red Sox,3,4
2024-06-22,2024-06-22T20:10Z,Final,28,Miami Marlins,12,Seattle Mariners,0,9
2024-06-22,2024-06-22T20:10Z,Final,5,Cleveland Guardians,14,Toronto Blue Jays,6,3
2024-06-22,2024-06-22T23:15Z,Final,10,New York Yankees,15,Atlanta Braves,8,3
2024-06-22,2024-06-22T23:15Z,Final,25,San Diego Padres,8,Milwaukee Brewers,6,4
2024-06-22,2024-06-23T01:10Z,Final,27,Colorado Rockies,20,Washington Nationals,8,7
2024-06-22,2024-06-23T02:10Z,Final,19,Los Angeles Dodgers,3,Los Angeles Angels,7,2
2024-06-23,2024-06-23T15:35Z,Final,22,Philadelphia Phillies,29,Arizona Diamondbacks,4,1
2024-06-23,2024-06-23T17:35Z,Final,10,New York Yankees,15,Atlanta Braves,1,3
2024-06-23,2024-06-23T17:35Z,Final,23,Pittsburgh Pirates,30,Tampa Bay Rays,1,3
2024-06-23,2024-06-23T17:40Z,Final,17,Cincinnati Reds,2,Boston Red Sox,4,7
2024-06-23,2024-06-23T17:40Z,Final,6,Detroit Tigers,4,Chicago White Sox,11,2
2024-06-23,2024-06-23T17:40Z,Final,28,Miami Marlins,12,Seattle Mariners,6,4
2024-06-23,2024-06-23T17:40Z,Final,5,Cleveland Guardians,14,Toronto Blue Jays,6,5
2024-06-23,2024-06-23T18:10Z,Final,18,Houston Astros,1,Baltimore Orioles,8,1
2024-06-23,2024-06-23T18:15Z,Final,24,St. Louis Cardinals,26,San Francisco Giants,5,3
2024-06-23,2024-06-23T18:35Z,Final,13,Texas Rangers,7,Kansas City Royals,4,0
2024-06-23,2024-06-23T19:10Z,Final,27,Colorado Rockies,20,Washington Nationals,1,2
2024-06-23,2024-06-23T20:07Z,Final,11,Oakland Athletics,9,Minnesota Twins,0,3
2024-06-23,2024-06-23T20:10Z,Final,25,San Diego Padres,8,Milwaukee Brewers,2,6
2024-06-23,2024-06-23T23:00Z,Final,16,Chicago Cubs,21,New York Mets,2,5
2024-06-24,2024-06-24T22:35Z,Final,1,Baltimore Orioles,5,Cleveland Guardians,2,3
2024-06-24,2024-06-24T22:40Z,Final,6,Detroit Tigers,22,Philadelphia Phillies,1,8
2024-06-24,2024-06-24T22:50Z,Final,30,Tampa Bay Rays,12,Seattle Mariners,4,3
2024-06-24,2024-06-24T23:10Z,Final,17,Cincinnati Reds,23,Pittsburgh Pirates,11,5
2024-06-24,2024-06-24T23:10Z,Final,2,Boston Red Sox,14,Toronto Blue Jays,7,6
2024-06-24,2024-06-24T23:45Z,Final,24,St. Louis Cardinals,15,Atlanta Braves,4,3
2024-06-24,2024-06-25T00:10Z,Final,4,Chicago White Sox,19,Los Angeles Dodgers,0,3
2024-06-24,2024-06-25T00:10Z,Final,7,Kansas City Royals,28,Miami Marlins,4,1
2024-06-24,2024-06-25T00:10Z,Final,8,Milwaukee Brewers,13,Texas Rangers,6,3
2024-06-24,2024-06-25T01:38Z,Final,3,Los Angeles Angels,11,Oakland Athletics,5,1
2024-06-24,2024-06-25T01:40Z,Final,25,San Diego Padres,20,Washington Nationals,7,6
2024-06-24,2024-06-25T01:45Z,Final,26,San Francisco Giants,16,Chicago Cubs,5,4
2024-06-25,2024-06-25T22:35Z,Final,1,Baltimore Orioles,5,Cleveland Guardians,8,10
2024-06-25,2024-06-25T22:40Z,Final,6,Detroit Tigers,22,Philadelphia Phillies,4,1
2024-06-25,2024-06-25T22:50Z,Final,30,Tampa Bay Rays,12,Seattle Mariners,11,3
2024-06-25,2024-06-25T23:10Z,Final,21,New York Mets,10,New York Yankees,9,7
2024-06-25,2024-06-25T23:10Z,Final,17,Cincinnati Reds,23,Pittsburgh Pirates,5,9
2024-06-25,2024-06-25T23:10Z,Final,2,Boston Red Sox,14,Toronto Blue Jays,4,9
2024-06-25,2024-06-26T00:10Z,Final,18,Houston Astros,27,Colorado Rockies,5,2
2024-06-25,2024-06-26T00:10Z,Final,4,Chicago White Sox,19,Los Angeles Dodgers,3,4
2024-06-25,2024-06-26T00:10Z,Final,7,Kansas City Royals,28,Miami Marlins,1,2
2024-06-25,2024-06-26T00:10Z,Final,8,Milwaukee Brewers,13,Texas Rangers,3,1
2024-06-25,2024-06-26T01:38Z,Final,3,Los Angeles Angels,11,Oakland Athletics,7,5
2024-06-25,2024-06-26T01:40Z,Final,29,Arizona Diamondbacks,9,Minnesota Twins,5,4
2024-06-25,2024-06-26T01:40Z,Final,25,San Diego Padres,20,Washington Nationals,9,7
2024-06-25,2024-06-26T01:45Z,Final,26,San Francisco Giants,16,Chicago Cubs,5,1
2024-06-26,2024-06-26T16:10Z,Final,30,Tampa Bay Rays,12,Seattle Mariners,2,5
2024-06-26,2024-06-26T17:10Z,Final,6,Detroit Tigers,22,Philadelphia Phillies,2,6
2024-06-26,2024-06-26T17:10Z,Final,17,Cincinnati Reds,23,Pittsburgh Pirates,1,6
2024-06-26,2024-06-26T17:45Z,Final,24,St. Louis Cardinals,15,Atlanta Braves,2,6
2024-06-26,2024-06-26T18:10Z,Final,18,Houston Astros,27,Colorado Rockies,7,1
2024-06-26,2024-06-26T18:10Z,Final,7,Kansas City Royals,28,Miami Marlins,5,1
2024-06-26,2024-06-26T18:10Z,Final,8,Milwaukee Brewers,13,Texas Rangers,6,5
2024-06-26,2024-06-26T20:07Z,Final,3,Los Angeles Angels,11,Oakland Athletics,5,2
2024-06-26,2024-06-26T20:10Z,Final,25,San Diego Padres,20,Washington Nationals,8,5
2024-06-26,2024-06-26T22:35Z,Final,1,Baltimore Orioles,5,Cleveland Guardians,4,2
2024-06-26,2024-06-26T23:10Z,Final,21,New York Mets,10,New York Yankees,12,2
2024-06-26,2024-06-26T23:10Z,Final,2,Boston Red Sox,14,Toronto Blue Jays,1,4
2024-06-26,2024-06-26T23:15Z,Final,24,St. Louis Cardinals,15,Atlanta Braves,4,1
2024-06-26,2024-06-27T00:10Z,Final,4,Chicago White Sox,19,Los Angeles Dodgers,0,4
2024-06-26,2024-06-27T01:40Z,Final,29,Arizona Diamondbacks,9,Minnesota Twins,3,8
2024-06-26,2024-06-27T01:45Z,Final,26,San Francisco Giants,16,Chicago Cubs,4,3
2024-06-27,2024-06-27T19:40Z,Final,29,Arizona Diamondbacks,9,Minnesota Twins,6,13
2024-06-27,2024-06-27T19:45Z,Final,26,San Francisco Giants,16,Chicago Cubs,3,5
2024-06-27,2024-06-27T20:10Z,Final,4,Chicago White Sox,15,Atlanta Braves,1,0
2024-06-27,2024-06-27T22:20Z,Final,22,Philadelphia Phillies,28,Miami Marlins,4,7
2024-06-27,2024-06-27T22:35Z,Final,1,Baltimore Orioles,13,Texas Rangers,11,2
2024-06-27,2024-06-27T23:07Z,Final,14,Toronto Blue Jays,10,New York Yankees,9,2
2024-06-27,2024-06-27T23:45Z,Final,24,St. Louis Cardinals,17,Cincinnati Reds,4,11
2024-06-27,2024-06-28T00:10Z,Final,7,Kansas City Royals,5,Cleveland Guardians,2,1
2024-06-27,2024-06-28T01:38Z,Final,3,Los Angeles Angels,6,Detroit Tigers,5,0
2024-06-28,2024-06-28T22:20Z,Final,22,Philadelphia Phillies,28,Miami Marlins,2,0
2024-06-28,2024-06-28T22:50Z,Final,30,Tampa Bay Rays,20,Washington Nationals,3,1
2024-06-28,2024-06-28T23:05Z,Final,1,Baltimore Orioles,13,Texas Rangers,2,1
2024-06-28,2024-06-28T23:07Z,Final,14,Toronto Blue Jays,10,New York Yankees,5,16
2024-06-28,2024-06-28T23:10Z,Final,4,Chicago White Sox,27,Colorado Rockies,5,3
2024-06-28,2024-06-28T23:10Z,Final,21,New York Mets,18,Houston Astros,7,2
2024-06-28,2024-06-28T23:10Z,Final,2,Boston Red Sox,25,San Diego Padres,2,9
2024-06-28,2024-06-28T23:20Z,Final,15,Atlanta Braves,23,Pittsburgh Pirates,6,1
2024-06-28,2024-06-29T00:10Z,Final,8,Milwaukee Brewers,16,Chicago Cubs,4,2
2024-06-28,2024-06-29T00:10Z,Final,7,Kansas City Royals,5,Cleveland Guardians,10,3
2024-06-28,2024-06-29T00:15Z,Final,24,St. Louis Cardinals,17,Cincinnati Reds,1,0
2024-06-28,2024-06-29T01:38Z,Final,3,Los Angeles Angels,6,Detroit Tigers,5,2
2024-06-28,2024-06-29T01:40Z,Final,12,Seattle Mariners,9,Minnesota Twins,3,2
2024-06-28,2024-06-29T01:40Z,Final,29,Arizona Diamondbacks,11,Oakland Athletics,4,9
2024-06-28,2024-06-29T02:15Z,Final,26,San Francisco Giants,19,Los Angeles Dodgers,5,3
2024-06-29,2024-06-29T18:10Z,Final,4,Chicago White Sox,27,Colorado Rockies,11,3
2024-06-29,2024-06-29T18:15Z,Final,24,St. Louis Cardinals,17,Cincinnati Reds,4,9
2024-06-29,2024-06-29T19:07Z,Final,14,Toronto Blue Jays,10,New York Yankees,9,3
2024-06-29,2024-06-29T20:05Z,Final,22,Philadelphia Phillies,28,Miami Marlins,2,3
2024-06-29,2024-06-29T20:10Z,Final,8,Milwaukee Brewers,16,Chicago Cubs,3,5
2024-06-29,2024-06-29T20:10Z,Final,7,Kansas City Royals,5,Cleveland Guardians,2,7
2024-06-29,2024-06-29T20:10Z,Final,21,New York Mets,18,Houston Astros,6,9
2024-06-29,2024-06-29T20:10Z,Final,29,Arizona Diamondbacks,11,Oakland Athletics,3,0
2024-06-29,2024-06-29T20:10Z,Final,15,Atlanta Braves,23,Pittsburgh Pirates,2,1
2024-06-29,2024-06-29T20:10Z,Final,2,Boston Red Sox,25,San Diego Padres,1,11
2024-06-29,2024-06-29T20:10Z,Final,30,Tampa Bay Rays,20,Washington Nationals,1,8
2024-06-29,2024-06-29T23:15Z,Final,26,San Francisco Giants,19,Los Angeles Dodgers,7,14
2024-06-29,2024-06-29T23:15Z,Final,1,Baltimore Orioles,13,Texas Rangers,6,5
2024-06-29,2024-06-30T02:07Z,Final,3,Los Angeles Angels,6,Detroit Tigers,6,5
2024-06-29,2024-06-30T02:10Z,Final,12,Seattle Mariners,9,Minnesota Twins,1,5
2024-06-30,2024-06-30T15:35Z,Final,15,Atlanta Braves,23,Pittsburgh Pirates,2,4
2024-06-30,2024-06-30T17:35Z,Final,22,Philadelphia Phillies,28,Miami Marlins,7,6
2024-06-30,2024-06-30T17:35Z,Final,2,Boston Red Sox,25,San Diego Padres,4,1
2024-06-30,2024-06-30T17:37Z,Final,14,Toronto Blue Jays,10,New York Yankees,1,8
2024-06-30,2024-06-30T17:40Z,Final,21,New York Mets,18,Houston Astros,5,10
2024-06-30,2024-06-30T17:40Z,Final,30,Tampa Bay Rays,20,Washington Nationals,5,0
2024-06-30,2024-06-30T18:10Z,Final,8,Milwaukee Brewers,16,Chicago Cubs,7,1
2024-06-30,2024-06-30T18:10Z,Final,7,Kansas City Royals,5,Cleveland Guardians,6,2
2024-06-30,2024-06-30T18:10Z,Final,4,Chicago White Sox,27,Colorado Rockies,4,5
2024-06-30,2024-06-30T18:15Z,Final,24,St. Louis Cardinals,17,Cincinnati Reds,2,0
2024-06-30,2024-06-30T20:05Z,Final,26,San Francisco Giants,19,Los Angeles Dodgers,10,4
2024-06-30,2024-06-30T20:07Z,Final,3,Los Angeles Angels,6,Detroit Tigers,6,7
2024-06-30,2024-06-30T20:10Z,Final,12,Seattle Mariners,9,Minnesota Twins,3,5
2024-06-30,2024-06-30T20:10Z,Final,29,Arizona Diamondbacks,11,Oakland Athletics,5,1
2024-06-30,2024-06-30T23:00Z,Final,1,Baltimore Orioles,13,Texas Rangers,2,11
2024-07-01,2024-07-01T19:07Z,Final,14,Toronto Blue Jays,18,Houston Astros,1,3
2024-07-01,2024-07-01T22:45Z,Final,20,Washington Nationals,21,New York Mets,7,9
2024-07-01,2024-07-02T00:40Z,Final,27,Colorado Rockies,8,Milwaukee Brewers,8,7
2024-07-02,2024-07-02T22:40Z,Final,28,Miami Marlins,2,Boston Red Sox,3,8
2024-07-02,2024-07-02T22:40Z,Final,5,Cleveland Guardians,4,Chicago White Sox,7,6
2024-07-02,2024-07-02T22:40Z,Final,23,Pittsburgh Pirates,24,St. Louis Cardinals,4,7
2024-07-02,2024-07-02T22:45Z,Final,20,Washington Nationals,21,New York Mets,2,7
2024-07-02,2024-07-02T23:05Z,Final,10,New York Yankees,17,Cincinnati Reds,4,5
2024-07-02,2024-07-02T23:07Z,Final,14,Toronto Blue Jays,18,Houston Astros,7,6
2024-07-02,2024-07-02T23:20Z,Final,15,Atlanta Braves,26,San Francisco Giants,3,5
2024-07-02,2024-07-02T23:40Z,Final,9,Minnesota Twins,6,Detroit Tigers,5,3
2024-07-02,2024-07-03T00:05Z,Final,16,Chicago Cubs,22,Philadelphia Phillies,4,6
2024-07-02,2024-07-03T00:05Z,Final,13,Texas Rangers,25,San Diego Padres,7,0
2024-07-02,2024-07-03T00:10Z,Final,7,Kansas City Royals,30,Tampa Bay Rays,1,5
2024-07-02,2024-07-03T00:40Z,Final,27,Colorado Rockies,8,Milwaukee Brewers,3,4
2024-07-02,2024-07-03T01:40Z,Final,11,Oakland Athletics,3,Los Angeles Angels,7,5
2024-07-02,2024-07-03T01:40Z,Final,12,Seattle Mariners,1,Baltimore Orioles,0,2
2024-07-02,2024-07-03T02:10Z,Final,19,Los Angeles Dodgers,29,Arizona Diamondbacks,6,5
2024-07-03,2024-07-03T22:40Z,Final,28,Miami Marlins,2,Boston Red Sox,2,7
2024-07-03,2024-07-03T22:40Z,Final,5,Cleveland Guardians,4,Chicago White Sox,2,8
2024-07-03,2024-07-03T22:40Z,Final,23,Pittsburgh Pirates,24,St. Louis Cardinals,5,4
2024-07-03,2024-07-03T22:45Z,Final,20,Washington Nationals,21,New York Mets,7,5
2024-07-03,2024-07-03T23:05Z,Final,10,New York Yankees,17,Cincinnati Reds,2,3
2024-07-03,2024-07-03T23:07Z,Final,14,Toronto Blue Jays,18,Houston Astros,2,9
2024-07-03,2024-07-03T23:20Z,Final,15,Atlanta Braves,26,San Francisco Giants,3,1
2024-07-03,2024-07-04T00:05Z,Final,16,Chicago Cubs,22,Philadelphia Phillies,3,5
2024-07-03,2024-07-04T00:05Z,Final,13,Texas Rangers,25,San Diego Padres,4,6
2024-07-03,2024-07-04T00:10Z,Final,9,Minnesota Twins,6,Detroit Tigers,2,9
2024-07-03,2024-07-04T00:10Z,Final,7,Kansas City Royals,30,Tampa Bay Rays,4,2
2024-07-03,2024-07-04T00:40Z,Final,27,Colorado Rockies,8,Milwaukee Brewers,0,3
2024-07-03,2024-07-04T01:40Z,Final,11,Oakland Athletics,3,Los Angeles Angels,5,0
2024-07-03,2024-07-04T02:10Z,Final,19,Los Angeles Dodgers,29,Arizona Diamondbacks,4,12
2024-07-03,2024-07-04T02:10Z,Final,12,Seattle Mariners,1,Baltimore Orioles,1,4
2024-07-04,2024-07-04T15:05Z,Final,20,Washington Nationals,21,New York Mets,1,0
2024-07-04,2024-07-04T16:35Z,Final,23,Pittsburgh Pirates,24,St. Louis Cardinals,2,3
2024-07-04,2024-07-04T17:05Z,Final,10,New York Yankees,17,Cincinnati Reds,4,8
2024-07-04,2024-07-04T17:07Z,Final,14,Toronto Blue Jays,18,Houston Astros,3,5
2024-07-04,2024-07-04T17:10Z,Final,28,Miami Marlins,2,Boston Red Sox,5,6
2024-07-04,2024-07-04T17:10Z,Final,5,Cleveland Guardians,4,Chicago White Sox,8,4
2024-07-04,2024-07-04T17:10Z,Final,9,Minnesota Twins,6,Detroit Tigers,12,3
2024-07-04,2024-07-04T18:20Z,Final,16,Chicago Cubs,22,Philadelphia Phillies,10,2
2024-07-04,2024-07-04T18:35Z,Final,13,Texas Rangers,25,San Diego Padres,1,3
2024-07-04,2024-07-04T20:07Z,Final,11,Oakland Athletics,3,Los Angeles Angels,5,0
2024-07-04,2024-07-04T20:10Z,Final,12,Seattle Mariners,1,Baltimore Orioles,7,3
2024-07-04,2024-07-04T23:20Z,Final,15,Atlanta Braves,26,San Francisco Giants,2,4
2024-07-04,2024-07-05T00:10Z,Final,27,Colorado Rockies,8,Milwaukee Brewers,4,3
2024-07-04,2024-07-05T00:10Z,Final,7,Kansas City Royals,30,Tampa Bay Rays,8,10
2024-07-04,2024-07-05T01:10Z,Final,19,Los Angeles Dodgers,29,Arizona Diamondbacks,3,9
2024-07-05,2024-07-05T18:20Z,Final,16,Chicago Cubs,3,Los Angeles Angels,5,1
2024-07-05,2024-07-05T22:40Z,Final,23,Pittsburgh Pirates,21,New York Mets,14,2
2024-07-05,2024-07-05T22:45Z,Final,20,Washington Nationals,24,St. Louis Cardinals,6,7
2024-07-05,2024-07-05T23:05Z,Final,10,New York Yankees,2,Boston Red Sox,3,5
2024-07-05,2024-07-05T23:10Z,Final,28,Miami Marlins,4,Chicago White Sox,2,3
2024-07-05,2024-07-05T23:10Z,Final,5,Cleveland Guardians,26,San Francisco Giants,2,4
2024-07-05,2024-07-05T23:15Z,Final,17,Cincinnati Reds,6,Detroit Tigers,4,5
2024-07-05,2024-07-05T23:20Z,Final,15,Atlanta Braves,22,Philadelphia Phillies,6,8
2024-07-05,2024-07-06T00:05Z,Final,13,Texas Rangers,30,Tampa Bay Rays,3,0
2024-07-05,2024-07-06T00:10Z,Final,9,Minnesota Twins,18,Houston Astros,12,13
2024-07-05,2024-07-06T00:10Z,Final,27,Colorado Rockies,7,Kansas City Royals,4,2
2024-07-05,2024-07-06T01:40Z,Final,25,San Diego Padres,29,Arizona Diamondbacks,10,8
2024-07-05,2024-07-06T01:40Z,Final,11,Oakland Athletics,1,Baltimore Orioles,2,3
2024-07-05,2024-07-06T01:40Z,Final,12,Seattle Mariners,14,Toronto Blue Jays,2,1
2024-07-05,2024-07-06T02:10Z,Final,19,Los Angeles Dodgers,8,Milwaukee Brewers,8,5
2024-07-06,2024-07-06T17:05Z,Final,10,New York Yankees,2,Boston Red Sox,14,4
2024-07-06,2024-07-06T18:10Z,Final,9,Minnesota Twins,18,Houston Astros,9,3
2024-07-06,2024-07-06T18:20Z,Final,16,Chicago Cubs,3,Los Angeles Angels,0,7
2024-07-06,2024-07-06T20:05Z,Final,23,Pittsburgh Pirates,21,New York Mets,2,5
2024-07-06,2024-07-06T20:05Z,Final,20,Washington Nationals,24,St. Louis Cardinals,14,6
2024-07-06,2024-07-06T20:05Z,Final,13,Texas Rangers,30,Tampa Bay Rays,4,3
2024-07-06,2024-07-06T20:07Z,Final,11,Oakland Athletics,1,Baltimore Orioles,19,8
2024-07-06,2024-07-06T20:10Z,Final,28,Miami Marlins,4,Chicago White Sox,4,3
2024-07-06,2024-07-06T20:10Z,Final,17,Cincinnati Reds,6,Detroit Tigers,3,5
2024-07-06,2024-07-06T20:10Z,Final,5,Cleveland Guardians,26,San Francisco Giants,5,4
2024-07-06,2024-07-06T20:10Z,Final,12,Seattle Mariners,14,Toronto Blue Jays,4,5
2024-07-06,2024-07-06T23:15Z,Final,19,Los Angeles Dodgers,8,Milwaukee Brewers,5,3
2024-07-06,2024-07-06T23:15Z,Final,15,Atlanta Braves,22,Philadelphia Phillies,5,1
2024-07-06,2024-07-07T01:10Z,Final,27,Colorado Rockies,7,Kansas City Royals,3,1
2024-07-06,2024-07-07T01:40Z,Final,25,San Diego Padres,29,Arizona Diamondbacks,5,7
2024-07-07,2024-07-07T17:35Z,Final,23,Pittsburgh Pirates,21,New York Mets,2,3
2024-07-07,2024-07-07T17:35Z,Final,15,Atlanta Braves,22,Philadelphia Phillies,6,0
2024-07-07,2024-07-07T17:35Z,Final,20,Washington Nationals,24,St. Louis Cardinals,3,8
2024-07-07,2024-07-07T17:40Z,Final,28,Miami Marlins,4,Chicago White Sox,7,4
2024-07-07,2024-07-07T17:40Z,Final,17,Cincinnati Reds,6,Detroit Tigers,1,5
2024-07-07,2024-07-07T17:40Z,Final,5,Cleveland Guardians,26,San Francisco Giants,5,4
2024-07-07,2024-07-07T18:10Z,Final,9,Minnesota Twins,18,Houston Astros,3,2
2024-07-07,2024-07-07T18:20Z,Final,16,Chicago Cubs,3,Los Angeles Angels,5,0
2024-07-07,2024-07-07T18:35Z,Final,13,Texas Rangers,30,Tampa Bay Rays,13,2
2024-07-07,2024-07-07T19:10Z,Final,27,Colorado Rockies,7,Kansas City Royals,1,10
2024-07-07,2024-07-07T20:07Z,Final,11,Oakland Athletics,1,Baltimore Orioles,3,6
2024-07-07,2024-07-07T20:10Z,Final,25,San Diego Padres,29,Arizona Diamondbacks,1,9
2024-07-07,2024-07-07T20:10Z,Final,19,Los Angeles Dodgers,8,Milwaukee Brewers,2,9
2024-07-07,2024-07-07T20:10Z,Final,12,Seattle Mariners,14,Toronto Blue Jays,4,5
2024-07-07,2024-07-07T23:00Z,Final,10,New York Yankees,2,Boston Red Sox,0,3
2024-07-08,2024-07-08T16:35Z,Final,23,Pittsburgh Pirates,21,New York Mets,8,2
2024-07-08,2024-07-08T20:05Z,Final,20,Washington Nationals,24,St. Louis Cardinals,0,6
2024-07-08,2024-07-08T22:40Z,Final,6,Detroit Tigers,5,Cleveland Guardians,1,0
2024-07-08,2024-07-08T23:10Z,Final,17,Cincinnati Reds,27,Colorado Rockies,6,0
2024-07-08,2024-07-09T00:10Z,Final,4,Chicago White Sox,9,Minnesota Twins,6,8
2024-07-08,2024-07-09T01:38Z,Final,3,Los Angeles Angels,13,Texas Rangers,4,9
2024-07-08,2024-07-09T01:40Z,Final,29,Arizona Diamondbacks,15,Atlanta Braves,4,5
2024-07-09,2024-07-09T22:35Z,Final,1,Baltimore Orioles,16,Chicago Cubs,2,9
2024-07-09,2024-07-09T22:40Z,Final,6,Detroit Tigers,5,Cleveland Guardians,8,9
2024-07-09,2024-07-09T22:40Z,Final,22,Philadelphia Phillies,19,Los Angeles Dodgers,10,1
2024-07-09,2024-07-09T22:50Z,Final,30,Tampa Bay Rays,10,New York Yankees,5,3
2024-07-09,2024-07-09T23:10Z,Final,17,Cincinnati Reds,27,Colorado Rockies,12,6
2024-07-09,2024-07-09T23:10Z,Final,2,Boston Red Sox,11,Oakland Athletics,12,9
2024-07-09,2024-07-09T23:10Z,Final,21,New York Mets,20,Washington Nationals,7,5
2024-07-09,2024-07-10T00:10Z,Final,18,Houston Astros,28,Miami Marlins,4,3
2024-07-09,2024-07-10T00:10Z,Final,8,Milwaukee Brewers,23,Pittsburgh Pirates,2,12
2024-07-09,2024-07-10T01:38Z,Final,3,Los Angeles Angels,13,Texas Rangers,4,5
2024-07-09,2024-07-10T01:40Z,Final,29,Arizona Diamondbacks,15,Atlanta Braves,2,6
2024-07-09,2024-07-10T01:40Z,Final,25,San Diego Padres,12,Seattle Mariners,3,8
2024-07-09,2024-07-10T01:45Z,Final,26,San Francisco Giants,14,Toronto Blue Jays,4,3
2024-07-10,2024-07-10T17:45Z,Final,24,St. Louis Cardinals,7,Kansas City Royals,4,6
2024-07-10,2024-07-10T18:10Z,Final,4,Chicago White Sox,9,Minnesota Twins,3,1
2024-07-10,2024-07-10T21:05Z,Final,4,Chicago White Sox,9,Minnesota Twins,2,3
2024-07-10,2024-07-10T22:35Z,Final,1,Baltimore Orioles,16,Chicago Cubs,0,4
2024-07-10,2024-07-10T22:40Z,Final,6,Detroit Tigers,5,Cleveland Guardians,5,4
2024-07-10,2024-07-10T22:40Z,Final,25,San Diego Padres,12,Seattle Mariners,0,2
2024-07-10,2024-07-10T22:50Z,Final,30,Tampa Bay Rays,10,New York Yankees,1,2
2024-07-10,2024-07-10T23:00Z,Final,22,Philadelphia Phillies,19,Los Angeles Dodgers,4,3
2024-07-10,2024-07-10T23:10Z,Final,17,Cincinnati Reds,27,Colorado Rockies,5,6
2024-07-10,2024-07-10T23:10Z,Final,2,Boston Red Sox,11,Oakland Athletics,2,5
2024-07-10,2024-07-10T23:10Z,Final,21,New York Mets,20,Washington Nationals,6,2
2024-07-10,2024-07-10T23:45Z,Final,24,St. Louis Cardinals,7,Kansas City Royals,5,8
2024-07-10,2024-07-11T00:10Z,Final,18,Houston Astros,28,Miami Marlins,9,1
2024-07-10,2024-07-11T00:10Z,Final,8,Milwaukee Brewers,23,Pittsburgh Pirates,9,0
2024-07-10,2024-07-11T01:38Z,Final,3,Los Angeles Angels,13,Texas Rangers,7,2
2024-07-10,2024-07-11T01:40Z,Final,29,Arizona Diamondbacks,15,Atlanta Braves,7,5
2024-07-10,2024-07-11T01:45Z,Final,26,San Francisco Giants,14,Toronto Blue Jays,6,10
2024-07-11,2024-07-11T17:10Z,Final,6,Detroit Tigers,5,Cleveland Guardians,10,1
2024-07-11,2024-07-11T17:10Z,Final,17,Cincinnati Reds,27,Colorado Rockies,8,1
2024-07-11,2024-07-11T17:10Z,Final,21,New York Mets,20,Washington Nationals,7,0
2024-07-11,2024-07-11T18:10Z,Final,8,Milwaukee Brewers,23,Pittsburgh Pirates,0,1
2024-07-11,2024-07-11T19:45Z,Final,26,San Francisco Giants,14,Toronto Blue Jays,3,5
2024-07-11,2024-07-11T22:05Z,Final,22,Philadelphia Phillies,19,Los Angeles Dodgers,5,1
2024-07-11,2024-07-11T22:35Z,Final,1,Baltimore Orioles,16,Chicago Cubs,0,8
2024-07-11,2024-07-11T22:50Z,Final,30,Tampa Bay Rays,10,New York Yankees,5,4
2024-07-11,2024-07-11T23:10Z,Final,2,Boston Red Sox,11,Oakland Athletics,7,0
2024-07-11,2024-07-12T00:10Z,Final,18,Houston Astros,28,Miami Marlins,6,3
2024-07-11,2024-07-12T01:38Z,Final,3,Los Angeles Angels,12,Seattle Mariners,0,11
2024-07-11,2024-07-12T01:40Z,Final,29,Arizona Diamondbacks,15,Atlanta Braves,1,0
2024-07-12,2024-07-12T22:40Z,Final,6,Detroit Tigers,19,Los Angeles Dodgers,3,4
2024-07-12,2024-07-12T22:40Z,Final,22,Philadelphia Phillies,11,Oakland Athletics,2,6
2024-07-12,2024-07-12T22:50Z,Final,30,Tampa Bay Rays,5,Cleveland Guardians,2,0
2024-07-12,2024-07-12T23:05Z,Final,1,Baltimore Orioles,10,New York Yankees,1,4
2024-07-12,2024-07-12T23:10Z,Final,21,New York Mets,27,Colorado Rockies,7,6
2024-07-12,2024-07-12T23:10Z,Final,2,Boston Red Sox,7,Kansas City Royals,1,6
2024-07-12,2024-07-12T23:10Z,Final,17,Cincinnati Reds,28,Miami Marlins,7,4
2024-07-12,2024-07-13T00:10Z,Final,4,Chicago White Sox,23,Pittsburgh Pirates,1,4
2024-07-12,2024-07-13T00:10Z,Final,18,Houston Astros,13,Texas Rangers,6,3
2024-07-12,2024-07-13T00:10Z,Final,8,Milwaukee Brewers,20,Washington Nationals,2,5
2024-07-12,2024-07-13T00:15Z,Final,24,St. Louis Cardinals,16,Chicago Cubs,1,5
2024-07-12,2024-07-13T01:38Z,Final,3,Los Angeles Angels,12,Seattle Mariners,6,5
2024-07-12,2024-07-13T01:40Z,Final,25,San Diego Padres,15,Atlanta Braves,1,6
2024-07-12,2024-07-13T01:40Z,Final,29,Arizona Diamondbacks,14,Toronto Blue Jays,5,4
2024-07-12,2024-07-13T02:15Z,Final,26,San Francisco Giants,9,Minnesota Twins,7,1
2024-07-13,2024-07-13T17:10Z,Final,6,Detroit Tigers,19,Los Angeles Dodgers,11,9
2024-07-13,2024-07-13T18:10Z,Final,4,Chicago White Sox,23,Pittsburgh Pirates,2,6
2024-07-13,2024-07-13T18:15Z,Final,24,St. Louis Cardinals,16,Chicago Cubs,11,3
2024-07-13,2024-07-13T20:05Z,Final,1,Baltimore Orioles,10,New York Yankees,1,6
2024-07-13,2024-07-13T20:05Z,Final,22,Philadelphia Phillies,11,Oakland Athletics,11,5
2024-07-13,2024-07-13T20:10Z,Final,30,Tampa Bay Rays,5,Cleveland Guardians,2,4
2024-07-13,2024-07-13T20:10Z,Final,21,New York Mets,27,Colorado Rockies,7,3
2024-07-13,2024-07-13T20:10Z,Final,2,Boston Red Sox,7,Kansas City Royals,5,0
2024-07-13,2024-07-13T20:10Z,Final,17,Cincinnati Reds,28,Miami Marlins,10,6
2024-07-13,2024-07-13T20:10Z,Final,18,Houston Astros,13,Texas Rangers,1,2
2024-07-13,2024-07-13T20:10Z,Final,8,Milwaukee Brewers,20,Washington Nationals,5,6
2024-07-13,2024-07-13T23:15Z,Final,25,San Diego Padres,15,Atlanta Braves,4,0
2024-07-13,2024-07-13T23:15Z,Final,26,San Francisco Giants,9,Minnesota Twins,2,4
2024-07-13,2024-07-14T00:15Z,Final,24,St. Louis Cardinals,16,Chicago Cubs,5,4
2024-07-13,2024-07-14T01:38Z,Final,3,Los Angeles Angels,12,Seattle Mariners,2,1
2024-07-13,2024-07-14T02:10Z,Final,29,Arizona Diamondbacks,14,Toronto Blue Jays,12,1
2024-07-14,2024-07-14T15:35Z,Final,1,Baltimore Orioles,10,New York Yankees,6,5
2024-07-14,2024-07-14T17:35Z,Final,2,Boston Red Sox,7,Kansas City Royals,5,4
2024-07-14,2024-07-14T17:35Z,Final,22,Philadelphia Phillies,11,Oakland Athletics,3,18
2024-07-14,2024-07-14T17:40Z,Final,30,Tampa Bay Rays,5,Cleveland Guardians,2,0
2024-07-14,2024-07-14T17:40Z,Final,21,New York Mets,27,Colorado Rockies,5,8
2024-07-14,2024-07-14T17:40Z,Final,6,Detroit Tigers,19,Los Angeles Dodgers,4,3
2024-07-14,2024-07-14T17:40Z,Final,17,Cincinnati Reds,28,Miami Marlins,2,3
2024-07-14,2024-07-14T18:10Z,Final,4,Chicago White Sox,23,Pittsburgh Pirates,4,9
2024-07-14,2024-07-14T18:10Z,Final,18,Houston Astros,13,Texas Rangers,2,4
2024-07-14,2024-07-14T18:10Z,Final,8,Milwaukee Brewers,20,Washington Nationals,9,3
2024-07-14,2024-07-14T18:15Z,Final,24,St. Louis Cardinals,16,Chicago Cubs,3,8
2024-07-14,2024-07-14T20:05Z,Final,26,San Francisco Giants,9,Minnesota Twins,3,2
2024-07-14,2024-07-14T20:07Z,Final,3,Los Angeles Angels,12,Seattle Mariners,3,2
2024-07-14,2024-07-14T20:10Z,Final,25,San Diego Padres,15,Atlanta Braves,3,6
2024-07-14,2024-07-14T20:10Z,Final,29,Arizona Diamondbacks,14,Toronto Blue Jays,7,8
2024-07-16,2024-07-17T00:00Z,Final,31,American All-Stars,32,National All-Stars,5,3
2024-07-19,2024-07-19T18:20Z,Final,16,Chicago Cubs,29,Arizona Diamondbacks,2,5
2024-07-19,2024-07-19T22:40Z,Final,23,Pittsburgh Pirates,22,Philadelphia Phillies,8,7
2024-07-19,2024-07-19T22:45Z,Final,20,Washington Nationals,17,Cincinnati Reds,8,5
2024-07-19,2024-07-19T23:05Z,Final,10,New York Yankees,30,Tampa Bay Rays,6,1
2024-07-19,2024-07-19T23:07Z,Final,14,Toronto Blue Jays,6,Detroit Tigers,4,5
2024-07-19,2024-07-19T23:10Z,Final,28,Miami Marlins,21,New York Mets,6,4
2024-07-19,2024-07-19T23:10Z,Final,5,Cleveland Guardians,25,San Diego Padres,7,0
2024-07-19,2024-07-20T00:05Z,Final,13,Texas Rangers,1,Baltimore Orioles,1,9
2024-07-19,2024-07-20T00:10Z,Final,7,Kansas City Royals,4,Chicago White Sox,7,1
2024-07-19,2024-07-20T00:40Z,Final,27,Colorado Rockies,26,San Francisco Giants,7,3
2024-07-19,2024-07-20T01:40Z,Final,11,Oakland Athletics,3,Los Angeles Angels,13,3
2024-07-19,2024-07-20T02:10Z,Final,19,Los Angeles Dodgers,2,Boston Red Sox,4,1
2024-07-19,2024-07-20T02:10Z,Final,12,Seattle Mariners,18,Houston Astros,0,3
2024-07-20,2024-07-20T17:05Z,Final,10,New York Yankees,30,Tampa Bay Rays,1,9
2024-07-20,2024-07-20T17:07Z,Final,15,Atlanta Braves,24,St. Louis Cardinals,3,2
2024-07-20,2024-07-20T19:07Z,Final,14,Toronto Blue Jays,6,Detroit Tigers,3,7
2024-07-20,2024-07-20T20:07Z,Final,11,Oakland Athletics,3,Los Angeles Angels,8,2
2024-07-20,2024-07-20T20:10Z,Final,28,Miami Marlins,21,New York Mets,0,1
2024-07-20,2024-07-20T22:40Z,Final,23,Pittsburgh Pirates,22,Philadelphia Phillies,4,1
2024-07-20,2024-07-20T22:45Z,Final,20,Washington Nationals,17,Cincinnati Reds,5,4
2024-07-20,2024-07-20T23:05Z,Final,13,Texas Rangers,1,Baltimore Orioles,4,8
2024-07-20,2024-07-20T23:10Z,Final,7,Kansas City Royals,4,Chicago White Sox,6,1
2024-07-20,2024-07-20T23:10Z,Final,9,Minnesota Twins,8,Milwaukee Brewers,4,8
2024-07-20,2024-07-20T23:10Z,Final,5,Cleveland Guardians,25,San Diego Padres,0,7
2024-07-20,2024-07-20T23:15Z,Final,16,Chicago Cubs,29,Arizona Diamondbacks,0,3
2024-07-20,2024-07-20T23:15Z,Final,19,Los Angeles Dodgers,2,Boston Red Sox,7,6
2024-07-20,2024-07-20T23:20Z,Final,15,Atlanta Braves,24,St. Louis Cardinals,5,9
2024-07-20,2024-07-21T00:10Z,Final,27,Colorado Rockies,26,San Francisco Giants,4,3
2024-07-20,2024-07-21T01:40Z,Final,12,Seattle Mariners,18,Houston Astros,2,4
2024-07-21,2024-07-21T17:05Z,Final,9,Minnesota Twins,8,Milwaukee Brewers,7,8
2024-07-21,2024-07-21T17:35Z,Final,20,Washington Nationals,17,Cincinnati Reds,5,2
2024-07-21,2024-07-21T17:35Z,Final,23,Pittsburgh Pirates,22,Philadelphia Phillies,0,6
2024-07-21,2024-07-21T17:35Z,Final,15,Atlanta Braves,24,St. Louis Cardinals,2,6
2024-07-21,2024-07-21T17:35Z,Final,10,New York Yankees,30,Tampa Bay Rays,4,6
2024-07-21,2024-07-21T17:37Z,Final,14,Toronto Blue Jays,6,Detroit Tigers,5,4
2024-07-21,2024-07-21T17:40Z,Final,28,Miami Marlins,21,New York Mets,4,2
2024-07-21,2024-07-21T17:40Z,Final,5,Cleveland Guardians,25,San Diego Padres,1,2
2024-07-21,2024-07-21T18:10Z,Final,7,Kansas City Royals,4,Chicago White Sox,4,1
2024-07-21,2024-07-21T18:20Z,Final,16,Chicago Cubs,29,Arizona Diamondbacks,2,1
2024-07-21,2024-07-21T18:35Z,Final,13,Texas Rangers,1,Baltimore Orioles,3,2
2024-07-21,2024-07-21T19:10Z,Final,27,Colorado Rockies,26,San Francisco Giants,2,3
2024-07-21,2024-07-21T20:07Z,Final,11,Oakland Athletics,3,Los Angeles Angels,5,8
2024-07-21,2024-07-21T20:10Z,Final,12,Seattle Mariners,18,Houston Astros,6,4
2024-07-21,2024-07-21T23:00Z,Final,19,Los Angeles Dodgers,2,Boston Red Sox,9,6
2024-07-22,2024-07-22T17:05Z,Final,10,New York Yankees,30,Tampa Bay Rays,9,1
2024-07-22,2024-07-22T22:40Z,Final,5,Cleveland Guardians,6,Detroit Tigers,2,8
2024-07-22,2024-07-22T22:40Z,Final,28,Miami Marlins,21,New York Mets,4,6
2024-07-22,2024-07-22T22:40Z,Final,23,Pittsburgh Pirates,24,St. Louis Cardinals,2,1
2024-07-22,2024-07-22T23:20Z,Final,15,Atlanta Braves,17,Cincinnati Reds,1,4
2024-07-22,2024-07-22T23:40Z,Final,9,Minnesota Twins,22,Philadelphia Phillies,7,2
2024-07-22,2024-07-23T00:05Z,Final,13,Texas Rangers,4,Chicago White Sox,4,3
2024-07-22,2024-07-23T00:05Z,Final,16,Chicago Cubs,8,Milwaukee Brewers,3,1
2024-07-22,2024-07-23T00:10Z,Final,7,Kansas City Royals,29,Arizona Diamondbacks,10,4
2024-07-22,2024-07-23T00:40Z,Final,27,Colorado Rockies,2,Boston Red Sox,9,8
2024-07-22,2024-07-23T01:40Z,Final,12,Seattle Mariners,3,Los Angeles Angels,1,3
2024-07-22,2024-07-23T01:40Z,Final,11,Oakland Athletics,18,Houston Astros,4,0
2024-07-22,2024-07-23T02:10Z,Final,19,Los Angeles Dodgers,26,San Francisco Giants,3,2
2024-07-23,2024-07-23T22:40Z,Final,28,Miami Marlins,1,Baltimore Orioles,6,3
2024-07-23,2024-07-23T22:40Z,Final,5,Cleveland Guardians,6,Detroit Tigers,5,4
2024-07-23,2024-07-23T22:40Z,Final,23,Pittsburgh Pirates,24,St. Louis Cardinals,1,2
2024-07-23,2024-07-23T22:45Z,Final,20,Washington Nationals,25,San Diego Padres,0,4
2024-07-23,2024-07-23T23:05Z,Final,10,New York Yankees,21,New York Mets,2,3
2024-07-23,2024-07-23T23:07Z,Final,14,Toronto Blue Jays,30,Tampa Bay Rays,2,4
2024-07-23,2024-07-23T23:40Z,Final,9,Minnesota Twins,22,Philadelphia Phillies,0,3
2024-07-23,2024-07-24T00:05Z,Final,13,Texas Rangers,4,Chicago White Sox,3,2
2024-07-23,2024-07-24T00:05Z,Final,16,Chicago Cubs,8,Milwaukee Brewers,0,1
2024-07-23,2024-07-24T00:10Z,Final,7,Kansas City Royals,29,Arizona Diamondbacks,2,6
2024-07-23,2024-07-24T00:40Z,Final,27,Colorado Rockies,2,Boston Red Sox,0,6
2024-07-23,2024-07-24T01:40Z,Final,12,Seattle Mariners,3,Los Angeles Angels,1,5
2024-07-23,2024-07-24T01:40Z,Final,11,Oakland Athletics,18,Houston Astros,8,2
2024-07-23,2024-07-24T02:10Z,Final,19,Los Angeles Dodgers,26,San Francisco Giants,5,2
2024-07-24,2024-07-24T16:20Z,Final,15,Atlanta Braves,17,Cincinnati Reds,4,9
2024-07-24,2024-07-24T16:35Z,Final,23,Pittsburgh Pirates,24,St. Louis Cardinals,5,0
2024-07-24,2024-07-24T17:10Z,Final,9,Minnesota Twins,22,Philadelphia Phillies,5,4
2024-07-24,2024-07-24T18:20Z,Final,16,Chicago Cubs,8,Milwaukee Brewers,2,3
2024-07-24,2024-07-24T19:10Z,Final,27,Colorado Rockies,2,Boston Red Sox,20,7
2024-07-24,2024-07-24T19:37Z,Final,11,Oakland Athletics,18,Houston Astros,1,8
2024-07-24,2024-07-24T19:40Z,Final,12,Seattle Mariners,3,Los Angeles Angels,1,2
2024-07-24,2024-07-24T22:40Z,Final,28,Miami Marlins,1,Baltimore Orioles,6,3
2024-07-24,2024-07-24T22:40Z,Final,5,Cleveland Guardians,6,Detroit Tigers,2,1
2024-07-24,2024-07-24T22:45Z,Final,20,Washington Nationals,25,San Diego Padres,3,12
2024-07-24,2024-07-24T23:00Z,Final,10,New York Yankees,21,New York Mets,3,12
2024-07-24,2024-07-24T23:07Z,Final,14,Toronto Blue Jays,30,Tampa Bay Rays,6,3
2024-07-24,2024-07-25T00:05Z,Final,13,Texas Rangers,4,Chicago White Sox,10,2
2024-07-24,2024-07-25T00:10Z,Final,7,Kansas City Royals,29,Arizona Diamondbacks,6,8
2024-07-24,2024-07-25T02:10Z,Final,19,Los Angeles Dodgers,26,San Francisco Giants,3,8
2024-07-25,2024-07-25T16:05Z,Final,20,Washington Nationals,25,San Diego Padres,0,3
2024-07-25,2024-07-25T16:10Z,Final,28,Miami Marlins,1,Baltimore Orioles,6,7
2024-07-25,2024-07-25T17:10Z,Final,5,Cleveland Guardians,6,Detroit Tigers,0,3
2024-07-25,2024-07-25T18:35Z,Final,13,Texas Rangers,4,Chicago White Sox,2,1
2024-07-25,2024-07-25T19:07Z,Final,14,Toronto Blue Jays,30,Tampa Bay Rays,0,13
2024-07-25,2024-07-25T20:10Z,Final,19,Los Angeles Dodgers,26,San Francisco Giants,6,4
2024-07-25,2024-07-25T23:10Z,Final,21,New York Mets,15,Atlanta Braves,3,2
2024-07-25,2024-07-26T01:38Z,Final,3,Los Angeles Angels,11,Oakland Athletics,5,6
2024-07-26,2024-07-26T22:40Z,Final,22,Philadelphia Phillies,5,Cleveland Guardians,1,3
2024-07-26,2024-07-26T22:40Z,Final,6,Detroit Tigers,9,Minnesota Twins,3,9
2024-07-26,2024-07-26T22:50Z,Final,30,Tampa Bay Rays,17,Cincinnati Reds,2,3
2024-07-26,2024-07-26T23:05Z,Final,1,Baltimore Orioles,25,San Diego Padres,4,6
2024-07-26,2024-07-26T23:07Z,Final,14,Toronto Blue Jays,13,Texas Rangers,6,5
2024-07-26,2024-07-26T23:10Z,Final,21,New York Mets,15,Atlanta Braves,8,4
2024-07-26,2024-07-26T23:10Z,Final,2,Boston Red Sox,10,New York Yankees,9,7
2024-07-26,2024-07-27T00:10Z,Final,7,Kansas City Royals,16,Chicago Cubs,6,0
2024-07-26,2024-07-27T00:10Z,Final,18,Houston Astros,19,Los Angeles Dodgers,5,0
2024-07-26,2024-07-27T00:10Z,Final,8,Milwaukee Brewers,28,Miami Marlins,2,6
2024-07-26,2024-07-27T00:10Z,Final,4,Chicago White Sox,12,Seattle Mariners,0,10
2024-07-26,2024-07-27T00:15Z,Final,24,St. Louis Cardinals,20,Washington Nationals,8,10
2024-07-26,2024-07-27T01:38Z,Final,3,Los Angeles Angels,11,Oakland Athletics,4,5
2024-07-26,2024-07-27T01:40Z,Final,29,Arizona Diamondbacks,23,Pittsburgh Pirates,4,3
2024-07-26,2024-07-27T02:15Z,Final,26,San Francisco Giants,27,Colorado Rockies,11,4
2024-07-27,2024-07-27T19:07Z,Final,14,Toronto Blue Jays,13,Texas Rangers,7,3
2024-07-27,2024-07-27T20:05Z,Final,1,Baltimore Orioles,25,San Diego Padres,4,9
2024-07-27,2024-07-27T20:10Z,Final,21,New York Mets,15,Atlanta Braves,0,4
2024-07-27,2024-07-27T20:10Z,Final,30,Tampa Bay Rays,17,Cincinnati Reds,4,0
2024-07-27,2024-07-27T22:05Z,Final,22,Philadelphia Phillies,5,Cleveland Guardians,8,0
2024-07-27,2024-07-27T22:10Z,Final,6,Detroit Tigers,9,Minnesota Twins,7,2
2024-07-27,2024-07-27T23:05Z,Final,26,San Francisco Giants,27,Colorado Rockies,4,1
2024-07-27,2024-07-27T23:10Z,Final,7,Kansas City Royals,16,Chicago Cubs,4,9
2024-07-27,2024-07-27T23:10Z,Final,18,Houston Astros,19,Los Angeles Dodgers,7,6
2024-07-27,2024-07-27T23:10Z,Final,8,Milwaukee Brewers,28,Miami Marlins,3,7
2024-07-27,2024-07-27T23:15Z,Final,2,Boston Red Sox,10,New York Yankees,8,11
2024-07-27,2024-07-27T23:15Z,Final,4,Chicago White Sox,12,Seattle Mariners,3,6
2024-07-27,2024-07-27T23:15Z,Final,24,St. Louis Cardinals,20,Washington Nationals,3,14
2024-07-27,2024-07-28T00:10Z,Final,29,Arizona Diamondbacks,23,Pittsburgh Pirates,9,5
2024-07-27,2024-07-28T01:38Z,Final,3,Los Angeles Angels,11,Oakland Athletics,1,3
2024-07-27,2024-07-28T02:18Z,Final,26,San Francisco Giants,27,Colorado Rockies,5,0
2024-07-28,2024-07-28T15:35Z,Final,30,Tampa Bay Rays,17,Cincinnati Reds,2,1
2024-07-28,2024-07-28T17:35Z,Final,22,Philadelphia Phillies,5,Cleveland Guardians,3,4
2024-07-28,2024-07-28T17:35Z,Final,1,Baltimore Orioles,25,San Diego Padres,8,6
2024-07-28,2024-07-28T17:37Z,Final,14,Toronto Blue Jays,13,Texas Rangers,7,3
2024-07-28,2024-07-28T17:40Z,Final,21,New York Mets,15,Atlanta Braves,2,9
2024-07-28,2024-07-28T17:40Z,Final,6,Detroit Tigers,9,Minnesota Twins,0,5
2024-07-28,2024-07-28T18:10Z,Final,7,Kansas City Royals,16,Chicago Cubs,3,7
2024-07-28,2024-07-28T18:10Z,Final,18,Houston Astros,19,Los Angeles Dodgers,2,6
2024-07-28,2024-07-28T18:10Z,Final,8,Milwaukee Brewers,28,Miami Marlins,6,2
2024-07-28,2024-07-28T18:10Z,Final,4,Chicago White Sox,12,Seattle Mariners,3,6
2024-07-28,2024-07-28T18:15Z,Final,24,St. Louis Cardinals,20,Washington Nationals,4,3
2024-07-28,2024-07-28T20:05Z,Final,26,San Francisco Giants,27,Colorado Rockies,5,4
2024-07-28,2024-07-28T20:07Z,Final,3,Los Angeles Angels,11,Oakland Athletics,8,6
2024-07-28,2024-07-28T20:10Z,Final,29,Arizona Diamondbacks,23,Pittsburgh Pirates,5,6
2024-07-28,2024-07-28T23:00Z,Final,2,Boston Red Sox,10,New York Yankees,2,8
2024-07-29,2024-07-29T19:05Z,Final,1,Baltimore Orioles,14,Toronto Blue Jays,11,5
2024-07-29,2024-07-29T22:40Z,Final,6,Detroit Tigers,5,Cleveland Guardians,4,8
2024-07-29,2024-07-29T22:40Z,Final,22,Philadelphia Phillies,10,New York Yankees,4,14
2024-07-29,2024-07-29T22:50Z,Final,1,Baltimore Orioles,14,Toronto Blue Jays,4,8
2024-07-29,2024-07-29T23:10Z,Final,17,Cincinnati Reds,16,Chicago Cubs,7,1
2024-07-29,2024-07-29T23:10Z,Final,21,New York Mets,9,Minnesota Twins,15,2
2024-07-29,2024-07-29T23:10Z,Final,2,Boston Red Sox,12,Seattle Mariners,14,7
2024-07-29,2024-07-29T23:45Z,Final,24,St. Louis Cardinals,13,Texas Rangers,3,6
2024-07-29,2024-07-30T00:10Z,Final,8,Milwaukee Brewers,15,Atlanta Braves,8,3
2024-07-29,2024-07-30T00:10Z,Final,4,Chicago White Sox,7,Kansas City Royals,5,8
2024-07-29,2024-07-30T00:10Z,Final,18,Houston Astros,23,Pittsburgh Pirates,3,5
2024-07-29,2024-07-30T01:40Z,Final,29,Arizona Diamondbacks,20,Washington Nationals,9,8
2024-07-30,2024-07-30T17:10Z,Final,6,Detroit Tigers,5,Cleveland Guardians,0,5
2024-07-30,2024-07-30T22:35Z,Final,1,Baltimore Orioles,14,Toronto Blue Jays,6,2
2024-07-30,2024-07-30T22:40Z,Final,22,Philadelphia Phillies,10,New York Yankees,6,7
2024-07-30,2024-07-30T22:50Z,Final,30,Tampa Bay Rays,28,Miami Marlins,9,3
2024-07-30,2024-07-30T23:10Z,Final,17,Cincinnati Reds,16,Chicago Cubs,6,3
2024-07-30,2024-07-30T23:10Z,Final,21,New York Mets,9,Minnesota Twins,2,0
2024-07-30,2024-07-30T23:10Z,Final,2,Boston Red Sox,12,Seattle Mariners,6,10
2024-07-30,2024-07-30T23:45Z,Final,24,St. Louis Cardinals,13,Texas Rangers,8,1
2024-07-30,2024-07-31T00:10Z,Final,8,Milwaukee Brewers,15,Atlanta Braves,1,5
2024-07-30,2024-07-31T00:10Z,Final,4,Chicago White Sox,7,Kansas City Royals,3,4
2024-07-30,2024-07-31T00:10Z,Final,18,Houston Astros,23,Pittsburgh Pirates,2,6
2024-07-30,2024-07-31T01:38Z,Final,3,Los Angeles Angels,27,Colorado Rockies,10,7
2024-07-30,2024-07-31T01:40Z,Final,25,San Diego Padres,19,Los Angeles Dodgers,6,5
2024-07-30,2024-07-31T01:40Z,Final,29,Arizona Diamondbacks,20,Washington Nationals,17,0
2024-07-30,2024-07-31T01:45Z,Final,26,San Francisco Giants,11,Oakland Athletics,2,5
2024-07-31,2024-07-31T16:10Z,Final,30,Tampa Bay Rays,28,Miami Marlins,2,6
2024-07-31,2024-07-31T16:35Z,Final,22,Philadelphia Phillies,10,New York Yankees,5,6
2024-07-31,2024-07-31T16:35Z,Final,1,Baltimore Orioles,14,Toronto Blue Jays,10,4
2024-07-31,2024-07-31T17:10Z,Final,21,New York Mets,9,Minnesota Twins,3,8
2024-07-31,2024-07-31T18:10Z,Final,8,Milwaukee Brewers,15,Atlanta Braves,2,6
2024-07-31,2024-07-31T18:10Z,Final,4,Chicago White Sox,7,Kansas City Royals,3,10
2024-07-31,2024-07-31T18:15Z,Final,24,St. Louis Cardinals,13,Texas Rangers,10,1
2024-07-31,2024-07-31T19:40Z,Final,29,Arizona Diamondbacks,20,Washington Nationals,5,4
2024-07-31,2024-07-31T20:10Z,Final,2,Boston Red Sox,12,Seattle Mariners,3,2
2024-07-31,2024-07-31T23:10Z,Final,17,Cincinnati Reds,16,Chicago Cubs,4,13
2024-07-31,2024-08-01T00:10Z,Final,18,Houston Astros,23,Pittsburgh Pirates,5,4
2024-07-31,2024-08-01T00:40Z,Final,25,San Diego Padres,19,Los Angeles Dodgers,8,1
2024-07-31,2024-08-01T01:38Z,Final,3,Los Angeles Angels,27,Colorado Rockies,1,2
2024-07-31,2024-08-01T01:45Z,Final,26,San Francisco Giants,11,Oakland Athletics,1,0
2024-08-01,2024-08-01T22:40Z,Final,5,Cleveland Guardians,1,Baltimore Orioles,10,3
2024-08-01,2024-08-01T22:40Z,Final,6,Detroit Tigers,7,Kansas City Royals,1,7
2024-08-01,2024-08-01T23:20Z,Final,15,Atlanta Braves,28,Miami Marlins,4,2
2024-08-01,2024-08-02T00:05Z,Final,16,Chicago Cubs,24,St. Louis Cardinals,5,4
2024-08-01,2024-08-02T01:38Z,Final,3,Los Angeles Angels,27,Colorado Rockies,4,5
2024-08-02,2024-08-02T18:20Z,Final,16,Chicago Cubs,24,St. Louis Cardinals,6,3
2024-08-02,2024-08-02T22:40Z,Final,23,Pittsburgh Pirates,29,Arizona Diamondbacks,8,9
2024-08-02,2024-08-02T22:40Z,Final,6,Detroit Tigers,7,Kansas City Royals,2,9
2024-08-02,2024-08-02T22:45Z,Final,20,Washington Nationals,8,Milwaukee Brewers,3,8
2024-08-02,2024-08-02T23:05Z,Final,10,New York Yankees,14,Toronto Blue Jays,5,8
2024-08-02,2024-08-02T23:10Z,Final,5,Cleveland Guardians,1,Baltimore Orioles,8,4
2024-08-02,2024-08-02T23:10Z,Final,17,Cincinnati Reds,26,San Francisco Giants,0,3
2024-08-02,2024-08-02T23:20Z,Final,15,Atlanta Braves,28,Miami Marlins,5,3
2024-08-02,2024-08-03T00:05Z,Final,13,Texas Rangers,2,Boston Red Sox,6,11
2024-08-02,2024-08-03T00:10Z,Final,9,Minnesota Twins,4,Chicago White Sox,10,2
2024-08-02,2024-08-03T00:10Z,Final,18,Houston Astros,30,Tampa Bay Rays,3,2
2024-08-02,2024-08-03T01:38Z,Final,3,Los Angeles Angels,21,New York Mets,1,5
2024-08-02,2024-08-03T01:40Z,Final,25,San Diego Padres,27,Colorado Rockies,2,5
2024-08-02,2024-08-03T01:40Z,Final,11,Oakland Athletics,19,Los Angeles Dodgers,6,5
2024-08-02,2024-08-03T01:40Z,Final,12,Seattle Mariners,22,Philadelphia Phillies,10,2
2024-08-03,2024-08-03T17:05Z,Final,10,New York Yankees,14,Toronto Blue Jays,8,3
2024-08-03,2024-08-03T18:20Z,Final,16,Chicago Cubs,24,St. Louis Cardinals,4,5
2024-08-03,2024-08-03T20:05Z,Final,20,Washington Nationals,8,Milwaukee Brewers,6,4
2024-08-03,2024-08-03T22:10Z,Final,6,Detroit Tigers,7,Kansas City Royals,6,5
2024-08-03,2024-08-03T22:40Z,Final,23,Pittsburgh Pirates,29,Arizona Diamondbacks,4,2
2024-08-03,2024-08-03T23:05Z,Final,13,Texas Rangers,2,Boston Red Sox,7,4
2024-08-03,2024-08-03T23:10Z,Final,9,Minnesota Twins,4,Chicago White Sox,6,2
2024-08-03,2024-08-03T23:15Z,Final,5,Cleveland Guardians,1,Baltimore Orioles,4,7
2024-08-03,2024-08-03T23:15Z,Final,17,Cincinnati Reds,26,San Francisco Giants,6,4
2024-08-03,2024-08-03T23:15Z,Final,18,Houston Astros,30,Tampa Bay Rays,1,6
2024-08-03,2024-08-03T23:20Z,Final,15,Atlanta Braves,28,Miami Marlins,3,4
2024-08-03,2024-08-04T00:40Z,Final,25,San Diego Padres,27,Colorado Rockies,3,2
2024-08-03,2024-08-04T01:07Z,Final,11,Oakland Athletics,19,Los Angeles Dodgers,0,10
2024-08-03,2024-08-04T01:38Z,Final,3,Los Angeles Angels,21,New York Mets,5,4
2024-08-03,2024-08-04T01:40Z,Final,12,Seattle Mariners,22,Philadelphia Phillies,6,5
2024-08-04,2024-08-04T16:05Z,Final,17,Cincinnati Reds,26,San Francisco Giants,2,8
2024-08-04,2024-08-04T17:35Z,Final,23,Pittsburgh Pirates,29,Arizona Diamondbacks,5,6
2024-08-04,2024-08-04T17:35Z,Final,15,Atlanta Braves,28,Miami Marlins,0,7
2024-08-04,2024-08-04T17:35Z,Final,20,Washington Nationals,8,Milwaukee Brewers,4,3
2024-08-04,2024-08-04T17:35Z,Final,10,New York Yankees,14,Toronto Blue Jays,4,3
2024-08-04,2024-08-04T17:40Z,Final,5,Cleveland Guardians,1,Baltimore Orioles,5,9
2024-08-04,2024-08-04T17:40Z,Final,6,Detroit Tigers,7,Kansas City Royals,2,3
2024-08-04,2024-08-04T18:10Z,Final,9,Minnesota Twins,4,Chicago White Sox,13,7
2024-08-04,2024-08-04T18:10Z,Final,18,Houston Astros,30,Tampa Bay Rays,0,1
2024-08-04,2024-08-04T18:35Z,Final,13,Texas Rangers,2,Boston Red Sox,2,7
2024-08-04,2024-08-04T20:07Z,Final,11,Oakland Athletics,19,Los Angeles Dodgers,2,3
2024-08-04,2024-08-04T20:07Z,Final,3,Los Angeles Angels,21,New York Mets,3,2
2024-08-04,2024-08-04T20:10Z,Final,25,San Diego Padres,27,Colorado Rockies,10,2
2024-08-04,2024-08-04T20:10Z,Final,12,Seattle Mariners,22,Philadelphia Phillies,0,6
2024-08-04,2024-08-04T23:00Z,Final,16,Chicago Cubs,24,St. Louis Cardinals,6,2
2024-08-05,2024-08-05T21:15Z,Final,24,St. Louis Cardinals,21,New York Mets,0,6
2024-08-05,2024-08-05T22:40Z,Final,5,Cleveland Guardians,29,Arizona Diamondbacks,6,7
2024-08-05,2024-08-05T22:40Z,Final,28,Miami Marlins,17,Cincinnati Reds,3,10
2024-08-05,2024-08-05T22:45Z,Final,20,Washington Nationals,26,San Francisco Giants,1,4
2024-08-05,2024-08-06T00:05Z,Final,13,Texas Rangers,18,Houston Astros,4,3
2024-08-05,2024-08-06T00:05Z,Final,16,Chicago Cubs,9,Minnesota Twins,0,3
2024-08-05,2024-08-06T00:10Z,Final,7,Kansas City Royals,2,Boston Red Sox,5,9
2024-08-05,2024-08-06T01:40Z,Final,11,Oakland Athletics,4,Chicago White Sox,5,1
2024-08-05,2024-08-06T02:10Z,Final,19,Los Angeles Dodgers,22,Philadelphia Phillies,5,3
2024-08-06,2024-08-06T22:40Z,Final,28,Miami Marlins,17,Cincinnati Reds,2,8
2024-08-06,2024-08-06T22:40Z,Final,23,Pittsburgh Pirates,25,San Diego Padres,0,6
2024-08-06,2024-08-06T22:45Z,Final,20,Washington Nationals,26,San Francisco Giants,11,5
2024-08-06,2024-08-06T23:07Z,Final,14,Toronto Blue Jays,1,Baltimore Orioles,5,2
2024-08-06,2024-08-06T23:20Z,Final,15,Atlanta Braves,8,Milwaukee Brewers,0,10
2024-08-06,2024-08-06T23:45Z,Final,24,St. Louis Cardinals,30,Tampa Bay Rays,4,3
2024-08-06,2024-08-07T00:05Z,Final,13,Texas Rangers,18,Houston Astros,2,4
2024-08-06,2024-08-07T00:05Z,Final,16,Chicago Cubs,9,Minnesota Twins,7,3
2024-08-06,2024-08-07T00:10Z,Final,7,Kansas City Royals,2,Boston Red Sox,5,6
2024-08-06,2024-08-07T00:40Z,Final,27,Colorado Rockies,21,New York Mets,6,3
2024-08-06,2024-08-07T01:40Z,Final,11,Oakland Athletics,4,Chicago White Sox,1,5
2024-08-06,2024-08-07T01:40Z,Final,12,Seattle Mariners,6,Detroit Tigers,2,4
2024-08-06,2024-08-07T02:10Z,Final,19,Los Angeles Dodgers,22,Philadelphia Phillies,2,6
2024-08-07,2024-08-07T17:10Z,Final,5,Cleveland Guardians,29,Arizona Diamondbacks,3,7
2024-08-07,2024-08-07T18:20Z,Final,16,Chicago Cubs,9,Minnesota Twins,8,2
2024-08-07,2024-08-07T18:35Z,Final,13,Texas Rangers,18,Houston Astros,4,6
2024-08-07,2024-08-07T19:37Z,Final,11,Oakland Athletics,4,Chicago White Sox,3,2
2024-08-07,2024-08-07T20:05Z,Final,10,New York Yankees,3,Los Angeles Angels,5,2
2024-08-07,2024-08-07T20:30Z,Final,5,Cleveland Guardians,29,Arizona Diamondbacks,3,5
2024-08-07,2024-08-07T22:40Z,Final,28,Miami Marlins,17,Cincinnati Reds,6,4
2024-08-07,2024-08-07T22:40Z,Final,23,Pittsburgh Pirates,25,San Diego Padres,8,9
2024-08-07,2024-08-07T22:45Z,Final,20,Washington Nationals,26,San Francisco Giants,4,7
2024-08-07,2024-08-07T23:07Z,Final,14,Toronto Blue Jays,1,Baltimore Orioles,3,7
2024-08-07,2024-08-07T23:20Z,Final,15,Atlanta Braves,8,Milwaukee Brewers,5,8
2024-08-07,2024-08-07T23:35Z,Final,10,New York Yankees,3,Los Angeles Angels,2,8
2024-08-07,2024-08-07T23:45Z,Final,24,St. Louis Cardinals,30,Tampa Bay Rays,5,2
2024-08-07,2024-08-08T00:10Z,Final,7,Kansas City Royals,2,Boston Red Sox,8,4
2024-08-07,2024-08-08T00:40Z,Final,27,Colorado Rockies,21,New York Mets,3,5
2024-08-07,2024-08-08T01:40Z,Final,12,Seattle Mariners,6,Detroit Tigers,2,6
2024-08-07,2024-08-08T02:10Z,Final,19,Los Angeles Dodgers,22,Philadelphia Phillies,4,9
2024-08-08,2024-08-08T16:05Z,Final,20,Washington Nationals,26,San Francisco Giants,5,9
2024-08-08,2024-08-08T16:20Z,Final,15,Atlanta Braves,8,Milwaukee Brewers,7,16
2024-08-08,2024-08-08T16:35Z,Final,23,Pittsburgh Pirates,25,San Diego Padres,6,7
2024-08-08,2024-08-08T19:10Z,Final,27,Colorado Rockies,21,New York Mets,1,9
2024-08-08,2024-08-08T22:10Z,Final,28,Miami Marlins,17,Cincinnati Reds,4,10
2024-08-08,2024-08-08T23:05Z,Final,10,New York Yankees,3,Los Angeles Angels,4,9
2024-08-08,2024-08-08T23:07Z,Final,14,Toronto Blue Jays,1,Baltimore Orioles,7,6
2024-08-08,2024-08-08T23:15Z,Final,24,St. Louis Cardinals,30,Tampa Bay Rays,4,6
2024-08-08,2024-08-09T01:40Z,Final,12,Seattle Mariners,6,Detroit Tigers,4,3
2024-08-08,2024-08-09T01:40Z,Final,29,Arizona Diamondbacks,22,Philadelphia Phillies,4,6
2024-08-09,2024-08-09T18:10Z,Final,9,Minnesota Twins,5,Cleveland Guardians,4,2
2024-08-09,2024-08-09T22:45Z,Final,20,Washington Nationals,3,Los Angeles Angels,3,2
2024-08-09,2024-08-09T22:50Z,Final,30,Tampa Bay Rays,1,Baltimore Orioles,1,4
2024-08-09,2024-08-09T23:07Z,Final,14,Toronto Blue Jays,11,Oakland Athletics,3,1
2024-08-09,2024-08-09T23:10Z,Final,2,Boston Red Sox,18,Houston Astros,4,8
2024-08-09,2024-08-09T23:10Z,Final,28,Miami Marlins,25,San Diego Padres,2,6
2024-08-09,2024-08-10T00:10Z,Final,4,Chicago White Sox,16,Chicago Cubs,6,7
2024-08-09,2024-08-10T00:10Z,Final,8,Milwaukee Brewers,17,Cincinnati Reds,8,3
2024-08-09,2024-08-10T00:10Z,Final,9,Minnesota Twins,5,Cleveland Guardians,6,3
2024-08-09,2024-08-10T00:10Z,Final,7,Kansas City Royals,24,St. Louis Cardinals,5,8
2024-08-09,2024-08-10T00:40Z,Final,27,Colorado Rockies,15,Atlanta Braves,6,5
2024-08-09,2024-08-10T01:40Z,Final,29,Arizona Diamondbacks,22,Philadelphia Phillies,3,2
2024-08-09,2024-08-10T02:10Z,Final,12,Seattle Mariners,21,New York Mets,6,0
2024-08-09,2024-08-10T02:10Z,Final,19,Los Angeles Dodgers,23,Pittsburgh Pirates,9,5
2024-08-09,2024-08-10T02:15Z,Final,26,San Francisco Giants,6,Detroit Tigers,3,2
2024-08-10,2024-08-10T17:05Z,Final,10,New York Yankees,13,Texas Rangers,8,0
2024-08-10,2024-08-10T19:07Z,Final,14,Toronto Blue Jays,11,Oakland Athletics,0,1
2024-08-10,2024-08-10T20:05Z,Final,26,San Francisco Giants,6,Detroit Tigers,3,1
2024-08-10,2024-08-10T20:10Z,Final,2,Boston Red Sox,18,Houston Astros,4,5
2024-08-10,2024-08-10T20:10Z,Final,28,Miami Marlins,25,San Diego Padres,8,9
2024-08-10,2024-08-10T20:40Z,Final,10,New York Yankees,13,Texas Rangers,4,9
2024-08-10,2024-08-10T22:45Z,Final,20,Washington Nationals,3,Los Angeles Angels,5,4
2024-08-10,2024-08-10T23:10Z,Final,8,Milwaukee Brewers,17,Cincinnati Reds,1,0
2024-08-10,2024-08-10T23:10Z,Final,9,Minnesota Twins,5,Cleveland Guardians,1,2
2024-08-10,2024-08-10T23:10Z,Final,7,Kansas City Royals,24,St. Louis Cardinals,8,3
2024-08-10,2024-08-10T23:15Z,Final,30,Tampa Bay Rays,1,Baltimore Orioles,5,7
2024-08-10,2024-08-10T23:15Z,Final,4,Chicago White Sox,16,Chicago Cubs,1,3
2024-08-10,2024-08-11T00:10Z,Final,27,Colorado Rockies,15,Atlanta Braves,8,11
2024-08-10,2024-08-11T00:10Z,Final,29,Arizona Diamondbacks,22,Philadelphia Phillies,11,1
2024-08-10,2024-08-11T01:10Z,Final,19,Los Angeles Dodgers,23,Pittsburgh Pirates,4,1
2024-08-10,2024-08-11T01:40Z,Final,12,Seattle Mariners,21,New York Mets,4,0
2024-08-11,2024-08-11T15:35Z,Final,20,Washington Nationals,3,Los Angeles Angels,4,6
2024-08-11,2024-08-11T17:35Z,Final,2,Boston Red Sox,18,Houston Astros,2,10
2024-08-11,2024-08-11T17:35Z,Final,10,New York Yankees,13,Texas Rangers,8,7
2024-08-11,2024-08-11T17:37Z,Final,14,Toronto Blue Jays,11,Oakland Athletics,4,8
2024-08-11,2024-08-11T17:40Z,Final,30,Tampa Bay Rays,1,Baltimore Orioles,2,1
2024-08-11,2024-08-11T17:40Z,Final,28,Miami Marlins,25,San Diego Padres,7,6
2024-08-11,2024-08-11T18:10Z,Final,8,Milwaukee Brewers,17,Cincinnati Reds,3,4
2024-08-11,2024-08-11T18:10Z,Final,9,Minnesota Twins,5,Cleveland Guardians,3,5
2024-08-11,2024-08-11T19:10Z,Final,27,Colorado Rockies,15,Atlanta Braves,9,8
2024-08-11,2024-08-11T20:05Z,Final,26,San Francisco Giants,6,Detroit Tigers,4,5
2024-08-11,2024-08-11T20:10Z,Final,29,Arizona Diamondbacks,22,Philadelphia Phillies,12,5
2024-08-11,2024-08-11T20:10Z,Final,19,Los Angeles Dodgers,23,Pittsburgh Pirates,6,5
2024-08-11,2024-08-11T23:00Z,Final,12,Seattle Mariners,21,New York Mets,12,1
2024-08-12,2024-08-12T22:40Z,Final,5,Cleveland Guardians,16,Chicago Cubs,9,8
2024-08-12,2024-08-12T22:40Z,Final,17,Cincinnati Reds,24,St. Louis Cardinals,6,1
2024-08-12,2024-08-12T22:50Z,Final,30,Tampa Bay Rays,18,Houston Astros,1,6
2024-08-12,2024-08-12T23:00Z,Final,2,Boston Red Sox,13,Texas Rangers,5,4
2024-08-12,2024-08-12T23:40Z,Final,9,Minnesota Twins,7,Kansas City Royals,8,3
2024-08-12,2024-08-13T00:10Z,Final,8,Milwaukee Brewers,19,Los Angeles Dodgers,2,5
2024-08-12,2024-08-13T00:10Z,Final,4,Chicago White Sox,10,New York Yankees,12,2
2024-08-12,2024-08-13T01:38Z,Final,3,Los Angeles Angels,14,Toronto Blue Jays,2,4
2024-08-12,2024-08-13T01:40Z,Final,29,Arizona Diamondbacks,27,Colorado Rockies,5,4
2024-08-12,2024-08-13T01:40Z,Final,25,San Diego Padres,23,Pittsburgh Pirates,2,1
2024-08-12,2024-08-13T01:45Z,Final,26,San Francisco Giants,15,Atlanta Braves,0,1
2024-08-13,2024-08-13T22:35Z,Final,1,Baltimore Orioles,20,Washington Nationals,3,9
2024-08-13,2024-08-13T22:40Z,Final,5,Cleveland Guardians,16,Chicago Cubs,2,1
2024-08-13,2024-08-13T22:40Z,Final,22,Philadelphia Phillies,28,Miami Marlins,0,5
2024-08-13,2024-08-13T22:40Z,Final,6,Detroit Tigers,12,Seattle Mariners,15,1
2024-08-13,2024-08-13T22:40Z,Final,17,Cincinnati Reds,24,St. Louis Cardinals,4,1
2024-08-13,2024-08-13T22:50Z,Final,30,Tampa Bay Rays,18,Houston Astros,2,3
2024-08-13,2024-08-13T23:10Z,Final,21,New York Mets,11,Oakland Athletics,4,9
2024-08-13,2024-08-13T23:10Z,Final,2,Boston Red Sox,13,Texas Rangers,9,4
2024-08-13,2024-08-13T23:40Z,Final,9,Minnesota Twins,7,Kansas City Royals,13,3
2024-08-13,2024-08-14T00:10Z,Final,8,Milwaukee Brewers,19,Los Angeles Dodgers,2,7
2024-08-13,2024-08-14T00:10Z,Final,4,Chicago White Sox,10,New York Yankees,1,4
2024-08-13,2024-08-14T01:38Z,Final,3,Los Angeles Angels,14,Toronto Blue Jays,1,6
2024-08-13,2024-08-14T01:40Z,Final,29,Arizona Diamondbacks,27,Colorado Rockies,4,3
2024-08-13,2024-08-14T01:40Z,Final,25,San Diego Padres,23,Pittsburgh Pirates,3,0
2024-08-13,2024-08-14T01:45Z,Final,26,San Francisco Giants,15,Atlanta Braves,3,4
2024-08-14,2024-08-14T17:10Z,Final,9,Minnesota Twins,7,Kansas City Royals,1,4
2024-08-14,2024-08-14T19:40Z,Final,29,Arizona Diamondbacks,27,Colorado Rockies,11,4
2024-08-14,2024-08-14T20:10Z,Final,25,San Diego Padres,23,Pittsburgh Pirates,8,2
2024-08-14,2024-08-14T22:10Z,Final,2,Boston Red Sox,13,Texas Rangers,7,9
2024-08-14,2024-08-14T22:35Z,Final,1,Baltimore Orioles,20,Washington Nationals,4,1
2024-08-14,2024-08-14T22:40Z,Final,5,Cleveland Guardians,16,Chicago Cubs,6,1
2024-08-14,2024-08-14T22:40Z,Final,22,Philadelphia Phillies,28,Miami Marlins,9,5
2024-08-14,2024-08-14T22:40Z,Final,6,Detroit Tigers,12,Seattle Mariners,3,2
2024-08-14,2024-08-14T22:40Z,Final,17,Cincinnati Reds,24,St. Louis Cardinals,9,2
2024-08-14,2024-08-14T22:50Z,Final,30,Tampa Bay Rays,18,Houston Astros,1,2
2024-08-14,2024-08-14T23:10Z,Final,21,New York Mets,11,Oakland Athletics,9,1
2024-08-14,2024-08-15T00:10Z,Final,8,Milwaukee Brewers,19,Los Angeles Dodgers,5,4
2024-08-14,2024-08-15T00:10Z,Final,4,Chicago White Sox,10,New York Yankees,2,10
2024-08-14,2024-08-15T01:38Z,Final,3,Los Angeles Angels,14,Toronto Blue Jays,2,9
2024-08-14,2024-08-15T01:45Z,Final,26,San Francisco Giants,15,Atlanta Braves,2,13
2024-08-15,2024-08-15T17:10Z,Final,21,New York Mets,11,Oakland Athletics,6,7
2024-08-15,2024-08-15T17:10Z,Final,6,Detroit Tigers,12,Seattle Mariners,2,1
2024-08-15,2024-08-15T18:10Z,Final,8,Milwaukee Brewers,19,Los Angeles Dodgers,6,4
2024-08-15,2024-08-15T19:45Z,Final,26,San Francisco Giants,15,Atlanta Braves,6,0
2024-08-15,2024-08-15T22:35Z,Final,1,Baltimore Orioles,2,Boston Red Sox,5,1
2024-08-15,2024-08-15T22:40Z,Final,22,Philadelphia Phillies,20,Washington Nationals,13,3
2024-08-15,2024-08-16T00:05Z,Final,13,Texas Rangers,9,Minnesota Twins,2,3
2024-08-16,2024-08-16T18:20Z,Final,16,Chicago Cubs,14,Toronto Blue Jays,6,5
2024-08-16,2024-08-16T22:40Z,Final,17,Cincinnati Reds,7,Kansas City Royals,1,7
2024-08-16,2024-08-16T22:40Z,Final,6,Detroit Tigers,10,New York Yankees,0,3
2024-08-16,2024-08-16T22:40Z,Final,23,Pittsburgh Pirates,12,Seattle Mariners,5,3
2024-08-16,2024-08-16T22:40Z,Final,22,Philadelphia Phillies,20,Washington Nationals,3,2
2024-08-16,2024-08-16T22:50Z,Final,30,Tampa Bay Rays,29,Arizona Diamondbacks,5,4
2024-08-16,2024-08-16T23:05Z,Final,1,Baltimore Orioles,2,Boston Red Sox,10,12
2024-08-16,2024-08-16T23:10Z,Final,21,New York Mets,28,Miami Marlins,7,3
2024-08-16,2024-08-17T00:05Z,Final,13,Texas Rangers,9,Minnesota Twins,3,4
2024-08-16,2024-08-17T00:10Z,Final,18,Houston Astros,4,Chicago White Sox,4,5
2024-08-16,2024-08-17T00:10Z,Final,8,Milwaukee Brewers,5,Cleveland Guardians,5,3
2024-08-16,2024-08-17T00:15Z,Final,24,St. Louis Cardinals,19,Los Angeles Dodgers,6,7
2024-08-16,2024-08-17T00:40Z,Final,27,Colorado Rockies,25,San Diego Padres,7,3
2024-08-16,2024-08-17T01:38Z,Final,3,Los Angeles Angels,15,Atlanta Braves,3,2
2024-08-17,2024-08-17T17:05Z,Final,23,Pittsburgh Pirates,12,Seattle Mariners,7,2
2024-08-17,2024-08-17T17:10Z,Final,6,Detroit Tigers,10,New York Yankees,4,0
2024-08-17,2024-08-17T18:20Z,Final,16,Chicago Cubs,14,Toronto Blue Jays,3,2
2024-08-17,2024-08-17T20:10Z,Final,30,Tampa Bay Rays,29,Arizona Diamondbacks,6,1
2024-08-17,2024-08-17T20:10Z,Final,21,New York Mets,28,Miami Marlins,4,0
2024-08-17,2024-08-17T22:05Z,Final,22,Philadelphia Phillies,20,Washington Nationals,5,1
2024-08-17,2024-08-17T22:40Z,Final,17,Cincinnati Reds,7,Kansas City Royals,1,13
2024-08-17,2024-08-17T23:05Z,Final,1,Baltimore Orioles,2,Boston Red Sox,1,5
2024-08-17,2024-08-17T23:05Z,Final,13,Texas Rangers,9,Minnesota Twins,2,5
2024-08-17,2024-08-17T23:07Z,Final,11,Oakland Athletics,26,San Francisco Giants,2,0
2024-08-17,2024-08-17T23:10Z,Final,18,Houston Astros,4,Chicago White Sox,6,1
2024-08-17,2024-08-17T23:15Z,Final,8,Milwaukee Brewers,5,Cleveland Guardians,2,1
2024-08-17,2024-08-17T23:15Z,Final,24,St. Louis Cardinals,19,Los Angeles Dodgers,5,2
2024-08-17,2024-08-18T00:10Z,Final,27,Colorado Rockies,25,San Diego Padres,3,8
2024-08-17,2024-08-18T01:38Z,Final,3,Los Angeles Angels,15,Atlanta Braves,3,11
2024-08-18,2024-08-18T16:05Z,Final,21,New York Mets,28,Miami Marlins,2,3
2024-08-18,2024-08-18T17:35Z,Final,1,Baltimore Orioles,2,Boston Red Sox,4,2
2024-08-18,2024-08-18T17:35Z,Final,23,Pittsburgh Pirates,12,Seattle Mariners,3,10
2024-08-18,2024-08-18T17:35Z,Final,22,Philadelphia Phillies,20,Washington Nationals,4,6
2024-08-18,2024-08-18T17:40Z,Final,30,Tampa Bay Rays,29,Arizona Diamondbacks,8,7
2024-08-18,2024-08-18T17:40Z,Final,17,Cincinnati Reds,7,Kansas City Royals,1,8
2024-08-18,2024-08-18T18:10Z,Final,18,Houston Astros,4,Chicago White Sox,2,0
2024-08-18,2024-08-18T18:10Z,Final,8,Milwaukee Brewers,5,Cleveland Guardians,2,0
2024-08-18,2024-08-18T18:15Z,Final,24,St. Louis Cardinals,19,Los Angeles Dodgers,1,2
2024-08-18,2024-08-18T18:20Z,Final,16,Chicago Cubs,14,Toronto Blue Jays,0,1
2024-08-18,2024-08-18T18:35Z,Final,13,Texas Rangers,9,Minnesota Twins,6,5
2024-08-18,2024-08-18T19:10Z,Final,27,Colorado Rockies,25,San Diego Padres,3,2
2024-08-18,2024-08-18T20:07Z,Final,3,Los Angeles Angels,15,Atlanta Braves,1,3
2024-08-18,2024-08-18T20:07Z,Final,11,Oakland Athletics,26,San Francisco Giants,2,4
2024-08-18,2024-08-18T23:00Z,Final,6,Detroit Tigers,10,New York Yankees,3,2
2024-08-19,2024-08-19T22:40Z,Final,28,Miami Marlins,29,Arizona Diamondbacks,6,9
2024-08-19,2024-08-19T23:07Z,Final,14,Toronto Blue Jays,17,Cincinnati Reds,3,6
2024-08-19,2024-08-19T23:20Z,Final,21,New York Mets,1,Baltimore Orioles,4,3
2024-08-19,2024-08-20T00:05Z,Final,13,Texas Rangers,23,Pittsburgh Pirates,4,3
2024-08-19,2024-08-20T00:10Z,Final,7,Kansas City Royals,3,Los Angeles Angels,5,3
2024-08-19,2024-08-20T00:10Z,Final,18,Houston Astros,2,Boston Red Sox,5,4
2024-08-19,2024-08-20T01:40Z,Final,25,San Diego Padres,9,Minnesota Twins,5,3
2024-08-19,2024-08-20T01:40Z,Final,11,Oakland Athletics,30,Tampa Bay Rays,3,0
2024-08-19,2024-08-20T01:45Z,Final,26,San Francisco Giants,4,Chicago White Sox,5,3
2024-08-19,2024-08-20T02:10Z,Final,19,Los Angeles Dodgers,12,Seattle Mariners,3,0
2024-08-20,2024-08-20T22:40Z,Final,28,Miami Marlins,29,Arizona Diamondbacks,1,3
2024-08-20,2024-08-20T22:45Z,Final,20,Washington Nationals,27,Colorado Rockies,1,3
2024-08-20,2024-08-20T23:05Z,Final,10,New York Yankees,5,Cleveland Guardians,5,9
2024-08-20,2024-08-20T23:07Z,Final,14,Toronto Blue Jays,17,Cincinnati Reds,10,3
2024-08-20,2024-08-20T23:10Z,Final,21,New York Mets,1,Baltimore Orioles,5,9
2024-08-20,2024-08-20T23:20Z,Final,15,Atlanta Braves,22,Philadelphia Phillies,3,1
2024-08-20,2024-08-20T23:45Z,Final,24,St. Louis Cardinals,8,Milwaukee Brewers,2,3
2024-08-20,2024-08-21T00:05Z,Final,16,Chicago Cubs,6,Detroit Tigers,3,1
2024-08-20,2024-08-21T00:05Z,Final,13,Texas Rangers,23,Pittsburgh Pirates,0,4
2024-08-20,2024-08-21T00:10Z,Final,7,Kansas City Royals,3,Los Angeles Angels,5,9
2024-08-20,2024-08-21T00:10Z,Final,18,Houston Astros,2,Boston Red Sox,5,6
2024-08-20,2024-08-21T01:40Z,Final,25,San Diego Padres,9,Minnesota Twins,7,5
2024-08-20,2024-08-21T01:40Z,Final,11,Oakland Athletics,30,Tampa Bay Rays,0,1
2024-08-20,2024-08-21T01:45Z,Final,26,San Francisco Giants,4,Chicago White Sox,4,1
2024-08-20,2024-08-21T02:10Z,Final,19,Los Angeles Dodgers,12,Seattle Mariners,6,3
2024-08-21,2024-08-21T17:10Z,Final,21,New York Mets,1,Baltimore Orioles,4,3
2024-08-21,2024-08-21T18:10Z,Final,18,Houston Astros,2,Boston Red Sox,1,4
2024-08-21,2024-08-21T18:35Z,Final,13,Texas Rangers,23,Pittsburgh Pirates,1,0
2024-08-21,2024-08-21T19:45Z,Final,26,San Francisco Giants,4,Chicago White Sox,2,6
2024-08-21,2024-08-21T22:40Z,Final,28,Miami Marlins,29,Arizona Diamondbacks,8,10
2024-08-21,2024-08-21T22:40Z,Final,25,San Diego Padres,9,Minnesota Twins,4,11
2024-08-21,2024-08-21T22:45Z,Final,20,Washington Nationals,27,Colorado Rockies,6,1
2024-08-21,2024-08-21T23:05Z,Final,10,New York Yankees,5,Cleveland Guardians,8,1
2024-08-21,2024-08-21T23:07Z,Final,14,Toronto Blue Jays,17,Cincinnati Reds,7,11
2024-08-21,2024-08-21T23:20Z,Final,15,Atlanta Braves,22,Philadelphia Phillies,2,3
2024-08-21,2024-08-21T23:45Z,Final,24,St. Louis Cardinals,8,Milwaukee Brewers,10,6
2024-08-21,2024-08-22T00:05Z,Final,16,Chicago Cubs,6,Detroit Tigers,2,8
2024-08-21,2024-08-22T00:10Z,Final,7,Kansas City Royals,3,Los Angeles Angels,3,0
2024-08-21,2024-08-22T01:40Z,Final,11,Oakland Athletics,30,Tampa Bay Rays,2,4
2024-08-21,2024-08-22T02:10Z,Final,19,Los Angeles Dodgers,12,Seattle Mariners,8,4
2024-08-22,2024-08-22T17:05Z,Final,10,New York Yankees,5,Cleveland Guardians,6,0
2024-08-22,2024-08-22T17:05Z,Final,20,Washington Nationals,27,Colorado Rockies,8,3
2024-08-22,2024-08-22T18:15Z,Final,24,St. Louis Cardinals,8,Milwaukee Brewers,3,0
2024-08-22,2024-08-22T18:20Z,Final,16,Chicago Cubs,6,Detroit Tigers,10,2
2024-08-22,2024-08-22T19:37Z,Final,11,Oakland Athletics,30,Tampa Bay Rays,3,1
2024-08-22,2024-08-22T22:40Z,Final,23,Pittsburgh Pirates,17,Cincinnati Reds,7,0
2024-08-22,2024-08-22T23:07Z,Final,14,Toronto Blue Jays,3,Los Angeles Angels,5,3
2024-08-22,2024-08-22T23:08Z,Final,1,Baltimore Orioles,18,Houston Astros,0,6
2024-08-22,2024-08-22T23:08Z,Final,15,Atlanta Braves,22,Philadelphia Phillies,3,2
2024-08-22,2024-08-23T01:40Z,Final,25,San Diego Padres,21,New York Mets,3,8
2024-08-23,2024-08-23T22:40Z,Final,23,Pittsburgh Pirates,17,Cincinnati Reds,6,5
2024-08-23,2024-08-23T23:05Z,Final,10,New York Yankees,27,Colorado Rockies,3,0
2024-08-23,2024-08-23T23:05Z,Final,1,Baltimore Orioles,18,Houston Astros,7,5
2024-08-23,2024-08-23T23:07Z,Final,14,Toronto Blue Jays,3,Los Angeles Angels,5,4
2024-08-23,2024-08-23T23:10Z,Final,2,Boston Red Sox,29,Arizona Diamondbacks,2,12
2024-08-23,2024-08-23T23:10Z,Final,28,Miami Marlins,16,Chicago Cubs,3,6
2024-08-23,2024-08-23T23:10Z,Final,5,Cleveland Guardians,13,Texas Rangers,3,5
2024-08-23,2024-08-23T23:20Z,Final,15,Atlanta Braves,20,Washington Nationals,3,2
2024-08-23,2024-08-24T00:10Z,Final,4,Chicago White Sox,6,Detroit Tigers,2,5
2024-08-23,2024-08-24T00:10Z,Final,7,Kansas City Royals,22,Philadelphia Phillies,7,4
2024-08-23,2024-08-24T00:10Z,Final,9,Minnesota Twins,24,St. Louis Cardinals,1,6
2024-08-23,2024-08-24T01:40Z,Final,11,Oakland Athletics,8,Milwaukee Brewers,3,11
2024-08-23,2024-08-24T01:40Z,Final,25,San Diego Padres,21,New York Mets,7,0
2024-08-23,2024-08-24T02:10Z,Final,12,Seattle Mariners,26,San Francisco Giants,6,5
2024-08-23,2024-08-24T02:10Z,Final,19,Los Angeles Dodgers,30,Tampa Bay Rays,7,3
2024-08-24,2024-08-24T18:05Z,Final,10,New York Yankees,27,Colorado Rockies,2,9
2024-08-24,2024-08-24T19:07Z,Final,14,Toronto Blue Jays,3,Los Angeles Angels,3,1
2024-08-24,2024-08-24T20:05Z,Final,1,Baltimore Orioles,18,Houston Astros,3,2
2024-08-24,2024-08-24T20:07Z,Final,11,Oakland Athletics,8,Milwaukee Brewers,5,9
2024-08-24,2024-08-24T20:10Z,Final,2,Boston Red Sox,29,Arizona Diamondbacks,1,4
2024-08-24,2024-08-24T20:10Z,Final,28,Miami Marlins,16,Chicago Cubs,2,14
2024-08-24,2024-08-24T20:10Z,Final,12,Seattle Mariners,26,San Francisco Giants,3,4
2024-08-24,2024-08-24T22:40Z,Final,23,Pittsburgh Pirates,17,Cincinnati Reds,2,10
2024-08-24,2024-08-24T23:10Z,Final,4,Chicago White Sox,6,Detroit Tigers,4,13
2024-08-24,2024-08-24T23:10Z,Final,7,Kansas City Royals,22,Philadelphia Phillies,2,11
2024-08-24,2024-08-24T23:10Z,Final,9,Minnesota Twins,24,St. Louis Cardinals,6,0
2024-08-24,2024-08-24T23:10Z,Final,5,Cleveland Guardians,13,Texas Rangers,13,5
2024-08-24,2024-08-24T23:20Z,Final,15,Atlanta Braves,20,Washington Nationals,4,2
2024-08-24,2024-08-25T00:40Z,Final,25,San Diego Padres,21,New York Mets,1,7
2024-08-24,2024-08-25T01:10Z,Final,19,Los Angeles Dodgers,30,Tampa Bay Rays,8,9
2024-08-25,2024-08-25T16:05Z,Final,15,Atlanta Braves,20,Washington Nationals,1,5
2024-08-25,2024-08-25T17:35Z,Final,2,Boston Red Sox,29,Arizona Diamondbacks,5,7
2024-08-25,2024-08-25T17:35Z,Final,23,Pittsburgh Pirates,17,Cincinnati Reds,4,3
2024-08-25,2024-08-25T17:35Z,Final,10,New York Yankees,27,Colorado Rockies,10,3
2024-08-25,2024-08-25T17:37Z,Final,14,Toronto Blue Jays,3,Los Angeles Angels,8,2
2024-08-25,2024-08-25T17:40Z,Final,28,Miami Marlins,16,Chicago Cubs,7,2
2024-08-25,2024-08-25T17:40Z,Final,5,Cleveland Guardians,13,Texas Rangers,4,2
2024-08-25,2024-08-25T18:10Z,Final,4,Chicago White Sox,6,Detroit Tigers,4,9
2024-08-25,2024-08-25T18:10Z,Final,7,Kansas City Royals,22,Philadelphia Phillies,3,11
2024-08-25,2024-08-25T18:10Z,Final,9,Minnesota Twins,24,St. Louis Cardinals,2,3
2024-08-25,2024-08-25T20:07Z,Final,11,Oakland Athletics,8,Milwaukee Brewers,4,3
2024-08-25,2024-08-25T20:10Z,Final,25,San Diego Padres,21,New York Mets,3,2
2024-08-25,2024-08-25T20:10Z,Final,12,Seattle Mariners,26,San Francisco Giants,4,3
2024-08-25,2024-08-25T20:10Z,Final,19,Los Angeles Dodgers,30,Tampa Bay Rays,3,1
2024-08-25,2024-08-25T23:00Z,Final,1,Baltimore Orioles,18,Houston Astros,3,6
2024-08-26,2024-08-26T17:10Z,Final,5,Cleveland Guardians,7,Kansas City Royals,3,4
2024-08-26,2024-08-26T22:40Z,Final,23,Pittsburgh Pirates,16,Chicago Cubs,8,18
2024-08-26,2024-08-26T22:40Z,Final,22,Philadelphia Phillies,18,Houston Astros,3,2
2024-08-26,2024-08-26T22:40Z,Final,5,Cleveland Guardians,7,Kansas City Royals,4,9
2024-08-26,2024-08-26T22:45Z,Final,20,Washington Nationals,10,New York Yankees,2,5
2024-08-26,2024-08-26T23:10Z,Final,2,Boston Red Sox,14,Toronto Blue Jays,3,7
2024-08-26,2024-08-26T23:40Z,Final,9,Minnesota Twins,15,Atlanta Braves,6,10
2024-08-26,2024-08-26T23:45Z,Final,24,St. Louis Cardinals,25,San Diego Padres,4,7
2024-08-26,2024-08-27T00:10Z,Final,4,Chicago White Sox,6,Detroit Tigers,3,6
2024-08-26,2024-08-27T00:40Z,Final,27,Colorado Rockies,28,Miami Marlins,3,2
2024-08-26,2024-08-27T01:40Z,Final,12,Seattle Mariners,30,Tampa Bay Rays,5,1
2024-08-27,2024-08-27T22:40Z,Final,6,Detroit Tigers,3,Los Angeles Angels,6,2
2024-08-27,2024-08-27T22:40Z,Final,23,Pittsburgh Pirates,16,Chicago Cubs,5,9
2024-08-27,2024-08-27T22:40Z,Final,22,Philadelphia Phillies,18,Houston Astros,5,0
2024-08-27,2024-08-27T22:40Z,Final,5,Cleveland Guardians,7,Kansas City Royals,1,6
2024-08-27,2024-08-27T22:40Z,Final,17,Cincinnati Reds,11,Oakland Athletics,4,5
2024-08-27,2024-08-27T22:45Z,Final,20,Washington Nationals,10,New York Yankees,4,2
2024-08-27,2024-08-27T23:10Z,Final,2,Boston Red Sox,14,Toronto Blue Jays,6,3
2024-08-27,2024-08-27T23:40Z,Final,9,Minnesota Twins,15,Atlanta Braves,6,8
2024-08-27,2024-08-27T23:45Z,Final,24,St. Louis Cardinals,25,San Diego Padres,5,7
2024-08-27,2024-08-28T00:10Z,Final,8,Milwaukee Brewers,26,San Francisco Giants,4,5
2024-08-27,2024-08-28T00:10Z,Final,4,Chicago White Sox,13,Texas Rangers,1,3
2024-08-27,2024-08-28T00:40Z,Final,27,Colorado Rockies,28,Miami Marlins,8,9
2024-08-27,2024-08-28T01:40Z,Final,29,Arizona Diamondbacks,21,New York Mets,3,8
2024-08-27,2024-08-28T01:40Z,Final,12,Seattle Mariners,30,Tampa Bay Rays,2,3
2024-08-27,2024-08-28T02:10Z,Final,19,Los Angeles Dodgers,1,Baltimore Orioles,2,3
2024-08-28,2024-08-28T16:35Z,Final,23,Pittsburgh Pirates,16,Chicago Cubs,10,14
2024-08-28,2024-08-28T17:10Z,Final,5,Cleveland Guardians,7,Kansas City Royals,7,5
2024-08-28,2024-08-28T20:05Z,Final,22,Philadelphia Phillies,18,Houston Astros,0,10
2024-08-28,2024-08-28T20:10Z,Final,12,Seattle Mariners,30,Tampa Bay Rays,6,2
2024-08-28,2024-08-28T22:40Z,Final,17,Cincinnati Reds,11,Oakland Athletics,6,9
2024-08-28,2024-08-28T22:45Z,Final,20,Washington Nationals,10,New York Yankees,5,2
2024-08-28,2024-08-28T23:10Z,Final,2,Boston Red Sox,14,Toronto Blue Jays,3,0
2024-08-28,2024-08-28T23:40Z,Final,9,Minnesota Twins,15,Atlanta Braves,1,5
2024-08-28,2024-08-28T23:45Z,Final,24,St. Louis Cardinals,25,San Diego Padres,4,3
2024-08-28,2024-08-29T00:10Z,Final,8,Milwaukee Brewers,26,San Francisco Giants,5,3
2024-08-28,2024-08-29T00:20Z,Final,4,Chicago White Sox,13,Texas Rangers,3,4
2024-08-28,2024-08-29T00:30Z,Final,6,Detroit Tigers,3,Los Angeles Angels,3,2
2024-08-28,2024-08-29T00:40Z,Final,27,Colorado Rockies,28,Miami Marlins,8,2
2024-08-28,2024-08-29T01:40Z,Final,29,Arizona Diamondbacks,21,New York Mets,8,5
2024-08-28,2024-08-29T02:10Z,Final,19,Los Angeles Dodgers,1,Baltimore Orioles,6,4
2024-08-29,2024-08-29T17:10Z,Final,6,Detroit Tigers,3,Los Angeles Angels,0,3
2024-08-29,2024-08-29T18:10Z,Final,8,Milwaukee Brewers,26,San Francisco Giants,6,0
2024-08-29,2024-08-29T18:10Z,Final,4,Chicago White Sox,13,Texas Rangers,1,2
2024-08-29,2024-08-29T18:15Z,Final,24,St. Louis Cardinals,25,San Diego Padres,4,1
2024-08-29,2024-08-29T19:10Z,Final,27,Colorado Rockies,28,Miami Marlins,8,12
2024-08-29,2024-08-29T19:40Z,Final,29,Arizona Diamondbacks,21,New York Mets,2,3
2024-08-29,2024-08-29T21:10Z,Final,17,Cincinnati Reds,11,Oakland Athletics,10,9
2024-08-29,2024-08-29T22:40Z,Final,22,Philadelphia Phillies,15,Atlanta Braves,5,4
2024-08-29,2024-08-29T23:10Z,Final,2,Boston Red Sox,14,Toronto Blue Jays,0,2
2024-08-29,2024-08-30T00:10Z,Final,18,Houston Astros,7,Kansas City Royals,6,3
2024-08-29,2024-08-30T02:10Z,Final,19,Los Angeles Dodgers,1,Baltimore Orioles,6,3
2024-08-30,2024-08-30T16:40Z,Final,17,Cincinnati Reds,8,Milwaukee Brewers,4,5
2024-08-30,2024-08-30T22:40Z,Final,22,Philadelphia Phillies,15,Atlanta Braves,2,7
2024-08-30,2024-08-30T22:40Z,Final,6,Detroit Tigers,2,Boston Red Sox,5,7
2024-08-30,2024-08-30T22:40Z,Final,17,Cincinnati Reds,8,Milwaukee Brewers,0,14
2024-08-30,2024-08-30T22:45Z,Final,20,Washington Nationals,16,Chicago Cubs,6,7
2024-08-30,2024-08-30T22:50Z,Final,30,Tampa Bay Rays,25,San Diego Padres,5,13
2024-08-30,2024-08-30T23:05Z,Final,10,New York Yankees,24,St. Louis Cardinals,6,3
2024-08-30,2024-08-30T23:10Z,Final,5,Cleveland Guardians,23,Pittsburgh Pirates,10,8
2024-08-30,2024-08-31T00:05Z,Final,13,Texas Rangers,11,Oakland Athletics,2,9
2024-08-30,2024-08-31T00:10Z,Final,18,Houston Astros,7,Kansas City Royals,3,2
2024-08-30,2024-08-31T00:10Z,Final,4,Chicago White Sox,21,New York Mets,1,5
2024-08-30,2024-08-31T00:10Z,Final,9,Minnesota Twins,14,Toronto Blue Jays,2,0
2024-08-30,2024-08-31T00:40Z,Final,27,Colorado Rockies,1,Baltimore Orioles,3,5
2024-08-30,2024-08-31T01:38Z,Final,3,Los Angeles Angels,12,Seattle Mariners,5,9
2024-08-30,2024-08-31T01:40Z,Final,29,Arizona Diamondbacks,19,Los Angeles Dodgers,9,10
2024-08-30,2024-08-31T02:15Z,Final,26,San Francisco Giants,28,Miami Marlins,3,1
2024-08-31,2024-08-31T17:05Z,Final,10,New York Yankees,24,St. Louis Cardinals,5,6
2024-08-31,2024-08-31T20:05Z,Final,20,Washington Nationals,16,Chicago Cubs,3,5
2024-08-31,2024-08-31T20:10Z,Final,30,Tampa Bay Rays,25,San Diego Padres,11,4
2024-08-31,2024-08-31T22:10Z,Final,6,Detroit Tigers,2,Boston Red Sox,2,1
2024-08-31,2024-08-31T22:10Z,Final,5,Cleveland Guardians,23,Pittsburgh Pirates,0,3
2024-08-31,2024-08-31T23:05Z,Final,13,Texas Rangers,11,Oakland Athletics,3,2
2024-08-31,2024-08-31T23:10Z,Final,18,Houston Astros,7,Kansas City Royals,5,2
2024-08-31,2024-08-31T23:10Z,Final,4,Chicago White Sox,21,New York Mets,3,5
2024-08-31,2024-08-31T23:10Z,Final,9,Minnesota Twins,14,Toronto Blue Jays,0,15
2024-08-31,2024-08-31T23:15Z,Final,22,Philadelphia Phillies,15,Atlanta Braves,3,0
2024-08-31,2024-08-31T23:15Z,Final,17,Cincinnati Reds,8,Milwaukee Brewers,4,5
2024-08-31,2024-09-01T00:10Z,Final,27,Colorado Rockies,1,Baltimore Orioles,7,5
2024-08-31,2024-09-01T00:10Z,Final,29,Arizona Diamondbacks,19,Los Angeles Dodgers,6,8
2024-08-31,2024-09-01T01:05Z,Final,26,San Francisco Giants,28,Miami Marlins,3,4
2024-08-31,2024-09-01T01:38Z,Final,3,Los Angeles Angels,12,Seattle Mariners,5,4
2024-09-01,2024-09-01T16:10Z,Final,17,Cincinnati Reds,8,Milwaukee Brewers,4,3
2024-09-01,2024-09-01T17:35Z,Final,20,Washington Nationals,16,Chicago Cubs,1,14
2024-09-01,2024-09-01T17:35Z,Final,10,New York Yankees,24,St. Louis Cardinals,7,14
2024-09-01,2024-09-01T17:40Z,Final,6,Detroit Tigers,2,Boston Red Sox,4,1
2024-09-01,2024-09-01T17:40Z,Final,5,Cleveland Guardians,23,Pittsburgh Pirates,6,1
2024-09-01,2024-09-01T17:40Z,Final,30,Tampa Bay Rays,25,San Diego Padres,3,4
2024-09-01,2024-09-01T18:10Z,Final,18,Houston Astros,7,Kansas City Royals,7,2
2024-09-01,2024-09-01T18:10Z,Final,4,Chicago White Sox,21,New York Mets,0,2
2024-09-01,2024-09-01T18:10Z,Final,9,Minnesota Twins,14,Toronto Blue Jays,4,3
2024-09-01,2024-09-01T18:35Z,Final,13,Texas Rangers,11,Oakland Athletics,6,4
2024-09-01,2024-09-01T19:10Z,Final,27,Colorado Rockies,1,Baltimore Orioles,1,6
2024-09-01,2024-09-01T20:05Z,Final,26,San Francisco Giants,28,Miami Marlins,5,7
2024-09-01,2024-09-01T20:07Z,Final,3,Los Angeles Angels,12,Seattle Mariners,3,2
2024-09-01,2024-09-01T20:10Z,Final,29,Arizona Diamondbacks,19,Los Angeles Dodgers,14,3
2024-09-01,2024-09-01T23:00Z,Final,22,Philadelphia Phillies,15,Atlanta Braves,3,2
2024-09-02,2024-09-02T18:10Z,Final,8,Milwaukee Brewers,24,St. Louis Cardinals,9,3
2024-09-02,2024-09-02T19:05Z,Final,1,Baltimore Orioles,4,Chicago White Sox,13,3
2024-09-02,2024-09-02T20:10Z,Final,7,Kansas City Royals,5,Cleveland Guardians,2,4
2024-09-02,2024-09-02T20:10Z,Final,17,Cincinnati Reds,18,Houston Astros,5,3
2024-09-02,2024-09-02T20:10Z,Final,29,Arizona Diamondbacks,19,Los Angeles Dodgers,6,11
2024-09-02,2024-09-02T22:40Z,Final,25,San Diego Padres,6,Detroit Tigers,3,0
2024-09-02,2024-09-02T22:50Z,Final,30,Tampa Bay Rays,9,Minnesota Twins,4,5
2024-09-02,2024-09-02T23:07Z,Final,11,Oakland Athletics,12,Seattle Mariners,5,4
2024-09-02,2024-09-02T23:10Z,Final,21,New York Mets,2,Boston Red Sox,4,1
2024-09-02,2024-09-02T23:40Z,Final,16,Chicago Cubs,23,Pittsburgh Pirates,3,5
2024-09-02,2024-09-03T00:05Z,Final,13,Texas Rangers,10,New York Yankees,4,8
2024-09-03,2024-09-03T22:35Z,Final,1,Baltimore Orioles,4,Chicago White Sox,9,0
2024-09-03,2024-09-03T22:40Z,Final,28,Miami Marlins,20,Washington Nationals,2,6
2024-09-03,2024-09-03T22:50Z,Final,30,Tampa Bay Rays,9,Minnesota Twins,2,1
2024-09-03,2024-09-03T23:07Z,Final,14,Toronto Blue Jays,22,Philadelphia Phillies,9,10
2024-09-03,2024-09-03T23:10Z,Final,21,New York Mets,2,Boston Red Sox,7,2
2024-09-03,2024-09-03T23:20Z,Final,15,Atlanta Braves,27,Colorado Rockies,3,0
2024-09-03,2024-09-03T23:40Z,Final,7,Kansas City Royals,5,Cleveland Guardians,1,7
2024-09-03,2024-09-03T23:40Z,Final,16,Chicago Cubs,23,Pittsburgh Pirates,0,5
2024-09-03,2024-09-03T23:40Z,Final,8,Milwaukee Brewers,24,St. Louis Cardinals,4,7
2024-09-03,2024-09-04T00:05Z,Final,13,Texas Rangers,10,New York Yankees,7,4
2024-09-03,2024-09-04T01:38Z,Final,3,Los Angeles Angels,19,Los Angeles Dodgers,2,6
2024-09-03,2024-09-04T01:40Z,Final,11,Oakland Athletics,12,Seattle Mariners,3,2
2024-09-03,2024-09-04T01:45Z,Final,26,San Francisco Giants,29,Arizona Diamondbacks,7,8
2024-09-04,2024-09-04T19:07Z,Final,14,Toronto Blue Jays,22,Philadelphia Phillies,2,4
2024-09-04,2024-09-04T22:35Z,Final,1,Baltimore Orioles,4,Chicago White Sox,1,8
2024-09-04,2024-09-04T22:40Z,Final,17,Cincinnati Reds,18,Houston Astros,12,5
2024-09-04,2024-09-04T22:40Z,Final,28,Miami Marlins,20,Washington Nationals,4,3
2024-09-04,2024-09-04T22:50Z,Final,30,Tampa Bay Rays,9,Minnesota Twins,9,4
2024-09-04,2024-09-04T23:10Z,Final,21,New York Mets,2,Boston Red Sox,8,3
2024-09-04,2024-09-04T23:20Z,Final,15,Atlanta Braves,27,Colorado Rockies,5,2
2024-09-04,2024-09-04T23:40Z,Final,7,Kansas City Royals,5,Cleveland Guardians,4,1
2024-09-04,2024-09-04T23:40Z,Final,16,Chicago Cubs,23,Pittsburgh Pirates,12,0
2024-09-04,2024-09-04T23:40Z,Final,8,Milwaukee Brewers,24,St. Louis Cardinals,2,3
2024-09-04,2024-09-05T00:05Z,Final,13,Texas Rangers,10,New York Yankees,10,6
2024-09-04,2024-09-05T01:38Z,Final,3,Los Angeles Angels,19,Los Angeles Dodgers,10,1
2024-09-04,2024-09-05T01:40Z,Final,25,San Diego Padres,6,Detroit Tigers,6,5
2024-09-04,2024-09-05T01:40Z,Final,11,Oakland Athletics,12,Seattle Mariners,3,16
2024-09-04,2024-09-05T01:45Z,Final,26,San Francisco Giants,29,Arizona Diamondbacks,4,6
2024-09-05,2024-09-05T17:10Z,Final,17,Cincinnati Reds,18,Houston Astros,1,0
2024-09-05,2024-09-05T17:10Z,Final,30,Tampa Bay Rays,9,Minnesota Twins,3,4
2024-09-05,2024-09-05T19:37Z,Final,11,Oakland Athletics,12,Seattle Mariners,4,6
2024-09-05,2024-09-05T19:45Z,Final,26,San Francisco Giants,29,Arizona Diamondbacks,3,2
2024-09-05,2024-09-05T22:40Z,Final,28,Miami Marlins,22,Philadelphia Phillies,2,5
2024-09-05,2024-09-05T22:40Z,Final,23,Pittsburgh Pirates,20,Washington Nationals,9,4
2024-09-05,2024-09-05T23:20Z,Final,15,Atlanta Braves,27,Colorado Rockies,1,3
2024-09-05,2024-09-06T00:05Z,Final,13,Texas Rangers,3,Los Angeles Angels,3,1
2024-09-05,2024-09-06T00:40Z,Final,25,San Diego Padres,6,Detroit Tigers,3,4
2024-09-06,2024-09-06T18:20Z,Final,16,Chicago Cubs,10,New York Yankees,0,3
2024-09-06,2024-09-06T22:10Z,Final,8,Milwaukee Brewers,27,Colorado Rockies,2,3
2024-09-06,2024-09-06T23:05Z,Final,1,Baltimore Orioles,30,Tampa Bay Rays,2,0
2024-09-06,2024-09-06T23:10Z,Final,2,Boston Red Sox,4,Chicago White Sox,3,1
2024-09-06,2024-09-06T23:10Z,Final,21,New York Mets,17,Cincinnati Reds,6,4
2024-09-06,2024-09-06T23:10Z,Final,28,Miami Marlins,22,Philadelphia Phillies,2,16
2024-09-06,2024-09-06T23:20Z,Final,15,Atlanta Braves,14,Toronto Blue Jays,3,1
2024-09-06,2024-09-07T00:05Z,Final,13,Texas Rangers,3,Los Angeles Angels,1,5
2024-09-06,2024-09-07T00:10Z,Final,18,Houston Astros,29,Arizona Diamondbacks,8,0
2024-09-06,2024-09-07T00:10Z,Final,7,Kansas City Royals,9,Minnesota Twins,5,0
2024-09-06,2024-09-07T00:15Z,Final,24,St. Louis Cardinals,12,Seattle Mariners,1,6
2024-09-06,2024-09-07T01:40Z,Final,11,Oakland Athletics,6,Detroit Tigers,7,6
2024-09-06,2024-09-07T01:40Z,Final,25,San Diego Padres,26,San Francisco Giants,5,1
2024-09-06,2024-09-07T02:10Z,Final,19,Los Angeles Dodgers,5,Cleveland Guardians,1,3
2024-09-07,2024-09-07T17:35Z,Final,23,Pittsburgh Pirates,20,Washington Nationals,3,5
2024-09-07,2024-09-07T18:20Z,Final,16,Chicago Cubs,10,New York Yankees,0,2
2024-09-07,2024-09-07T20:05Z,Final,1,Baltimore Orioles,30,Tampa Bay Rays,1,7
2024-09-07,2024-09-07T20:07Z,Final,11,Oakland Athletics,6,Detroit Tigers,1,2
2024-09-07,2024-09-07T20:10Z,Final,18,Houston Astros,29,Arizona Diamondbacks,11,5
2024-09-07,2024-09-07T20:10Z,Final,21,New York Mets,17,Cincinnati Reds,4,0
2024-09-07,2024-09-07T20:10Z,Final,28,Miami Marlins,22,Philadelphia Phillies,9,5
2024-09-07,2024-09-07T22:40Z,Final,23,Pittsburgh Pirates,20,Washington Nationals,6,8
2024-09-07,2024-09-07T23:05Z,Final,13,Texas Rangers,3,Los Angeles Angels,6,4
2024-09-07,2024-09-07T23:10Z,Final,8,Milwaukee Brewers,27,Colorado Rockies,5,2
2024-09-07,2024-09-07T23:15Z,Final,2,Boston Red Sox,4,Chicago White Sox,7,5
2024-09-07,2024-09-07T23:15Z,Final,7,Kansas City Royals,9,Minnesota Twins,4,2
2024-09-07,2024-09-07T23:15Z,Final,24,St. Louis Cardinals,12,Seattle Mariners,2,0
2024-09-07,2024-09-07T23:20Z,Final,15,Atlanta Braves,14,Toronto Blue Jays,5,9
2024-09-07,2024-09-08T00:40Z,Final,25,San Diego Padres,26,San Francisco Giants,3,6
2024-09-07,2024-09-08T01:10Z,Final,19,Los Angeles Dodgers,5,Cleveland Guardians,7,2
2024-09-08,2024-09-08T16:05Z,Final,1,Baltimore Orioles,30,Tampa Bay Rays,0,2
2024-09-08,2024-09-08T17:35Z,Final,2,Boston Red Sox,4,Chicago White Sox,2,7
2024-09-08,2024-09-08T17:35Z,Final,15,Atlanta Braves,14,Toronto Blue Jays,4,3
2024-09-08,2024-09-08T17:35Z,Final,23,Pittsburgh Pirates,20,Washington Nationals,7,3
2024-09-08,2024-09-08T17:40Z,Final,21,New York Mets,17,Cincinnati Reds,1,3
2024-09-08,2024-09-08T17:40Z,Final,28,Miami Marlins,22,Philadelphia Phillies,10,1
2024-09-08,2024-09-08T18:10Z,Final,8,Milwaukee Brewers,27,Colorado Rockies,1,4
2024-09-08,2024-09-08T18:10Z,Final,7,Kansas City Royals,9,Minnesota Twins,2,0
2024-09-08,2024-09-08T18:15Z,Final,24,St. Louis Cardinals,12,Seattle Mariners,4,10
2024-09-08,2024-09-08T18:20Z,Final,16,Chicago Cubs,10,New York Yankees,2,1
2024-09-08,2024-09-08T18:35Z,Final,13,Texas Rangers,3,Los Angeles Angels,7,4
2024-09-08,2024-09-08T20:07Z,Final,11,Oakland Athletics,6,Detroit Tigers,1,9
2024-09-08,2024-09-08T20:10Z,Final,19,Los Angeles Dodgers,5,Cleveland Guardians,4,0
2024-09-08,2024-09-08T20:10Z,Final,25,San Diego Padres,26,San Francisco Giants,6,7
2024-09-08,2024-09-08T23:00Z,Final,18,Houston Astros,29,Arizona Diamondbacks,6,12
2024-09-09,2024-09-09T22:40Z,Final,23,Pittsburgh Pirates,28,Miami Marlins,3,2
2024-09-09,2024-09-09T22:40Z,Final,22,Philadelphia Phillies,30,Tampa Bay Rays,2,1
2024-09-09,2024-09-09T22:40Z,Final,15,Atlanta Braves,17,Cincinnati Reds,0,1
2024-09-09,2024-09-09T23:05Z,Final,10,New York Yankees,7,Kansas City Royals,10,4
2024-09-09,2024-09-09T23:07Z,Final,14,Toronto Blue Jays,21,New York Mets,2,3
2024-09-09,2024-09-09T23:10Z,Final,2,Boston Red Sox,1,Baltimore Orioles,12,3
2024-09-09,2024-09-09T23:40Z,Final,9,Minnesota Twins,3,Los Angeles Angels,2,6
2024-09-09,2024-09-09T23:40Z,Final,4,Chicago White Sox,5,Cleveland Guardians,3,5
2024-09-09,2024-09-10T02:10Z,Final,19,Los Angeles Dodgers,16,Chicago Cubs,4,10
2024-09-10,2024-09-10T22:40Z,Final,6,Detroit Tigers,27,Colorado Rockies,11,0
2024-09-10,2024-09-10T22:40Z,Final,23,Pittsburgh Pirates,28,Miami Marlins,6,4
2024-09-10,2024-09-10T22:40Z,Final,22,Philadelphia Phillies,30,Tampa Bay Rays,9,4
2024-09-10,2024-09-10T22:45Z,Final,20,Washington Nationals,15,Atlanta Braves,0,12
2024-09-10,2024-09-10T23:05Z,Final,10,New York Yankees,7,Kansas City Royals,0,5
2024-09-10,2024-09-10T23:07Z,Final,14,Toronto Blue Jays,21,New York Mets,6,2
2024-09-10,2024-09-10T23:10Z,Final,2,Boston Red Sox,1,Baltimore Orioles,3,5
2024-09-10,2024-09-10T23:40Z,Final,9,Minnesota Twins,3,Los Angeles Angels,10,5
2024-09-10,2024-09-10T23:40Z,Final,4,Chicago White Sox,5,Cleveland Guardians,0,5
2024-09-10,2024-09-10T23:45Z,Final,24,St. Louis Cardinals,17,Cincinnati Reds,0,3
2024-09-10,2024-09-11T00:10Z,Final,18,Houston Astros,11,Oakland Athletics,3,4
2024-09-10,2024-09-11T01:40Z,Final,12,Seattle Mariners,25,San Diego Padres,3,7
2024-09-10,2024-09-11T01:40Z,Final,29,Arizona Diamondbacks,13,Texas Rangers,6,0
2024-09-10,2024-09-11T01:45Z,Final,26,San Francisco Giants,8,Milwaukee Brewers,2,3
2024-09-10,2024-09-11T02:10Z,Final,19,Los Angeles Dodgers,16,Chicago Cubs,3,6
2024-09-11,2024-09-11T16:35Z,Final,23,Pittsburgh Pirates,28,Miami Marlins,3,1
2024-09-11,2024-09-11T18:10Z,Final,4,Chicago White Sox,5,Cleveland Guardians,4,6
2024-09-11,2024-09-11T19:07Z,Final,14,Toronto Blue Jays,21,New York Mets,2,6
2024-09-11,2024-09-11T19:40Z,Final,29,Arizona Diamondbacks,13,Texas Rangers,14,4
2024-09-11,2024-09-11T22:40Z,Final,6,Detroit Tigers,27,Colorado Rockies,7,4
2024-09-11,2024-09-11T22:40Z,Final,22,Philadelphia Phillies,30,Tampa Bay Rays,3,2
2024-09-11,2024-09-11T22:45Z,Final,20,Washington Nationals,15,Atlanta Braves,5,1
2024-09-11,2024-09-11T23:05Z,Final,10,New York Yankees,7,Kansas City Royals,4,3
2024-09-11,2024-09-11T23:10Z,Final,9,Minnesota Twins,3,Los Angeles Angels,6,4
2024-09-11,2024-09-11T23:10Z,Final,2,Boston Red Sox,1,Baltimore Orioles,5,3
2024-09-11,2024-09-11T23:45Z,Final,24,St. Louis Cardinals,17,Cincinnati Reds,2,1
2024-09-11,2024-09-12T00:10Z,Final,18,Houston Astros,11,Oakland Athletics,4,5
2024-09-11,2024-09-12T01:40Z,Final,12,Seattle Mariners,25,San Diego Padres,5,2
2024-09-11,2024-09-12T01:45Z,Final,26,San Francisco Giants,8,Milwaukee Brewers,13,2
2024-09-11,2024-09-12T02:10Z,Final,19,Los Angeles Dodgers,16,Chicago Cubs,10,8
2024-09-12,2024-09-12T17:10Z,Final,6,Detroit Tigers,27,Colorado Rockies,2,4
2024-09-12,2024-09-12T17:15Z,Final,24,St. Louis Cardinals,17,Cincinnati Reds,6,1
2024-09-12,2024-09-12T18:10Z,Final,18,Houston Astros,11,Oakland Athletics,6,3
2024-09-12,2024-09-12T22:45Z,Final,20,Washington Nationals,28,Miami Marlins,3,6
2024-09-12,2024-09-12T23:15Z,Final,10,New York Yankees,2,Boston Red Sox,2,1
2024-09-12,2024-09-12T23:15Z,Final,5,Cleveland Guardians,30,Tampa Bay Rays,2,5
2024-09-12,2024-09-13T01:40Z,Final,12,Seattle Mariners,13,Texas Rangers,4,5
2024-09-12,2024-09-13T01:45Z,Final,26,San Francisco Giants,8,Milwaukee Brewers,0,3
2024-09-13,2024-09-13T22:40Z,Final,6,Detroit Tigers,1,Baltimore Orioles,1,0
2024-09-13,2024-09-13T22:40Z,Final,23,Pittsburgh Pirates,7,Kansas City Royals,3,8
2024-09-13,2024-09-13T22:40Z,Final,22,Philadelphia Phillies,21,New York Mets,3,11
2024-09-13,2024-09-13T22:45Z,Final,20,Washington Nationals,28,Miami Marlins,4,1
2024-09-13,2024-09-13T23:05Z,Final,10,New York Yankees,2,Boston Red Sox,5,4
2024-09-13,2024-09-13T23:07Z,Final,14,Toronto Blue Jays,24,St. Louis Cardinals,4,3
2024-09-13,2024-09-13T23:10Z,Final,5,Cleveland Guardians,30,Tampa Bay Rays,1,3
2024-09-13,2024-09-13T23:20Z,Final,15,Atlanta Braves,19,Los Angeles Dodgers,6,2
2024-09-13,2024-09-13T23:40Z,Final,4,Chicago White Sox,11,Oakland Athletics,0,2
2024-09-13,2024-09-14T00:10Z,Final,9,Minnesota Twins,17,Cincinnati Reds,4,8
2024-09-13,2024-09-14T00:40Z,Final,27,Colorado Rockies,16,Chicago Cubs,9,5
2024-09-13,2024-09-14T01:38Z,Final,3,Los Angeles Angels,18,Houston Astros,3,5
2024-09-13,2024-09-14T01:40Z,Final,29,Arizona Diamondbacks,8,Milwaukee Brewers,1,2
2024-09-13,2024-09-14T02:10Z,Final,12,Seattle Mariners,13,Texas Rangers,5,4
2024-09-13,2024-09-14T02:15Z,Final,26,San Francisco Giants,25,San Diego Padres,0,5
2024-09-14,2024-09-14T17:05Z,Final,10,New York Yankees,2,Boston Red Sox,1,7
2024-09-14,2024-09-14T17:05Z,Final,23,Pittsburgh Pirates,7,Kansas City Royals,1,5
2024-09-14,2024-09-14T19:07Z,Final,14,Toronto Blue Jays,24,St. Louis Cardinals,7,2
2024-09-14,2024-09-14T20:05Z,Final,20,Washington Nationals,28,Miami Marlins,4,1
2024-09-14,2024-09-14T20:05Z,Final,22,Philadelphia Phillies,21,New York Mets,6,4
2024-09-14,2024-09-14T22:10Z,Final,6,Detroit Tigers,1,Baltimore Orioles,2,4
2024-09-14,2024-09-14T22:10Z,Final,5,Cleveland Guardians,30,Tampa Bay Rays,6,1
2024-09-14,2024-09-14T23:10Z,Final,9,Minnesota Twins,17,Cincinnati Reds,1,11
2024-09-14,2024-09-14T23:10Z,Final,4,Chicago White Sox,11,Oakland Athletics,7,6
2024-09-14,2024-09-14T23:20Z,Final,15,Atlanta Braves,19,Los Angeles Dodgers,10,1
2024-09-14,2024-09-15T00:10Z,Final,27,Colorado Rockies,16,Chicago Cubs,6,5
2024-09-14,2024-09-15T00:10Z,Final,29,Arizona Diamondbacks,8,Milwaukee Brewers,8,15
2024-09-14,2024-09-15T01:05Z,Final,26,San Francisco Giants,25,San Diego Padres,0,8
2024-09-14,2024-09-15T01:38Z,Final,3,Los Angeles Angels,18,Houston Astros,3,5
2024-09-14,2024-09-15T01:40Z,Final,12,Seattle Mariners,13,Texas Rangers,5,4
2024-09-15,2024-09-15T16:10Z,Final,6,Detroit Tigers,1,Baltimore Orioles,4,2
2024-09-15,2024-09-15T17:05Z,Final,9,Minnesota Twins,17,Cincinnati Reds,9,2
2024-09-15,2024-09-15T17:35Z,Final,10,New York Yankees,2,Boston Red Sox,5,2
2024-09-15,2024-09-15T17:35Z,Final,23,Pittsburgh Pirates,7,Kansas City Royals,4,3
2024-09-15,2024-09-15T17:35Z,Final,20,Washington Nationals,28,Miami Marlins,4,3
2024-09-15,2024-09-15T17:35Z,Final,22,Philadelphia Phillies,21,New York Mets,2,1
2024-09-15,2024-09-15T17:37Z,Final,14,Toronto Blue Jays,24,St. Louis Cardinals,3,2
2024-09-15,2024-09-15T17:40Z,Final,5,Cleveland Guardians,30,Tampa Bay Rays,2,0
2024-09-15,2024-09-15T18:10Z,Final,4,Chicago White Sox,11,Oakland Athletics,4,3
2024-09-15,2024-09-15T19:10Z,Final,27,Colorado Rockies,16,Chicago Cubs,2,6
2024-09-15,2024-09-15T20:05Z,Final,26,San Francisco Giants,25,San Diego Padres,3,4
2024-09-15,2024-09-15T20:07Z,Final,3,Los Angeles Angels,18,Houston Astros,4,6
2024-09-15,2024-09-15T20:10Z,Final,29,Arizona Diamondbacks,8,Milwaukee Brewers,11,10
2024-09-15,2024-09-15T20:10Z,Final,12,Seattle Mariners,13,Texas Rangers,7,0
2024-09-15,2024-09-15T23:00Z,Final,15,Atlanta Braves,19,Los Angeles Dodgers,2,9
2024-09-16,2024-09-16T22:40Z,Final,5,Cleveland Guardians,9,Minnesota Twins,4,3
2024-09-16,2024-09-16T23:10Z,Final,21,New York Mets,20,Washington Nationals,2,1
2024-09-16,2024-09-16T23:20Z,Final,15,Atlanta Braves,19,Los Angeles Dodgers,0,9
2024-09-16,2024-09-16T23:40Z,Final,7,Kansas City Royals,6,Detroit Tigers,6,7
2024-09-16,2024-09-16T23:40Z,Final,16,Chicago Cubs,11,Oakland Athletics,9,2
2024-09-16,2024-09-16T23:40Z,Final,8,Milwaukee Brewers,22,Philadelphia Phillies,6,2
2024-09-16,2024-09-16T23:45Z,Final,24,St. Louis Cardinals,23,Pittsburgh Pirates,4,0
2024-09-16,2024-09-17T00:40Z,Final,27,Colorado Rockies,29,Arizona Diamondbacks,3,2
2024-09-16,2024-09-17T01:38Z,Final,3,Los Angeles Angels,4,Chicago White Sox,4,8
2024-09-16,2024-09-17T01:40Z,Final,25,San Diego Padres,18,Houston Astros,3,1
2024-09-17,2024-09-17T22:35Z,Final,1,Baltimore Orioles,26,San Francisco Giants,0,10
2024-09-17,2024-09-17T22:40Z,Final,17,Cincinnati Reds,15,Atlanta Braves,6,5
2024-09-17,2024-09-17T22:40Z,Final,28,Miami Marlins,19,Los Angeles Dodgers,11,9
2024-09-17,2024-09-17T22:40Z,Final,5,Cleveland Guardians,9,Minnesota Twins,1,4
2024-09-17,2024-09-17T22:50Z,Final,30,Tampa Bay Rays,2,Boston Red Sox,8,3
2024-09-17,2024-09-17T23:10Z,Final,21,New York Mets,20,Washington Nationals,10,1
2024-09-17,2024-09-17T23:40Z,Final,7,Kansas City Royals,6,Detroit Tigers,1,3
2024-09-17,2024-09-17T23:40Z,Final,16,Chicago Cubs,11,Oakland Athletics,3,4
2024-09-17,2024-09-17T23:40Z,Final,8,Milwaukee Brewers,22,Philadelphia Phillies,1,5
2024-09-17,2024-09-17T23:45Z,Final,24,St. Louis Cardinals,23,Pittsburgh Pirates,3,1
2024-09-17,2024-09-18T00:05Z,Final,13,Texas Rangers,14,Toronto Blue Jays,13,8
2024-09-17,2024-09-18T00:40Z,Final,27,Colorado Rockies,29,Arizona Diamondbacks,8,2
2024-09-17,2024-09-18T01:38Z,Final,3,Los Angeles Angels,4,Chicago White Sox,5,0
2024-09-17,2024-09-18T01:40Z,Final,25,San Diego Padres,18,Houston Astros,3,4
2024-09-17,2024-09-18T01:40Z,Final,12,Seattle Mariners,10,New York Yankees,2,11
2024-09-18,2024-09-18T18:20Z,Final,16,Chicago Cubs,11,Oakland Athletics,3,5
2024-09-18,2024-09-18T19:10Z,Final,27,Colorado Rockies,29,Arizona Diamondbacks,4,9
2024-09-18,2024-09-18T20:07Z,Final,3,Los Angeles Angels,4,Chicago White Sox,4,3
2024-09-18,2024-09-18T22:35Z,Final,1,Baltimore Orioles,26,San Francisco Giants,3,5
2024-09-18,2024-09-18T22:40Z,Final,17,Cincinnati Reds,15,Atlanta Braves,1,7
2024-09-18,2024-09-18T22:40Z,Final,25,San Diego Padres,18,Houston Astros,4,0
2024-09-18,2024-09-18T22:40Z,Final,28,Miami Marlins,19,Los Angeles Dodgers,4,8
2024-09-18,2024-09-18T22:40Z,Final,5,Cleveland Guardians,9,Minnesota Twins,5,4
2024-09-18,2024-09-18T22:50Z,Final,30,Tampa Bay Rays,2,Boston Red Sox,1,2
2024-09-18,2024-09-18T23:10Z,Final,21,New York Mets,20,Washington Nationals,10,0
2024-09-18,2024-09-18T23:40Z,Final,7,Kansas City Royals,6,Detroit Tigers,2,4
2024-09-18,2024-09-18T23:40Z,Final,8,Milwaukee Brewers,22,Philadelphia Phillies,2,1
2024-09-18,2024-09-18T23:45Z,Final,24,St. Louis Cardinals,23,Pittsburgh Pirates,10,5
2024-09-18,2024-09-19T00:05Z,Final,13,Texas Rangers,14,Toronto Blue Jays,2,0
2024-09-18,2024-09-19T01:40Z,Final,12,Seattle Mariners,10,New York Yankees,1,2
2024-09-19,2024-09-19T17:05Z,Final,1,Baltimore Orioles,26,San Francisco Giants,5,3
2024-09-19,2024-09-19T17:10Z,Final,17,Cincinnati Reds,15,Atlanta Braves,3,15
2024-09-19,2024-09-19T17:10Z,Final,5,Cleveland Guardians,9,Minnesota Twins,3,2
2024-09-19,2024-09-19T18:35Z,Final,13,Texas Rangers,14,Toronto Blue Jays,0,4
2024-09-19,2024-09-19T20:10Z,Final,12,Seattle Mariners,10,New York Yankees,3,2
2024-09-19,2024-09-19T20:40Z,Final,28,Miami Marlins,19,Los Angeles Dodgers,4,20
2024-09-19,2024-09-19T22:50Z,Final,30,Tampa Bay Rays,2,Boston Red Sox,2,0
2024-09-19,2024-09-19T23:15Z,Final,8,Milwaukee Brewers,29,Arizona Diamondbacks,1,5
2024-09-19,2024-09-19T23:15Z,Final,21,New York Mets,22,Philadelphia Phillies,10,6
2024-09-19,2024-09-19T23:15Z,Final,24,St. Louis Cardinals,23,Pittsburgh Pirates,2,3
2024-09-19,2024-09-19T23:40Z,Final,16,Chicago Cubs,20,Washington Nationals,7,6
2024-09-19,2024-09-20T00:10Z,Final,18,Houston Astros,3,Los Angeles Angels,3,1
2024-09-20,2024-09-20T18:20Z,Final,16,Chicago Cubs,20,Washington Nationals,3,1
2024-09-20,2024-09-20T22:40Z,Final,17,Cincinnati Reds,23,Pittsburgh Pirates,8,3
2024-09-20,2024-09-20T22:50Z,Final,30,Tampa Bay Rays,14,Toronto Blue Jays,1,0
2024-09-20,2024-09-20T23:05Z,Final,1,Baltimore Orioles,6,Detroit Tigers,7,1
2024-09-20,2024-09-20T23:10Z,Final,28,Miami Marlins,15,Atlanta Braves,4,3
2024-09-20,2024-09-20T23:10Z,Final,2,Boston Red Sox,9,Minnesota Twins,2,4
2024-09-20,2024-09-20T23:10Z,Final,21,New York Mets,22,Philadelphia Phillies,2,12
2024-09-20,2024-09-21T00:05Z,Final,13,Texas Rangers,12,Seattle Mariners,2,8
2024-09-20,2024-09-21T00:10Z,Final,18,Houston Astros,3,Los Angeles Angels,9,7
2024-09-20,2024-09-21T00:10Z,Final,8,Milwaukee Brewers,29,Arizona Diamondbacks,4,7
2024-09-20,2024-09-21T00:10Z,Final,7,Kansas City Royals,26,San Francisco Giants,1,2
2024-09-20,2024-09-21T00:15Z,Final,24,St. Louis Cardinals,5,Cleveland Guardians,1,5
2024-09-20,2024-09-21T01:40Z,Final,25,San Diego Padres,4,Chicago White Sox,3,2
2024-09-20,2024-09-21T01:40Z,Final,11,Oakland Athletics,10,New York Yankees,2,4
2024-09-20,2024-09-21T02:10Z,Final,19,Los Angeles Dodgers,27,Colorado Rockies,6,4
2024-09-21,2024-09-21T17:10Z,Final,17,Cincinnati Reds,23,Pittsburgh Pirates,7,1
2024-09-21,2024-09-21T18:20Z,Final,16,Chicago Cubs,20,Washington Nationals,1,5
2024-09-21,2024-09-21T20:05Z,Final,1,Baltimore Orioles,6,Detroit Tigers,4,6
2024-09-21,2024-09-21T20:10Z,Final,28,Miami Marlins,15,Atlanta Braves,2,6
2024-09-21,2024-09-21T20:10Z,Final,21,New York Mets,22,Philadelphia Phillies,6,3
2024-09-21,2024-09-21T20:10Z,Final,30,Tampa Bay Rays,14,Toronto Blue Jays,3,2
2024-09-21,2024-09-21T21:10Z,Final,7,Kansas City Royals,26,San Francisco Giants,0,9
2024-09-21,2024-09-21T23:05Z,Final,13,Texas Rangers,12,Seattle Mariners,4,8
2024-09-21,2024-09-21T23:10Z,Final,18,Houston Astros,3,Los Angeles Angels,10,4
2024-09-21,2024-09-21T23:10Z,Final,8,Milwaukee Brewers,29,Arizona Diamondbacks,0,5
2024-09-21,2024-09-21T23:15Z,Final,24,St. Louis Cardinals,5,Cleveland Guardians,6,5
2024-09-21,2024-09-22T00:40Z,Final,25,San Diego Padres,4,Chicago White Sox,6,2
2024-09-21,2024-09-22T01:07Z,Final,11,Oakland Athletics,10,New York Yankees,0,10
2024-09-21,2024-09-22T01:10Z,Final,19,Los Angeles Dodgers,27,Colorado Rockies,3,6
2024-09-22,2024-09-22T16:35Z,Final,2,Boston Red Sox,9,Minnesota Twins,8,1
2024-09-22,2024-09-22T17:10Z,Final,17,Cincinnati Reds,23,Pittsburgh Pirates,0,2
2024-09-22,2024-09-22T17:35Z,Final,1,Baltimore Orioles,6,Detroit Tigers,3,4
2024-09-22,2024-09-22T17:40Z,Final,28,Miami Marlins,15,Atlanta Braves,4,5
2024-09-22,2024-09-22T17:40Z,Final,30,Tampa Bay Rays,14,Toronto Blue Jays,4,3
2024-09-22,2024-09-22T18:10Z,Final,18,Houston Astros,3,Los Angeles Angels,8,9
2024-09-22,2024-09-22T18:10Z,Final,8,Milwaukee Brewers,29,Arizona Diamondbacks,10,9
2024-09-22,2024-09-22T18:10Z,Final,7,Kansas City Royals,26,San Francisco Giants,0,2
2024-09-22,2024-09-22T18:15Z,Final,24,St. Louis Cardinals,5,Cleveland Guardians,2,1
2024-09-22,2024-09-22T18:20Z,Final,16,Chicago Cubs,20,Washington Nationals,5,0
2024-09-22,2024-09-22T18:35Z,Final,13,Texas Rangers,12,Seattle Mariners,6,5
2024-09-22,2024-09-22T20:07Z,Final,11,Oakland Athletics,10,New York Yankees,4,7
2024-09-22,2024-09-22T20:10Z,Final,25,San Diego Padres,4,Chicago White Sox,4,2
2024-09-22,2024-09-22T20:10Z,Final,19,Los Angeles Dodgers,27,Colorado Rockies,6,5
2024-09-22,2024-09-22T21:35Z,Final,2,Boston Red Sox,9,Minnesota Twins,9,3
2024-09-22,2024-09-22T23:00Z,Final,21,New York Mets,22,Philadelphia Phillies,2,1
2024-09-23,2024-09-23T22:40Z,Final,22,Philadelphia Phillies,16,Chicago Cubs,6,2
2024-09-23,2024-09-23T23:07Z,Final,14,Toronto Blue Jays,2,Boston Red Sox,1,4
2024-09-23,2024-09-24T00:10Z,Final,18,Houston Astros,12,Seattle Mariners,1,6
2024-09-23,2024-09-24T01:40Z,Final,29,Arizona Diamondbacks,26,San Francisco Giants,3,6
2024-09-24,2024-09-24T17:10Z,Final,6,Detroit Tigers,30,Tampa Bay Rays,2,1
2024-09-24,2024-09-24T22:40Z,Final,22,Philadelphia Phillies,16,Chicago Cubs,4,10
2024-09-24,2024-09-24T22:40Z,Final,5,Cleveland Guardians,17,Cincinnati Reds,6,1
2024-09-24,2024-09-24T22:40Z,Final,23,Pittsburgh Pirates,8,Milwaukee Brewers,2,7
2024-09-24,2024-09-24T22:45Z,Final,20,Washington Nationals,7,Kansas City Royals,0,1
2024-09-24,2024-09-24T23:05Z,Final,10,New York Yankees,1,Baltimore Orioles,3,5
2024-09-24,2024-09-24T23:07Z,Final,14,Toronto Blue Jays,2,Boston Red Sox,5,6
2024-09-24,2024-09-24T23:20Z,Final,15,Atlanta Braves,21,New York Mets,5,1
2024-09-24,2024-09-24T23:40Z,Final,4,Chicago White Sox,3,Los Angeles Angels,3,2
2024-09-24,2024-09-24T23:40Z,Final,9,Minnesota Twins,28,Miami Marlins,1,4
2024-09-24,2024-09-25T00:10Z,Final,18,Houston Astros,12,Seattle Mariners,4,3
2024-09-24,2024-09-25T00:40Z,Final,27,Colorado Rockies,24,St. Louis Cardinals,3,7
2024-09-24,2024-09-25T01:40Z,Final,29,Arizona Diamondbacks,26,San Francisco Giants,0,11
2024-09-24,2024-09-25T01:40Z,Final,11,Oakland Athletics,13,Texas Rangers,5,4
2024-09-24,2024-09-25T02:10Z,Final,19,Los Angeles Dodgers,25,San Diego Padres,2,4
2024-09-25,2024-09-25T18:10Z,Final,18,Houston Astros,12,Seattle Mariners,1,8
2024-09-25,2024-09-25T22:05Z,Final,22,Philadelphia Phillies,16,Chicago Cubs,9,6
2024-09-25,2024-09-25T22:40Z,Final,5,Cleveland Guardians,17,Cincinnati Reds,5,2
2024-09-25,2024-09-25T22:40Z,Final,23,Pittsburgh Pirates,8,Milwaukee Brewers,2,1
2024-09-25,2024-09-25T22:40Z,Final,6,Detroit Tigers,30,Tampa Bay Rays,7,1
2024-09-25,2024-09-25T22:45Z,Final,20,Washington Nationals,7,Kansas City Royals,0,3
2024-09-25,2024-09-25T23:05Z,Final,10,New York Yankees,1,Baltimore Orioles,7,9
2024-09-25,2024-09-25T23:07Z,Final,14,Toronto Blue Jays,2,Boston Red Sox,6,1
2024-09-25,2024-09-25T23:40Z,Final,4,Chicago White Sox,3,Los Angeles Angels,4,3
2024-09-25,2024-09-25T23:40Z,Final,9,Minnesota Twins,28,Miami Marlins,8,3
2024-09-25,2024-09-26T00:40Z,Final,27,Colorado Rockies,24,St. Louis Cardinals,2,5
2024-09-25,2024-09-26T01:40Z,Final,29,Arizona Diamondbacks,26,San Francisco Giants,8,2
2024-09-25,2024-09-26T01:40Z,Final,11,Oakland Athletics,13,Texas Rangers,1,5
2024-09-25,2024-09-26T02:10Z,Final,19,Los Angeles Dodgers,25,San Diego Padres,4,3
2024-09-26,2024-09-26T16:35Z,Final,23,Pittsburgh Pirates,8,Milwaukee Brewers,2,5
2024-09-26,2024-09-26T17:05Z,Final,20,Washington Nationals,7,Kansas City Royals,4,7
2024-09-26,2024-09-26T17:10Z,Final,6,Detroit Tigers,30,Tampa Bay Rays,4,3
2024-09-26,2024-09-26T18:10Z,Final,4,Chicago White Sox,3,Los Angeles Angels,7,0
2024-09-26,2024-09-26T19:10Z,Final,27,Colorado Rockies,24,St. Louis Cardinals,10,8
2024-09-26,2024-09-26T19:37Z,Final,11,Oakland Athletics,13,Texas Rangers,3,2
2024-09-26,2024-09-26T23:05Z,Final,10,New York Yankees,1,Baltimore Orioles,10,1
2024-09-26,2024-09-26T23:40Z,Final,9,Minnesota Twins,28,Miami Marlins,6,8
2024-09-26,2024-09-27T02:10Z,Final,19,Los Angeles Dodgers,25,San Diego Padres,7,2
2024-09-27,2024-09-27T18:20Z,Final,16,Chicago Cubs,17,Cincinnati Reds,1,0
2024-09-27,2024-09-27T22:40Z,Final,6,Detroit Tigers,4,Chicago White Sox,4,1
2024-09-27,2024-09-27T22:45Z,Final,20,Washington Nationals,22,Philadelphia Phillies,9,1
2024-09-27,2024-09-27T23:05Z,Final,10,New York Yankees,23,Pittsburgh Pirates,2,4
2024-09-27,2024-09-27T23:07Z,Final,14,Toronto Blue Jays,28,Miami Marlins,5,15
2024-09-27,2024-09-27T23:10Z,Final,5,Cleveland Guardians,18,Houston Astros,2,5
2024-09-27,2024-09-27T23:10Z,Final,2,Boston Red Sox,30,Tampa Bay Rays,1,2
2024-09-27,2024-09-27T23:20Z,Final,15,Atlanta Braves,7,Kansas City Royals,3,0
2024-09-27,2024-09-28T00:10Z,Final,9,Minnesota Twins,1,Baltimore Orioles,2,7
2024-09-27,2024-09-28T00:10Z,Final,27,Colorado Rockies,19,Los Angeles Dodgers,4,11
2024-09-27,2024-09-28T00:10Z,Final,8,Milwaukee Brewers,21,New York Mets,8,4
2024-09-27,2024-09-28T01:38Z,Final,3,Los Angeles Angels,13,Texas Rangers,2,5
2024-09-27,2024-09-28T01:40Z,Final,29,Arizona Diamondbacks,25,San Diego Padres,3,5
2024-09-27,2024-09-28T02:10Z,Final,12,Seattle Mariners,11,Oakland Athletics,2,0
2024-09-27,2024-09-28T02:15Z,Final,26,San Francisco Giants,24,St. Louis Cardinals,3,6
2024-09-28,2024-09-28T17:05Z,Final,10,New York Yankees,23,Pittsburgh Pirates,4,9
2024-09-28,2024-09-28T17:10Z,Final,6,Detroit Tigers,4,Chicago White Sox,0,4
2024-09-28,2024-09-28T18:20Z,Final,16,Chicago Cubs,17,Cincinnati Reds,3,0
2024-09-28,2024-09-28T19:07Z,Final,14,Toronto Blue Jays,28,Miami Marlins,1,8
2024-09-28,2024-09-28T20:05Z,Final,20,Washington Nationals,22,Philadelphia Phillies,6,3
2024-09-28,2024-09-28T20:05Z,Final,26,San Francisco Giants,24,St. Louis Cardinals,6,5
2024-09-28,2024-09-28T20:10Z,Final,2,Boston Red Sox,30,Tampa Bay Rays,2,7
2024-09-28,2024-09-28T22:10Z,Final,5,Cleveland Guardians,18,Houston Astros,3,4
2024-09-28,2024-09-28T23:15Z,Final,9,Minnesota Twins,1,Baltimore Orioles,2,9
2024-09-28,2024-09-28T23:15Z,Final,8,Milwaukee Brewers,21,New York Mets,6,0
2024-09-28,2024-09-28T23:20Z,Final,15,Atlanta Braves,7,Kansas City Royals,2,1
2024-09-28,2024-09-29T00:10Z,Final,27,Colorado Rockies,19,Los Angeles Dodgers,2,13
2024-09-28,2024-09-29T00:10Z,Final,29,Arizona Diamondbacks,25,San Diego Padres,0,5
2024-09-28,2024-09-29T01:38Z,Final,3,Los Angeles Angels,13,Texas Rangers,8,9
2024-09-28,2024-09-29T01:40Z,Final,12,Seattle Mariners,11,Oakland Athletics,7,6
2024-09-29,2024-09-29T19:05Z,Final,20,Washington Nationals,22,Philadelphia Phillies,3,6
2024-09-29,2024-09-29T19:05Z,Final,10,New York Yankees,23,Pittsburgh Pirates,6,4
2024-09-29,2024-09-29T19:05Z,Final,26,San Francisco Giants,24,St. Louis Cardinals,1,6
2024-09-29,2024-09-29T19:05Z,Final,2,Boston Red Sox,30,Tampa Bay Rays,3,1
2024-09-29,2024-09-29T19:07Z,Final,14,Toronto Blue Jays,28,Miami Marlins,1,3
2024-09-29,2024-09-29T19:07Z,Final,3,Los Angeles Angels,13,Texas Rangers,0,8
2024-09-29,2024-09-29T19:10Z,Final,9,Minnesota Twins,1,Baltimore Orioles,2,6
2024-09-29,2024-09-29T19:10Z,Final,6,Detroit Tigers,4,Chicago White Sox,5,9
2024-09-29,2024-09-29T19:10Z,Final,27,Colorado Rockies,19,Los Angeles Dodgers,1,2
2024-09-29,2024-09-29T19:10Z,Final,8,Milwaukee Brewers,21,New York Mets,0,5
2024-09-29,2024-09-29T19:10Z,Final,12,Seattle Mariners,11,Oakland Athletics,6,4
2024-09-29,2024-09-29T19:10Z,Final,29,Arizona Diamondbacks,25,San Diego Padres,11,2
2024-09-29,2024-09-29T19:20Z,Final,16,Chicago Cubs,17,Cincinnati Reds,0,3
2024-09-29,2024-09-29T19:20Z,Final,15,Atlanta Braves,7,Kansas City Royals,2,4
2024-09-30,2024-09-30T17:10Z,Final,15,Atlanta Braves,21,New York Mets,7,8
2024-09-30,2024-09-30T20:50Z,Final,15,Atlanta Braves,21,New York Mets,3,0
2024-10-01,2024-10-01T18:30Z,Final,18,Houston Astros,6,Detroit Tigers,1,3
2024-10-01,2024-10-01T20:00Z,Final,1,Baltimore Orioles,7,Kansas City Royals,0,1
2024-10-01,2024-10-01T21:30Z,Final,8,Milwaukee Brewers,21,New York Mets,4,8
2024-10-01,2024-10-02T00:30Z,Final,25,San Diego Padres,15,Atlanta Braves,4,0
2024-10-02,2024-10-02T18:30Z,Final,18,Houston Astros,6,Detroit Tigers,2,5
2024-10-02,2024-10-02T20:30Z,Final,1,Baltimore Orioles,7,Kansas City Royals,1,2
2024-10-02,2024-10-02T23:30Z,Final,8,Milwaukee Brewers,21,New York Mets,5,3
2024-10-02,2024-10-03T00:30Z,Final,25,San Diego Padres,15,Atlanta Braves,5,4
2024-10-03,2024-10-03T23:00Z,Final,8,Milwaukee Brewers,21,New York Mets,2,4
2024-10-05,2024-10-05T17:08Z,Final,5,Cleveland Guardians,6,Detroit Tigers,7,0
2024-10-05,2024-10-05T20:08Z,Final,22,Philadelphia Phillies,21,New York Mets,2,6
2024-10-05,2024-10-05T22:38Z,Final,10,New York Yankees,7,Kansas City Royals,6,5
2024-10-05,2024-10-06T00:38Z,Final,19,Los Angeles Dodgers,25,San Diego Padres,7,5
2024-10-06,2024-10-06T20:08Z,Final,22,Philadelphia Phillies,21,New York Mets,7,6
2024-10-06,2024-10-07T00:03Z,Final,19,Los Angeles Dodgers,25,San Diego Padres,2,10
2024-10-07,2024-10-07T20:08Z,Final,5,Cleveland Guardians,6,Detroit Tigers,0,3
2024-10-07,2024-10-07T23:38Z,Final,10,New York Yankees,7,Kansas City Royals,2,4
2024-10-08,2024-10-08T21:08Z,Final,21,New York Mets,22,Philadelphia Phillies,7,2
2024-10-08,2024-10-09T01:08Z,Final,25,San Diego Padres,19,Los Angeles Dodgers,6,5
2024-10-09,2024-10-09T19:08Z,Final,6,Detroit Tigers,5,Cleveland Guardians,3,0
2024-10-09,2024-10-09T21:08Z,Final,21,New York Mets,22,Philadelphia Phillies,4,1
2024-10-09,2024-10-09T23:08Z,Final,7,Kansas City Royals,10,New York Yankees,2,3
2024-10-09,2024-10-10T01:08Z,Final,25,San Diego Padres,19,Los Angeles Dodgers,0,8
2024-10-10,2024-10-10T22:08Z,Final,6,Detroit Tigers,5,Cleveland Guardians,4,5
2024-10-10,2024-10-11T00:08Z,Final,7,Kansas City Royals,10,New York Yankees,1,3
2024-10-11,2024-10-12T00:08Z,Final,19,Los Angeles Dodgers,25,San Diego Padres,2,0
2024-10-12,2024-10-12T17:08Z,Final,5,Cleveland Guardians,6,Detroit Tigers,7,3
2024-10-13,2024-10-14T00:15Z,Final,19,Los Angeles Dodgers,21,New York Mets,9,0
2024-10-14,2024-10-14T20:08Z,Final,19,Los Angeles Dodgers,21,New York Mets,3,7
2024-10-14,2024-10-14T23:38Z,Final,10,New York Yankees,5,Cleveland Guardians,5,2
2024-10-15,2024-10-15T23:38Z,Final,10,New York Yankees,5,Cleveland Guardians,6,3
2024-10-16,2024-10-17T00:08Z,Final,21,New York Mets,19,Los Angeles Dodgers,0,8
2024-10-17,2024-10-17T21:08Z,Final,5,Cleveland Guardians,10,New York Yankees,7,5
2024-10-17,2024-10-18T00:08Z,Final,21,New York Mets,19,Los Angeles Dodgers,2,10
2024-10-18,2024-10-18T21:08Z,Final,21,New York Mets,19,Los Angeles Dodgers,12,6
2024-10-18,2024-10-19T00:08Z,Final,5,Cleveland Guardians,10,New York Yankees,6,8
2024-10-19,2024-10-20T00:08Z,Final,5,Cleveland Guardians,10,New York Yankees,2,5
2024-10-20,2024-10-21T00:08Z,Final,19,Los Angeles Dodgers,21,New York Mets,10,5
2024-10-25,2024-10-26T00:08Z,Final,19,Los Angeles Dodgers,10,New York Yankees,6,3
2024-10-26,2024-10-27T00:08Z,Final,19,Los Angeles Dodgers,10,New York Yankees,4,2
2024-10-28,2024-10-29T00:08Z,Final,10,New York Yankees,19,Los Angeles Dodgers,2,4
2024-10-29,2024-10-30T00:08Z,Final,10,New York Yankees,19,Los Angeles Dodgers,11,4
2024-10-30,2024-10-31T00:08Z,Final,10,New York Yankees,19,Los Angeles Dodgers,6,7
2025-02-20,2025-02-20T20:05Z,Final,19,Los Angeles Dodgers,16,Chicago Cubs,4,12
2025-02-21,2025-02-21T18:05Z,Final,10,New York Yankees,30,Tampa Bay Rays,4,0
2025-02-21,2025-02-21T20:05Z,Final,16,Chicago Cubs,19,Los Angeles Dodgers,7,3
2025-02-21,2025-02-21T20:05Z,Final,7,Kansas City Royals,13,Texas Rangers,5,2
2025-02-21,2025-02-21T20:10Z,Final,29,Arizona Diamondbacks,27,Colorado Rockies,8,12
2025-02-21,2025-02-21T20:10Z,Final,25,San Diego Padres,12,Seattle Mariners,5,2
2025-02-22,2025-02-22T18:05Z,Final,9,Minnesota Twins,15,Atlanta Braves,3,1
2025-02-22,2025-02-22T18:05Z,Final,30,Tampa Bay Rays,2,Boston Red Sox,4,6
2025-02-22,2025-02-22T18:05Z,Final,6,Detroit Tigers,22,Philadelphia Phillies,7,6
2025-02-22,2025-02-22T18:05Z,Final,1,Baltimore Orioles,23,Pittsburgh Pirates,5,10
2025-02-22,2025-02-22T18:05Z,Final,18,Houston Astros,20,Washington Nationals,3,6
2025-02-22,2025-02-22T18:07Z,Final,14,Toronto Blue Jays,10,New York Yankees,6,4
2025-02-22,2025-02-22T18:10Z,Final,21,New York Mets,18,Houston Astros,6,2
2025-02-22,2025-02-22T18:10Z,Final,28,Miami Marlins,24,St. Louis Cardinals,7,6
2025-02-22,2025-02-22T20:05Z,Final,16,Chicago Cubs,4,Chicago White Sox,7,3
2025-02-22,2025-02-22T20:05Z,Final,17,Cincinnati Reds,5,Cleveland Guardians,6,3
2025-02-22,2025-02-22T20:05Z,Final,19,Los Angeles Dodgers,7,Kansas City Royals,10,11
2025-02-22,2025-02-22T20:05Z,Final,13,Texas Rangers,26,San Francisco Giants,1,6
2025-02-22,2025-02-22T20:10Z,Final,27,Colorado Rockies,29,Arizona Diamondbacks,9,3
2025-02-22,2025-02-22T20:10Z,Final,25,San Diego Padres,11,Athletics,10,3
2025-02-22,2025-02-22T20:10Z,Final,8,Milwaukee Brewers,17,Cincinnati Reds,8,7
2025-02-22,2025-02-22T20:10Z,Final,3,Los Angeles Angels,12,Seattle Mariners,11,10
2025-02-23,2025-02-23T18:05Z,Final,22,Philadelphia Phillies,1,Baltimore Orioles,3,7
2025-02-23,2025-02-23T18:05Z,Final,10,New York Yankees,6,Detroit Tigers,0,4
2025-02-23,2025-02-23T18:05Z,Final,24,St. Louis Cardinals,18,Houston Astros,6,11
2025-02-23,2025-02-23T18:05Z,Final,23,Pittsburgh Pirates,9,Minnesota Twins,5,1
2025-02-23,2025-02-23T18:05Z,Final,20,Washington Nationals,21,New York Mets,11,6
2025-02-23,2025-02-23T18:05Z,Final,15,Atlanta Braves,30,Tampa Bay Rays,2,4
2025-02-23,2025-02-23T18:05Z,Final,2,Boston Red Sox,14,Toronto Blue Jays,7,8
2025-02-23,2025-02-23T18:10Z,Final,21,New York Mets,28,Miami Marlins,1,1
2025-02-23,2025-02-23T20:05Z,Final,5,Cleveland Guardians,3,Los Angeles Angels,14,2
2025-02-23,2025-02-23T20:05Z,Final,7,Kansas City Royals,4,Chicago White Sox,4,3
2025-02-23,2025-02-23T20:05Z,Final,26,San Francisco Giants,17,Cincinnati Reds,5,2
2025-02-23,2025-02-23T20:05Z,Final,11,Athletics,27,Colorado Rockies,4,0
2025-02-23,2025-02-23T20:05Z,Final,19,Los Angeles Dodgers,25,San Diego Padres,8,3
2025-02-23,2025-02-23T20:05Z,Final,16,Chicago Cubs,13,Texas Rangers,6,5
2025-02-23,2025-02-23T20:10Z,Final,12,Seattle Mariners,29,Arizona Diamondbacks,11,5
2025-02-23,2025-02-23T20:10Z,Final,27,Colorado Rockies,8,Milwaukee Brewers,6,1
2025-02-24,2025-02-24T18:05Z,Final,24,St. Louis Cardinals,21,New York Mets,7,4
2025-02-24,2025-02-24T20:05Z,Final,7,Kansas City Royals,11,Athletics,1,1
2025-02-24,2025-02-24T20:05Z,Final,26,San Francisco Giants,27,Colorado Rockies,2,2
2025-02-24,2025-02-24T20:05Z,Final,17,Cincinnati Reds,19,Los Angeles Dodgers,8,1
2025-02-24,2025-02-24T20:05Z,Final,4,Chicago White Sox,13,Texas Rangers,3,11
2025-02-24,2025-02-24T20:10Z,Final,25,San Diego Padres,16,Chicago Cubs,5,10
2025-02-24,2025-02-24T20:10Z,Final,29,Arizona Diamondbacks,5,Cleveland Guardians,4,3
2025-02-24,2025-02-24T20:10Z,Final,8,Milwaukee Brewers,12,Seattle Mariners,8,12
2025-02-24,2025-02-24T20:10Z,Final,3,Los Angeles Angels,26,San Francisco Giants,7,4
2025-02-25,2025-02-25T18:05Z,Final,23,Pittsburgh Pirates,15,Atlanta Braves,1,2
2025-02-25,2025-02-25T18:05Z,Final,15,Atlanta Braves,2,Boston Red Sox,6,1
2025-02-25,2025-02-25T18:05Z,Final,1,Baltimore Orioles,6,Detroit Tigers,8,7
2025-02-25,2025-02-25T18:05Z,Final,9,Minnesota Twins,10,New York Yankees,5,4
2025-02-25,2025-02-25T18:05Z,Final,18,Houston Astros,21,New York Mets,8,5
2025-02-25,2025-02-25T18:05Z,Final,30,Tampa Bay Rays,22,Philadelphia Phillies,4,5
2025-02-25,2025-02-25T18:07Z,Final,14,Toronto Blue Jays,24,St. Louis Cardinals,3,2
2025-02-25,2025-02-25T18:10Z,Final,28,Miami Marlins,20,Washington Nationals,7,14
2025-02-25,2025-02-25T20:05Z,Final,16,Chicago Cubs,29,Arizona Diamondbacks,4,2
2025-02-25,2025-02-25T20:05Z,Final,13,Texas Rangers,7,Kansas City Royals,6,15
2025-02-25,2025-02-25T20:05Z,Final,5,Cleveland Guardians,8,Milwaukee Brewers,6,9
2025-02-25,2025-02-25T20:05Z,Final,19,Los Angeles Dodgers,12,Seattle Mariners,5,11
2025-02-25,2025-02-25T20:05Z,Final,11,Athletics,26,San Francisco Giants,7,5
2025-02-25,2025-02-25T20:10Z,Final,25,San Diego Padres,3,Los Angeles Angels,1,2
2025-02-25,2025-02-25T20:10Z,Final,27,Colorado Rockies,4,Chicago White Sox,14,3
2025-02-26,2025-02-26T18:05Z,Final,23,Pittsburgh Pirates,1,Baltimore Orioles,7,3
2025-02-26,2025-02-26T18:05Z,Final,20,Washington Nationals,18,Houston Astros,0,3
2025-02-26,2025-02-26T18:05Z,Final,6,Detroit Tigers,9,Minnesota Twins,0,4
2025-02-26,2025-02-26T18:05Z,Final,15,Atlanta Braves,23,Pittsburgh Pirates,9,4
2025-02-26,2025-02-26T18:05Z,Final,10,New York Yankees,24,St. Louis Cardinals,7,0
2025-02-26,2025-02-26T18:05Z,Final,2,Boston Red Sox,30,Tampa Bay Rays,2,8
2025-02-26,2025-02-26T18:07Z,Final,14,Toronto Blue Jays,22,Philadelphia Phillies,6,9
2025-02-26,2025-02-26T18:10Z,Final,28,Miami Marlins,21,New York Mets,4,1
2025-02-26,2025-02-26T20:05Z,Final,26,San Francisco Giants,16,Chicago Cubs,4,4
2025-02-26,2025-02-26T20:05Z,Final,7,Kansas City Royals,27,Colorado Rockies,6,7
2025-02-26,2025-02-26T20:05Z,Final,4,Chicago White Sox,25,San Diego Padres,1,3
2025-02-26,2025-02-26T20:05Z,Final,5,Cleveland Guardians,13,Texas Rangers,4,7
2025-02-26,2025-02-26T20:10Z,Final,12,Seattle Mariners,11,Athletics,5,8
2025-02-26,2025-02-26T20:10Z,Final,3,Los Angeles Angels,17,Cincinnati Reds,4,9
2025-02-26,2025-02-26T20:10Z,Final,8,Milwaukee Brewers,19,Los Angeles Dodgers,3,9
2025-02-26,2025-02-26T20:10Z,Final,29,Arizona Diamondbacks,8,Milwaukee Brewers,7,1
2025-02-27,2025-02-27T18:05Z,Final,6,Detroit Tigers,2,Boston Red Sox,5,6
2025-02-27,2025-02-27T18:05Z,Final,30,Tampa Bay Rays,6,Detroit Tigers,7,7
2025-02-27,2025-02-27T18:05Z,Final,24,St. Louis Cardinals,28,Miami Marlins,8,4
2025-02-27,2025-02-27T18:05Z,Final,22,Philadelphia Phillies,10,New York Yankees,7,7
2025-02-27,2025-02-27T18:05Z,Final,9,Minnesota Twins,23,Pittsburgh Pirates,1,12
2025-02-27,2025-02-27T18:05Z,Final,1,Baltimore Orioles,14,Toronto Blue Jays,11,8
2025-02-27,2025-02-27T18:10Z,Final,21,New York Mets,18,Houston Astros,5,0
2025-02-27,2025-02-27T20:05Z,Final,16,Chicago Cubs,3,Los Angeles Angels,4,4
2025-02-27,2025-02-27T20:05Z,Final,17,Cincinnati Reds,29,Arizona Diamondbacks,3,3
2025-02-27,2025-02-27T20:05Z,Final,4,Chicago White Sox,5,Cleveland Guardians,4,2
2025-02-27,2025-02-27T20:05Z,Final,11,Athletics,25,San Diego Padres,6,4
2025-02-27,2025-02-27T20:05Z,Final,13,Texas Rangers,12,Seattle Mariners,8,0
2025-02-27,2025-02-27T20:10Z,Final,8,Milwaukee Brewers,7,Kansas City Royals,12,5
2025-02-27,2025-02-27T20:10Z,Final,27,Colorado Rockies,19,Los Angeles Dodgers,2,0
2025-02-27,2025-02-27T20:10Z,Final,12,Seattle Mariners,26,San Francisco Giants,4,6
2025-02-27,2025-02-27T23:05Z,Final,20,Washington Nationals,15,Atlanta Braves,3,4
2025-02-28,2025-02-28T18:05Z,Final,9,Minnesota Twins,1,Baltimore Orioles,10,13
2025-02-28,2025-02-28T18:05Z,Final,22,Philadelphia Phillies,2,Boston Red Sox,7,5
2025-02-28,2025-02-28T18:05Z,Final,18,Houston Astros,24,St. Louis Cardinals,3,2
2025-02-28,2025-02-28T18:05Z,Final,23,Pittsburgh Pirates,30,Tampa Bay Rays,3,2
2025-02-28,2025-02-28T18:07Z,Final,14,Toronto Blue Jays,6,Detroit Tigers,10,7
2025-02-28,2025-02-28T18:10Z,Final,28,Miami Marlins,15,Atlanta Braves,2,7
2025-02-28,2025-02-28T18:10Z,Final,21,New York Mets,20,Washington Nationals,7,0
2025-02-28,2025-02-28T20:05Z,Final,13,Texas Rangers,16,Chicago Cubs,8,8
2025-02-28,2025-02-28T20:05Z,Final,11,Athletics,17,Cincinnati Reds,13,1
2025-02-28,2025-02-28T20:05Z,Final,5,Cleveland Guardians,27,Colorado Rockies,3,1
2025-02-28,2025-02-28T20:05Z,Final,26,San Francisco Giants,8,Milwaukee Brewers,9,2
2025-02-28,2025-02-28T20:10Z,Final,3,Los Angeles Angels,4,Chicago White Sox,3,2
2025-02-28,2025-02-28T20:10Z,Final,29,Arizona Diamondbacks,7,Kansas City Royals,6,1
2025-02-28,2025-02-28T23:35Z,Final,10,New York Yankees,14,Toronto Blue Jays,6,3
2025-02-28,2025-03-01T01:05Z,Final,19,Los Angeles Dodgers,3,Los Angeles Angels,6,5
2025-02-28,2025-03-01T01:40Z,Final,25,San Diego Padres,12,Seattle Mariners,1,2
2025-03-01,2025-03-01T18:05Z,Final,10,New York Yankees,18,Houston Astros,9,3
2025-03-01,2025-03-01T18:05Z,Final,2,Boston Red Sox,9,Minnesota Twins,8,4
2025-03-01,2025-03-01T18:05Z,Final,30,Tampa Bay Rays,21,New York Mets,1,10
2025-03-01,2025-03-01T18:05Z,Final,6,Detroit Tigers,22,Philadelphia Phillies,1,0
2025-03-01,2025-03-01T18:05Z,Final,1,Baltimore Orioles,23,Pittsburgh Pirates,2,5
2025-03-01,2025-03-01T18:05Z,Final,15,Atlanta Braves,14,Toronto Blue Jays,1,1
2025-03-01,2025-03-01T18:05Z,Final,24,St. Louis Cardinals,20,Washington Nationals,3,2
2025-03-01,2025-03-01T20:05Z,Final,16,Chicago Cubs,5,Cleveland Guardians,7,4
2025-03-01,2025-03-01T20:05Z,Final,17,Cincinnati Reds,25,San Diego Padres,7,3
2025-03-01,2025-03-01T20:05Z,Final,19,Los Angeles Dodgers,26,San Francisco Giants,6,5
2025-03-01,2025-03-01T20:10Z,Final,3,Los Angeles Angels,11,Athletics,5,0
2025-03-01,2025-03-01T20:10Z,Final,12,Seattle Mariners,4,Chicago White Sox,9,18
2025-03-01,2025-03-01T20:10Z,Final,29,Arizona Diamondbacks,27,Colorado Rockies,8,4
2025-03-01,2025-03-01T20:10Z,Final,8,Milwaukee Brewers,13,Texas Rangers,9,4
2025-03-01,2025-03-01T23:05Z,Final,20,Washington Nationals,28,Miami Marlins,7,0
2025-03-01,2025-03-02T01:05Z,Final,7,Kansas City Royals,16,Chicago Cubs,1,11
2025-03-02,2025-03-02T18:05Z,Final,22,Philadelphia Phillies,1,Baltimore Orioles,5,4
2025-03-02,2025-03-02T18:05Z,Final,23,Pittsburgh Pirates,6,Detroit Tigers,4,10
2025-03-02,2025-03-02T18:05Z,Final,15,Atlanta Braves,10,New York Yankees,11,1
2025-03-02,2025-03-02T18:05Z,Final,2,Boston Red Sox,21,New York Mets,6,4
2025-03-02,2025-03-02T18:05Z,Final,9,Minnesota Twins,30,Tampa Bay Rays,5,5
2025-03-02,2025-03-02T18:05Z,Final,18,Houston Astros,20,Washington Nationals,3,4
2025-03-02,2025-03-02T18:07Z,Final,14,Toronto Blue Jays,22,Philadelphia Phillies,5,4
2025-03-02,2025-03-02T18:10Z,Final,28,Miami Marlins,24,St. Louis Cardinals,5,3
2025-03-02,2025-03-02T20:05Z,Final,26,San Francisco Giants,3,Los Angeles Angels,9,5
2025-03-02,2025-03-02T20:05Z,Final,13,Texas Rangers,29,Arizona Diamondbacks,6,3
2025-03-02,2025-03-02T20:05Z,Final,19,Los Angeles Dodgers,4,Chicago White Sox,6,3
2025-03-02,2025-03-02T20:05Z,Final,16,Chicago Cubs,17,Cincinnati Reds,3,7
2025-03-02,2025-03-02T20:05Z,Final,11,Athletics,19,Los Angeles Dodgers,4,8
2025-03-02,2025-03-02T20:05Z,Final,5,Cleveland Guardians,8,Milwaukee Brewers,12,12
2025-03-02,2025-03-02T20:10Z,Final,25,San Diego Padres,7,Kansas City Royals,4,10
2025-03-02,2025-03-02T20:10Z,Final,27,Colorado Rockies,12,Seattle Mariners,6,1
2025-03-03,2025-03-03T18:05Z,Final,30,Tampa Bay Rays,15,Atlanta Braves,5,4
2025-03-03,2025-03-03T18:05Z,Final,1,Baltimore Orioles,2,Boston Red Sox,6,6
2025-03-03,2025-03-03T18:05Z,Final,6,Detroit Tigers,14,Toronto Blue Jays,3,13
2025-03-03,2025-03-03T18:10Z,Final,28,Miami Marlins,18,Houston Astros,3,5
2025-03-03,2025-03-03T20:05Z,Final,4,Chicago White Sox,11,Athletics,4,5
2025-03-03,2025-03-03T20:05Z,Final,7,Kansas City Royals,13,Texas Rangers,6,3
2025-03-03,2025-03-03T20:10Z,Final,29,Arizona Diamondbacks,16,Chicago Cubs,10,2
2025-03-03,2025-03-03T20:10Z,Final,12,Seattle Mariners,5,Cleveland Guardians,7,2
2025-03-03,2025-03-03T20:10Z,Final,3,Los Angeles Angels,27,Colorado Rockies,4,8
2025-03-03,2025-03-03T23:10Z,Final,21,New York Mets,28,Miami Marlins,1,1
2025-03-03,2025-03-03T23:35Z,Final,10,New York Yankees,23,Pittsburgh Pirates,12,3
2025-03-03,2025-03-04T01:05Z,Final,17,Cincinnati Reds,8,Milwaukee Brewers,5,4
2025-03-04,2025-03-04T18:05Z,Final,23,Pittsburgh Pirates,2,Boston Red Sox,4,12
2025-03-04,2025-03-04T18:05Z,Final,30,Tampa Bay Rays,6,Detroit Tigers,4,1
2025-03-04,2025-03-04T18:05Z,Final,15,Atlanta Braves,9,Minnesota Twins,0,0
2025-03-04,2025-03-04T18:05Z,Final,22,Philadelphia Phillies,10,New York Yankees,3,12
2025-03-04,2025-03-04T18:05Z,Final,24,St. Louis Cardinals,21,New York Mets,6,1
2025-03-04,2025-03-04T18:05Z,Final,20,Washington Nationals,24,St. Louis Cardinals,4,6
2025-03-04,2025-03-04T20:05Z,Final,5,Cleveland Guardians,3,Los Angeles Angels,8,1
2025-03-04,2025-03-04T20:05Z,Final,13,Texas Rangers,11,Athletics,3,6
2025-03-04,2025-03-04T20:05Z,Final,16,Chicago Cubs,25,San Diego Padres,16,1
2025-03-04,2025-03-04T20:10Z,Final,27,Colorado Rockies,17,Cincinnati Reds,9,5
2025-03-04,2025-03-04T20:10Z,Final,25,San Diego Padres,26,San Francisco Giants,1,1
2025-03-04,2025-03-05T01:05Z,Final,19,Los Angeles Dodgers,17,Cincinnati Reds,4,2
2025-03-05,2025-03-05T18:05Z,Final,9,Minnesota Twins,1,Baltimore Orioles,2,5
2025-03-05,2025-03-05T18:05Z,Final,6,Detroit Tigers,22,Philadelphia Phillies,17,7
2025-03-05,2025-03-05T18:05Z,Final,18,Houston Astros,24,St. Louis Cardinals,6,5
2025-03-05,2025-03-05T18:05Z,Final,2,Boston Red Sox,30,Tampa Bay Rays,4,2
2025-03-05,2025-03-05T18:05Z,Final,23,Pittsburgh Pirates,14,Toronto Blue Jays,7,6
2025-03-05,2025-03-05T18:10Z,Final,28,Miami Marlins,20,Washington Nationals,7,8
2025-03-05,2025-03-05T20:05Z,Final,4,Chicago White Sox,8,Milwaukee Brewers,2,3
2025-03-05,2025-03-05T20:05Z,Final,17,Cincinnati Reds,13,Texas Rangers,3,5
2025-03-05,2025-03-05T20:10Z,Final,8,Milwaukee Brewers,4,Chicago White Sox,2,8
2025-03-05,2025-03-05T20:10Z,Final,25,San Diego Padres,27,Colorado Rockies,3,4
2025-03-05,2025-03-05T20:10Z,Final,3,Los Angeles Angels,19,Los Angeles Dodgers,3,5
2025-03-05,2025-03-05T20:10Z,Final,29,Arizona Diamondbacks,26,San Francisco Giants,5,11
2025-03-05,2025-03-06T01:05Z,Final,7,Kansas City Royals,12,Seattle Mariners,9,6
2025-03-06,2025-03-06T18:05Z,Final,10,New York Yankees,9,Minnesota Twins,4,8
2025-03-06,2025-03-06T18:05Z,Final,22,Philadelphia Phillies,30,Tampa Bay Rays,4,5
2025-03-06,2025-03-06T18:05Z,Final,24,St. Louis Cardinals,20,Washington Nationals,1,12
2025-03-06,2025-03-06T18:07Z,Final,14,Toronto Blue Jays,2,Boston Red Sox,7,4
2025-03-06,2025-03-06T20:05Z,Final,26,San Francisco Giants,4,Chicago White Sox,7,3
2025-03-06,2025-03-06T20:05Z,Final,13,Texas Rangers,25,San Diego Padres,8,2
2025-03-06,2025-03-06T20:05Z,Final,19,Los Angeles Dodgers,13,Texas Rangers,8,4
2025-03-06,2025-03-06T23:05Z,Final,15,Atlanta Braves,28,Miami Marlins,1,1
2025-03-06,2025-03-06T23:05Z,Final,1,Baltimore Orioles,23,Pittsburgh Pirates,5,9
2025-03-06,2025-03-06T23:10Z,Final,21,New York Mets,18,Houston Astros,1,5
2025-03-06,2025-03-07T01:05Z,Final,16,Chicago Cubs,7,Kansas City Royals,3,9
2025-03-06,2025-03-07T01:15Z,Final,5,Cleveland Guardians,29,Arizona Diamondbacks,4,0
2025-03-06,2025-03-07T01:15Z,Final,11,Athletics,8,Milwaukee Brewers,0,10
2025-03-06,2025-03-07T01:40Z,Final,12,Seattle Mariners,3,Los Angeles Angels,5,5
2025-03-06,2025-03-07T01:40Z,Final,29,Arizona Diamondbacks,12,Seattle Mariners,11,4
2025-03-07,2025-03-07T18:05Z,Final,9,Minnesota Twins,15,Atlanta Braves,7,1
2025-03-07,2025-03-07T18:05Z,Final,2,Boston Red Sox,28,Miami Marlins,20,5
2025-03-07,2025-03-07T18:05Z,Final,30,Tampa Bay Rays,9,Minnesota Twins,9,9
2025-03-07,2025-03-07T18:05Z,Final,23,Pittsburgh Pirates,22,Philadelphia Phillies,3,2
2025-03-07,2025-03-07T20:05Z,Final,7,Kansas City Royals,3,Los Angeles Angels,8,2
2025-03-07,2025-03-07T20:05Z,Final,11,Athletics,5,Cleveland Guardians,5,12
2025-03-07,2025-03-07T23:05Z,Final,6,Detroit Tigers,1,Baltimore Orioles,11,7
2025-03-07,2025-03-07T23:05Z,Final,24,St. Louis Cardinals,18,Houston Astros,6,4
2025-03-07,2025-03-07T23:05Z,Final,20,Washington Nationals,21,New York Mets,5,4
2025-03-07,2025-03-07T23:35Z,Final,10,New York Yankees,14,Toronto Blue Jays,8,7
2025-03-07,2025-03-08T01:40Z,Final,12,Seattle Mariners,19,Los Angeles Dodgers,4,6
2025-03-08,2025-03-08T17:05Z,Final,20,Washington Nationals,24,St. Louis Cardinals,3,5
2025-03-08,2025-03-08T18:05Z,Final,9,Minnesota Twins,2,Boston Red Sox,9,8
2025-03-08,2025-03-08T18:05Z,Final,15,Atlanta Braves,23,Pittsburgh Pirates,6,5
2025-03-08,2025-03-08T18:05Z,Final,1,Baltimore Orioles,30,Tampa Bay Rays,3,6
2025-03-08,2025-03-08T18:05Z,Final,22,Philadelphia Phillies,14,Toronto Blue Jays,5,4
2025-03-08,2025-03-08T18:07Z,Final,14,Toronto Blue Jays,6,Detroit Tigers,5,0
2025-03-08,2025-03-08T20:05Z,Final,17,Cincinnati Reds,29,Arizona Diamondbacks,9,8
2025-03-08,2025-03-08T20:05Z,Final,26,San Francisco Giants,7,Kansas City Royals,7,3
2025-03-08,2025-03-08T20:05Z,Final,13,Texas Rangers,7,Kansas City Royals,5,3
2025-03-08,2025-03-08T20:05Z,Final,4,Chicago White Sox,19,Los Angeles Dodgers,5,2
2025-03-08,2025-03-08T20:05Z,Final,16,Chicago Cubs,12,Seattle Mariners,9,8
2025-03-08,2025-03-08T20:10Z,Final,8,Milwaukee Brewers,3,Los Angeles Angels,2,6
2025-03-08,2025-03-08T20:10Z,Final,27,Colorado Rockies,11,Athletics,1,8
2025-03-08,2025-03-08T20:10Z,Final,25,San Diego Padres,5,Cleveland Guardians,7,2
2025-03-08,2025-03-08T21:05Z,Final,11,Athletics,29,Arizona Diamondbacks,4,2
2025-03-08,2025-03-08T23:05Z,Final,18,Houston Astros,10,New York Yankees,5,2
2025-03-08,2025-03-08T23:40Z,Final,28,Miami Marlins,21,New York Mets,3,7
2025-03-09,2025-03-09T17:05Z,Final,2,Boston Red Sox,15,Atlanta Braves,7,3
2025-03-09,2025-03-09T17:05Z,Final,22,Philadelphia Phillies,1,Baltimore Orioles,12,2
2025-03-09,2025-03-09T17:05Z,Final,18,Houston Astros,28,Miami Marlins,6,10
2025-03-09,2025-03-09T17:05Z,Final,1,Baltimore Orioles,9,Minnesota Twins,4,3
2025-03-09,2025-03-09T17:05Z,Final,24,St. Louis Cardinals,10,New York Yankees,6,5
2025-03-09,2025-03-09T17:05Z,Final,6,Detroit Tigers,23,Pittsburgh Pirates,5,3
2025-03-09,2025-03-09T17:05Z,Final,30,Tampa Bay Rays,14,Toronto Blue Jays,9,13
2025-03-09,2025-03-09T17:10Z,Final,21,New York Mets,20,Washington Nationals,7,6
2025-03-09,2025-03-09T20:05Z,Final,19,Los Angeles Dodgers,11,Athletics,5,7
2025-03-09,2025-03-09T20:05Z,Final,5,Cleveland Guardians,4,Chicago White Sox,1,0
2025-03-09,2025-03-09T20:05Z,Final,7,Kansas City Royals,8,Milwaukee Brewers,5,2
2025-03-09,2025-03-09T20:05Z,Final,26,San Francisco Giants,25,San Diego Padres,7,4
2025-03-09,2025-03-09T20:05Z,Final,16,Chicago Cubs,26,San Francisco Giants,6,8
2025-03-09,2025-03-09T20:05Z,Final,11,Athletics,29,Arizona Diamondbacks,5,7
2025-03-09,2025-03-09T20:10Z,Final,3,Los Angeles Angels,17,Cincinnati Reds,4,1
2025-03-09,2025-03-09T20:10Z,Final,12,Seattle Mariners,27,Colorado Rockies,8,1
2025-03-09,2025-03-09T20:10Z,Final,29,Arizona Diamondbacks,13,Texas Rangers,14,1
2025-03-10,2025-03-10T17:05Z,Final,10,New York Yankees,6,Detroit Tigers,10,2
2025-03-10,2025-03-10T17:05Z,Final,9,Minnesota Twins,22,Philadelphia Phillies,1,4
2025-03-10,2025-03-10T17:05Z,Final,15,Atlanta Braves,30,Tampa Bay Rays,3,4
2025-03-10,2025-03-10T17:07Z,Final,14,Toronto Blue Jays,18,Houston Astros,8,3
2025-03-10,2025-03-10T17:10Z,Final,28,Miami Marlins,20,Washington Nationals,9,9
2025-03-10,2025-03-10T20:05Z,Final,19,Los Angeles Dodgers,29,Arizona Diamondbacks,6,2
2025-03-10,2025-03-10T20:05Z,Final,11,Athletics,4,Chicago White Sox,3,10
2025-03-10,2025-03-10T20:05Z,Final,5,Cleveland Guardians,16,Chicago Cubs,4,7
2025-03-10,2025-03-10T20:05Z,Final,7,Kansas City Royals,5,Cleveland Guardians,2,5
2025-03-10,2025-03-10T20:10Z,Final,25,San Diego Padres,17,Cincinnati Reds,3,9
2025-03-10,2025-03-10T20:10Z,Final,3,Los Angeles Angels,27,Colorado Rockies,12,3
2025-03-10,2025-03-10T20:10Z,Final,8,Milwaukee Brewers,12,Seattle Mariners,7,5
2025-03-10,2025-03-10T20:10Z,Final,27,Colorado Rockies,26,San Francisco Giants,2,8
2025-03-10,2025-03-10T22:05Z,Final,23,Pittsburgh Pirates,1,Baltimore Orioles,3,6
2025-03-10,2025-03-10T22:10Z,Final,21,New York Mets,24,St. Louis Cardinals,8,0
2025-03-10,2025-03-10T22:15Z,Final,20,Washington Nationals,28,Miami Marlins,5,10
2025-03-11,2025-03-11T17:05Z,Final,10,New York Yankees,1,Baltimore Orioles,2,6
2025-03-11,2025-03-11T17:05Z,Final,15,Atlanta Braves,6,Detroit Tigers,1,3
2025-03-11,2025-03-11T17:05Z,Final,24,St. Louis Cardinals,28,Miami Marlins,5,12
2025-03-11,2025-03-11T17:05Z,Final,23,Pittsburgh Pirates,10,New York Yankees,9,1
2025-03-11,2025-03-11T17:05Z,Final,18,Houston Astros,21,New York Mets,7,4
2025-03-11,2025-03-11T17:05Z,Final,2,Boston Red Sox,22,Philadelphia Phillies,8,18
2025-03-11,2025-03-11T17:07Z,Final,14,Toronto Blue Jays,9,Minnesota Twins,3,2
2025-03-11,2025-03-11T20:05Z,Final,13,Texas Rangers,3,Los Angeles Angels,13,6
2025-03-11,2025-03-11T20:05Z,Final,19,Los Angeles Dodgers,5,Cleveland Guardians,10,4
2025-03-11,2025-03-11T20:05Z,Final,17,Cincinnati Reds,27,Colorado Rockies,8,5
2025-03-11,2025-03-11T20:05Z,Final,16,Chicago Cubs,8,Milwaukee Brewers,7,9
2025-03-11,2025-03-11T20:10Z,Final,25,San Diego Padres,4,Chicago White Sox,7,5
2025-03-11,2025-03-11T20:10Z,Final,29,Arizona Diamondbacks,7,Kansas City Royals,3,2
2025-03-11,2025-03-11T23:05Z,Final,26,San Francisco Giants,11,Athletics,5,3
2025-03-12,2025-03-12T17:05Z,Final,1,Baltimore Orioles,15,Atlanta Braves,5,13
2025-03-12,2025-03-12T17:05Z,Final,20,Washington Nationals,18,Houston Astros,9,3
2025-03-12,2025-03-12T17:05Z,Final,24,St. Louis Cardinals,21,New York Mets,0,2
2025-03-12,2025-03-12T17:05Z,Final,6,Detroit Tigers,30,Tampa Bay Rays,5,1
2025-03-12,2025-03-12T20:05Z,Final,4,Chicago White Sox,3,Los Angeles Angels,1,1
2025-03-12,2025-03-12T20:05Z,Final,11,Athletics,29,Arizona Diamondbacks,2,5
2025-03-12,2025-03-12T20:05Z,Final,13,Texas Rangers,17,Cincinnati Reds,4,3
2025-03-12,2025-03-12T20:05Z,Final,5,Cleveland Guardians,26,San Francisco Giants,2,11
2025-03-12,2025-03-12T20:10Z,Final,12,Seattle Mariners,7,Kansas City Royals,6,7
2025-03-12,2025-03-12T20:10Z,Final,27,Colorado Rockies,25,San Diego Padres,13,2
2025-03-12,2025-03-12T22:05Z,Final,2,Boston Red Sox,9,Minnesota Twins,6,5
2025-03-13,2025-03-13T17:05Z,Final,22,Philadelphia Phillies,15,Atlanta Braves,16,9
2025-03-13,2025-03-13T17:05Z,Final,6,Detroit Tigers,10,New York Yankees,6,8
2025-03-13,2025-03-13T17:05Z,Final,9,Minnesota Twins,23,Pittsburgh Pirates,15,3
2025-03-13,2025-03-13T17:05Z,Final,18,Houston Astros,24,St. Louis Cardinals,1,1
2025-03-13,2025-03-13T17:05Z,Final,30,Tampa Bay Rays,20,Washington Nationals,14,4
2025-03-13,2025-03-13T17:07Z,Final,14,Toronto Blue Jays,1,Baltimore Orioles,6,4
2025-03-13,2025-03-13T17:10Z,Final,21,New York Mets,2,Boston Red Sox,2,3
2025-03-13,2025-03-13T17:10Z,Final,28,Miami Marlins,18,Houston Astros,5,10
2025-03-13,2025-03-13T19:05Z,Final,27,Colorado Rockies,5,Cleveland Guardians,6,4
2025-03-13,2025-03-13T19:05Z,Final,26,San Francisco Giants,13,Texas Rangers,3,7
2025-03-13,2025-03-13T19:15Z,Final,7,Kansas City Royals,25,San Diego Padres,6,5
2025-03-13,2025-03-13T20:05Z,Final,17,Cincinnati Reds,11,Athletics,1,12
2025-03-13,2025-03-13T20:05Z,Final,4,Chicago White Sox,8,Milwaukee Brewers,3,9
2025-03-14,2025-03-14T17:05Z,Final,15,Atlanta Braves,20,Washington Nationals,3,5
2025-03-14,2025-03-14T20:05Z,Final,11,Athletics,3,Los Angeles Angels,12,1
2025-03-14,2025-03-14T20:05Z,Final,4,Chicago White Sox,17,Cincinnati Reds,7,3
2025-03-14,2025-03-14T20:05Z,Final,5,Cleveland Guardians,12,Seattle Mariners,8,7
2025-03-14,2025-03-14T20:10Z,Final,28,Miami Marlins,2,Boston Red Sox,4,9
2025-03-14,2025-03-14T20:10Z,Final,29,Arizona Diamondbacks,17,Cincinnati Reds,2,1
2025-03-14,2025-03-14T20:10Z,Final,3,Los Angeles Angels,7,Kansas City Royals,8,9
2025-03-14,2025-03-14T20:10Z,Final,8,Milwaukee Brewers,26,San Francisco Giants,11,5
2025-03-14,2025-03-14T22:05Z,Final,23,Pittsburgh Pirates,6,Detroit Tigers,8,8
2025-03-14,2025-03-14T22:05Z,Final,1,Baltimore Orioles,9,Minnesota Twins,10,0
2025-03-14,2025-03-14T22:05Z,Final,9,Minnesota Twins,30,Tampa Bay Rays,13,6
2025-03-14,2025-03-14T22:05Z,Final,18,Houston Astros,14,Toronto Blue Jays,6,5
2025-03-14,2025-03-14T22:10Z,Final,21,New York Mets,24,St. Louis Cardinals,3,3
2025-03-14,2025-03-14T22:35Z,Final,10,New York Yankees,22,Philadelphia Phillies,6,5
2025-03-14,2025-03-15T01:05Z,Final,13,Texas Rangers,27,Colorado Rockies,5,0
2025-03-14,2025-03-15T01:40Z,Final,25,San Diego Padres,13,Texas Rangers,9,8
2025-03-15,2025-03-15T16:05Z,Final,18,Houston Astros,28,Miami Marlins,6,4
2025-03-15,2025-03-15T17:05Z,Final,2,Boston Red Sox,15,Atlanta Braves,3,7
2025-03-15,2025-03-15T17:05Z,Final,23,Pittsburgh Pirates,1,Baltimore Orioles,15,5
2025-03-15,2025-03-15T17:05Z,Final,22,Philadelphia Phillies,6,Detroit Tigers,2,2
2025-03-15,2025-03-15T17:05Z,Final,30,Tampa Bay Rays,10,New York Yankees,7,7
2025-03-15,2025-03-15T17:05Z,Final,24,St. Louis Cardinals,14,Toronto Blue Jays,9,5
2025-03-15,2025-03-15T20:05Z,Final,7,Kansas City Royals,5,Cleveland Guardians,5,7
2025-03-15,2025-03-15T20:05Z,Final,4,Chicago White Sox,27,Colorado Rockies,2,1
2025-03-15,2025-03-15T20:05Z,Final,17,Cincinnati Reds,7,Kansas City Royals,7,13
2025-03-15,2025-03-15T20:05Z,Final,26,San Francisco Giants,12,Seattle Mariners,6,2
2025-03-15,2025-03-15T20:05Z,Final,11,Athletics,13,Texas Rangers,3,4
2025-03-15,2025-03-15T20:10Z,Final,8,Milwaukee Brewers,11,Athletics,8,0
2025-03-15,2025-03-15T20:10Z,Final,29,Arizona Diamondbacks,4,Chicago White Sox,9,8
2025-03-15,2025-03-15T20:10Z,Final,3,Los Angeles Angels,8,Milwaukee Brewers,0,4
2025-03-15,2025-03-15T20:10Z,Final,12,Seattle Mariners,25,San Diego Padres,3,8
2025-03-15,2025-03-15T22:05Z,Final,15,Atlanta Braves,9,Minnesota Twins,0,4
2025-03-15,2025-03-15T22:05Z,Final,20,Washington Nationals,21,New York Mets,4,1
2025-03-16,2025-03-16T17:05Z,Final,6,Detroit Tigers,1,Baltimore Orioles,1,7
2025-03-16,2025-03-16T17:05Z,Final,9,Minnesota Twins,2,Boston Red Sox,5,6
2025-03-16,2025-03-16T17:05Z,Final,30,Tampa Bay Rays,10,New York Yankees,5,7
2025-03-16,2025-03-16T17:05Z,Final,1,Baltimore Orioles,22,Philadelphia Phillies,1,12
2025-03-16,2025-03-16T17:05Z,Final,10,New York Yankees,23,Pittsburgh Pirates,3,4
2025-03-16,2025-03-16T17:05Z,Final,20,Washington Nationals,30,Tampa Bay Rays,5,11
2025-03-16,2025-03-16T17:07Z,Final,14,Toronto Blue Jays,15,Atlanta Braves,6,2
2025-03-16,2025-03-16T17:10Z,Final,21,New York Mets,18,Houston Astros,0,5
2025-03-16,2025-03-16T17:10Z,Final,28,Miami Marlins,24,St. Louis Cardinals,11,5
2025-03-16,2025-03-16T20:05Z,Final,26,San Francisco Giants,11,Athletics,7,3
2025-03-16,2025-03-16T20:05Z,Final,13,Texas Rangers,4,Chicago White Sox,6,7
2025-03-16,2025-03-16T20:05Z,Final,17,Cincinnati Reds,12,Seattle Mariners,3,8
2025-03-16,2025-03-16T20:10Z,Final,25,San Diego Padres,29,Arizona Diamondbacks,4,5
2025-03-16,2025-03-16T20:10Z,Final,8,Milwaukee Brewers,5,Cleveland Guardians,8,2
2025-03-16,2025-03-16T20:10Z,Final,27,Colorado Rockies,7,Kansas City Royals,2,10
2025-03-16,2025-03-16T20:10Z,Final,3,Los Angeles Angels,25,San Diego Padres,2,4
2025-03-17,2025-03-17T17:05Z,Final,2,Boston Red Sox,1,Baltimore Orioles,3,12
2025-03-17,2025-03-17T17:05Z,Final,15,Atlanta Braves,2,Boston Red Sox,1,2
2025-03-17,2025-03-17T17:05Z,Final,23,Pittsburgh Pirates,9,Minnesota Twins,4,2
2025-03-17,2025-03-17T17:05Z,Final,6,Detroit Tigers,23,Pittsburgh Pirates,9,6
2025-03-17,2025-03-17T17:05Z,Final,20,Washington Nationals,24,St. Louis Cardinals,2,6
2025-03-17,2025-03-17T17:05Z,Final,22,Philadelphia Phillies,14,Toronto Blue Jays,4,2
2025-03-17,2025-03-17T17:07Z,Final,14,Toronto Blue Jays,10,New York Yankees,6,5
2025-03-17,2025-03-17T17:10Z,Final,28,Miami Marlins,21,New York Mets,5,6
2025-03-17,2025-03-17T17:10Z,Final,21,New York Mets,30,Tampa Bay Rays,0,2
2025-03-17,2025-03-17T20:05Z,Final,7,Kansas City Royals,29,Arizona Diamondbacks,12,1
2025-03-17,2025-03-17T20:05Z,Final,11,Athletics,12,Seattle Mariners,7,6
2025-03-17,2025-03-17T20:05Z,Final,4,Chicago White Sox,26,San Francisco Giants,0,3
2025-03-17,2025-03-17T20:10Z,Final,29,Arizona Diamondbacks,3,Los Angeles Angels,5,11
2025-03-17,2025-03-17T20:10Z,Final,25,San Diego Padres,8,Milwaukee Brewers,14,8
2025-03-17,2025-03-18T01:05Z,Final,5,Cleveland Guardians,17,Cincinnati Reds,3,0
2025-03-18,2025-03-18T10:10Z,Final,16,Chicago Cubs,19,Los Angeles Dodgers,1,4
2025-03-18,2025-03-18T17:05Z,Final,10,New York Yankees,2,Boston Red Sox,4,4
2025-03-18,2025-03-18T17:05Z,Final,9,Minnesota Twins,6,Detroit Tigers,5,6
2025-03-18,2025-03-18T17:05Z,Final,24,St. Louis Cardinals,28,Miami Marlins,4,4
2025-03-18,2025-03-18T17:05Z,Final,23,Pittsburgh Pirates,22,Philadelphia Phillies,3,2
2025-03-18,2025-03-18T20:05Z,Final,17,Cincinnati Reds,3,Los Angeles Angels,1,0
2025-03-18,2025-03-18T20:10Z,Final,12,Seattle Mariners,8,Milwaukee Brewers,9,3
2025-03-18,2025-03-18T22:05Z,Final,1,Baltimore Orioles,14,Toronto Blue Jays,8,2
2025-03-18,2025-03-18T22:05Z,Final,18,Houston Astros,20,Washington Nationals,3,4
2025-03-18,2025-03-19T01:05Z,Final,13,Texas Rangers,5,Cleveland Guardians,7,3
2025-03-18,2025-03-19T01:05Z,Final,26,San Francisco Giants,25,San Diego Padres,4,3
2025-03-18,2025-03-19T01:40Z,Final,27,Colorado Rockies,26,San Francisco Giants,3,1
2025-03-19,2025-03-19T10:10Z,Final,16,Chicago Cubs,19,Los Angeles Dodgers,3,6
2025-03-19,2025-03-19T17:05Z,Final,2,Boston Red Sox,6,Detroit Tigers,6,4
2025-03-19,2025-03-19T17:05Z,Final,22,Philadelphia Phillies,10,New York Yankees,7,9
2025-03-19,2025-03-19T17:05Z,Final,30,Tampa Bay Rays,23,Pittsburgh Pirates,5,2
2025-03-19,2025-03-19T17:05Z,Final,24,St. Louis Cardinals,20,Washington Nationals,7,1
2025-03-19,2025-03-19T20:05Z,Final,5,Cleveland Guardians,11,Athletics,3,8
2025-03-19,2025-03-19T20:10Z,Final,8,Milwaukee Brewers,4,Chicago White Sox,5,4
2025-03-19,2025-03-19T20:10Z,Final,3,Los Angeles Angels,5,Cleveland Guardians,6,3
2025-03-19,2025-03-19T20:10Z,Final,29,Arizona Diamondbacks,27,Colorado Rockies,1,0
2025-03-19,2025-03-19T20:10Z,Final,12,Seattle Mariners,13,Texas Rangers,3,2
2025-03-19,2025-03-19T22:05Z,Final,18,Houston Astros,21,New York Mets,2,8
2025-03-19,2025-03-19T22:35Z,Final,10,New York Yankees,15,Atlanta Braves,0,4
2025-03-19,2025-03-20T01:05Z,Final,7,Kansas City Royals,26,San Francisco Giants,1,3
2025-03-20,2025-03-20T17:05Z,Final,15,Atlanta Braves,22,Philadelphia Phillies,7,0
2025-03-20,2025-03-20T17:07Z,Final,14,Toronto Blue Jays,30,Tampa Bay Rays,4,1
2025-03-20,2025-03-20T17:10Z,Final,28,Miami Marlins,18,Houston Astros,0,11
2025-03-20,2025-03-20T20:05Z,Final,4,Chicago White Sox,3,Los Angeles Angels,2,1
2025-03-20,2025-03-20T20:05Z,Final,17,Cincinnati Reds,7,Kansas City Royals,8,11
2025-03-20,2025-03-20T20:10Z,Final,29,Arizona Diamondbacks,11,Athletics,11,3
2025-03-20,2025-03-20T22:05Z,Final,9,Minnesota Twins,2,Boston Red Sox,2,1
2025-03-20,2025-03-20T22:05Z,Final,1,Baltimore Orioles,10,New York Yankees,7,9
2025-03-20,2025-03-20T22:05Z,Final,20,Washington Nationals,21,New York Mets,3,10
2025-03-20,2025-03-21T01:05Z,Final,13,Texas Rangers,27,Colorado Rockies,4,7
2025-03-20,2025-03-21T01:40Z,Final,25,San Diego Padres,13,Texas Rangers,5,3
2025-03-21,2025-03-21T17:05Z,Final,30,Tampa Bay Rays,15,Atlanta Braves,3,7
2025-03-21,2025-03-21T17:05Z,Final,24,St. Louis Cardinals,18,Houston Astros,3,5
2025-03-21,2025-03-21T17:05Z,Final,22,Philadelphia Phillies,9,Minnesota Twins,6,3
2025-03-21,2025-03-21T17:07Z,Final,14,Toronto Blue Jays,22,Philadelphia Phillies,11,7
2025-03-21,2025-03-21T17:10Z,Final,21,New York Mets,24,St. Louis Cardinals,3,2
2025-03-21,2025-03-21T19:10Z,Final,3,Los Angeles Angels,13,Texas Rangers,3,3
2025-03-21,2025-03-21T20:05Z,Final,17,Cincinnati Reds,4,Chicago White Sox,5,8
2025-03-21,2025-03-21T20:05Z,Final,26,San Francisco Giants,5,Cleveland Guardians,5,4
2025-03-21,2025-03-21T20:05Z,Final,11,Athletics,7,Kansas City Royals,10,1
2025-03-21,2025-03-21T20:05Z,Final,16,Chicago Cubs,25,San Diego Padres,1,5
2025-03-21,2025-03-21T20:05Z,Final,7,Kansas City Royals,12,Seattle Mariners,8,7
2025-03-21,2025-03-21T20:10Z,Final,27,Colorado Rockies,3,Los Angeles Angels,4,3
2025-03-21,2025-03-21T20:10Z,Final,12,Seattle Mariners,17,Cincinnati Reds,3,5
2025-03-21,2025-03-21T22:05Z,Final,1,Baltimore Orioles,6,Detroit Tigers,1,9
2025-03-21,2025-03-21T22:05Z,Final,20,Washington Nationals,28,Miami Marlins,0,6
2025-03-21,2025-03-21T22:05Z,Final,6,Detroit Tigers,10,New York Yankees,0,4
2025-03-21,2025-03-21T22:05Z,Final,2,Boston Red Sox,23,Pittsburgh Pirates,2,1
2025-03-21,2025-03-22T01:10Z,Final,8,Milwaukee Brewers,29,Arizona Diamondbacks,9,16
2025-03-22,2025-03-22T17:05Z,Final,6,Detroit Tigers,15,Atlanta Braves,0,0
2025-03-22,2025-03-22T17:05Z,Final,23,Pittsburgh Pirates,1,Baltimore Orioles,0,4
2025-03-22,2025-03-22T17:05Z,Final,30,Tampa Bay Rays,2,Boston Red Sox,14,2
2025-03-22,2025-03-22T17:05Z,Final,10,New York Yankees,22,Philadelphia Phillies,7,8
2025-03-22,2025-03-22T17:05Z,Final,9,Minnesota Twins,14,Toronto Blue Jays,1,2
2025-03-22,2025-03-22T17:10Z,Final,28,Miami Marlins,24,St. Louis Cardinals,2,8
2025-03-22,2025-03-22T17:10Z,Final,21,New York Mets,20,Washington Nationals,5,5
2025-03-22,2025-03-22T19:05Z,Final,26,San Francisco Giants,29,Arizona Diamondbacks,7,7
2025-03-22,2025-03-22T19:05Z,Final,13,Texas Rangers,7,Kansas City Royals,5,9
2025-03-22,2025-03-22T20:05Z,Final,16,Chicago Cubs,27,Colorado Rockies,3,7
2025-03-22,2025-03-22T20:05Z,Final,11,Athletics,8,Milwaukee Brewers,4,3
2025-03-22,2025-03-22T20:05Z,Final,5,Cleveland Guardians,25,San Diego Padres,12,8
2025-03-22,2025-03-22T20:05Z,Final,4,Chicago White Sox,12,Seattle Mariners,1,14
2025-03-22,2025-03-22T20:10Z,Final,27,Colorado Rockies,4,Chicago White Sox,10,4
2025-03-22,2025-03-22T20:10Z,Final,25,San Diego Padres,17,Cincinnati Reds,1,0
2025-03-22,2025-03-22T22:05Z,Final,18,Houston Astros,28,Miami Marlins,5,6
2025-03-23,2025-03-23T16:05Z,Final,22,Philadelphia Phillies,6,Detroit Tigers,4,2
2025-03-23,2025-03-23T16:05Z,Final,20,Washington Nationals,18,Houston Astros,6,8
2025-03-23,2025-03-23T17:05Z,Final,15,Atlanta Braves,1,Baltimore Orioles,5,5
2025-03-23,2025-03-23T17:05Z,Final,2,Boston Red Sox,9,Minnesota Twins,3,9
2025-03-23,2025-03-23T17:05Z,Final,10,New York Yankees,30,Tampa Bay Rays,3,3
2025-03-23,2025-03-23T17:05Z,Final,24,St. Louis Cardinals,20,Washington Nationals,1,2
2025-03-23,2025-03-23T17:07Z,Final,14,Toronto Blue Jays,23,Pittsburgh Pirates,2,1
2025-03-23,2025-03-23T17:10Z,Final,21,New York Mets,28,Miami Marlins,10,2
2025-03-23,2025-03-23T19:05Z,Final,17,Cincinnati Reds,5,Cleveland Guardians,13,2
2025-03-23,2025-03-23T20:05Z,Final,4,Chicago White Sox,29,Arizona Diamondbacks,4,8
2025-03-23,2025-03-23T20:05Z,Final,16,Chicago Cubs,11,Athletics,1,8
2025-03-23,2025-03-23T20:10Z,Final,8,Milwaukee Brewers,27,Colorado Rockies,6,0
2025-03-23,2025-03-23T20:10Z,Final,12,Seattle Mariners,8,Milwaukee Brewers,10,6
2025-03-23,2025-03-23T20:10Z,Final,29,Arizona Diamondbacks,25,San Diego Padres,5,5
2025-03-23,2025-03-24T00:10Z,Final,19,Los Angeles Dodgers,3,Los Angeles Angels,7,1
2025-03-24,2025-03-24T16:35Z,Final,22,Philadelphia Phillies,30,Tampa Bay Rays,8,6
2025-03-24,2025-03-24T17:05Z,Final,9,Minnesota Twins,23,Pittsburgh Pirates,5,1
2025-03-24,2025-03-24T17:10Z,Final,21,New York Mets,10,New York Yankees,6,6
2025-03-24,2025-03-24T19:05Z,Final,4,Chicago White Sox,11,Athletics,8,5
2025-03-24,2025-03-24T19:10Z,Final,27,Colorado Rockies,8,Milwaukee Brewers,2,4
2025-03-24,2025-03-24T19:10Z,Final,25,San Diego Padres,12,Seattle Mariners,7,7
2025-03-24,2025-03-24T20:05Z,Final,16,Chicago Cubs,15,Atlanta Braves,4,13
2025-03-24,2025-03-25T00:05Z,Final,13,Texas Rangers,7,Kansas City Royals,6,3
2025-03-24,2025-03-25T01:07Z,Final,3,Los Angeles Angels,19,Los Angeles Dodgers,5,4
2025-03-24,2025-03-25T01:40Z,Final,29,Arizona Diamondbacks,5,Cleveland Guardians,3,4
2025-03-24,2025-03-25T01:45Z,Final,26,San Francisco Giants,6,Detroit Tigers,6,4
2025-03-25,2025-03-25T17:05Z,Final,9,Minnesota Twins,27,Colorado Rockies,5,3
2025-03-25,2025-03-25T17:10Z,Final,28,Miami Marlins,10,New York Yankees,4,2
2025-03-25,2025-03-25T18:35Z,Final,13,Texas Rangers,7,Kansas City Royals,1,3
2025-03-25,2025-03-25T19:40Z,Final,29,Arizona Diamondbacks,5,Cleveland Guardians,2,3
2025-03-25,2025-03-25T20:05Z,Final,16,Chicago Cubs,15,Atlanta Braves,4,2
2025-03-25,2025-03-26T00:05Z,Final,26,San Francisco Giants,6,Detroit Tigers,4,3
2025-03-25,2025-03-26T01:07Z,Final,3,Los Angeles Angels,19,Los Angeles Dodgers,1,4
2025-03-27,2025-03-27T19:00Z,Final,10,New York Yankees,8,Milwaukee Brewers,4,2
2025-03-27,2025-03-27T19:07Z,Final,14,Toronto Blue Jays,1,Baltimore Orioles,2,12
2025-03-27,2025-03-27T20:05Z,Final,20,Washington Nationals,22,Philadelphia Phillies,3,7
2025-03-27,2025-03-27T20:05Z,Final,13,Texas Rangers,2,Boston Red Sox,2,5
2025-03-27,2025-03-27T20:10Z,Final,28,Miami Marlins,23,Pittsburgh Pirates,5,4
2025-03-27,2025-03-27T20:10Z,Final,17,Cincinnati Reds,26,San Francisco Giants,4,6
2025-03-27,2025-03-27T20:10Z,Final,4,Chicago White Sox,3,Los Angeles Angels,8,1
2025-03-27,2025-03-27T20:10Z,Final,7,Kansas City Royals,5,Cleveland Guardians,4,7
2025-03-27,2025-03-27T20:10Z,Final,18,Houston Astros,21,New York Mets,3,1
2025-03-27,2025-03-27T20:10Z,Final,25,San Diego Padres,15,Atlanta Braves,7,4
2025-03-27,2025-03-27T20:15Z,Final,24,St. Louis Cardinals,9,Minnesota Twins,5,3
2025-03-27,2025-03-27T23:00Z,Final,19,Los Angeles Dodgers,6,Detroit Tigers,5,4
2025-03-27,2025-03-28T02:10Z,Final,29,Arizona Diamondbacks,16,Chicago Cubs,6,10
2025-03-27,2025-03-28T02:10Z,Final,12,Seattle Mariners,11,Athletics,4,2
2025-03-28,2025-03-28T20:10Z,Final,30,Tampa Bay Rays,27,Colorado Rockies,3,2
2025-03-28,2025-03-28T23:07Z,Final,14,Toronto Blue Jays,1,Baltimore Orioles,8,2
2025-03-28,2025-03-28T23:10Z,Final,28,Miami Marlins,23,Pittsburgh Pirates,3,4
2025-03-28,2025-03-29T00:05Z,Final,13,Texas Rangers,2,Boston Red Sox,4,1
2025-03-28,2025-03-29T00:10Z,Final,18,Houston Astros,21,New York Mets,1,3
2025-03-28,2025-03-29T01:40Z,Final,25,San Diego Padres,15,Atlanta Braves,4,3
2025-03-28,2025-03-29T01:40Z,Final,29,Arizona Diamondbacks,16,Chicago Cubs,8,1
2025-03-28,2025-03-29T01:40Z,Final,12,Seattle Mariners,11,Athletics,0,7
2025-03-28,2025-03-29T02:10Z,Final,19,Los Angeles Dodgers,6,Detroit Tigers,8,5
2025-03-29,2025-03-29T17:05Z,Final,10,New York Yankees,8,Milwaukee Brewers,20,9
2025-03-29,2025-03-29T18:10Z,Final,4,Chicago White Sox,3,Los Angeles Angels,0,1
2025-03-29,2025-03-29T18:15Z,Final,24,St. Louis Cardinals,9,Minnesota Twins,5,1
2025-03-29,2025-03-29T19:07Z,Final,14,Toronto Blue Jays,1,Baltimore Orioles,5,9
2025-03-29,2025-03-29T20:05Z,Final,20,Washington Nationals,22,Philadelphia Phillies,6,11
2025-03-29,2025-03-29T20:10Z,Final,30,Tampa Bay Rays,27,Colorado Rockies,1,2
2025-03-29,2025-03-29T20:10Z,Final,28,Miami Marlins,23,Pittsburgh Pirates,5,4
2025-03-29,2025-03-29T20:10Z,Final,17,Cincinnati Reds,26,San Francisco Giants,3,2
2025-03-29,2025-03-29T20:10Z,Final,7,Kansas City Royals,5,Cleveland Guardians,4,3
2025-03-29,2025-03-29T23:05Z,Final,13,Texas Rangers,2,Boston Red Sox,4,3
2025-03-29,2025-03-29T23:15Z,Final,18,Houston Astros,21,New York Mets,2,1
2025-03-29,2025-03-29T23:15Z,Final,25,San Diego Padres,15,Atlanta Braves,1,0
2025-03-29,2025-03-30T00:10Z,Final,29,Arizona Diamondbacks,16,Chicago Cubs,3,4
2025-03-29,2025-03-30T01:10Z,Final,19,Los Angeles Dodgers,6,Detroit Tigers,7,3
2025-03-29,2025-03-30T01:40Z,Final,12,Seattle Mariners,11,Athletics,2,4
2025-03-30,2025-03-30T17:35Z,Final,10,New York Yankees,8,Milwaukee Brewers,12,3
2025-03-30,2025-03-30T17:35Z,Final,20,Washington Nationals,22,Philadelphia Phillies,5,1
2025-03-30,2025-03-30T17:37Z,Final,14,Toronto Blue Jays,1,Baltimore Orioles,3,1
2025-03-30,2025-03-30T17:40Z,Final,30,Tampa Bay Rays,27,Colorado Rockies,6,4
2025-03-30,2025-03-30T17:40Z,Final,28,Miami Marlins,23,Pittsburgh Pirates,3,2
2025-03-30,2025-03-30T17:40Z,Final,17,Cincinnati Reds,26,San Francisco Giants,3,6
2025-03-30,2025-03-30T18:10Z,Final,4,Chicago White Sox,3,Los Angeles Angels,2,3
2025-03-30,2025-03-30T18:10Z,Final,7,Kansas City Royals,5,Cleveland Guardians,2,6
2025-03-30,2025-03-30T18:15Z,Final,24,St. Louis Cardinals,9,Minnesota Twins,9,2
2025-03-30,2025-03-30T18:35Z,Final,13,Texas Rangers,2,Boston Red Sox,3,2
2025-03-30,2025-03-30T20:10Z,Final,29,Arizona Diamondbacks,16,Chicago Cubs,10,6
2025-03-30,2025-03-30T20:10Z,Final,12,Seattle Mariners,11,Athletics,2,1
2025-03-30,2025-03-30T23:00Z,Final,25,San Diego Padres,15,Atlanta Braves,5,0
2025-03-31,2025-03-31T18:10Z,Final,8,Milwaukee Brewers,7,Kansas City Royals,1,11
2025-03-31,2025-03-31T18:10Z,Final,4,Chicago White Sox,9,Minnesota Twins,9,0
2025-03-31,2025-03-31T18:35Z,Final,1,Baltimore Orioles,2,Boston Red Sox,8,5
2025-03-31,2025-03-31T19:05Z,Final,22,Philadelphia Phillies,27,Colorado Rockies,6,1
2025-03-31,2025-03-31T22:40Z,Final,28,Miami Marlins,21,New York Mets,4,10
2025-03-31,2025-03-31T22:40Z,Final,17,Cincinnati Reds,13,Texas Rangers,14,3
2025-03-31,2025-03-31T23:05Z,Final,30,Tampa Bay Rays,23,Pittsburgh Pirates,6,1
2025-03-31,2025-03-31T23:07Z,Final,14,Toronto Blue Jays,20,Washington Nationals,5,2
2025-03-31,2025-03-31T23:45Z,Final,24,St. Louis Cardinals,3,Los Angeles Angels,4,5
2025-03-31,2025-04-01T00:10Z,Final,18,Houston Astros,26,San Francisco Giants,2,7
2025-03-31,2025-04-01T01:40Z,Final,25,San Diego Padres,5,Cleveland Guardians,7,2
2025-03-31,2025-04-01T01:40Z,Final,12,Seattle Mariners,6,Detroit Tigers,6,9
2025-03-31,2025-04-01T02:05Z,Final,11,Athletics,16,Chicago Cubs,3,18
2025-03-31,2025-04-01T02:10Z,Final,19,Los Angeles Dodgers,15,Atlanta Braves,6,1
2025-04-01,2025-04-01T22:40Z,Final,28,Miami Marlins,21,New York Mets,4,2
2025-04-01,2025-04-01T22:40Z,Final,17,Cincinnati Reds,13,Texas Rangers,0,1
2025-04-01,2025-04-01T23:05Z,Final,10,New York Yankees,29,Arizona Diamondbacks,5,7
2025-04-01,2025-04-01T23:05Z,Final,30,Tampa Bay Rays,23,Pittsburgh Pirates,7,0
2025-04-01,2025-04-01T23:07Z,Final,14,Toronto Blue Jays,20,Washington Nationals,5,3
2025-04-01,2025-04-01T23:40Z,Final,8,Milwaukee Brewers,7,Kansas City Royals,5,0
2025-04-01,2025-04-01T23:40Z,Final,4,Chicago White Sox,9,Minnesota Twins,3,8
2025-04-01,2025-04-01T23:45Z,Final,24,St. Louis Cardinals,3,Los Angeles Angels,7,9
2025-04-01,2025-04-02T00:10Z,Final,18,Houston Astros,26,San Francisco Giants,1,3
2025-04-01,2025-04-02T01:40Z,Final,25,San Diego Padres,5,Cleveland Guardians,7,0
2025-04-01,2025-04-02T01:40Z,Final,12,Seattle Mariners,6,Detroit Tigers,1,4
2025-04-01,2025-04-02T02:05Z,Final,11,Athletics,16,Chicago Cubs,4,7
2025-04-01,2025-04-02T02:10Z,Final,19,Los Angeles Dodgers,15,Atlanta Braves,3,1
2025-04-02,2025-04-02T16:40Z,Final,17,Cincinnati Reds,13,Texas Rangers,0,1
2025-04-02,2025-04-02T17:10Z,Final,30,Tampa Bay Rays,23,Pittsburgh Pirates,2,4
2025-04-02,2025-04-02T17:10Z,Final,8,Milwaukee Brewers,7,Kansas City Royals,3,2
2025-04-02,2025-04-02T17:15Z,Final,24,St. Louis Cardinals,3,Los Angeles Angels,12,5
2025-04-02,2025-04-02T18:10Z,Final,4,Chicago White Sox,9,Minnesota Twins,1,6
2025-04-02,2025-04-02T19:07Z,Final,14,Toronto Blue Jays,20,Washington Nationals,4,2
2025-04-02,2025-04-02T19:35Z,Final,11,Athletics,16,Chicago Cubs,2,10
2025-04-02,2025-04-02T20:10Z,Final,18,Houston Astros,26,San Francisco Giants,3,6
2025-04-02,2025-04-02T20:10Z,Final,25,San Diego Padres,5,Cleveland Guardians,5,2
2025-04-02,2025-04-02T20:10Z,Final,12,Seattle Mariners,6,Detroit Tigers,3,2
2025-04-02,2025-04-02T20:40Z,Final,28,Miami Marlins,21,New York Mets,5,6
2025-04-02,2025-04-02T22:35Z,Final,1,Baltimore Orioles,2,Boston Red Sox,0,3
2025-04-02,2025-04-02T22:45Z,Final,22,Philadelphia Phillies,27,Colorado Rockies,5,1
2025-04-02,2025-04-02T23:05Z,Final,10,New York Yankees,29,Arizona Diamondbacks,3,4
2025-04-02,2025-04-03T00:38Z,Final,19,Los Angeles Dodgers,15,Atlanta Braves,6,5
2025-04-03,2025-04-03T17:05Z,Final,1,Baltimore Orioles,2,Boston Red Sox,4,8
2025-04-03,2025-04-03T17:05Z,Final,22,Philadelphia Phillies,27,Colorado Rockies,3,1
2025-04-03,2025-04-03T20:10Z,Final,9,Minnesota Twins,18,Houston Astros,2,5
2025-04-03,2025-04-03T23:05Z,Final,10,New York Yankees,29,Arizona Diamondbacks,9,7
2025-04-03,2025-04-03T23:40Z,Final,8,Milwaukee Brewers,17,Cincinnati Reds,1,0
2025-04-04,2025-04-04T17:10Z,Final,6,Detroit Tigers,4,Chicago White Sox,7,4
2025-04-04,2025-04-04T18:10Z,Final,2,Boston Red Sox,24,St. Louis Cardinals,13,9
2025-04-04,2025-04-04T18:20Z,Final,16,Chicago Cubs,25,San Diego Padres,3,1
2025-04-04,2025-04-04T19:10Z,Final,21,New York Mets,14,Toronto Blue Jays,5,0
2025-04-04,2025-04-04T20:10Z,Final,27,Colorado Rockies,11,Athletics,3,6
2025-04-04,2025-04-04T20:12Z,Final,23,Pittsburgh Pirates,10,New York Yankees,4,9
2025-04-04,2025-04-04T20:35Z,Final,26,San Francisco Giants,12,Seattle Mariners,10,9
2025-04-04,2025-04-04T22:45Z,Final,20,Washington Nationals,29,Arizona Diamondbacks,4,6
2025-04-04,2025-04-04T22:45Z,Final,22,Philadelphia Phillies,19,Los Angeles Dodgers,3,2
2025-04-04,2025-04-04T23:15Z,Final,15,Atlanta Braves,28,Miami Marlins,10,0
2025-04-04,2025-04-04T23:40Z,Final,7,Kansas City Royals,1,Baltimore Orioles,8,2
2025-04-04,2025-04-05T00:05Z,Final,13,Texas Rangers,30,Tampa Bay Rays,5,2
2025-04-04,2025-04-05T00:10Z,Final,8,Milwaukee Brewers,17,Cincinnati Reds,3,2
2025-04-04,2025-04-05T01:38Z,Final,3,Los Angeles Angels,5,Cleveland Guardians,6,8
2025-04-05,2025-04-05T17:10Z,Final,6,Detroit Tigers,4,Chicago White Sox,7,2
2025-04-05,2025-04-05T18:10Z,Final,9,Minnesota Twins,18,Houston Astros,6,1
2025-04-05,2025-04-05T18:20Z,Final,16,Chicago Cubs,25,San Diego Padres,7,1
2025-04-05,2025-04-05T20:05Z,Final,20,Washington Nationals,29,Arizona Diamondbacks,4,3
2025-04-05,2025-04-05T20:05Z,Final,22,Philadelphia Phillies,19,Los Angeles Dodgers,1,3
2025-04-05,2025-04-05T20:05Z,Final,23,Pittsburgh Pirates,10,New York Yankees,4,10
2025-04-05,2025-04-05T20:10Z,Final,7,Kansas City Royals,1,Baltimore Orioles,1,8
2025-04-05,2025-04-05T23:05Z,Final,13,Texas Rangers,30,Tampa Bay Rays,6,4
2025-04-05,2025-04-05T23:10Z,Final,21,New York Mets,14,Toronto Blue Jays,3,2
2025-04-05,2025-04-05T23:10Z,Final,8,Milwaukee Brewers,17,Cincinnati Reds,7,11
2025-04-05,2025-04-05T23:15Z,Final,15,Atlanta Braves,28,Miami Marlins,0,4
2025-04-05,2025-04-06T00:10Z,Final,27,Colorado Rockies,11,Athletics,4,7
2025-04-05,2025-04-06T01:05Z,Final,26,San Francisco Giants,12,Seattle Mariners,4,1
2025-04-05,2025-04-06T01:38Z,Final,3,Los Angeles Angels,5,Cleveland Guardians,10,4
2025-04-06,2025-04-06T17:35Z,Final,20,Washington Nationals,29,Arizona Diamondbacks,5,4
2025-04-06,2025-04-06T17:35Z,Final,22,Philadelphia Phillies,19,Los Angeles Dodgers,8,7
2025-04-06,2025-04-06T17:35Z,Final,23,Pittsburgh Pirates,10,New York Yankees,5,4
2025-04-06,2025-04-06T17:35Z,Final,2,Boston Red Sox,24,St. Louis Cardinals,5,4
2025-04-06,2025-04-06T17:40Z,Final,6,Detroit Tigers,4,Chicago White Sox,4,3
2025-04-06,2025-04-06T17:40Z,Final,21,New York Mets,14,Toronto Blue Jays,2,1
2025-04-06,2025-04-06T18:10Z,Final,7,Kansas City Royals,1,Baltimore Orioles,4,1
2025-04-06,2025-04-06T18:10Z,Final,8,Milwaukee Brewers,17,Cincinnati Reds,8,2
2025-04-06,2025-04-06T18:10Z,Final,9,Minnesota Twins,18,Houston Astros,7,9
2025-04-06,2025-04-06T18:20Z,Final,16,Chicago Cubs,25,San Diego Padres,7,8
2025-04-06,2025-04-06T18:35Z,Final,13,Texas Rangers,30,Tampa Bay Rays,4,3
2025-04-06,2025-04-06T19:10Z,Final,27,Colorado Rockies,11,Athletics,12,5
2025-04-06,2025-04-06T20:05Z,Final,26,San Francisco Giants,12,Seattle Mariners,5,4
2025-04-06,2025-04-06T20:07Z,Final,3,Los Angeles Angels,5,Cleveland Guardians,6,2
2025-04-06,2025-04-06T23:00Z,Final,2,Boston Red Sox,24,St. Louis Cardinals,18,7
2025-04-07,2025-04-07T19:10Z,Final,6,Detroit Tigers,10,New York Yankees,6,2
2025-04-07,2025-04-07T22:40Z,Final,23,Pittsburgh Pirates,24,St. Louis Cardinals,8,4
2025-04-07,2025-04-07T22:45Z,Final,20,Washington Nationals,19,Los Angeles Dodgers,6,4
2025-04-07,2025-04-07T22:45Z,Final,2,Boston Red Sox,14,Toronto Blue Jays,2,6
2025-04-07,2025-04-07T23:10Z,Final,21,New York Mets,28,Miami Marlins,2,0
2025-04-07,2025-04-07T23:40Z,Final,7,Kansas City Royals,9,Minnesota Twins,4,2
2025-04-07,2025-04-07T23:40Z,Final,16,Chicago Cubs,13,Texas Rangers,7,0
2025-04-07,2025-04-08T01:40Z,Final,29,Arizona Diamondbacks,1,Baltimore Orioles,1,5
2025-04-07,2025-04-08T01:40Z,Final,12,Seattle Mariners,18,Houston Astros,4,3
2025-04-07,2025-04-08T01:45Z,Final,26,San Francisco Giants,17,Cincinnati Reds,0,2
2025-04-07,2025-04-08T02:05Z,Final,11,Athletics,25,San Diego Padres,4,5
2025-04-08,2025-04-08T17:10Z,Final,6,Detroit Tigers,10,New York Yankees,5,0
2025-04-08,2025-04-08T20:10Z,Final,5,Cleveland Guardians,4,Chicago White Sox,1,0
2025-04-08,2025-04-08T20:10Z,Final,21,New York Mets,28,Miami Marlins,10,5
2025-04-08,2025-04-08T22:40Z,Final,23,Pittsburgh Pirates,24,St. Louis Cardinals,3,5
2025-04-08,2025-04-08T22:45Z,Final,20,Washington Nationals,19,Los Angeles Dodgers,8,2
2025-04-08,2025-04-08T22:45Z,Final,2,Boston Red Sox,14,Toronto Blue Jays,1,6
2025-04-08,2025-04-08T23:05Z,Final,30,Tampa Bay Rays,3,Los Angeles Angels,3,4
2025-04-08,2025-04-08T23:15Z,Final,15,Atlanta Braves,22,Philadelphia Phillies,7,5
2025-04-08,2025-04-08T23:40Z,Final,7,Kansas City Royals,9,Minnesota Twins,2,1
2025-04-08,2025-04-08T23:40Z,Final,16,Chicago Cubs,13,Texas Rangers,10,6
2025-04-08,2025-04-09T00:40Z,Final,27,Colorado Rockies,8,Milwaukee Brewers,1,7
2025-04-08,2025-04-09T01:40Z,Final,29,Arizona Diamondbacks,1,Baltimore Orioles,4,3
2025-04-08,2025-04-09T01:40Z,Final,12,Seattle Mariners,18,Houston Astros,1,2
2025-04-08,2025-04-09T01:45Z,Final,26,San Francisco Giants,17,Cincinnati Reds,0,1
2025-04-08,2025-04-09T02:05Z,Final,11,Athletics,25,San Diego Padres,10,4
2025-04-09,2025-04-09T16:35Z,Final,23,Pittsburgh Pirates,24,St. Louis Cardinals,2,1
2025-04-09,2025-04-09T17:10Z,Final,21,New York Mets,28,Miami Marlins,0,5
2025-04-09,2025-04-09T17:10Z,Final,6,Detroit Tigers,10,New York Yankees,3,4
2025-04-09,2025-04-09T18:20Z,Final,16,Chicago Cubs,13,Texas Rangers,2,6
2025-04-09,2025-04-09T19:35Z,Final,11,Athletics,25,San Diego Padres,1,2
2025-04-09,2025-04-09T19:40Z,Final,29,Arizona Diamondbacks,1,Baltimore Orioles,9,0
2025-04-09,2025-04-09T19:45Z,Final,26,San Francisco Giants,17,Cincinnati Reds,8,6
2025-04-09,2025-04-09T20:05Z,Final,20,Washington Nationals,19,Los Angeles Dodgers,5,6
2025-04-09,2025-04-09T20:10Z,Final,12,Seattle Mariners,18,Houston Astros,7,6
2025-04-09,2025-04-09T22:10Z,Final,5,Cleveland Guardians,4,Chicago White Sox,3,2
2025-04-09,2025-04-09T22:45Z,Final,2,Boston Red Sox,14,Toronto Blue Jays,1,2
2025-04-09,2025-04-09T23:05Z,Final,30,Tampa Bay Rays,3,Los Angeles Angels,5,4
2025-04-09,2025-04-09T23:15Z,Final,15,Atlanta Braves,22,Philadelphia Phillies,3,4
2025-04-09,2025-04-09T23:40Z,Final,7,Kansas City Royals,9,Minnesota Twins,0,4
2025-04-09,2025-04-10T00:40Z,Final,27,Colorado Rockies,8,Milwaukee Brewers,2,17
2025-04-10,2025-04-10T17:10Z,Final,30,Tampa Bay Rays,3,Los Angeles Angels,1,11
2025-04-10,2025-04-10T17:10Z,Final,5,Cleveland Guardians,4,Chicago White Sox,6,1
2025-04-10,2025-04-10T18:10Z,Final,7,Kansas City Royals,9,Minnesota Twins,3,2
2025-04-10,2025-04-10T19:10Z,Final,27,Colorado Rockies,8,Milwaukee Brewers,7,2
2025-04-10,2025-04-10T20:10Z,Final,2,Boston Red Sox,14,Toronto Blue Jays,4,3
2025-04-10,2025-04-10T23:15Z,Final,15,Atlanta Braves,22,Philadelphia Phillies,4,2
2025-04-11,2025-04-11T22:10Z,Final,5,Cleveland Guardians,7,Kansas City Royals,7,0
2025-04-11,2025-04-11T22:40Z,Final,17,Cincinnati Reds,23,Pittsburgh Pirates,5,3
2025-04-11,2025-04-11T23:05Z,Final,30,Tampa Bay Rays,15,Atlanta Braves,6,3
2025-04-11,2025-04-11T23:05Z,Final,10,New York Yankees,26,San Francisco Giants,1,9
2025-04-11,2025-04-11T23:10Z,Final,28,Miami Marlins,20,Washington Nationals,4,7
2025-04-11,2025-04-11T23:40Z,Final,4,Chicago White Sox,2,Boston Red Sox,11,1
2025-04-11,2025-04-12T00:10Z,Final,18,Houston Astros,3,Los Angeles Angels,14,3
2025-04-11,2025-04-12T00:10Z,Final,9,Minnesota Twins,6,Detroit Tigers,6,7
2025-04-11,2025-04-12T00:15Z,Final,24,St. Louis Cardinals,22,Philadelphia Phillies,2,0
2025-04-11,2025-04-12T01:40Z,Final,25,San Diego Padres,27,Colorado Rockies,8,0
2025-04-11,2025-04-12T01:40Z,Final,29,Arizona Diamondbacks,8,Milwaukee Brewers,0,7
2025-04-11,2025-04-12T01:40Z,Final,12,Seattle Mariners,13,Texas Rangers,5,3
2025-04-11,2025-04-12T02:05Z,Final,11,Athletics,21,New York Mets,6,7
2025-04-11,2025-04-12T02:10Z,Final,19,Los Angeles Dodgers,16,Chicago Cubs,3,0
2025-04-12,2025-04-12T18:10Z,Final,9,Minnesota Twins,6,Detroit Tigers,0,4
2025-04-12,2025-04-12T18:15Z,Final,24,St. Louis Cardinals,22,Philadelphia Phillies,1,4
2025-04-12,2025-04-12T19:05Z,Final,10,New York Yankees,26,San Francisco Giants,8,4
2025-04-12,2025-04-12T20:05Z,Final,1,Baltimore Orioles,14,Toronto Blue Jays,5,4
2025-04-12,2025-04-12T20:05Z,Final,11,Athletics,21,New York Mets,3,1
2025-04-12,2025-04-12T20:10Z,Final,30,Tampa Bay Rays,15,Atlanta Braves,4,5
2025-04-12,2025-04-12T20:10Z,Final,28,Miami Marlins,20,Washington Nationals,7,6
2025-04-12,2025-04-12T20:10Z,Final,4,Chicago White Sox,2,Boston Red Sox,3,2
2025-04-12,2025-04-12T22:10Z,Final,5,Cleveland Guardians,7,Kansas City Royals,6,3
2025-04-12,2025-04-12T22:40Z,Final,17,Cincinnati Reds,23,Pittsburgh Pirates,5,2
2025-04-12,2025-04-12T23:10Z,Final,18,Houston Astros,3,Los Angeles Angels,1,4
2025-04-12,2025-04-13T00:10Z,Final,29,Arizona Diamondbacks,8,Milwaukee Brewers,5,4
2025-04-12,2025-04-13T00:40Z,Final,25,San Diego Padres,27,Colorado Rockies,2,0
2025-04-12,2025-04-13T01:10Z,Final,19,Los Angeles Dodgers,16,Chicago Cubs,0,16
2025-04-12,2025-04-13T01:40Z,Final,12,Seattle Mariners,13,Texas Rangers,9,2
2025-04-13,2025-04-13T17:35Z,Final,10,New York Yankees,26,San Francisco Giants,4,5
2025-04-13,2025-04-13T17:35Z,Final,1,Baltimore Orioles,14,Toronto Blue Jays,6,7
2025-04-13,2025-04-13T17:40Z,Final,30,Tampa Bay Rays,15,Atlanta Braves,8,3
2025-04-13,2025-04-13T17:40Z,Final,5,Cleveland Guardians,7,Kansas City Royals,2,4
2025-04-13,2025-04-13T17:40Z,Final,17,Cincinnati Reds,23,Pittsburgh Pirates,4,0
2025-04-13,2025-04-13T17:40Z,Final,28,Miami Marlins,20,Washington Nationals,11,4
2025-04-13,2025-04-13T18:10Z,Final,18,Houston Astros,3,Los Angeles Angels,7,3
2025-04-13,2025-04-13T18:10Z,Final,4,Chicago White Sox,2,Boston Red Sox,1,3
2025-04-13,2025-04-13T18:10Z,Final,9,Minnesota Twins,6,Detroit Tigers,5,1
2025-04-13,2025-04-13T18:15Z,Final,24,St. Louis Cardinals,22,Philadelphia Phillies,7,0
2025-04-13,2025-04-13T20:05Z,Final,11,Athletics,21,New York Mets,0,8
2025-04-13,2025-04-13T20:10Z,Final,25,San Diego Padres,27,Colorado Rockies,6,0
2025-04-13,2025-04-13T20:10Z,Final,29,Arizona Diamondbacks,8,Milwaukee Brewers,5,2
2025-04-13,2025-04-13T20:10Z,Final,12,Seattle Mariners,13,Texas Rangers,3,1
2025-04-13,2025-04-13T23:00Z,Final,19,Los Angeles Dodgers,16,Chicago Cubs,2,4
2025-04-14,2025-04-14T22:40Z,Final,23,Pittsburgh Pirates,20,Washington Nationals,10,3
2025-04-14,2025-04-14T22:45Z,Final,22,Philadelphia Phillies,26,San Francisco Giants,4,10
2025-04-14,2025-04-14T23:05Z,Final,30,Tampa Bay Rays,2,Boston Red Sox,16,1
2025-04-14,2025-04-14T23:05Z,Final,10,New York Yankees,7,Kansas City Royals,4,1
2025-04-14,2025-04-14T23:07Z,Final,14,Toronto Blue Jays,15,Atlanta Braves,4,8
2025-04-14,2025-04-14T23:40Z,Final,8,Milwaukee Brewers,6,Detroit Tigers,1,9
2025-04-14,2025-04-14T23:40Z,Final,9,Minnesota Twins,21,New York Mets,1,5
2025-04-14,2025-04-14T23:45Z,Final,24,St. Louis Cardinals,18,Houston Astros,8,3
2025-04-14,2025-04-15T01:40Z,Final,25,San Diego Padres,16,Chicago Cubs,10,4
2025-04-14,2025-04-15T02:10Z,Final,19,Los Angeles Dodgers,27,Colorado Rockies,5,3
2025-04-15,2025-04-15T22:40Z,Final,28,Miami Marlins,29,Arizona Diamondbacks,4,10
2025-04-15,2025-04-15T22:40Z,Final,17,Cincinnati Reds,12,Seattle Mariners,8,4
2025-04-15,2025-04-15T22:40Z,Final,23,Pittsburgh Pirates,20,Washington Nationals,0,3
2025-04-15,2025-04-15T22:45Z,Final,22,Philadelphia Phillies,26,San Francisco Giants,6,4
2025-04-15,2025-04-15T23:05Z,Final,30,Tampa Bay Rays,2,Boston Red Sox,4,7
2025-04-15,2025-04-15T23:05Z,Final,1,Baltimore Orioles,5,Cleveland Guardians,3,6
2025-04-15,2025-04-15T23:05Z,Final,10,New York Yankees,7,Kansas City Royals,4,2
2025-04-15,2025-04-15T23:07Z,Final,14,Toronto Blue Jays,15,Atlanta Braves,6,3
2025-04-15,2025-04-15T23:40Z,Final,8,Milwaukee Brewers,6,Detroit Tigers,5,0
2025-04-15,2025-04-15T23:40Z,Final,9,Minnesota Twins,21,New York Mets,6,3
2025-04-15,2025-04-15T23:40Z,Final,4,Chicago White Sox,11,Athletics,3,12
2025-04-15,2025-04-15T23:45Z,Final,24,St. Louis Cardinals,18,Houston Astros,0,2
2025-04-15,2025-04-16T00:05Z,Final,13,Texas Rangers,3,Los Angeles Angels,4,0
2025-04-15,2025-04-16T01:40Z,Final,25,San Diego Padres,16,Chicago Cubs,1,2
2025-04-15,2025-04-16T02:10Z,Final,19,Los Angeles Dodgers,27,Colorado Rockies,6,2
2025-04-16,2025-04-16T17:07Z,Final,14,Toronto Blue Jays,15,Atlanta Braves,3,1
2025-04-16,2025-04-16T17:10Z,Final,8,Milwaukee Brewers,6,Detroit Tigers,5,1
2025-04-16,2025-04-16T17:10Z,Final,9,Minnesota Twins,21,New York Mets,4,3
2025-04-16,2025-04-16T17:15Z,Final,24,St. Louis Cardinals,18,Houston Astros,4,1
2025-04-16,2025-04-16T20:10Z,Final,25,San Diego Padres,16,Chicago Cubs,4,2
2025-04-16,2025-04-16T22:35Z,Final,1,Baltimore Orioles,5,Cleveland Guardians,9,1
2025-04-16,2025-04-16T22:40Z,Final,28,Miami Marlins,29,Arizona Diamondbacks,2,6
2025-04-16,2025-04-16T22:40Z,Final,17,Cincinnati Reds,12,Seattle Mariners,3,5
2025-04-16,2025-04-16T22:40Z,Final,23,Pittsburgh Pirates,20,Washington Nationals,6,1
2025-04-16,2025-04-16T22:45Z,Final,22,Philadelphia Phillies,26,San Francisco Giants,4,11
2025-04-16,2025-04-16T23:05Z,Final,30,Tampa Bay Rays,2,Boston Red Sox,0,1
2025-04-16,2025-04-16T23:05Z,Final,10,New York Yankees,7,Kansas City Royals,4,3
2025-04-16,2025-04-16T23:40Z,Final,4,Chicago White Sox,11,Athletics,1,3
2025-04-16,2025-04-17T00:05Z,Final,13,Texas Rangers,3,Los Angeles Angels,3,1
2025-04-16,2025-04-17T02:10Z,Final,19,Los Angeles Dodgers,27,Colorado Rockies,8,7
2025-04-17,2025-04-17T16:10Z,Final,28,Miami Marlins,29,Arizona Diamondbacks,4,6
2025-04-17,2025-04-17T16:35Z,Final,23,Pittsburgh Pirates,20,Washington Nationals,1,0
2025-04-17,2025-04-17T16:40Z,Final,17,Cincinnati Reds,12,Seattle Mariners,7,11
2025-04-17,2025-04-17T18:10Z,Final,4,Chicago White Sox,11,Athletics,0,8
2025-04-17,2025-04-17T20:05Z,Final,22,Philadelphia Phillies,26,San Francisco Giants,6,4
2025-04-17,2025-04-17T22:35Z,Final,1,Baltimore Orioles,5,Cleveland Guardians,6,2
2025-04-17,2025-04-17T22:40Z,Final,6,Detroit Tigers,7,Kansas City Royals,6,1
2025-04-17,2025-04-17T23:05Z,Final,30,Tampa Bay Rays,10,New York Yankees,3,6
2025-04-17,2025-04-17T23:10Z,Final,21,New York Mets,24,St. Louis Cardinals,4,1
2025-04-17,2025-04-18T00:05Z,Final,13,Texas Rangers,3,Los Angeles Angels,5,3
2025-04-18,2025-04-18T18:20Z,Final,16,Chicago Cubs,29,Arizona Diamondbacks,13,11
2025-04-18,2025-04-18T22:40Z,Final,23,Pittsburgh Pirates,5,Cleveland Guardians,7,10
2025-04-18,2025-04-18T22:40Z,Final,6,Detroit Tigers,7,Kansas City Royals,7,3
2025-04-18,2025-04-18T22:45Z,Final,22,Philadelphia Phillies,28,Miami Marlins,7,2
2025-04-18,2025-04-18T23:05Z,Final,1,Baltimore Orioles,17,Cincinnati Reds,3,8
2025-04-18,2025-04-18T23:05Z,Final,30,Tampa Bay Rays,10,New York Yankees,0,1
2025-04-18,2025-04-18T23:07Z,Final,14,Toronto Blue Jays,12,Seattle Mariners,3,1
2025-04-18,2025-04-18T23:10Z,Final,2,Boston Red Sox,4,Chicago White Sox,10,3
2025-04-18,2025-04-18T23:10Z,Final,21,New York Mets,24,St. Louis Cardinals,5,4
2025-04-18,2025-04-18T23:15Z,Final,15,Atlanta Braves,9,Minnesota Twins,6,4
2025-04-18,2025-04-19T00:05Z,Final,13,Texas Rangers,19,Los Angeles Dodgers,0,3
2025-04-18,2025-04-19T00:10Z,Final,8,Milwaukee Brewers,11,Athletics,5,3
2025-04-18,2025-04-19T00:10Z,Final,18,Houston Astros,25,San Diego Padres,6,4
2025-04-18,2025-04-19T01:38Z,Final,3,Los Angeles Angels,26,San Francisco Giants,2,0
2025-04-19,2025-04-19T17:05Z,Final,22,Philadelphia Phillies,28,Miami Marlins,11,10
2025-04-19,2025-04-19T17:10Z,Final,6,Detroit Tigers,7,Kansas City Royals,3,1
2025-04-19,2025-04-19T18:20Z,Final,16,Chicago Cubs,29,Arizona Diamondbacks,6,2
2025-04-19,2025-04-19T19:07Z,Final,14,Toronto Blue Jays,12,Seattle Mariners,4,8
2025-04-19,2025-04-19T20:05Z,Final,1,Baltimore Orioles,17,Cincinnati Reds,9,5
2025-04-19,2025-04-19T20:05Z,Final,23,Pittsburgh Pirates,5,Cleveland Guardians,0,3
2025-04-19,2025-04-19T20:05Z,Final,21,New York Mets,24,St. Louis Cardinals,3,0
2025-04-19,2025-04-19T20:05Z,Final,13,Texas Rangers,19,Los Angeles Dodgers,4,3
2025-04-19,2025-04-19T20:10Z,Final,2,Boston Red Sox,4,Chicago White Sox,4,3
2025-04-19,2025-04-19T20:10Z,Final,30,Tampa Bay Rays,10,New York Yankees,10,8
2025-04-19,2025-04-19T20:10Z,Final,27,Colorado Rockies,20,Washington Nationals,11,12
2025-04-19,2025-04-19T23:10Z,Final,8,Milwaukee Brewers,11,Athletics,1,3
2025-04-19,2025-04-19T23:10Z,Final,18,Houston Astros,25,San Diego Padres,3,2
2025-04-19,2025-04-19T23:15Z,Final,15,Atlanta Braves,9,Minnesota Twins,4,3
2025-04-19,2025-04-20T01:38Z,Final,3,Los Angeles Angels,26,San Francisco Giants,2,3
2025-04-20,2025-04-20T17:35Z,Final,2,Boston Red Sox,4,Chicago White Sox,4,8
2025-04-20,2025-04-20T17:35Z,Final,1,Baltimore Orioles,17,Cincinnati Reds,2,24
2025-04-20,2025-04-20T17:35Z,Final,23,Pittsburgh Pirates,5,Cleveland Guardians,4,5
2025-04-20,2025-04-20T17:35Z,Final,22,Philadelphia Phillies,28,Miami Marlins,5,7
2025-04-20,2025-04-20T17:35Z,Final,15,Atlanta Braves,9,Minnesota Twins,6,2
2025-04-20,2025-04-20T17:37Z,Final,14,Toronto Blue Jays,12,Seattle Mariners,3,8
2025-04-20,2025-04-20T17:40Z,Final,6,Detroit Tigers,7,Kansas City Royals,3,4
2025-04-20,2025-04-20T17:40Z,Final,30,Tampa Bay Rays,10,New York Yankees,0,4
2025-04-20,2025-04-20T17:40Z,Final,21,New York Mets,24,St. Louis Cardinals,7,4
2025-04-20,2025-04-20T18:10Z,Final,8,Milwaukee Brewers,11,Athletics,14,1
2025-04-20,2025-04-20T18:20Z,Final,16,Chicago Cubs,29,Arizona Diamondbacks,2,3
2025-04-20,2025-04-20T18:35Z,Final,13,Texas Rangers,19,Los Angeles Dodgers,0,1
2025-04-20,2025-04-20T19:10Z,Final,27,Colorado Rockies,20,Washington Nationals,2,3
2025-04-20,2025-04-20T20:07Z,Final,3,Los Angeles Angels,26,San Francisco Giants,5,4
2025-04-20,2025-04-20T23:00Z,Final,18,Houston Astros,25,San Diego Padres,2,3
2025-04-20,2025-04-21T00:10Z,Final,27,Colorado Rockies,20,Washington Nationals,3,1
2025-04-21,2025-04-21T15:10Z,Final,2,Boston Red Sox,4,Chicago White Sox,4,2
2025-04-21,2025-04-21T22:10Z,Final,5,Cleveland Guardians,10,New York Yankees,6,4
2025-04-21,2025-04-21T22:40Z,Final,28,Miami Marlins,17,Cincinnati Reds,6,3
2025-04-21,2025-04-21T22:40Z,Final,6,Detroit Tigers,25,San Diego Padres,6,4
2025-04-21,2025-04-21T23:10Z,Final,21,New York Mets,22,Philadelphia Phillies,5,4
2025-04-21,2025-04-21T23:15Z,Final,15,Atlanta Braves,24,St. Louis Cardinals,7,6
2025-04-21,2025-04-22T00:10Z,Final,18,Houston Astros,14,Toronto Blue Jays,7,0
2025-04-21,2025-04-22T01:45Z,Final,26,San Francisco Giants,8,Milwaukee Brewers,5,2
2025-04-22,2025-04-22T22:10Z,Final,5,Cleveland Guardians,10,New York Yankees,3,2
2025-04-22,2025-04-22T22:40Z,Final,28,Miami Marlins,17,Cincinnati Reds,4,3
2025-04-22,2025-04-22T22:40Z,Final,6,Detroit Tigers,25,San Diego Padres,0,2
2025-04-22,2025-04-22T22:45Z,Final,20,Washington Nationals,1,Baltimore Orioles,7,0
2025-04-22,2025-04-22T22:45Z,Final,2,Boston Red Sox,12,Seattle Mariners,8,3
2025-04-22,2025-04-22T23:10Z,Final,21,New York Mets,22,Philadelphia Phillies,5,1
2025-04-22,2025-04-22T23:15Z,Final,15,Atlanta Braves,24,St. Louis Cardinals,4,10
2025-04-22,2025-04-22T23:40Z,Final,9,Minnesota Twins,4,Chicago White Sox,4,2
2025-04-22,2025-04-22T23:40Z,Final,7,Kansas City Royals,27,Colorado Rockies,4,3
2025-04-22,2025-04-22T23:40Z,Final,16,Chicago Cubs,19,Los Angeles Dodgers,11,10
2025-04-22,2025-04-23T00:10Z,Final,18,Houston Astros,14,Toronto Blue Jays,5,1
2025-04-22,2025-04-23T01:38Z,Final,3,Los Angeles Angels,23,Pittsburgh Pirates,3,9
2025-04-22,2025-04-23T01:40Z,Final,29,Arizona Diamondbacks,30,Tampa Bay Rays,5,1
2025-04-22,2025-04-23T01:45Z,Final,26,San Francisco Giants,8,Milwaukee Brewers,3,11
2025-04-22,2025-04-23T02:05Z,Final,11,Athletics,13,Texas Rangers,5,8
2025-04-23,2025-04-23T16:15Z,Final,15,Atlanta Braves,24,St. Louis Cardinals,4,1
2025-04-23,2025-04-23T17:10Z,Final,28,Miami Marlins,17,Cincinnati Reds,2,5
2025-04-23,2025-04-23T17:10Z,Final,5,Cleveland Guardians,10,New York Yankees,1,5
2025-04-23,2025-04-23T17:10Z,Final,21,New York Mets,22,Philadelphia Phillies,4,3
2025-04-23,2025-04-23T17:10Z,Final,6,Detroit Tigers,25,San Diego Padres,6,0
2025-04-23,2025-04-23T22:45Z,Final,20,Washington Nationals,1,Baltimore Orioles,4,3
2025-04-23,2025-04-23T22:45Z,Final,2,Boston Red Sox,12,Seattle Mariners,5,8
2025-04-23,2025-04-23T23:00Z,Final,16,Chicago Cubs,19,Los Angeles Dodgers,7,6
2025-04-23,2025-04-23T23:40Z,Final,9,Minnesota Twins,4,Chicago White Sox,6,3
2025-04-23,2025-04-23T23:40Z,Final,18,Houston Astros,14,Toronto Blue Jays,3,1
2025-04-23,2025-04-24T01:38Z,Final,3,Los Angeles Angels,23,Pittsburgh Pirates,0,3
2025-04-23,2025-04-24T01:40Z,Final,29,Arizona Diamondbacks,30,Tampa Bay Rays,6,7
2025-04-23,2025-04-24T01:45Z,Final,26,San Francisco Giants,8,Milwaukee Brewers,4,2
2025-04-23,2025-04-24T02:05Z,Final,11,Athletics,13,Texas Rangers,5,2
2025-04-24,2025-04-24T17:10Z,Final,9,Minnesota Twins,4,Chicago White Sox,0,3
2025-04-24,2025-04-24T17:35Z,Final,2,Boston Red Sox,12,Seattle Mariners,3,4
2025-04-24,2025-04-24T18:10Z,Final,7,Kansas City Royals,27,Colorado Rockies,7,4
2025-04-24,2025-04-24T19:45Z,Final,26,San Francisco Giants,8,Milwaukee Brewers,6,5
2025-04-24,2025-04-24T21:25Z,Final,7,Kansas City Royals,27,Colorado Rockies,6,2
2025-04-24,2025-04-24T22:45Z,Final,20,Washington Nationals,1,Baltimore Orioles,1,2
2025-04-24,2025-04-25T01:29Z,Final,3,Los Angeles Angels,23,Pittsburgh Pirates,4,3
2025-04-24,2025-04-25T01:40Z,Final,29,Arizona Diamondbacks,30,Tampa Bay Rays,4,7
2025-04-24,2025-04-25T02:05Z,Final,11,Athletics,13,Texas Rangers,4,3
2025-04-25,2025-04-25T18:20Z,Final,16,Chicago Cubs,22,Philadelphia Phillies,4,0
2025-04-25,2025-04-25T22:45Z,Final,20,Washington Nationals,21,New York Mets,5,4
2025-04-25,2025-04-25T23:05Z,Final,10,New York Yankees,14,Toronto Blue Jays,2,4
2025-04-25,2025-04-25T23:40Z,Final,9,Minnesota Twins,3,Los Angeles Angels,11,4
2025-04-25,2025-04-25T23:40Z,Final,7,Kansas City Royals,18,Houston Astros,2,0
2025-04-25,2025-04-26T00:15Z,Final,24,St. Louis Cardinals,8,Milwaukee Brewers,3,2
2025-04-25,2025-04-26T00:40Z,Final,27,Colorado Rockies,17,Cincinnati Reds,7,8
2025-04-25,2025-04-26T01:40Z,Final,29,Arizona Diamondbacks,15,Atlanta Braves,2,8
2025-04-25,2025-04-26T01:40Z,Final,12,Seattle Mariners,28,Miami Marlins,4,8
2025-04-25,2025-04-26T01:40Z,Final,25,San Diego Padres,30,Tampa Bay Rays,0,1
2025-04-25,2025-04-26T02:05Z,Final,11,Athletics,4,Chicago White Sox,6,5
2025-04-25,2025-04-26T02:10Z,Final,19,Los Angeles Dodgers,23,Pittsburgh Pirates,0,3
2025-04-25,2025-04-26T02:15Z,Final,26,San Francisco Giants,13,Texas Rangers,0,2
2025-04-26,2025-04-26T17:10Z,Final,6,Detroit Tigers,1,Baltimore Orioles,4,3
2025-04-26,2025-04-26T17:10Z,Final,5,Cleveland Guardians,2,Boston Red Sox,5,4
2025-04-26,2025-04-26T18:10Z,Final,9,Minnesota Twins,3,Los Angeles Angels,5,1
2025-04-26,2025-04-26T18:15Z,Final,24,St. Louis Cardinals,8,Milwaukee Brewers,6,5
2025-04-26,2025-04-26T19:10Z,Final,27,Colorado Rockies,17,Cincinnati Reds,4,6
2025-04-26,2025-04-26T20:05Z,Final,16,Chicago Cubs,22,Philadelphia Phillies,4,10
2025-04-26,2025-04-26T20:05Z,Final,26,San Francisco Giants,13,Texas Rangers,3,2
2025-04-26,2025-04-26T20:05Z,Final,11,Athletics,4,Chicago White Sox,3,10
2025-04-26,2025-04-26T20:30Z,Final,20,Washington Nationals,21,New York Mets,0,2
2025-04-26,2025-04-26T22:10Z,Final,5,Cleveland Guardians,2,Boston Red Sox,3,7
2025-04-26,2025-04-26T22:10Z,Final,6,Detroit Tigers,1,Baltimore Orioles,6,2
2025-04-26,2025-04-26T23:10Z,Final,7,Kansas City Royals,18,Houston Astros,2,0
2025-04-26,2025-04-27T00:10Z,Final,29,Arizona Diamondbacks,15,Atlanta Braves,7,8
2025-04-26,2025-04-27T00:40Z,Final,25,San Diego Padres,30,Tampa Bay Rays,1,4
2025-04-26,2025-04-27T01:10Z,Final,19,Los Angeles Dodgers,23,Pittsburgh Pirates,8,4
2025-04-26,2025-04-27T01:40Z,Final,12,Seattle Mariners,28,Miami Marlins,14,0
2025-04-27,2025-04-27T17:35Z,Final,20,Washington Nationals,21,New York Mets,8,7
2025-04-27,2025-04-27T17:35Z,Final,10,New York Yankees,14,Toronto Blue Jays,11,2
2025-04-27,2025-04-27T17:40Z,Final,6,Detroit Tigers,1,Baltimore Orioles,7,0
2025-04-27,2025-04-27T17:40Z,Final,9,Minnesota Twins,3,Los Angeles Angels,5,0
2025-04-27,2025-04-27T17:40Z,Final,5,Cleveland Guardians,2,Boston Red Sox,3,13
2025-04-27,2025-04-27T18:10Z,Final,7,Kansas City Royals,18,Houston Astros,3,7
2025-04-27,2025-04-27T18:15Z,Final,24,St. Louis Cardinals,8,Milwaukee Brewers,1,7
2025-04-27,2025-04-27T19:10Z,Final,27,Colorado Rockies,17,Cincinnati Reds,1,8
2025-04-27,2025-04-27T20:05Z,Final,26,San Francisco Giants,13,Texas Rangers,3,2
2025-04-27,2025-04-27T20:05Z,Final,11,Athletics,4,Chicago White Sox,3,2
2025-04-27,2025-04-27T20:10Z,Final,29,Arizona Diamondbacks,15,Atlanta Braves,6,4
2025-04-27,2025-04-27T20:10Z,Final,12,Seattle Mariners,28,Miami Marlins,7,6
2025-04-27,2025-04-27T20:10Z,Final,19,Los Angeles Dodgers,23,Pittsburgh Pirates,9,2
2025-04-27,2025-04-27T20:10Z,Final,25,San Diego Padres,30,Tampa Bay Rays,2,4
2025-04-27,2025-04-27T21:25Z,Final,10,New York Yankees,14,Toronto Blue Jays,5,1
2025-04-27,2025-04-27T23:00Z,Final,16,Chicago Cubs,22,Philadelphia Phillies,1,3
2025-04-28,2025-04-28T20:05Z,Final,20,Washington Nationals,21,New York Mets,5,19
2025-04-28,2025-04-28T22:10Z,Final,5,Cleveland Guardians,9,Minnesota Twins,1,11
2025-04-28,2025-04-28T22:35Z,Final,1,Baltimore Orioles,10,New York Yankees,4,3
2025-04-28,2025-04-28T22:40Z,Final,17,Cincinnati Reds,24,St. Louis Cardinals,3,1
2025-04-28,2025-04-29T00:05Z,Final,13,Texas Rangers,11,Athletics,1,2
2025-04-28,2025-04-29T00:10Z,Final,18,Houston Astros,6,Detroit Tigers,8,5
2025-04-28,2025-04-29T00:40Z,Final,27,Colorado Rockies,15,Atlanta Braves,3,6
2025-05-06,2025-05-06T23:15Z,Final,15,Atlanta Braves,17,Cincinnati Reds,2,1
2025-04-28,2025-04-29T02:10Z,Final,19,Los Angeles Dodgers,28,Miami Marlins,7,6
2025-04-29,2025-04-29T22:10Z,Final,5,Cleveland Guardians,9,Minnesota Twins,2,1
2025-04-29,2025-04-29T22:35Z,Final,1,Baltimore Orioles,10,New York Yankees,3,15
2025-04-29,2025-04-29T22:40Z,Final,23,Pittsburgh Pirates,16,Chicago Cubs,0,9
2025-04-29,2025-04-29T22:45Z,Final,22,Philadelphia Phillies,20,Washington Nationals,7,6
2025-04-29,2025-04-29T23:05Z,Final,30,Tampa Bay Rays,7,Kansas City Royals,1,3
2025-04-29,2025-04-29T23:07Z,Final,14,Toronto Blue Jays,2,Boston Red Sox,2,10
2025-04-29,2025-04-29T23:10Z,Final,21,New York Mets,29,Arizona Diamondbacks,8,3
2025-04-29,2025-04-29T23:40Z,Final,4,Chicago White Sox,8,Milwaukee Brewers,2,7
2025-04-29,2025-04-30T00:05Z,Final,13,Texas Rangers,11,Athletics,15,2
2025-04-29,2025-04-30T00:10Z,Final,18,Houston Astros,6,Detroit Tigers,6,4
2025-04-29,2025-04-30T00:40Z,Final,27,Colorado Rockies,15,Atlanta Braves,2,8
2025-04-29,2025-04-30T01:40Z,Final,12,Seattle Mariners,3,Los Angeles Angels,5,3
2025-04-29,2025-04-30T01:40Z,Final,25,San Diego Padres,26,San Francisco Giants,7,4
2025-04-29,2025-04-30T02:10Z,Final,19,Los Angeles Dodgers,28,Miami Marlins,15,2
2025-04-30,2025-04-30T16:40Z,Final,17,Cincinnati Reds,24,St. Louis Cardinals,0,6
2025-04-30,2025-04-30T18:10Z,Final,18,Houston Astros,6,Detroit Tigers,4,7
2025-04-30,2025-04-30T19:10Z,Final,27,Colorado Rockies,15,Atlanta Braves,2,1
2025-04-30,2025-04-30T19:10Z,Final,19,Los Angeles Dodgers,28,Miami Marlins,12,7
2025-04-30,2025-04-30T20:10Z,Final,12,Seattle Mariners,3,Los Angeles Angels,9,3
2025-04-30,2025-04-30T20:10Z,Final,25,San Diego Padres,26,San Francisco Giants,5,3
2025-04-30,2025-04-30T22:10Z,Final,5,Cleveland Guardians,9,Minnesota Twins,4,2
2025-04-30,2025-04-30T22:35Z,Final,1,Baltimore Orioles,10,New York Yankees,5,4
2025-04-30,2025-04-30T22:40Z,Final,23,Pittsburgh Pirates,16,Chicago Cubs,4,3
2025-04-30,2025-04-30T22:40Z,Final,17,Cincinnati Reds,24,St. Louis Cardinals,1,9
2025-04-30,2025-04-30T22:45Z,Final,22,Philadelphia Phillies,20,Washington Nationals,7,2
2025-04-30,2025-04-30T23:05Z,Final,30,Tampa Bay Rays,7,Kansas City Royals,0,3
2025-04-30,2025-04-30T23:07Z,Final,14,Toronto Blue Jays,2,Boston Red Sox,7,6
2025-04-30,2025-04-30T23:10Z,Final,21,New York Mets,29,Arizona Diamondbacks,3,4
2025-04-30,2025-04-30T23:40Z,Final,4,Chicago White Sox,8,Milwaukee Brewers,4,6
2025-04-30,2025-05-01T00:05Z,Final,13,Texas Rangers,11,Athletics,1,7
2025-05-01,2025-05-01T16:35Z,Final,23,Pittsburgh Pirates,16,Chicago Cubs,3,8
2025-05-01,2025-05-01T16:40Z,Final,17,Cincinnati Reds,24,St. Louis Cardinals,9,1
2025-05-01,2025-05-01T17:10Z,Final,21,New York Mets,29,Arizona Diamondbacks,2,4
2025-05-01,2025-05-01T17:10Z,Final,30,Tampa Bay Rays,7,Kansas City Royals,2,8
2025-05-01,2025-05-01T17:10Z,Final,5,Cleveland Guardians,9,Minnesota Twins,4,3
2025-05-01,2025-05-01T18:10Z,Final,4,Chicago White Sox,8,Milwaukee Brewers,8,0
2025-05-01,2025-05-01T18:35Z,Final,13,Texas Rangers,11,Athletics,0,3
2025-05-01,2025-05-01T22:45Z,Final,22,Philadelphia Phillies,20,Washington Nationals,2,4
2025-05-01,2025-05-01T23:07Z,Final,14,Toronto Blue Jays,2,Boston Red Sox,4,2
2025-05-01,2025-05-02T01:38Z,Final,3,Los Angeles Angels,6,Detroit Tigers,4,10
2025-05-01,2025-05-02T01:45Z,Final,26,San Francisco Giants,27,Colorado Rockies,3,4
2025-05-02,2025-05-02T22:10Z,Final,17,Cincinnati Reds,20,Washington Nationals,6,1
2025-05-02,2025-05-02T22:40Z,Final,23,Pittsburgh Pirates,25,San Diego Padres,4,9
2025-05-02,2025-05-02T22:45Z,Final,22,Philadelphia Phillies,29,Arizona Diamondbacks,3,2
2025-05-02,2025-05-02T23:05Z,Final,1,Baltimore Orioles,7,Kansas City Royals,3,0
2025-05-02,2025-05-02T23:05Z,Final,10,New York Yankees,30,Tampa Bay Rays,3,0
2025-05-02,2025-05-02T23:07Z,Final,14,Toronto Blue Jays,5,Cleveland Guardians,5,3
2025-05-02,2025-05-02T23:10Z,Final,2,Boston Red Sox,9,Minnesota Twins,6,1
2025-05-02,2025-05-02T23:10Z,Final,28,Miami Marlins,11,Athletics,1,6
2025-05-02,2025-05-02T23:15Z,Final,15,Atlanta Braves,19,Los Angeles Dodgers,1,2
2025-05-02,2025-05-02T23:40Z,Final,4,Chicago White Sox,18,Houston Astros,7,3
2025-05-02,2025-05-03T00:05Z,Final,13,Texas Rangers,12,Seattle Mariners,1,13
2025-05-02,2025-05-03T00:10Z,Final,8,Milwaukee Brewers,16,Chicago Cubs,0,10
2025-05-02,2025-05-03T00:15Z,Final,24,St. Louis Cardinals,21,New York Mets,3,9
2025-05-02,2025-05-03T01:38Z,Final,3,Los Angeles Angels,6,Detroit Tigers,1,9
2025-05-02,2025-05-03T02:15Z,Final,26,San Francisco Giants,27,Colorado Rockies,4,0
2025-05-03,2025-05-03T17:05Z,Final,10,New York Yankees,30,Tampa Bay Rays,2,3
2025-05-03,2025-05-03T18:10Z,Final,4,Chicago White Sox,18,Houston Astros,3,8
2025-05-03,2025-05-03T19:07Z,Final,14,Toronto Blue Jays,5,Cleveland Guardians,3,5
2025-05-03,2025-05-03T20:05Z,Final,23,Pittsburgh Pirates,25,San Diego Padres,1,2
2025-05-03,2025-05-03T20:05Z,Final,26,San Francisco Giants,27,Colorado Rockies,6,3
2025-05-03,2025-05-03T20:10Z,Final,2,Boston Red Sox,9,Minnesota Twins,3,4
2025-05-03,2025-05-03T20:10Z,Final,28,Miami Marlins,11,Athletics,9,6
2025-05-03,2025-05-03T22:05Z,Final,22,Philadelphia Phillies,29,Arizona Diamondbacks,7,2
2025-05-03,2025-05-03T23:00Z,Final,17,Cincinnati Reds,20,Washington Nationals,6,11
2025-05-03,2025-05-03T23:05Z,Final,13,Texas Rangers,12,Seattle Mariners,1,2
2025-05-03,2025-05-03T23:10Z,Final,8,Milwaukee Brewers,16,Chicago Cubs,2,6
2025-05-03,2025-05-03T23:15Z,Final,1,Baltimore Orioles,7,Kansas City Royals,0,4
2025-05-03,2025-05-04T01:38Z,Final,3,Los Angeles Angels,6,Detroit Tigers,5,2
2025-05-03,2025-05-04T02:15Z,Final,15,Atlanta Braves,19,Los Angeles Dodgers,3,10
2025-05-04,2025-05-04T17:15Z,Final,24,St. Louis Cardinals,21,New York Mets,6,5
2025-05-04,2025-05-04T17:35Z,Final,1,Baltimore Orioles,7,Kansas City Royals,6,11
2025-05-04,2025-05-04T17:35Z,Final,2,Boston Red Sox,9,Minnesota Twins,4,5
2025-05-04,2025-05-04T17:35Z,Final,23,Pittsburgh Pirates,25,San Diego Padres,0,4
2025-05-04,2025-05-04T17:35Z,Final,10,New York Yankees,30,Tampa Bay Rays,5,7
2025-05-04,2025-05-04T17:37Z,Final,14,Toronto Blue Jays,5,Cleveland Guardians,4,5
2025-05-04,2025-05-04T17:40Z,Final,28,Miami Marlins,11,Athletics,2,3
2025-05-04,2025-05-04T18:05Z,Final,22,Philadelphia Phillies,29,Arizona Diamondbacks,9,11
2025-05-04,2025-05-04T18:10Z,Final,8,Milwaukee Brewers,16,Chicago Cubs,4,0
2025-05-04,2025-05-04T18:10Z,Final,4,Chicago White Sox,18,Houston Astros,5,4
2025-05-04,2025-05-04T18:35Z,Final,13,Texas Rangers,12,Seattle Mariners,8,1
2025-05-04,2025-05-04T20:05Z,Final,26,San Francisco Giants,27,Colorado Rockies,9,3
2025-05-04,2025-05-04T20:07Z,Final,3,Los Angeles Angels,6,Detroit Tigers,1,13
2025-05-04,2025-05-04T20:10Z,Final,17,Cincinnati Reds,20,Washington Nationals,1,4
2025-05-04,2025-05-04T22:15Z,Final,24,St. Louis Cardinals,21,New York Mets,5,4
2025-05-04,2025-05-04T23:00Z,Final,15,Atlanta Braves,19,Los Angeles Dodgers,4,3
2025-05-05,2025-05-05T22:40Z,Final,28,Miami Marlins,19,Los Angeles Dodgers,4,7
2025-05-05,2025-05-05T23:05Z,Final,10,New York Yankees,25,San Diego Padres,3,4
2025-05-05,2025-05-05T23:15Z,Final,15,Atlanta Braves,17,Cincinnati Reds,4,0
2025-05-05,2025-05-05T23:40Z,Final,7,Kansas City Royals,4,Chicago White Sox,3,0
2025-05-05,2025-05-05T23:40Z,Final,8,Milwaukee Brewers,18,Houston Astros,5,1
2025-05-05,2025-05-05T23:40Z,Final,16,Chicago Cubs,26,San Francisco Giants,9,2
2025-05-05,2025-05-05T23:45Z,Final,24,St. Louis Cardinals,23,Pittsburgh Pirates,6,3
2025-05-05,2025-05-06T01:40Z,Final,29,Arizona Diamondbacks,21,New York Mets,4,5
2025-05-05,2025-05-06T02:05Z,Final,11,Athletics,12,Seattle Mariners,7,6
2025-05-06,2025-05-06T19:35Z,Final,20,Washington Nationals,5,Cleveland Guardians,10,9
2025-05-06,2025-05-06T22:40Z,Final,28,Miami Marlins,19,Los Angeles Dodgers,5,4
2025-05-06,2025-05-06T22:45Z,Final,2,Boston Red Sox,13,Texas Rangers,1,6
2025-05-06,2025-05-06T23:05Z,Final,30,Tampa Bay Rays,22,Philadelphia Phillies,4,8
2025-05-06,2025-05-06T23:05Z,Final,10,New York Yankees,25,San Diego Padres,12,3
2025-05-06,2025-05-06T23:10Z,Final,20,Washington Nationals,5,Cleveland Guardians,1,9
2025-05-06,2025-05-06T23:40Z,Final,9,Minnesota Twins,1,Baltimore Orioles,9,1
2025-05-06,2025-05-06T23:40Z,Final,7,Kansas City Royals,4,Chicago White Sox,4,3
2025-05-06,2025-05-06T23:40Z,Final,8,Milwaukee Brewers,18,Houston Astros,4,3
2025-05-06,2025-05-06T23:40Z,Final,16,Chicago Cubs,26,San Francisco Giants,5,14
2025-05-06,2025-05-06T23:45Z,Final,24,St. Louis Cardinals,23,Pittsburgh Pirates,2,1
2025-05-06,2025-05-07T01:38Z,Final,3,Los Angeles Angels,14,Toronto Blue Jays,8,3
2025-05-06,2025-05-07T01:40Z,Final,29,Arizona Diamondbacks,21,New York Mets,5,1
2025-05-06,2025-05-07T02:05Z,Final,11,Athletics,12,Seattle Mariners,3,5
2025-05-07,2025-05-07T16:05Z,Final,20,Washington Nationals,5,Cleveland Guardians,6,8
2025-05-07,2025-05-07T17:10Z,Final,8,Milwaukee Brewers,18,Houston Astros,1,9
2025-05-07,2025-05-07T17:15Z,Final,24,St. Louis Cardinals,23,Pittsburgh Pirates,5,0
2025-05-07,2025-05-07T18:20Z,Final,16,Chicago Cubs,26,San Francisco Giants,1,3
2025-05-07,2025-05-07T19:35Z,Final,11,Athletics,12,Seattle Mariners,5,6
2025-05-07,2025-05-07T19:40Z,Final,29,Arizona Diamondbacks,21,New York Mets,1,7
2025-05-07,2025-05-07T20:40Z,Final,28,Miami Marlins,19,Los Angeles Dodgers,1,10
2025-05-07,2025-05-07T22:45Z,Final,2,Boston Red Sox,13,Texas Rangers,6,4
2025-05-07,2025-05-07T23:05Z,Final,30,Tampa Bay Rays,22,Philadelphia Phillies,0,7
2025-05-07,2025-05-07T23:05Z,Final,10,New York Yankees,25,San Diego Padres,4,3
2025-05-07,2025-05-07T23:15Z,Final,15,Atlanta Braves,17,Cincinnati Reds,3,4
2025-05-07,2025-05-07T23:40Z,Final,9,Minnesota Twins,1,Baltimore Orioles,5,2
2025-05-07,2025-05-07T23:40Z,Final,7,Kansas City Royals,4,Chicago White Sox,2,1
2025-05-07,2025-05-08T00:40Z,Final,27,Colorado Rockies,6,Detroit Tigers,6,8
2025-05-07,2025-05-08T01:38Z,Final,3,Los Angeles Angels,14,Toronto Blue Jays,5,4
2025-05-08,2025-05-08T17:10Z,Final,9,Minnesota Twins,1,Baltimore Orioles,5,2
2025-05-08,2025-05-08T17:35Z,Final,2,Boston Red Sox,13,Texas Rangers,5,0
2025-05-08,2025-05-08T18:10Z,Final,7,Kansas City Royals,4,Chicago White Sox,10,0
2025-05-08,2025-05-08T19:10Z,Final,27,Colorado Rockies,6,Detroit Tigers,2,10
2025-05-08,2025-05-08T22:10Z,Final,27,Colorado Rockies,6,Detroit Tigers,1,11
2025-05-08,2025-05-08T23:05Z,Final,30,Tampa Bay Rays,22,Philadelphia Phillies,6,7
2025-05-08,2025-05-08T23:15Z,Final,15,Atlanta Braves,17,Cincinnati Reds,5,4
2025-05-08,2025-05-09T01:38Z,Final,3,Los Angeles Angels,14,Toronto Blue Jays,5,8
2025-05-08,2025-05-09T01:40Z,Final,29,Arizona Diamondbacks,19,Los Angeles Dodgers,5,3
2025-05-09,2025-05-09T22:40Z,Final,23,Pittsburgh Pirates,15,Atlanta Braves,3,2
2025-05-09,2025-05-09T22:40Z,Final,6,Detroit Tigers,13,Texas Rangers,2,1
2025-05-09,2025-05-09T22:45Z,Final,20,Washington Nationals,24,St. Louis Cardinals,0,10
2025-05-09,2025-05-09T23:05Z,Final,30,Tampa Bay Rays,8,Milwaukee Brewers,4,3
2025-05-09,2025-05-09T23:10Z,Final,21,New York Mets,16,Chicago Cubs,7,2
2025-05-09,2025-05-09T23:10Z,Final,5,Cleveland Guardians,22,Philadelphia Phillies,6,0
2025-05-09,2025-05-09T23:40Z,Final,7,Kansas City Royals,2,Boston Red Sox,2,1
2025-05-09,2025-05-09T23:40Z,Final,4,Chicago White Sox,28,Miami Marlins,6,2
2025-05-09,2025-05-10T00:10Z,Final,18,Houston Astros,17,Cincinnati Reds,3,0
2025-05-09,2025-05-10T00:10Z,Final,9,Minnesota Twins,26,San Francisco Giants,3,1
2025-05-09,2025-05-10T00:40Z,Final,27,Colorado Rockies,25,San Diego Padres,9,13
2025-05-09,2025-05-10T01:38Z,Final,3,Los Angeles Angels,1,Baltimore Orioles,1,4
2025-05-09,2025-05-10T01:40Z,Final,29,Arizona Diamondbacks,19,Los Angeles Dodgers,11,14
2025-05-09,2025-05-10T01:40Z,Final,12,Seattle Mariners,14,Toronto Blue Jays,3,6
2025-05-09,2025-05-10T02:05Z,Final,11,Athletics,10,New York Yankees,2,10
2025-05-10,2025-05-10T20:05Z,Final,23,Pittsburgh Pirates,15,Atlanta Braves,2,3
2025-05-10,2025-05-10T20:05Z,Final,20,Washington Nationals,24,St. Louis Cardinals,2,4
2025-05-10,2025-05-10T20:05Z,Final,11,Athletics,10,New York Yankees,11,7
2025-05-10,2025-05-10T20:10Z,Final,30,Tampa Bay Rays,8,Milwaukee Brewers,3,2
2025-05-10,2025-05-10T22:10Z,Final,5,Cleveland Guardians,22,Philadelphia Phillies,1,7
2025-05-10,2025-05-10T22:10Z,Final,6,Detroit Tigers,13,Texas Rangers,3,10
2025-05-10,2025-05-10T23:10Z,Final,7,Kansas City Royals,2,Boston Red Sox,1,10
2025-05-10,2025-05-10T23:10Z,Final,18,Houston Astros,17,Cincinnati Reds,9,13
2025-05-10,2025-05-10T23:10Z,Final,4,Chicago White Sox,28,Miami Marlins,1,3
2025-05-10,2025-05-10T23:15Z,Final,21,New York Mets,16,Chicago Cubs,5,6
2025-05-10,2025-05-10T23:15Z,Final,9,Minnesota Twins,26,San Francisco Giants,2,1
2025-05-10,2025-05-11T00:10Z,Final,27,Colorado Rockies,25,San Diego Padres,0,21
2025-05-10,2025-05-11T00:10Z,Final,29,Arizona Diamondbacks,19,Los Angeles Dodgers,3,0
2025-05-10,2025-05-11T01:38Z,Final,3,Los Angeles Angels,1,Baltimore Orioles,5,2
2025-05-10,2025-05-11T01:40Z,Final,12,Seattle Mariners,14,Toronto Blue Jays,3,6
2025-05-11,2025-05-11T16:05Z,Final,21,New York Mets,16,Chicago Cubs,6,2
2025-05-11,2025-05-11T17:35Z,Final,23,Pittsburgh Pirates,15,Atlanta Braves,4,3
2025-05-11,2025-05-11T17:35Z,Final,20,Washington Nationals,24,St. Louis Cardinals,1,6
2025-05-11,2025-05-11T17:40Z,Final,30,Tampa Bay Rays,8,Milwaukee Brewers,2,4
2025-05-11,2025-05-11T17:40Z,Final,6,Detroit Tigers,13,Texas Rangers,1,6
2025-05-11,2025-05-11T18:10Z,Final,7,Kansas City Royals,2,Boston Red Sox,1,3
2025-05-11,2025-05-11T18:10Z,Final,18,Houston Astros,17,Cincinnati Reds,6,0
2025-05-11,2025-05-11T18:10Z,Final,4,Chicago White Sox,28,Miami Marlins,4,2
2025-05-11,2025-05-11T18:10Z,Final,9,Minnesota Twins,26,San Francisco Giants,7,6
2025-05-11,2025-05-11T19:10Z,Final,27,Colorado Rockies,25,San Diego Padres,9,3
2025-05-11,2025-05-11T20:05Z,Final,11,Athletics,10,New York Yankees,2,12
2025-05-11,2025-05-11T20:07Z,Final,3,Los Angeles Angels,1,Baltimore Orioles,3,7
2025-05-11,2025-05-11T20:10Z,Final,29,Arizona Diamondbacks,19,Los Angeles Dodgers,1,8
2025-05-11,2025-05-11T20:10Z,Final,12,Seattle Mariners,14,Toronto Blue Jays,1,9
2025-05-11,2025-05-11T23:00Z,Final,5,Cleveland Guardians,22,Philadelphia Phillies,0,3
2025-05-12,2025-05-12T22:10Z,Final,5,Cleveland Guardians,8,Milwaukee Brewers,5,0
2025-05-12,2025-05-12T22:40Z,Final,6,Detroit Tigers,2,Boston Red Sox,14,2
2025-05-12,2025-05-12T22:45Z,Final,22,Philadelphia Phillies,24,St. Louis Cardinals,2,3
2025-05-12,2025-05-12T23:10Z,Final,21,New York Mets,23,Pittsburgh Pirates,4,3
2025-05-12,2025-05-12T23:15Z,Final,15,Atlanta Braves,20,Washington Nationals,4,3
2025-05-12,2025-05-12T23:40Z,Final,16,Chicago Cubs,28,Miami Marlins,5,2
2025-05-12,2025-05-13T00:05Z,Final,13,Texas Rangers,27,Colorado Rockies,2,1
2025-05-12,2025-05-13T00:10Z,Final,18,Houston Astros,7,Kansas City Royals,5,7
2025-05-12,2025-05-13T01:40Z,Final,25,San Diego Padres,3,Los Angeles Angels,5,9
2025-05-12,2025-05-13T01:40Z,Final,12,Seattle Mariners,10,New York Yankees,5,11
2025-05-12,2025-05-13T01:45Z,Final,26,San Francisco Giants,29,Arizona Diamondbacks,1,2
2025-05-13,2025-05-13T22:10Z,Final,5,Cleveland Guardians,8,Milwaukee Brewers,2,0
2025-05-13,2025-05-13T22:40Z,Final,6,Detroit Tigers,2,Boston Red Sox,10,9
2025-05-13,2025-05-13T22:40Z,Final,17,Cincinnati Reds,4,Chicago White Sox,1,5
2025-05-13,2025-05-13T23:07Z,Final,14,Toronto Blue Jays,30,Tampa Bay Rays,9,11
2025-05-13,2025-05-13T23:10Z,Final,21,New York Mets,23,Pittsburgh Pirates,2,1
2025-05-13,2025-05-13T23:15Z,Final,15,Atlanta Braves,20,Washington Nationals,5,2
2025-05-13,2025-05-13T23:40Z,Final,16,Chicago Cubs,28,Miami Marlins,5,4
2025-05-13,2025-05-14T00:05Z,Final,13,Texas Rangers,27,Colorado Rockies,4,1
2025-05-13,2025-05-14T00:10Z,Final,18,Houston Astros,7,Kansas City Royals,2,1
2025-05-13,2025-05-14T01:40Z,Final,25,San Diego Padres,3,Los Angeles Angels,6,4
2025-05-13,2025-05-14T01:40Z,Final,12,Seattle Mariners,10,New York Yankees,2,1
2025-05-13,2025-05-14T01:45Z,Final,26,San Francisco Giants,29,Arizona Diamondbacks,10,6
2025-05-13,2025-05-14T02:10Z,Final,19,Los Angeles Dodgers,11,Athletics,1,11
2025-05-14,2025-05-14T16:05Z,Final,1,Baltimore Orioles,9,Minnesota Twins,3,6
2025-05-14,2025-05-14T17:05Z,Final,22,Philadelphia Phillies,24,St. Louis Cardinals,2,1
2025-05-14,2025-05-14T17:10Z,Final,5,Cleveland Guardians,8,Milwaukee Brewers,5,9
2025-05-14,2025-05-14T19:45Z,Final,26,San Francisco Giants,29,Arizona Diamondbacks,7,8
2025-05-14,2025-05-14T19:45Z,Final,1,Baltimore Orioles,9,Minnesota Twins,6,8
2025-05-14,2025-05-14T20:10Z,Final,12,Seattle Mariners,10,New York Yankees,2,3
2025-05-14,2025-05-14T22:15Z,Final,22,Philadelphia Phillies,24,St. Louis Cardinals,7,14
2025-05-14,2025-05-14T22:40Z,Final,6,Detroit Tigers,2,Boston Red Sox,6,5
2025-05-14,2025-05-14T23:07Z,Final,14,Toronto Blue Jays,30,Tampa Bay Rays,3,1
2025-05-14,2025-05-14T23:10Z,Final,21,New York Mets,23,Pittsburgh Pirates,0,4
2025-05-14,2025-05-14T23:14Z,Final,17,Cincinnati Reds,4,Chicago White Sox,2,4
2025-05-14,2025-05-14T23:15Z,Final,15,Atlanta Braves,20,Washington Nationals,4,5
2025-05-14,2025-05-14T23:40Z,Final,16,Chicago Cubs,28,Miami Marlins,1,3
2025-05-14,2025-05-15T00:05Z,Final,13,Texas Rangers,27,Colorado Rockies,8,3
2025-05-14,2025-05-15T00:10Z,Final,18,Houston Astros,7,Kansas City Royals,4,3
2025-05-14,2025-05-15T01:40Z,Final,25,San Diego Padres,3,Los Angeles Angels,5,1
2025-05-14,2025-05-15T02:10Z,Final,19,Los Angeles Dodgers,11,Athletics,9,3
2025-05-15,2025-05-15T16:15Z,Final,15,Atlanta Braves,20,Washington Nationals,5,2
2025-05-15,2025-05-15T16:35Z,Final,1,Baltimore Orioles,9,Minnesota Twins,0,4
2025-05-15,2025-05-15T16:40Z,Final,17,Cincinnati Reds,4,Chicago White Sox,7,1
2025-05-15,2025-05-15T19:07Z,Final,14,Toronto Blue Jays,30,Tampa Bay Rays,3,8
2025-05-15,2025-05-16T00:05Z,Final,13,Texas Rangers,18,Houston Astros,1,0
2025-05-15,2025-05-16T02:10Z,Final,19,Los Angeles Dodgers,11,Athletics,19,2
2025-05-16,2025-05-16T18:20Z,Final,16,Chicago Cubs,4,Chicago White Sox,13,3
2025-05-16,2025-05-16T21:10Z,Final,17,Cincinnati Reds,5,Cleveland Guardians,5,4
2025-05-16,2025-05-16T22:45Z,Final,22,Philadelphia Phillies,23,Pittsburgh Pirates,8,4
2025-05-16,2025-05-16T23:05Z,Final,10,New York Yankees,21,New York Mets,6,2
2025-05-16,2025-05-16T23:05Z,Final,1,Baltimore Orioles,20,Washington Nationals,3,4
2025-05-16,2025-05-16T23:07Z,Final,14,Toronto Blue Jays,6,Detroit Tigers,4,5
2025-05-16,2025-05-16T23:10Z,Final,2,Boston Red Sox,15,Atlanta Braves,2,4
2025-05-16,2025-05-16T23:10Z,Final,28,Miami Marlins,30,Tampa Bay Rays,9,4
2025-05-16,2025-05-16T23:40Z,Final,7,Kansas City Royals,24,St. Louis Cardinals,3,10
2025-05-16,2025-05-17T00:05Z,Final,13,Texas Rangers,18,Houston Astros,3,6
2025-05-16,2025-05-17T00:10Z,Final,8,Milwaukee Brewers,9,Minnesota Twins,0,3
2025-05-16,2025-05-17T01:40Z,Final,29,Arizona Diamondbacks,27,Colorado Rockies,8,0
2025-05-16,2025-05-17T01:40Z,Final,25,San Diego Padres,12,Seattle Mariners,1,5
2025-05-16,2025-05-17T02:10Z,Final,19,Los Angeles Dodgers,3,Los Angeles Angels,2,6
2025-05-16,2025-05-17T02:15Z,Final,26,San Francisco Giants,11,Athletics,9,1
2025-05-17,2025-05-17T17:05Z,Final,10,New York Yankees,21,New York Mets,2,3
2025-05-17,2025-05-17T18:20Z,Final,16,Chicago Cubs,4,Chicago White Sox,7,3
2025-05-17,2025-05-17T19:07Z,Final,14,Toronto Blue Jays,6,Detroit Tigers,2,1
2025-05-17,2025-05-17T20:05Z,Final,1,Baltimore Orioles,20,Washington Nationals,6,10
2025-05-17,2025-05-17T20:10Z,Final,28,Miami Marlins,30,Tampa Bay Rays,0,4
2025-05-17,2025-05-17T22:05Z,Final,22,Philadelphia Phillies,23,Pittsburgh Pirates,5,2
2025-05-17,2025-05-17T22:40Z,Final,17,Cincinnati Reds,5,Cleveland Guardians,4,1
2025-05-17,2025-05-17T23:05Z,Final,13,Texas Rangers,18,Houston Astros,5,1
2025-05-17,2025-05-17T23:10Z,Final,7,Kansas City Royals,24,St. Louis Cardinals,0,1
2025-05-17,2025-05-17T23:15Z,Final,2,Boston Red Sox,15,Atlanta Braves,7,6
2025-05-17,2025-05-17T23:15Z,Final,8,Milwaukee Brewers,9,Minnesota Twins,0,7
2025-05-17,2025-05-18T00:10Z,Final,29,Arizona Diamondbacks,27,Colorado Rockies,12,14
2025-05-17,2025-05-18T00:40Z,Final,25,San Diego Padres,12,Seattle Mariners,1,4
2025-05-17,2025-05-18T01:05Z,Final,26,San Francisco Giants,11,Athletics,1,0
2025-05-17,2025-05-18T01:10Z,Final,19,Los Angeles Dodgers,3,Los Angeles Angels,9,11
2025-05-18,2025-05-18T17:05Z,Final,13,Texas Rangers,18,Houston Astros,3,4
2025-05-18,2025-05-18T17:35Z,Final,2,Boston Red Sox,15,Atlanta Braves,4,10
2025-05-18,2025-05-18T17:35Z,Final,22,Philadelphia Phillies,23,Pittsburgh Pirates,1,0
2025-05-18,2025-05-18T17:35Z,Final,1,Baltimore Orioles,20,Washington Nationals,4,10
2025-05-18,2025-05-18T17:37Z,Final,14,Toronto Blue Jays,6,Detroit Tigers,2,3
2025-05-18,2025-05-18T17:40Z,Final,17,Cincinnati Reds,5,Cleveland Guardians,3,1
2025-05-18,2025-05-18T17:40Z,Final,28,Miami Marlins,30,Tampa Bay Rays,5,1
2025-05-18,2025-05-18T18:10Z,Final,8,Milwaukee Brewers,9,Minnesota Twins,5,2
2025-05-18,2025-05-18T18:10Z,Final,7,Kansas City Royals,24,St. Louis Cardinals,2,1
2025-05-18,2025-05-18T18:20Z,Final,16,Chicago Cubs,4,Chicago White Sox,6,2
2025-05-18,2025-05-18T20:05Z,Final,26,San Francisco Giants,11,Athletics,3,2
2025-05-18,2025-05-18T20:10Z,Final,19,Los Angeles Dodgers,3,Los Angeles Angels,4,6
2025-05-18,2025-05-18T20:10Z,Final,29,Arizona Diamondbacks,27,Colorado Rockies,1,0
2025-05-18,2025-05-18T20:10Z,Final,25,San Diego Padres,12,Seattle Mariners,1,6
2025-05-18,2025-05-18T23:00Z,Final,10,New York Yankees,21,New York Mets,8,2
2025-05-19,2025-05-19T22:40Z,Final,28,Miami Marlins,16,Chicago Cubs,8,7
2025-05-19,2025-05-19T22:40Z,Final,23,Pittsburgh Pirates,17,Cincinnati Reds,1,7
2025-05-19,2025-05-19T22:45Z,Final,2,Boston Red Sox,21,New York Mets,3,1
2025-05-19,2025-05-19T23:05Z,Final,30,Tampa Bay Rays,18,Houston Astros,3,4
2025-05-19,2025-05-19T23:40Z,Final,8,Milwaukee Brewers,1,Baltimore Orioles,5,4
2025-05-19,2025-05-19T23:40Z,Final,9,Minnesota Twins,5,Cleveland Guardians,6,5
2025-05-19,2025-05-19T23:40Z,Final,4,Chicago White Sox,12,Seattle Mariners,1,5
2025-05-19,2025-05-19T23:45Z,Final,24,St. Louis Cardinals,6,Detroit Tigers,11,4
2025-05-19,2025-05-20T00:40Z,Final,27,Colorado Rockies,22,Philadelphia Phillies,3,9
2025-05-19,2025-05-20T01:45Z,Final,26,San Francisco Giants,7,Kansas City Royals,1,3
2025-05-19,2025-05-20T02:05Z,Final,11,Athletics,3,Los Angeles Angels,3,4
2025-05-19,2025-05-20T02:10Z,Final,19,Los Angeles Dodgers,29,Arizona Diamondbacks,5,9
2025-05-20,2025-05-20T22:40Z,Final,28,Miami Marlins,16,Chicago Cubs,1,14
2025-05-20,2025-05-20T22:40Z,Final,23,Pittsburgh Pirates,17,Cincinnati Reds,1,0
2025-05-20,2025-05-20T22:45Z,Final,20,Washington Nationals,15,Atlanta Braves,5,3
2025-05-20,2025-05-20T22:45Z,Final,2,Boston Red Sox,21,New York Mets,2,0
2025-05-20,2025-05-20T23:05Z,Final,30,Tampa Bay Rays,18,Houston Astros,3,2
2025-05-20,2025-05-20T23:05Z,Final,10,New York Yankees,13,Texas Rangers,5,2
2025-05-20,2025-05-20T23:07Z,Final,14,Toronto Blue Jays,25,San Diego Padres,3,0
2025-05-20,2025-05-20T23:40Z,Final,8,Milwaukee Brewers,1,Baltimore Orioles,5,2
2025-05-20,2025-05-20T23:40Z,Final,4,Chicago White Sox,12,Seattle Mariners,1,0
2025-05-20,2025-05-20T23:45Z,Final,24,St. Louis Cardinals,6,Detroit Tigers,4,5
2025-05-20,2025-05-21T00:40Z,Final,27,Colorado Rockies,22,Philadelphia Phillies,4,7
2025-05-20,2025-05-21T01:45Z,Final,26,San Francisco Giants,7,Kansas City Royals,3,2
2025-05-20,2025-05-21T02:05Z,Final,11,Athletics,3,Los Angeles Angels,5,7
2025-05-20,2025-05-21T02:10Z,Final,19,Los Angeles Dodgers,29,Arizona Diamondbacks,4,3
2025-05-21,2025-05-21T16:35Z,Final,23,Pittsburgh Pirates,17,Cincinnati Reds,3,1
2025-05-21,2025-05-21T17:10Z,Final,28,Miami Marlins,16,Chicago Cubs,1,2
2025-05-21,2025-05-21T17:10Z,Final,30,Tampa Bay Rays,18,Houston Astros,8,4
2025-05-21,2025-05-21T17:10Z,Final,8,Milwaukee Brewers,1,Baltimore Orioles,4,8
2025-05-21,2025-05-21T17:15Z,Final,24,St. Louis Cardinals,6,Detroit Tigers,1,5
2025-05-21,2025-05-21T18:10Z,Final,4,Chicago White Sox,12,Seattle Mariners,5,6
2025-05-21,2025-05-21T19:45Z,Final,26,San Francisco Giants,7,Kansas City Royals,4,8
2025-05-21,2025-05-21T19:55Z,Final,9,Minnesota Twins,5,Cleveland Guardians,1,5
2025-05-21,2025-05-21T22:45Z,Final,2,Boston Red Sox,21,New York Mets,1,5
2025-05-21,2025-05-21T23:05Z,Final,10,New York Yankees,13,Texas Rangers,4,3
2025-05-21,2025-05-21T23:07Z,Final,14,Toronto Blue Jays,25,San Diego Padres,14,0
2025-05-21,2025-05-22T00:40Z,Final,27,Colorado Rockies,22,Philadelphia Phillies,5,9
2025-05-21,2025-05-22T02:05Z,Final,11,Athletics,3,Los Angeles Angels,5,10
2025-05-21,2025-05-22T02:10Z,Final,19,Los Angeles Dodgers,29,Arizona Diamondbacks,3,1
2025-05-22,2025-05-22T16:35Z,Final,10,New York Yankees,13,Texas Rangers,1,0
2025-05-22,2025-05-22T17:07Z,Final,14,Toronto Blue Jays,25,San Diego Padres,7,6
2025-05-22,2025-05-22T19:10Z,Final,27,Colorado Rockies,22,Philadelphia Phillies,0,2
2025-05-22,2025-05-22T19:35Z,Final,11,Athletics,3,Los Angeles Angels,5,10
2025-05-22,2025-05-22T22:40Z,Final,6,Detroit Tigers,5,Cleveland Guardians,0,7
2025-05-22,2025-05-22T22:40Z,Final,23,Pittsburgh Pirates,8,Milwaukee Brewers,5,8
2025-05-22,2025-05-22T22:45Z,Final,20,Washington Nationals,15,Atlanta Braves,8,7
2025-05-22,2025-05-23T00:10Z,Final,18,Houston Astros,12,Seattle Mariners,9,2
2025-05-23,2025-05-23T17:35Z,Final,2,Boston Red Sox,1,Baltimore Orioles,19,5
2025-05-23,2025-05-23T22:40Z,Final,17,Cincinnati Reds,16,Chicago Cubs,6,13
2025-05-23,2025-05-23T22:40Z,Final,23,Pittsburgh Pirates,8,Milwaukee Brewers,6,5
2025-05-23,2025-05-23T22:45Z,Final,20,Washington Nationals,26,San Francisco Giants,0,4
2025-05-23,2025-05-23T23:05Z,Final,30,Tampa Bay Rays,14,Toronto Blue Jays,3,1
2025-05-23,2025-05-23T23:10Z,Final,6,Detroit Tigers,5,Cleveland Guardians,1,3
2025-05-23,2025-05-23T23:10Z,Final,21,New York Mets,19,Los Angeles Dodgers,5,7
2025-05-23,2025-05-23T23:15Z,Final,15,Atlanta Braves,25,San Diego Padres,1,2
2025-05-23,2025-05-23T23:40Z,Final,4,Chicago White Sox,13,Texas Rangers,4,1
2025-05-23,2025-05-24T00:10Z,Final,9,Minnesota Twins,7,Kansas City Royals,3,1
2025-05-23,2025-05-24T00:10Z,Final,18,Houston Astros,12,Seattle Mariners,3,5
2025-05-23,2025-05-24T00:15Z,Final,24,St. Louis Cardinals,29,Arizona Diamondbacks,4,3
2025-05-23,2025-05-24T00:40Z,Final,27,Colorado Rockies,10,New York Yankees,3,2
2025-05-23,2025-05-24T01:38Z,Final,3,Los Angeles Angels,28,Miami Marlins,7,4
2025-05-23,2025-05-24T02:05Z,Final,11,Athletics,22,Philadelphia Phillies,3,4
2025-05-24,2025-05-24T17:05Z,Final,2,Boston Red Sox,1,Baltimore Orioles,6,5
2025-05-24,2025-05-24T18:10Z,Final,9,Minnesota Twins,7,Kansas City Royals,5,4
2025-05-24,2025-05-24T18:15Z,Final,24,St. Louis Cardinals,29,Arizona Diamondbacks,6,5
2025-05-24,2025-05-24T20:05Z,Final,23,Pittsburgh Pirates,8,Milwaukee Brewers,2,1
2025-05-24,2025-05-24T20:05Z,Final,20,Washington Nationals,26,San Francisco Giants,3,0
2025-05-24,2025-05-24T20:10Z,Final,17,Cincinnati Reds,16,Chicago Cubs,6,4
2025-05-24,2025-05-24T20:10Z,Final,15,Atlanta Braves,25,San Diego Padres,7,1
2025-05-24,2025-05-24T20:10Z,Final,18,Houston Astros,12,Seattle Mariners,2,1
2025-05-24,2025-05-24T20:10Z,Final,4,Chicago White Sox,13,Texas Rangers,10,5
2025-05-24,2025-05-24T20:10Z,Final,27,Colorado Rockies,10,New York Yankees,1,13
2025-05-24,2025-05-24T22:35Z,Final,2,Boston Red Sox,1,Baltimore Orioles,1,2
2025-05-24,2025-05-24T23:05Z,Final,30,Tampa Bay Rays,14,Toronto Blue Jays,3,1
2025-05-24,2025-05-24T23:15Z,Final,6,Detroit Tigers,5,Cleveland Guardians,5,7
2025-05-24,2025-05-24T23:15Z,Final,21,New York Mets,19,Los Angeles Dodgers,5,2
2025-05-24,2025-05-25T02:05Z,Final,11,Athletics,22,Philadelphia Phillies,6,9
2025-05-24,2025-05-25T02:07Z,Final,3,Los Angeles Angels,28,Miami Marlins,2,6
2025-05-25,2025-05-25T15:35Z,Final,6,Detroit Tigers,5,Cleveland Guardians,5,0
2025-05-25,2025-05-25T17:35Z,Final,2,Boston Red Sox,1,Baltimore Orioles,1,5
2025-05-25,2025-05-25T17:35Z,Final,23,Pittsburgh Pirates,8,Milwaukee Brewers,5,6
2025-05-25,2025-05-25T17:35Z,Final,20,Washington Nationals,26,San Francisco Giants,2,3
2025-05-25,2025-05-25T17:40Z,Final,17,Cincinnati Reds,16,Chicago Cubs,8,11
2025-05-25,2025-05-25T17:40Z,Final,30,Tampa Bay Rays,14,Toronto Blue Jays,13,0
2025-05-25,2025-05-25T18:10Z,Final,9,Minnesota Twins,7,Kansas City Royals,1,2
2025-05-25,2025-05-25T18:10Z,Final,18,Houston Astros,12,Seattle Mariners,5,3
2025-05-25,2025-05-25T18:10Z,Final,4,Chicago White Sox,13,Texas Rangers,4,5
2025-05-25,2025-05-25T18:15Z,Final,24,St. Louis Cardinals,29,Arizona Diamondbacks,4,3
2025-05-25,2025-05-25T19:10Z,Final,27,Colorado Rockies,10,New York Yankees,4,5
2025-05-25,2025-05-25T20:05Z,Final,11,Athletics,22,Philadelphia Phillies,5,4
2025-05-25,2025-05-25T20:07Z,Final,3,Los Angeles Angels,28,Miami Marlins,0,3
2025-05-25,2025-05-25T20:10Z,Final,15,Atlanta Braves,25,San Diego Padres,3,5
2025-05-25,2025-05-25T23:00Z,Final,21,New York Mets,19,Los Angeles Dodgers,3,1
2025-05-26,2025-05-26T17:10Z,Final,6,Detroit Tigers,26,San Francisco Giants,3,1
2025-05-26,2025-05-26T18:10Z,Final,8,Milwaukee Brewers,2,Boston Red Sox,3,2
2025-05-26,2025-05-26T18:20Z,Final,16,Chicago Cubs,27,Colorado Rockies,3,1
2025-05-26,2025-05-26T19:05Z,Final,1,Baltimore Orioles,24,St. Louis Cardinals,5,2
2025-05-26,2025-05-26T20:05Z,Final,13,Texas Rangers,14,Toronto Blue Jays,1,2
2025-05-26,2025-05-26T20:10Z,Final,21,New York Mets,4,Chicago White Sox,2,1
2025-05-26,2025-05-26T20:10Z,Final,7,Kansas City Royals,17,Cincinnati Reds,4,7
2025-05-26,2025-05-26T22:10Z,Final,5,Cleveland Guardians,19,Los Angeles Dodgers,2,7
2025-05-26,2025-05-26T23:05Z,Final,30,Tampa Bay Rays,9,Minnesota Twins,7,2
2025-05-26,2025-05-27T00:10Z,Final,29,Arizona Diamondbacks,23,Pittsburgh Pirates,5,0
2025-05-26,2025-05-27T00:40Z,Final,25,San Diego Padres,28,Miami Marlins,4,3
2025-05-26,2025-05-27T01:38Z,Final,3,Los Angeles Angels,10,New York Yankees,1,5
2025-05-27,2025-05-27T22:10Z,Final,5,Cleveland Guardians,19,Los Angeles Dodgers,5,9
2025-05-27,2025-05-27T22:35Z,Final,1,Baltimore Orioles,24,St. Louis Cardinals,4,7
2025-05-27,2025-05-27T22:40Z,Final,6,Detroit Tigers,26,San Francisco Giants,3,1
2025-05-27,2025-05-27T22:45Z,Final,22,Philadelphia Phillies,15,Atlanta Braves,2,0
2025-05-27,2025-05-27T23:05Z,Final,30,Tampa Bay Rays,9,Minnesota Twins,2,4
2025-05-27,2025-05-27T23:10Z,Final,21,New York Mets,4,Chicago White Sox,6,4
2025-05-27,2025-05-27T23:40Z,Final,8,Milwaukee Brewers,2,Boston Red Sox,5,1
2025-05-27,2025-05-27T23:40Z,Final,7,Kansas City Royals,17,Cincinnati Reds,2,7
2025-05-27,2025-05-28T00:05Z,Final,16,Chicago Cubs,27,Colorado Rockies,4,3
2025-05-27,2025-05-28T00:05Z,Final,13,Texas Rangers,14,Toronto Blue Jays,2,0
2025-05-27,2025-05-28T00:10Z,Final,18,Houston Astros,11,Athletics,11,1
2025-05-27,2025-05-28T01:38Z,Final,3,Los Angeles Angels,10,New York Yankees,2,3
2025-05-27,2025-05-28T01:40Z,Final,25,San Diego Padres,28,Miami Marlins,8,6
2025-05-27,2025-05-28T01:40Z,Final,29,Arizona Diamondbacks,23,Pittsburgh Pirates,6,9
2025-05-27,2025-05-28T01:40Z,Final,12,Seattle Mariners,20,Washington Nationals,9,1
2025-05-28,2025-05-28T17:10Z,Final,21,New York Mets,4,Chicago White Sox,4,9
2025-05-28,2025-05-28T17:10Z,Final,5,Cleveland Guardians,19,Los Angeles Dodgers,7,4
2025-05-28,2025-05-28T17:10Z,Final,6,Detroit Tigers,26,San Francisco Giants,4,3
2025-05-28,2025-05-28T17:10Z,Final,8,Milwaukee Brewers,2,Boston Red Sox,6,5
2025-05-28,2025-05-28T17:10Z,Final,30,Tampa Bay Rays,9,Minnesota Twins,5,0
2025-05-28,2025-05-28T18:10Z,Final,18,Houston Astros,11,Athletics,5,3
2025-05-28,2025-05-28T19:40Z,Final,29,Arizona Diamondbacks,23,Pittsburgh Pirates,1,10
2025-05-28,2025-05-28T20:10Z,Final,25,San Diego Padres,28,Miami Marlins,8,10
2025-05-28,2025-05-28T23:05Z,Final,1,Baltimore Orioles,24,St. Louis Cardinals,4,6
2025-05-28,2025-05-28T23:40Z,Final,7,Kansas City Royals,17,Cincinnati Reds,3,2
2025-05-28,2025-05-29T00:05Z,Final,16,Chicago Cubs,27,Colorado Rockies,2,1
2025-05-28,2025-05-29T00:05Z,Final,13,Texas Rangers,14,Toronto Blue Jays,0,2
2025-05-28,2025-05-29T01:38Z,Final,3,Los Angeles Angels,10,New York Yankees,0,1
2025-05-28,2025-05-29T01:40Z,Final,12,Seattle Mariners,20,Washington Nationals,0,9
2025-05-29,2025-05-29T17:05Z,Final,22,Philadelphia Phillies,15,Atlanta Braves,5,4
2025-05-29,2025-05-29T22:45Z,Final,22,Philadelphia Phillies,15,Atlanta Braves,3,9
2025-05-29,2025-05-29T23:07Z,Final,14,Toronto Blue Jays,11,Athletics,12,0
2025-05-29,2025-05-30T00:10Z,Final,18,Houston Astros,30,Tampa Bay Rays,3,13
2025-05-29,2025-05-30T01:40Z,Final,12,Seattle Mariners,20,Washington Nationals,3,9
2025-05-30,2025-05-30T18:20Z,Final,16,Chicago Cubs,17,Cincinnati Reds,2,6
2025-05-30,2025-05-30T20:30Z,Final,1,Baltimore Orioles,4,Chicago White Sox,2,1
2025-05-30,2025-05-30T22:45Z,Final,22,Philadelphia Phillies,8,Milwaukee Brewers,2,6
2025-05-30,2025-05-30T23:07Z,Final,14,Toronto Blue Jays,11,Athletics,11,7
2025-05-30,2025-05-30T23:10Z,Final,5,Cleveland Guardians,3,Los Angeles Angels,1,4
2025-05-30,2025-05-30T23:10Z,Final,21,New York Mets,27,Colorado Rockies,4,2
2025-05-30,2025-05-30T23:10Z,Final,28,Miami Marlins,26,San Francisco Giants,0,2
2025-05-30,2025-05-30T23:15Z,Final,15,Atlanta Braves,2,Boston Red Sox,1,5
2025-05-30,2025-05-31T00:05Z,Final,13,Texas Rangers,24,St. Louis Cardinals,11,1
2025-05-30,2025-05-31T00:10Z,Final,7,Kansas City Royals,6,Detroit Tigers,5,7
2025-05-30,2025-05-31T00:10Z,Final,18,Houston Astros,30,Tampa Bay Rays,2,1
2025-05-30,2025-05-31T01:40Z,Final,25,San Diego Padres,23,Pittsburgh Pirates,3,2
2025-05-30,2025-05-31T01:40Z,Final,29,Arizona Diamondbacks,20,Washington Nationals,7,9
2025-05-30,2025-05-31T02:10Z,Final,12,Seattle Mariners,9,Minnesota Twins,6,12
2025-05-30,2025-05-31T02:10Z,Final,19,Los Angeles Dodgers,10,New York Yankees,8,5
2025-05-31,2025-05-31T18:20Z,Final,16,Chicago Cubs,17,Cincinnati Reds,2,0
2025-05-31,2025-05-31T19:07Z,Final,14,Toronto Blue Jays,11,Athletics,8,7
2025-05-31,2025-05-31T20:05Z,Final,1,Baltimore Orioles,4,Chicago White Sox,4,2
2025-05-31,2025-05-31T20:05Z,Final,22,Philadelphia Phillies,8,Milwaukee Brewers,7,17
2025-05-31,2025-05-31T20:05Z,Final,13,Texas Rangers,24,St. Louis Cardinals,0,2
2025-05-31,2025-05-31T20:10Z,Final,5,Cleveland Guardians,3,Los Angeles Angels,7,5
2025-05-31,2025-05-31T20:10Z,Final,15,Atlanta Braves,2,Boston Red Sox,5,0
2025-05-31,2025-05-31T20:10Z,Final,21,New York Mets,27,Colorado Rockies,8,2
2025-05-31,2025-05-31T20:10Z,Final,28,Miami Marlins,26,San Francisco Giants,1,0
2025-05-31,2025-05-31T20:10Z,Final,7,Kansas City Royals,6,Detroit Tigers,1,0
2025-05-31,2025-05-31T20:10Z,Final,18,Houston Astros,30,Tampa Bay Rays,3,16
2025-05-31,2025-05-31T23:15Z,Final,12,Seattle Mariners,9,Minnesota Twins,5,4
2025-05-31,2025-05-31T23:15Z,Final,19,Los Angeles Dodgers,10,New York Yankees,18,2
2025-05-31,2025-06-01T01:40Z,Final,25,San Diego Padres,23,Pittsburgh Pirates,0,5
2025-05-31,2025-06-01T02:10Z,Final,29,Arizona Diamondbacks,20,Washington Nationals,7,11
2025-06-01,2025-06-01T17:05Z,Final,13,Texas Rangers,24,St. Louis Cardinals,8,1
2025-06-01,2025-06-01T17:35Z,Final,15,Atlanta Braves,2,Boston Red Sox,1,3
2025-06-01,2025-06-01T17:35Z,Final,1,Baltimore Orioles,4,Chicago White Sox,3,2
2025-06-01,2025-06-01T17:35Z,Final,22,Philadelphia Phillies,8,Milwaukee Brewers,2,5
2025-06-01,2025-06-01T17:37Z,Final,14,Toronto Blue Jays,11,Athletics,8,4
2025-06-01,2025-06-01T17:40Z,Final,5,Cleveland Guardians,3,Los Angeles Angels,4,2
2025-06-01,2025-06-01T17:40Z,Final,21,New York Mets,27,Colorado Rockies,5,3
2025-06-01,2025-06-01T17:40Z,Final,28,Miami Marlins,26,San Francisco Giants,2,4
2025-06-01,2025-06-01T18:10Z,Final,7,Kansas City Royals,6,Detroit Tigers,0,1
2025-06-01,2025-06-01T18:10Z,Final,18,Houston Astros,30,Tampa Bay Rays,1,0
2025-06-01,2025-06-01T18:20Z,Final,16,Chicago Cubs,17,Cincinnati Reds,7,3
2025-06-01,2025-06-01T20:10Z,Final,12,Seattle Mariners,9,Minnesota Twins,2,1
2025-06-01,2025-06-01T20:10Z,Final,29,Arizona Diamondbacks,20,Washington Nationals,3,1
2025-06-01,2025-06-01T21:10Z,Final,25,San Diego Padres,23,Pittsburgh Pirates,6,4
2025-06-01,2025-06-01T23:00Z,Final,19,Los Angeles Dodgers,10,New York Yankees,3,7
2025-06-02,2025-06-02T22:40Z,Final,28,Miami Marlins,27,Colorado Rockies,4,6
2025-06-02,2025-06-02T23:10Z,Final,2,Boston Red Sox,3,Los Angeles Angels,6,7
2025-06-02,2025-06-02T23:10Z,Final,17,Cincinnati Reds,8,Milwaukee Brewers,2,3
2025-06-02,2025-06-02T23:40Z,Final,4,Chicago White Sox,6,Detroit Tigers,1,13
2025-06-02,2025-06-03T01:45Z,Final,26,San Francisco Giants,25,San Diego Padres,0,1
2025-06-02,2025-06-03T02:05Z,Final,11,Athletics,9,Minnesota Twins,4,10
2025-06-02,2025-06-03T02:10Z,Final,19,Los Angeles Dodgers,21,New York Mets,3,4
2025-06-03,2025-06-03T22:40Z,Final,28,Miami Marlins,27,Colorado Rockies,2,3
2025-06-03,2025-06-03T22:40Z,Final,23,Pittsburgh Pirates,18,Houston Astros,0,3
2025-06-03,2025-06-03T22:45Z,Final,20,Washington Nationals,16,Chicago Cubs,3,8
2025-06-03,2025-06-03T23:05Z,Final,10,New York Yankees,5,Cleveland Guardians,3,2
2025-06-03,2025-06-03T23:07Z,Final,14,Toronto Blue Jays,22,Philadelphia Phillies,3,8
2025-06-03,2025-06-03T23:10Z,Final,2,Boston Red Sox,3,Los Angeles Angels,3,4
2025-06-03,2025-06-03T23:10Z,Final,17,Cincinnati Reds,8,Milwaukee Brewers,4,2
2025-06-03,2025-06-03T23:15Z,Final,15,Atlanta Braves,29,Arizona Diamondbacks,3,8
2025-06-03,2025-06-03T23:35Z,Final,30,Tampa Bay Rays,13,Texas Rangers,5,1
2025-06-03,2025-06-03T23:40Z,Final,4,Chicago White Sox,6,Detroit Tigers,8,1
2025-06-03,2025-06-03T23:45Z,Final,24,St. Louis Cardinals,7,Kansas City Royals,7,10
2025-06-03,2025-06-04T01:40Z,Final,12,Seattle Mariners,1,Baltimore Orioles,1,5
2025-06-03,2025-06-04T01:45Z,Final,26,San Francisco Giants,25,San Diego Padres,2,3
2025-06-03,2025-06-04T02:05Z,Final,11,Athletics,9,Minnesota Twins,3,10
2025-06-03,2025-06-04T02:10Z,Final,19,Los Angeles Dodgers,21,New York Mets,6,5
2025-06-04,2025-06-04T16:10Z,Final,28,Miami Marlins,27,Colorado Rockies,2,3
2025-06-04,2025-06-04T16:40Z,Final,17,Cincinnati Reds,8,Milwaukee Brewers,1,9
2025-06-04,2025-06-04T17:35Z,Final,2,Boston Red Sox,3,Los Angeles Angels,11,9
2025-06-04,2025-06-04T22:40Z,Final,23,Pittsburgh Pirates,18,Houston Astros,3,0
2025-06-04,2025-06-04T22:45Z,Final,20,Washington Nationals,16,Chicago Cubs,2,0
2025-06-04,2025-06-04T23:05Z,Final,10,New York Yankees,5,Cleveland Guardians,0,4
2025-06-04,2025-06-04T23:07Z,Final,14,Toronto Blue Jays,22,Philadelphia Phillies,2,1
2025-06-04,2025-06-04T23:15Z,Final,15,Atlanta Braves,29,Arizona Diamondbacks,1,2
2025-06-04,2025-06-04T23:35Z,Final,30,Tampa Bay Rays,13,Texas Rangers,5,4
2025-06-04,2025-06-04T23:40Z,Final,4,Chicago White Sox,6,Detroit Tigers,4,5
2025-06-04,2025-06-05T01:40Z,Final,12,Seattle Mariners,1,Baltimore Orioles,2,3
2025-06-04,2025-06-05T01:45Z,Final,26,San Francisco Giants,25,San Diego Padres,6,5
2025-06-04,2025-06-05T02:05Z,Final,11,Athletics,9,Minnesota Twins,1,6
2025-06-04,2025-06-05T02:10Z,Final,19,Los Angeles Dodgers,21,New York Mets,1,6
2025-06-05,2025-06-05T16:15Z,Final,15,Atlanta Braves,29,Arizona Diamondbacks,10,11
2025-06-05,2025-06-05T17:45Z,Final,24,St. Louis Cardinals,7,Kansas City Royals,6,5
2025-06-05,2025-06-05T18:10Z,Final,4,Chicago White Sox,6,Detroit Tigers,3,2
2025-06-05,2025-06-05T19:07Z,Final,14,Toronto Blue Jays,22,Philadelphia Phillies,9,1
2025-06-05,2025-06-05T19:35Z,Final,11,Athletics,9,Minnesota Twins,14,3
2025-06-05,2025-06-05T19:40Z,Final,12,Seattle Mariners,1,Baltimore Orioles,3,4
2025-06-05,2025-06-05T19:45Z,Final,26,San Francisco Giants,25,San Diego Padres,3,2
2025-06-05,2025-06-05T20:10Z,Final,19,Los Angeles Dodgers,21,New York Mets,6,5
2025-06-05,2025-06-05T22:40Z,Final,23,Pittsburgh Pirates,18,Houston Astros,2,8
2025-06-05,2025-06-05T22:45Z,Final,20,Washington Nationals,16,Chicago Cubs,1,7
2025-06-05,2025-06-05T23:05Z,Final,10,New York Yankees,5,Cleveland Guardians,4,0
2025-06-05,2025-06-05T23:35Z,Final,30,Tampa Bay Rays,13,Texas Rangers,4,3
2025-06-05,2025-06-05T23:45Z,Final,24,St. Louis Cardinals,7,Kansas City Royals,5,7
2025-06-06,2025-06-06T17:10Z,Final,30,Tampa Bay Rays,28,Miami Marlins,4,3
2025-06-06,2025-06-06T22:40Z,Final,23,Pittsburgh Pirates,22,Philadelphia Phillies,5,4
2025-06-06,2025-06-06T22:45Z,Final,20,Washington Nationals,13,Texas Rangers,2,0
2025-06-06,2025-06-06T23:05Z,Final,10,New York Yankees,2,Boston Red Sox,9,6
2025-06-06,2025-06-06T23:10Z,Final,17,Cincinnati Reds,29,Arizona Diamondbacks,4,3
2025-06-06,2025-06-06T23:10Z,Final,6,Detroit Tigers,16,Chicago Cubs,3,1
2025-06-06,2025-06-06T23:10Z,Final,5,Cleveland Guardians,18,Houston Astros,2,4
2025-06-06,2025-06-06T23:40Z,Final,4,Chicago White Sox,7,Kansas City Royals,7,2
2025-06-06,2025-06-07T00:10Z,Final,8,Milwaukee Brewers,25,San Diego Padres,0,2
2025-06-06,2025-06-07T00:10Z,Final,9,Minnesota Twins,14,Toronto Blue Jays,4,6
2025-06-06,2025-06-07T00:15Z,Final,24,St. Louis Cardinals,19,Los Angeles Dodgers,5,0
2025-06-06,2025-06-07T00:40Z,Final,27,Colorado Rockies,21,New York Mets,2,4
2025-06-06,2025-06-07T01:38Z,Final,3,Los Angeles Angels,12,Seattle Mariners,5,4
2025-06-06,2025-06-07T02:05Z,Final,11,Athletics,1,Baltimore Orioles,5,4
2025-06-06,2025-06-07T02:15Z,Final,26,San Francisco Giants,15,Atlanta Braves,5,4
2025-06-07,2025-06-07T17:10Z,Final,6,Detroit Tigers,16,Chicago Cubs,1,6
2025-06-07,2025-06-07T18:10Z,Final,9,Minnesota Twins,14,Toronto Blue Jays,4,5
2025-06-07,2025-06-07T18:15Z,Final,24,St. Louis Cardinals,19,Los Angeles Dodgers,2,1
2025-06-07,2025-06-07T20:05Z,Final,23,Pittsburgh Pirates,22,Philadelphia Phillies,2,1
2025-06-07,2025-06-07T20:05Z,Final,20,Washington Nationals,13,Texas Rangers,0,5
2025-06-07,2025-06-07T20:05Z,Final,26,San Francisco Giants,15,Atlanta Braves,3,2
2025-06-07,2025-06-07T20:10Z,Final,17,Cincinnati Reds,29,Arizona Diamondbacks,13,1
2025-06-07,2025-06-07T20:10Z,Final,5,Cleveland Guardians,18,Houston Astros,3,5
2025-06-07,2025-06-07T20:10Z,Final,30,Tampa Bay Rays,28,Miami Marlins,10,11
2025-06-07,2025-06-07T20:10Z,Final,4,Chicago White Sox,7,Kansas City Royals,4,1
2025-06-07,2025-06-07T23:35Z,Final,10,New York Yankees,2,Boston Red Sox,7,10
2025-06-07,2025-06-07T23:35Z,Final,8,Milwaukee Brewers,25,San Diego Padres,4,3
2025-06-07,2025-06-08T01:38Z,Final,3,Los Angeles Angels,12,Seattle Mariners,8,6
2025-06-07,2025-06-08T01:40Z,Final,27,Colorado Rockies,21,New York Mets,1,8
2025-06-07,2025-06-08T02:05Z,Final,11,Athletics,1,Baltimore Orioles,4,7
2025-06-08,2025-06-08T16:10Z,Final,30,Tampa Bay Rays,28,Miami Marlins,3,2
2025-06-08,2025-06-08T17:05Z,Final,8,Milwaukee Brewers,25,San Diego Padres,0,1
2025-06-08,2025-06-08T17:35Z,Final,23,Pittsburgh Pirates,22,Philadelphia Phillies,2,1
2025-06-08,2025-06-08T17:35Z,Final,20,Washington Nationals,13,Texas Rangers,2,4
2025-06-08,2025-06-08T17:40Z,Final,17,Cincinnati Reds,29,Arizona Diamondbacks,4,2
2025-06-08,2025-06-08T17:40Z,Final,6,Detroit Tigers,16,Chicago Cubs,4,0
2025-06-08,2025-06-08T17:40Z,Final,5,Cleveland Guardians,18,Houston Astros,4,2
2025-06-08,2025-06-08T18:10Z,Final,4,Chicago White Sox,7,Kansas City Royals,5,7
2025-06-08,2025-06-08T18:10Z,Final,9,Minnesota Twins,14,Toronto Blue Jays,6,3
2025-06-08,2025-06-08T18:15Z,Final,24,St. Louis Cardinals,19,Los Angeles Dodgers,3,7
2025-06-08,2025-06-08T19:10Z,Final,27,Colorado Rockies,21,New York Mets,5,13
2025-06-08,2025-06-08T20:05Z,Final,26,San Francisco Giants,15,Atlanta Braves,4,3
2025-06-08,2025-06-08T20:05Z,Final,11,Athletics,1,Baltimore Orioles,5,1
2025-06-08,2025-06-08T20:07Z,Final,3,Los Angeles Angels,12,Seattle Mariners,2,3
2025-06-08,2025-06-08T23:00Z,Final,10,New York Yankees,2,Boston Red Sox,7,11
2025-06-09,2025-06-09T22:40Z,Final,5,Cleveland Guardians,17,Cincinnati Reds,4,7
2025-06-09,2025-06-09T22:40Z,Final,23,Pittsburgh Pirates,28,Miami Marlins,10,3
2025-06-09,2025-06-09T22:45Z,Final,22,Philadelphia Phillies,16,Chicago Cubs,4,3
2025-06-09,2025-06-09T23:10Z,Final,2,Boston Red Sox,30,Tampa Bay Rays,8,10
2025-06-09,2025-06-09T23:40Z,Final,8,Milwaukee Brewers,15,Atlanta Braves,1,7
2025-06-09,2025-06-09T23:45Z,Final,24,St. Louis Cardinals,14,Toronto Blue Jays,4,5
2025-06-09,2025-06-10T01:38Z,Final,3,Los Angeles Angels,11,Athletics,7,4
2025-06-09,2025-06-10T01:40Z,Final,25,San Diego Padres,19,Los Angeles Dodgers,7,8
2025-06-09,2025-06-10T01:40Z,Final,29,Arizona Diamondbacks,12,Seattle Mariners,8,4
2025-06-10,2025-06-10T22:35Z,Final,1,Baltimore Orioles,6,Detroit Tigers,3,5
2025-06-10,2025-06-10T22:40Z,Final,5,Cleveland Guardians,17,Cincinnati Reds,0,1
2025-06-10,2025-06-10T22:40Z,Final,23,Pittsburgh Pirates,28,Miami Marlins,2,3
2025-06-10,2025-06-10T22:45Z,Final,22,Philadelphia Phillies,16,Chicago Cubs,4,8
2025-06-10,2025-06-10T23:10Z,Final,2,Boston Red Sox,30,Tampa Bay Rays,3,1
2025-06-10,2025-06-10T23:10Z,Final,21,New York Mets,20,Washington Nationals,5,4
2025-06-10,2025-06-10T23:40Z,Final,8,Milwaukee Brewers,15,Atlanta Braves,4,1
2025-06-10,2025-06-10T23:40Z,Final,7,Kansas City Royals,10,New York Yankees,2,10
2025-06-10,2025-06-10T23:40Z,Final,9,Minnesota Twins,13,Texas Rangers,4,16
2025-06-10,2025-06-10T23:45Z,Final,24,St. Louis Cardinals,14,Toronto Blue Jays,9,10
2025-06-10,2025-06-11T00:10Z,Final,18,Houston Astros,4,Chicago White Sox,2,4
2025-06-10,2025-06-11T00:40Z,Final,27,Colorado Rockies,26,San Francisco Giants,5,6
2025-06-10,2025-06-11T01:38Z,Final,3,Los Angeles Angels,11,Athletics,2,1
2025-06-10,2025-06-11T01:40Z,Final,25,San Diego Padres,19,Los Angeles Dodgers,11,1
2025-06-10,2025-06-11T01:40Z,Final,29,Arizona Diamondbacks,12,Seattle Mariners,10,3
2025-06-11,2025-06-11T16:35Z,Final,23,Pittsburgh Pirates,28,Miami Marlins,5,2
2025-06-11,2025-06-11T17:05Z,Final,22,Philadelphia Phillies,16,Chicago Cubs,7,2
2025-06-11,2025-06-11T17:10Z,Final,5,Cleveland Guardians,17,Cincinnati Reds,11,2
2025-06-11,2025-06-11T18:10Z,Final,8,Milwaukee Brewers,15,Atlanta Braves,2,6
2025-06-11,2025-06-11T18:15Z,Final,24,St. Louis Cardinals,14,Toronto Blue Jays,2,5
2025-06-11,2025-06-11T19:40Z,Final,29,Arizona Diamondbacks,12,Seattle Mariners,5,2
2025-06-11,2025-06-11T20:07Z,Final,3,Los Angeles Angels,11,Athletics,6,5
2025-06-11,2025-06-11T20:10Z,Final,25,San Diego Padres,19,Los Angeles Dodgers,2,5
2025-06-11,2025-06-11T22:35Z,Final,1,Baltimore Orioles,6,Detroit Tigers,10,1
2025-06-11,2025-06-11T23:10Z,Final,2,Boston Red Sox,30,Tampa Bay Rays,4,3
2025-06-11,2025-06-11T23:10Z,Final,21,New York Mets,20,Washington Nationals,5,0
2025-06-11,2025-06-11T23:40Z,Final,7,Kansas City Royals,10,New York Yankees,3,6
2025-06-11,2025-06-11T23:40Z,Final,9,Minnesota Twins,13,Texas Rangers,6,2
2025-06-11,2025-06-12T00:10Z,Final,18,Houston Astros,4,Chicago White Sox,10,2
2025-06-11,2025-06-12T00:40Z,Final,27,Colorado Rockies,26,San Francisco Giants,7,10
2025-06-12,2025-06-12T17:10Z,Final,21,New York Mets,20,Washington Nationals,4,3
2025-06-12,2025-06-12T17:10Z,Final,9,Minnesota Twins,13,Texas Rangers,3,16
2025-06-12,2025-06-12T19:10Z,Final,27,Colorado Rockies,26,San Francisco Giants,8,7
2025-06-12,2025-06-12T22:35Z,Final,1,Baltimore Orioles,6,Detroit Tigers,1,4
2025-06-12,2025-06-12T23:40Z,Final,7,Kansas City Royals,10,New York Yankees,0,1
2025-06-12,2025-06-12T23:40Z,Final,8,Milwaukee Brewers,24,St. Louis Cardinals,6,0
2025-06-12,2025-06-13T00:05Z,Final,16,Chicago Cubs,23,Pittsburgh Pirates,3,2
2025-06-12,2025-06-13T00:10Z,Final,18,Houston Astros,4,Chicago White Sox,4,3
2025-06-13,2025-06-13T18:20Z,Final,16,Chicago Cubs,23,Pittsburgh Pirates,1,2
2025-06-13,2025-06-13T22:45Z,Final,20,Washington Nationals,28,Miami Marlins,9,11
2025-06-13,2025-06-13T22:45Z,Final,22,Philadelphia Phillies,14,Toronto Blue Jays,8,0
2025-06-13,2025-06-13T23:05Z,Final,1,Baltimore Orioles,3,Los Angeles Angels,2,0
2025-06-13,2025-06-13T23:10Z,Final,6,Detroit Tigers,17,Cincinnati Reds,11,5
2025-06-13,2025-06-13T23:10Z,Final,2,Boston Red Sox,10,New York Yankees,2,1
2025-06-13,2025-06-13T23:10Z,Final,21,New York Mets,30,Tampa Bay Rays,5,7
2025-06-13,2025-06-13T23:15Z,Final,15,Atlanta Braves,27,Colorado Rockies,12,4
2025-06-13,2025-06-14T00:05Z,Final,13,Texas Rangers,4,Chicago White Sox,3,1
2025-06-13,2025-06-14T00:10Z,Final,18,Houston Astros,9,Minnesota Twins,10,3
2025-06-13,2025-06-14T00:10Z,Final,7,Kansas City Royals,11,Athletics,4,6
2025-06-13,2025-06-14T00:10Z,Final,8,Milwaukee Brewers,24,St. Louis Cardinals,3,2
2025-06-13,2025-06-14T01:40Z,Final,29,Arizona Diamondbacks,25,San Diego Padres,5,1
2025-06-13,2025-06-14T02:10Z,Final,12,Seattle Mariners,5,Cleveland Guardians,7,2
2025-06-13,2025-06-14T02:10Z,Final,19,Los Angeles Dodgers,26,San Francisco Giants,2,6
2025-06-14,2025-06-14T17:05Z,Final,20,Washington Nationals,28,Miami Marlins,3,4
2025-06-14,2025-06-14T17:10Z,Final,6,Detroit Tigers,17,Cincinnati Reds,1,11
2025-06-14,2025-06-14T18:20Z,Final,16,Chicago Cubs,23,Pittsburgh Pirates,2,1
2025-06-14,2025-06-14T20:05Z,Final,1,Baltimore Orioles,3,Los Angeles Angels,6,5
2025-06-14,2025-06-14T20:05Z,Final,22,Philadelphia Phillies,14,Toronto Blue Jays,3,2
2025-06-14,2025-06-14T20:05Z,Final,13,Texas Rangers,4,Chicago White Sox,5,4
2025-06-14,2025-06-14T20:10Z,Final,21,New York Mets,30,Tampa Bay Rays,4,8
2025-06-14,2025-06-14T20:10Z,Final,18,Houston Astros,9,Minnesota Twins,3,2
2025-06-14,2025-06-14T20:10Z,Final,7,Kansas City Royals,11,Athletics,0,4
2025-06-14,2025-06-14T20:10Z,Final,8,Milwaukee Brewers,24,St. Louis Cardinals,5,8
2025-06-14,2025-06-14T20:20Z,Final,15,Atlanta Braves,27,Colorado Rockies,4,1
2025-06-14,2025-06-14T23:15Z,Final,2,Boston Red Sox,10,New York Yankees,4,3
2025-06-14,2025-06-14T23:15Z,Final,29,Arizona Diamondbacks,25,San Diego Padres,8,7
2025-06-14,2025-06-15T01:40Z,Final,12,Seattle Mariners,5,Cleveland Guardians,4,3
2025-06-14,2025-06-15T02:10Z,Final,19,Los Angeles Dodgers,26,San Francisco Giants,11,5
2025-06-15,2025-06-15T16:05Z,Final,6,Detroit Tigers,17,Cincinnati Reds,4,8
2025-06-15,2025-06-15T17:35Z,Final,1,Baltimore Orioles,3,Los Angeles Angels,11,2
2025-06-15,2025-06-15T17:35Z,Final,15,Atlanta Braves,27,Colorado Rockies,1,10
2025-06-15,2025-06-15T17:35Z,Final,20,Washington Nationals,28,Miami Marlins,1,3
2025-06-15,2025-06-15T17:35Z,Final,2,Boston Red Sox,10,New York Yankees,2,0
2025-06-15,2025-06-15T17:35Z,Final,22,Philadelphia Phillies,14,Toronto Blue Jays,11,4
2025-06-15,2025-06-15T17:40Z,Final,21,New York Mets,30,Tampa Bay Rays,0,9
2025-06-15,2025-06-15T18:10Z,Final,18,Houston Astros,9,Minnesota Twins,2,1
2025-06-15,2025-06-15T18:10Z,Final,7,Kansas City Royals,11,Athletics,2,3
2025-06-15,2025-06-15T18:10Z,Final,8,Milwaukee Brewers,24,St. Louis Cardinals,3,2
2025-06-15,2025-06-15T18:20Z,Final,16,Chicago Cubs,23,Pittsburgh Pirates,3,2
2025-06-15,2025-06-15T18:35Z,Final,13,Texas Rangers,4,Chicago White Sox,2,1
2025-06-15,2025-06-15T20:10Z,Final,12,Seattle Mariners,5,Cleveland Guardians,6,0
2025-06-15,2025-06-15T20:10Z,Final,29,Arizona Diamondbacks,25,San Diego Padres,2,8
2025-06-15,2025-06-15T23:00Z,Final,19,Los Angeles Dodgers,26,San Francisco Giants,5,4
2025-06-16,2025-06-16T22:40Z,Final,28,Miami Marlins,22,Philadelphia Phillies,2,5
2025-06-16,2025-06-16T22:45Z,Final,20,Washington Nationals,27,Colorado Rockies,4,6
2025-06-16,2025-06-16T23:05Z,Final,10,New York Yankees,3,Los Angeles Angels,0,1
2025-06-16,2025-06-16T23:35Z,Final,30,Tampa Bay Rays,1,Baltimore Orioles,7,1
2025-06-16,2025-06-17T01:40Z,Final,12,Seattle Mariners,2,Boston Red Sox,0,2
2025-06-16,2025-06-17T02:05Z,Final,11,Athletics,18,Houston Astros,3,1
2025-06-16,2025-06-17T02:10Z,Final,19,Los Angeles Dodgers,25,San Diego Padres,6,3
2025-06-17,2025-06-17T22:10Z,Final,28,Miami Marlins,22,Philadelphia Phillies,8,3
2025-06-17,2025-06-17T22:40Z,Final,6,Detroit Tigers,23,Pittsburgh Pirates,7,3
2025-06-17,2025-06-17T22:45Z,Final,20,Washington Nationals,27,Colorado Rockies,6,10
2025-06-17,2025-06-17T23:05Z,Final,10,New York Yankees,3,Los Angeles Angels,0,4
2025-06-17,2025-06-17T23:07Z,Final,14,Toronto Blue Jays,29,Arizona Diamondbacks,5,4
2025-06-17,2025-06-17T23:10Z,Final,17,Cincinnati Reds,9,Minnesota Twins,6,5
2025-06-17,2025-06-17T23:15Z,Final,15,Atlanta Braves,21,New York Mets,5,4
2025-06-17,2025-06-17T23:35Z,Final,30,Tampa Bay Rays,1,Baltimore Orioles,1,5
2025-06-17,2025-06-17T23:40Z,Final,4,Chicago White Sox,24,St. Louis Cardinals,2,12
2025-06-17,2025-06-18T00:05Z,Final,13,Texas Rangers,7,Kansas City Royals,1,6
2025-06-17,2025-06-18T00:05Z,Final,16,Chicago Cubs,8,Milwaukee Brewers,5,3
2025-06-17,2025-06-18T01:40Z,Final,12,Seattle Mariners,2,Boston Red Sox,8,0
2025-06-17,2025-06-18T01:45Z,Final,26,San Francisco Giants,5,Cleveland Guardians,2,3
2025-06-17,2025-06-18T02:05Z,Final,11,Athletics,18,Houston Astros,3,13
2025-06-17,2025-06-18T02:10Z,Final,19,Los Angeles Dodgers,25,San Diego Padres,8,6
2025-06-18,2025-06-18T20:10Z,Final,12,Seattle Mariners,2,Boston Red Sox,1,3
2025-06-18,2025-06-18T22:40Z,Final,28,Miami Marlins,22,Philadelphia Phillies,2,4
2025-06-18,2025-06-18T22:45Z,Final,20,Washington Nationals,27,Colorado Rockies,1,3
2025-06-18,2025-06-18T23:05Z,Final,10,New York Yankees,3,Los Angeles Angels,2,3
2025-06-18,2025-06-18T23:07Z,Final,14,Toronto Blue Jays,29,Arizona Diamondbacks,8,1
2025-06-18,2025-06-18T23:10Z,Final,17,Cincinnati Reds,9,Minnesota Twins,4,2
2025-06-18,2025-06-18T23:15Z,Final,15,Atlanta Braves,21,New York Mets,5,0
2025-06-18,2025-06-18T23:35Z,Final,30,Tampa Bay Rays,1,Baltimore Orioles,12,8
2025-06-18,2025-06-19T00:05Z,Final,13,Texas Rangers,7,Kansas City Royals,3,6
2025-06-18,2025-06-19T01:45Z,Final,26,San Francisco Giants,5,Cleveland Guardians,2,4
2025-06-18,2025-06-19T02:05Z,Final,11,Athletics,18,Houston Astros,4,11
2025-06-18,2025-06-19T02:10Z,Final,19,Los Angeles Dodgers,25,San Diego Padres,4,3
2025-06-19,2025-06-19T16:40Z,Final,17,Cincinnati Reds,9,Minnesota Twins,5,12
2025-06-19,2025-06-19T17:05Z,Final,10,New York Yankees,3,Los Angeles Angels,7,3
2025-06-19,2025-06-19T17:05Z,Final,20,Washington Nationals,27,Colorado Rockies,4,3
2025-06-19,2025-06-19T17:10Z,Final,6,Detroit Tigers,23,Pittsburgh Pirates,9,2
2025-06-19,2025-06-19T18:10Z,Final,4,Chicago White Sox,24,St. Louis Cardinals,4,5
2025-06-19,2025-06-19T18:20Z,Final,16,Chicago Cubs,8,Milwaukee Brewers,7,8
2025-06-19,2025-06-19T18:35Z,Final,13,Texas Rangers,7,Kansas City Royals,1,4
2025-06-19,2025-06-19T19:07Z,Final,14,Toronto Blue Jays,29,Arizona Diamondbacks,5,9
2025-06-19,2025-06-19T20:05Z,Final,26,San Francisco Giants,5,Cleveland Guardians,2,1
2025-06-19,2025-06-19T21:45Z,Final,4,Chicago White Sox,24,St. Louis Cardinals,6,8
2025-06-19,2025-06-19T22:10Z,Final,6,Detroit Tigers,23,Pittsburgh Pirates,4,8
2025-06-19,2025-06-19T22:40Z,Final,28,Miami Marlins,22,Philadelphia Phillies,1,2
2025-06-19,2025-06-19T23:15Z,Final,15,Atlanta Braves,21,New York Mets,7,1
2025-06-19,2025-06-19T23:45Z,Final,30,Tampa Bay Rays,1,Baltimore Orioles,1,4
2025-06-19,2025-06-20T02:05Z,Final,11,Athletics,18,Houston Astros,6,4
2025-06-19,2025-06-20T02:10Z,Final,19,Los Angeles Dodgers,25,San Diego Padres,3,5
2025-06-20,2025-06-20T18:20Z,Final,16,Chicago Cubs,12,Seattle Mariners,4,9
2025-06-20,2025-06-20T22:40Z,Final,23,Pittsburgh Pirates,13,Texas Rangers,2,6
2025-06-20,2025-06-20T23:05Z,Final,10,New York Yankees,1,Baltimore Orioles,3,5
2025-06-20,2025-06-20T23:05Z,Final,30,Tampa Bay Rays,6,Detroit Tigers,14,8
2025-06-20,2025-06-20T23:07Z,Final,14,Toronto Blue Jays,4,Chicago White Sox,1,7
2025-06-20,2025-06-20T23:10Z,Final,28,Miami Marlins,15,Atlanta Braves,6,2
2025-06-20,2025-06-20T23:15Z,Final,22,Philadelphia Phillies,21,New York Mets,10,2
2025-06-20,2025-06-20T23:15Z,Final,24,St. Louis Cardinals,17,Cincinnati Reds,6,1
2025-06-20,2025-06-21T00:10Z,Final,9,Minnesota Twins,8,Milwaukee Brewers,6,17
2025-06-20,2025-06-21T00:40Z,Final,27,Colorado Rockies,29,Arizona Diamondbacks,8,14
2025-06-20,2025-06-21T01:38Z,Final,3,Los Angeles Angels,18,Houston Astros,2,3
2025-06-20,2025-06-21T01:40Z,Final,25,San Diego Padres,7,Kansas City Royals,5,6
2025-06-20,2025-06-21T02:05Z,Final,11,Athletics,5,Cleveland Guardians,5,1
2025-06-20,2025-06-21T02:10Z,Final,19,Los Angeles Dodgers,20,Washington Nationals,6,5
2025-06-20,2025-06-21T02:15Z,Final,26,San Francisco Giants,2,Boston Red Sox,5,7
2025-06-21,2025-06-21T16:10Z,Final,30,Tampa Bay Rays,6,Detroit Tigers,8,3
2025-06-21,2025-06-21T17:05Z,Final,10,New York Yankees,1,Baltimore Orioles,9,0
2025-06-21,2025-06-21T18:10Z,Final,9,Minnesota Twins,8,Milwaukee Brewers,0,9
2025-06-21,2025-06-21T18:15Z,Final,24,St. Louis Cardinals,17,Cincinnati Reds,6,5
2025-06-21,2025-06-21T18:20Z,Final,16,Chicago Cubs,12,Seattle Mariners,10,7
2025-06-21,2025-06-21T19:07Z,Final,14,Toronto Blue Jays,4,Chicago White Sox,7,1
2025-06-21,2025-06-21T20:05Z,Final,23,Pittsburgh Pirates,13,Texas Rangers,2,3
2025-06-21,2025-06-21T20:05Z,Final,26,San Francisco Giants,2,Boston Red Sox,3,2
2025-06-21,2025-06-21T20:10Z,Final,28,Miami Marlins,15,Atlanta Braves,0,7
2025-06-21,2025-06-21T23:15Z,Final,22,Philadelphia Phillies,21,New York Mets,4,11
2025-06-21,2025-06-21T23:15Z,Final,25,San Diego Padres,7,Kansas City Royals,5,1
2025-06-21,2025-06-22T01:10Z,Final,27,Colorado Rockies,29,Arizona Diamondbacks,3,5
2025-06-21,2025-06-22T01:38Z,Final,3,Los Angeles Angels,18,Houston Astros,9,1
2025-06-21,2025-06-22T02:05Z,Final,11,Athletics,5,Cleveland Guardians,2,4
2025-06-21,2025-06-22T02:10Z,Final,19,Los Angeles Dodgers,20,Washington Nationals,3,7
2025-06-22,2025-06-22T15:35Z,Final,10,New York Yankees,1,Baltimore Orioles,4,2
2025-06-22,2025-06-22T16:10Z,Final,30,Tampa Bay Rays,6,Detroit Tigers,3,9
2025-06-22,2025-06-22T17:35Z,Final,23,Pittsburgh Pirates,13,Texas Rangers,8,3
2025-06-22,2025-06-22T17:37Z,Final,14,Toronto Blue Jays,4,Chicago White Sox,2,4
2025-06-22,2025-06-22T17:40Z,Final,28,Miami Marlins,15,Atlanta Braves,5,3
2025-06-22,2025-06-22T18:10Z,Final,9,Minnesota Twins,8,Milwaukee Brewers,8,9
2025-06-22,2025-06-22T18:15Z,Final,24,St. Louis Cardinals,17,Cincinnati Reds,1,4
2025-06-22,2025-06-22T18:20Z,Final,16,Chicago Cubs,12,Seattle Mariners,6,14
2025-06-22,2025-06-22T19:10Z,Final,27,Colorado Rockies,29,Arizona Diamondbacks,4,2
2025-06-22,2025-06-22T20:05Z,Final,26,San Francisco Giants,2,Boston Red Sox,9,5
2025-06-22,2025-06-22T20:05Z,Final,11,Athletics,5,Cleveland Guardians,0,3
2025-06-22,2025-06-22T20:07Z,Final,3,Los Angeles Angels,18,Houston Astros,7,8
2025-06-22,2025-06-22T20:10Z,Final,25,San Diego Padres,7,Kansas City Royals,3,2
2025-06-22,2025-06-22T20:10Z,Final,19,Los Angeles Dodgers,20,Washington Nationals,13,7
2025-06-22,2025-06-22T23:00Z,Final,22,Philadelphia Phillies,21,New York Mets,7,1
2025-06-23,2025-06-23T22:35Z,Final,1,Baltimore Orioles,13,Texas Rangers,6,0
2025-06-23,2025-06-23T23:10Z,Final,21,New York Mets,15,Atlanta Braves,2,3
2025-06-23,2025-06-23T23:10Z,Final,17,Cincinnati Reds,10,New York Yankees,6,1
2025-06-23,2025-06-23T23:40Z,Final,4,Chicago White Sox,29,Arizona Diamondbacks,0,10
2025-06-23,2025-06-23T23:40Z,Final,8,Milwaukee Brewers,23,Pittsburgh Pirates,4,5
2025-06-23,2025-06-23T23:40Z,Final,9,Minnesota Twins,12,Seattle Mariners,2,11
2025-06-23,2025-06-23T23:45Z,Final,24,St. Louis Cardinals,16,Chicago Cubs,8,2
2025-06-23,2025-06-24T01:38Z,Final,3,Los Angeles Angels,2,Boston Red Sox,9,5
2025-06-23,2025-06-24T01:40Z,Final,25,San Diego Padres,20,Washington Nationals,6,10
2025-06-24,2025-06-24T22:35Z,Final,1,Baltimore Orioles,13,Texas Rangers,5,6
2025-06-24,2025-06-24T22:40Z,Final,6,Detroit Tigers,11,Athletics,11,4
2025-06-24,2025-06-24T22:40Z,Final,5,Cleveland Guardians,14,Toronto Blue Jays,6,10
2025-06-24,2025-06-24T23:10Z,Final,21,New York Mets,15,Atlanta Braves,4,7
2025-06-24,2025-06-24T23:10Z,Final,17,Cincinnati Reds,10,New York Yankees,5,4
2025-06-24,2025-06-24T23:40Z,Final,4,Chicago White Sox,29,Arizona Diamondbacks,1,4
2025-06-24,2025-06-24T23:40Z,Final,8,Milwaukee Brewers,23,Pittsburgh Pirates,9,3
2025-06-24,2025-06-24T23:40Z,Final,9,Minnesota Twins,12,Seattle Mariners,5,6
2025-06-24,2025-06-24T23:40Z,Final,7,Kansas City Royals,30,Tampa Bay Rays,1,5
2025-06-24,2025-06-24T23:45Z,Final,24,St. Louis Cardinals,16,Chicago Cubs,8,7
2025-06-24,2025-06-25T00:10Z,Final,18,Houston Astros,22,Philadelphia Phillies,1,0
2025-06-24,2025-06-25T00:40Z,Final,27,Colorado Rockies,19,Los Angeles Dodgers,7,9
2025-06-24,2025-06-25T01:38Z,Final,3,Los Angeles Angels,2,Boston Red Sox,3,2
2025-06-24,2025-06-25T01:40Z,Final,25,San Diego Padres,20,Washington Nationals,4,3
2025-06-24,2025-06-25T01:45Z,Final,26,San Francisco Giants,28,Miami Marlins,2,4
2025-06-25,2025-06-25T18:10Z,Final,4,Chicago White Sox,29,Arizona Diamondbacks,7,3
2025-06-25,2025-06-25T18:10Z,Final,8,Milwaukee Brewers,23,Pittsburgh Pirates,4,2
2025-06-25,2025-06-25T20:07Z,Final,3,Los Angeles Angels,2,Boston Red Sox,5,2
2025-06-25,2025-06-25T20:10Z,Final,25,San Diego Padres,20,Washington Nationals,1,0
2025-06-25,2025-06-25T22:35Z,Final,1,Baltimore Orioles,13,Texas Rangers,0,7
2025-06-25,2025-06-25T22:40Z,Final,6,Detroit Tigers,11,Athletics,0,3
2025-06-25,2025-06-25T22:40Z,Final,5,Cleveland Guardians,14,Toronto Blue Jays,5,4
2025-06-25,2025-06-25T23:10Z,Final,21,New York Mets,15,Atlanta Braves,7,3
2025-06-25,2025-06-25T23:10Z,Final,17,Cincinnati Reds,10,New York Yankees,1,7
2025-06-25,2025-06-25T23:40Z,Final,9,Minnesota Twins,12,Seattle Mariners,2,0
2025-06-25,2025-06-25T23:40Z,Final,7,Kansas City Royals,30,Tampa Bay Rays,0,3
2025-06-25,2025-06-25T23:45Z,Final,24,St. Louis Cardinals,16,Chicago Cubs,0,8
2025-06-25,2025-06-26T00:10Z,Final,18,Houston Astros,22,Philadelphia Phillies,2,0
2025-06-25,2025-06-26T00:40Z,Final,27,Colorado Rockies,19,Los Angeles Dodgers,1,8
2025-06-25,2025-06-26T01:45Z,Final,26,San Francisco Giants,28,Miami Marlins,5,8
2025-06-26,2025-06-26T17:10Z,Final,6,Detroit Tigers,11,Athletics,8,0
2025-06-26,2025-06-26T17:10Z,Final,5,Cleveland Guardians,14,Toronto Blue Jays,0,6
2025-06-26,2025-06-26T17:10Z,Final,9,Minnesota Twins,12,Seattle Mariners,10,1
2025-06-26,2025-06-26T18:10Z,Final,18,Houston Astros,22,Philadelphia Phillies,2,1
2025-06-26,2025-06-26T18:10Z,Final,7,Kansas City Royals,30,Tampa Bay Rays,0,4
2025-06-26,2025-06-26T18:15Z,Final,24,St. Louis Cardinals,16,Chicago Cubs,0,3
2025-06-26,2025-06-26T19:10Z,Final,27,Colorado Rockies,19,Los Angeles Dodgers,1,3
2025-06-26,2025-06-26T19:45Z,Final,26,San Francisco Giants,28,Miami Marlins,5,12
2025-06-26,2025-06-26T23:10Z,Final,21,New York Mets,15,Atlanta Braves,4,0
2025-06-27,2025-06-27T22:40Z,Final,23,Pittsburgh Pirates,21,New York Mets,9,1
2025-06-27,2025-06-27T23:05Z,Final,10,New York Yankees,11,Athletics,3,0
2025-06-27,2025-06-27T23:05Z,Final,1,Baltimore Orioles,30,Tampa Bay Rays,22,8
2025-06-27,2025-06-27T23:10Z,Final,6,Detroit Tigers,9,Minnesota Twins,1,4
2025-06-27,2025-06-27T23:10Z,Final,17,Cincinnati Reds,25,San Diego Padres,8,1
2025-06-27,2025-06-27T23:10Z,Final,5,Cleveland Guardians,24,St. Louis Cardinals,0,5
2025-06-27,2025-06-27T23:10Z,Final,2,Boston Red Sox,14,Toronto Blue Jays,0,9
2025-06-27,2025-06-27T23:15Z,Final,15,Atlanta Braves,22,Philadelphia Phillies,0,13
2025-06-27,2025-06-27T23:40Z,Final,4,Chicago White Sox,26,San Francisco Giants,1,3
2025-06-27,2025-06-28T00:05Z,Final,13,Texas Rangers,12,Seattle Mariners,6,7
2025-06-27,2025-06-28T00:10Z,Final,18,Houston Astros,16,Chicago Cubs,7,4
2025-06-27,2025-06-28T00:10Z,Final,8,Milwaukee Brewers,27,Colorado Rockies,10,6
2025-06-27,2025-06-28T00:10Z,Final,7,Kansas City Royals,19,Los Angeles Dodgers,4,5
2025-06-27,2025-06-28T01:38Z,Final,3,Los Angeles Angels,20,Washington Nationals,9,15
2025-06-27,2025-06-28T01:40Z,Final,29,Arizona Diamondbacks,28,Miami Marlins,8,9
2025-06-28,2025-06-28T17:05Z,Final,10,New York Yankees,11,Athletics,0,7
2025-06-28,2025-06-28T17:10Z,Final,6,Detroit Tigers,9,Minnesota Twins,10,5
2025-06-28,2025-06-28T20:05Z,Final,23,Pittsburgh Pirates,21,New York Mets,9,2
2025-06-28,2025-06-28T20:05Z,Final,1,Baltimore Orioles,30,Tampa Bay Rays,3,11
2025-06-28,2025-06-28T20:05Z,Final,13,Texas Rangers,12,Seattle Mariners,3,2
2025-06-28,2025-06-28T20:10Z,Final,17,Cincinnati Reds,25,San Diego Padres,4,6
2025-06-28,2025-06-28T20:10Z,Final,5,Cleveland Guardians,24,St. Louis Cardinals,6,9
2025-06-28,2025-06-28T20:10Z,Final,2,Boston Red Sox,14,Toronto Blue Jays,15,1
2025-06-28,2025-06-28T20:10Z,Final,8,Milwaukee Brewers,27,Colorado Rockies,5,0
2025-06-28,2025-06-28T20:10Z,Final,7,Kansas City Royals,19,Los Angeles Dodgers,9,5
2025-06-28,2025-06-28T20:10Z,Final,4,Chicago White Sox,26,San Francisco Giants,1,0
2025-06-28,2025-06-28T20:10Z,Final,29,Arizona Diamondbacks,28,Miami Marlins,7,8
2025-06-28,2025-06-28T23:15Z,Final,15,Atlanta Braves,22,Philadelphia Phillies,6,1
2025-06-28,2025-06-28T23:15Z,Final,18,Houston Astros,16,Chicago Cubs,3,12
2025-06-28,2025-06-29T01:38Z,Final,3,Los Angeles Angels,20,Washington Nationals,8,2
2025-06-29,2025-06-29T16:05Z,Final,5,Cleveland Guardians,24,St. Louis Cardinals,0,7
2025-06-29,2025-06-29T17:35Z,Final,23,Pittsburgh Pirates,21,New York Mets,12,1
2025-06-29,2025-06-29T17:35Z,Final,10,New York Yankees,11,Athletics,12,5
2025-06-29,2025-06-29T17:35Z,Final,15,Atlanta Braves,22,Philadelphia Phillies,1,2
2025-06-29,2025-06-29T17:35Z,Final,1,Baltimore Orioles,30,Tampa Bay Rays,5,1
2025-06-29,2025-06-29T17:35Z,Final,2,Boston Red Sox,14,Toronto Blue Jays,3,5
2025-06-29,2025-06-29T17:40Z,Final,17,Cincinnati Reds,25,San Diego Padres,3,2
2025-06-29,2025-06-29T18:10Z,Final,18,Houston Astros,16,Chicago Cubs,2,0
2025-06-29,2025-06-29T18:10Z,Final,8,Milwaukee Brewers,27,Colorado Rockies,3,4
2025-06-29,2025-06-29T18:10Z,Final,7,Kansas City Royals,19,Los Angeles Dodgers,1,5
2025-06-29,2025-06-29T18:10Z,Final,4,Chicago White Sox,26,San Francisco Giants,5,2
2025-06-29,2025-06-29T18:35Z,Final,13,Texas Rangers,12,Seattle Mariners,4,6
2025-06-29,2025-06-29T20:07Z,Final,3,Los Angeles Angels,20,Washington Nationals,4,7
2025-06-29,2025-06-29T20:10Z,Final,29,Arizona Diamondbacks,28,Miami Marlins,4,6
2025-06-29,2025-06-29T23:00Z,Final,6,Detroit Tigers,9,Minnesota Twins,3,0
2025-06-30,2025-06-30T22:35Z,Final,22,Philadelphia Phillies,25,San Diego Padres,4,0
2025-06-30,2025-06-30T22:40Z,Final,23,Pittsburgh Pirates,24,St. Louis Cardinals,7,0
2025-06-30,2025-06-30T23:07Z,Final,14,Toronto Blue Jays,10,New York Yankees,5,4
2025-06-30,2025-06-30T23:10Z,Final,2,Boston Red Sox,17,Cincinnati Reds,13,6
2025-06-30,2025-06-30T23:35Z,Final,30,Tampa Bay Rays,11,Athletics,4,6
2025-06-30,2025-07-01T00:05Z,Final,13,Texas Rangers,1,Baltimore Orioles,6,10
2025-06-30,2025-07-01T01:40Z,Final,12,Seattle Mariners,7,Kansas City Royals,6,2
2025-06-30,2025-07-01T01:40Z,Final,29,Arizona Diamondbacks,26,San Francisco Giants,4,2
2025-07-01,2025-07-01T19:07Z,Final,14,Toronto Blue Jays,10,New York Yankees,12,5
2025-07-01,2025-07-01T22:40Z,Final,28,Miami Marlins,9,Minnesota Twins,2,0
2025-07-01,2025-07-01T22:40Z,Final,23,Pittsburgh Pirates,24,St. Louis Cardinals,1,0
2025-07-01,2025-07-01T23:05Z,Final,30,Tampa Bay Rays,11,Athletics,3,4
2025-07-01,2025-07-01T23:10Z,Final,2,Boston Red Sox,17,Cincinnati Reds,5,3
2025-07-01,2025-07-01T23:15Z,Final,15,Atlanta Braves,3,Los Angeles Angels,0,4
2025-07-01,2025-07-02T00:05Z,Final,13,Texas Rangers,1,Baltimore Orioles,10,2
2025-07-01,2025-07-02T00:05Z,Final,16,Chicago Cubs,5,Cleveland Guardians,5,2
2025-07-01,2025-07-02T00:40Z,Final,27,Colorado Rockies,18,Houston Astros,5,6
2025-07-01,2025-07-02T01:40Z,Final,12,Seattle Mariners,7,Kansas City Royals,3,6
2025-07-01,2025-07-02T01:40Z,Final,29,Arizona Diamondbacks,26,San Francisco Giants,8,2
2025-07-01,2025-07-02T02:10Z,Final,19,Los Angeles Dodgers,4,Chicago White Sox,6,1
2025-07-02,2025-07-02T16:10Z,Final,30,Tampa Bay Rays,11,Athletics,6,5
2025-07-02,2025-07-02T16:35Z,Final,23,Pittsburgh Pirates,24,St. Louis Cardinals,5,0
2025-07-02,2025-07-02T17:05Z,Final,22,Philadelphia Phillies,25,San Diego Padres,4,6
2025-07-02,2025-07-02T17:05Z,Final,20,Washington Nationals,6,Detroit Tigers,2,11
2025-07-02,2025-07-02T17:10Z,Final,21,New York Mets,8,Milwaukee Brewers,2,7
2025-07-02,2025-07-02T22:15Z,Final,22,Philadelphia Phillies,25,San Diego Padres,5,1
2025-07-02,2025-07-02T22:40Z,Final,28,Miami Marlins,9,Minnesota Twins,1,2
2025-07-02,2025-07-02T22:45Z,Final,20,Washington Nationals,6,Detroit Tigers,9,4
2025-07-02,2025-07-02T23:07Z,Final,14,Toronto Blue Jays,10,New York Yankees,11,9
2025-07-02,2025-07-02T23:10Z,Final,2,Boston Red Sox,17,Cincinnati Reds,4,8
2025-07-02,2025-07-02T23:10Z,Final,21,New York Mets,8,Milwaukee Brewers,7,3
2025-07-02,2025-07-02T23:15Z,Final,15,Atlanta Braves,3,Los Angeles Angels,8,3
2025-07-02,2025-07-03T00:00Z,Final,16,Chicago Cubs,5,Cleveland Guardians,5,4
2025-07-02,2025-07-03T00:05Z,Final,13,Texas Rangers,1,Baltimore Orioles,6,0
2025-07-02,2025-07-03T00:40Z,Final,27,Colorado Rockies,18,Houston Astros,3,5
2025-07-02,2025-07-03T01:40Z,Final,12,Seattle Mariners,7,Kansas City Royals,3,2
2025-07-02,2025-07-03T01:40Z,Final,29,Arizona Diamondbacks,26,San Francisco Giants,5,6
2025-07-02,2025-07-03T02:10Z,Final,19,Los Angeles Dodgers,4,Chicago White Sox,5,4
2025-07-03,2025-07-03T16:10Z,Final,28,Miami Marlins,9,Minnesota Twins,4,1
2025-07-03,2025-07-03T19:10Z,Final,27,Colorado Rockies,18,Houston Astros,7,6
2025-07-03,2025-07-03T22:45Z,Final,20,Washington Nationals,6,Detroit Tigers,11,7
2025-07-03,2025-07-03T23:07Z,Final,14,Toronto Blue Jays,10,New York Yankees,8,5
2025-07-03,2025-07-03T23:10Z,Final,21,New York Mets,8,Milwaukee Brewers,3,2
2025-07-03,2025-07-03T23:15Z,Final,15,Atlanta Braves,3,Los Angeles Angels,1,5
2025-07-03,2025-07-04T00:05Z,Final,16,Chicago Cubs,5,Cleveland Guardians,1,0
2025-07-03,2025-07-04T01:40Z,Final,29,Arizona Diamondbacks,26,San Francisco Giants,2,7
2025-07-03,2025-07-04T02:10Z,Final,19,Los Angeles Dodgers,4,Chicago White Sox,6,2
2025-07-03,2025-07-04T02:10Z,Final,12,Seattle Mariners,7,Kansas City Royals,2,3
2025-07-04,2025-07-04T15:05Z,Final,20,Washington Nationals,2,Boston Red Sox,2,11
2025-07-04,2025-07-04T17:05Z,Final,22,Philadelphia Phillies,17,Cincinnati Reds,6,9
2025-07-04,2025-07-04T18:20Z,Final,16,Chicago Cubs,24,St. Louis Cardinals,11,3
2025-07-04,2025-07-04T19:10Z,Final,21,New York Mets,10,New York Yankees,6,5
2025-07-04,2025-07-04T20:10Z,Final,9,Minnesota Twins,30,Tampa Bay Rays,4,3
2025-07-04,2025-07-04T20:10Z,Final,12,Seattle Mariners,23,Pittsburgh Pirates,6,0
2025-07-04,2025-07-04T22:40Z,Final,25,San Diego Padres,13,Texas Rangers,3,2
2025-07-04,2025-07-04T23:07Z,Final,14,Toronto Blue Jays,3,Los Angeles Angels,4,3
2025-07-04,2025-07-04T23:10Z,Final,5,Cleveland Guardians,6,Detroit Tigers,1,2
2025-07-04,2025-07-04T23:10Z,Final,28,Miami Marlins,8,Milwaukee Brewers,5,6
2025-07-04,2025-07-04T23:15Z,Final,15,Atlanta Braves,1,Baltimore Orioles,2,3
2025-07-04,2025-07-05T00:10Z,Final,27,Colorado Rockies,4,Chicago White Sox,2,3
2025-07-04,2025-07-05T01:10Z,Final,19,Los Angeles Dodgers,18,Houston Astros,1,18
2025-07-04,2025-07-05T01:40Z,Final,29,Arizona Diamondbacks,7,Kansas City Royals,3,9
2025-07-04,2025-07-05T02:05Z,Final,11,Athletics,26,San Francisco Giants,11,2
2025-07-05,2025-07-05T18:10Z,Final,9,Minnesota Twins,30,Tampa Bay Rays,6,5
2025-07-05,2025-07-05T18:20Z,Final,16,Chicago Cubs,24,St. Louis Cardinals,6,8
2025-07-05,2025-07-05T19:07Z,Final,14,Toronto Blue Jays,3,Los Angeles Angels,4,3
2025-07-05,2025-07-05T20:05Z,Final,20,Washington Nationals,2,Boston Red Sox,3,10
2025-07-05,2025-07-05T20:05Z,Final,22,Philadelphia Phillies,17,Cincinnati Reds,5,1
2025-07-05,2025-07-05T20:10Z,Final,15,Atlanta Braves,1,Baltimore Orioles,6,9
2025-07-05,2025-07-05T20:10Z,Final,28,Miami Marlins,8,Milwaukee Brewers,4,2
2025-07-05,2025-07-05T20:10Z,Final,21,New York Mets,10,New York Yankees,12,6
2025-07-05,2025-07-05T20:10Z,Final,29,Arizona Diamondbacks,7,Kansas City Royals,7,1
2025-07-05,2025-07-05T23:15Z,Final,5,Cleveland Guardians,6,Detroit Tigers,0,1
2025-07-05,2025-07-05T23:15Z,Final,19,Los Angeles Dodgers,18,Houston Astros,4,6
2025-07-05,2025-07-06T01:10Z,Final,27,Colorado Rockies,4,Chicago White Sox,3,10
2025-07-05,2025-07-06T01:40Z,Final,25,San Diego Padres,13,Texas Rangers,4,7
2025-07-05,2025-07-06T02:05Z,Final,11,Athletics,26,San Francisco Giants,2,7
2025-07-05,2025-07-06T02:10Z,Final,12,Seattle Mariners,23,Pittsburgh Pirates,1,0
2025-07-06,2025-07-06T15:35Z,Final,15,Atlanta Braves,1,Baltimore Orioles,1,2
2025-07-06,2025-07-06T17:35Z,Final,20,Washington Nationals,2,Boston Red Sox,4,6
2025-07-06,2025-07-06T17:35Z,Final,22,Philadelphia Phillies,17,Cincinnati Reds,3,1
2025-07-06,2025-07-06T17:37Z,Final,14,Toronto Blue Jays,3,Los Angeles Angels,3,2
2025-07-06,2025-07-06T17:40Z,Final,5,Cleveland Guardians,6,Detroit Tigers,2,7
2025-07-06,2025-07-06T17:40Z,Final,28,Miami Marlins,8,Milwaukee Brewers,1,3
2025-07-06,2025-07-06T17:40Z,Final,21,New York Mets,10,New York Yankees,4,6
2025-07-06,2025-07-06T18:10Z,Final,9,Minnesota Twins,30,Tampa Bay Rays,5,7
2025-07-06,2025-07-06T19:10Z,Final,27,Colorado Rockies,4,Chicago White Sox,6,4
2025-07-06,2025-07-06T20:10Z,Final,19,Los Angeles Dodgers,18,Houston Astros,1,5
2025-07-06,2025-07-06T20:10Z,Final,29,Arizona Diamondbacks,7,Kansas City Royals,0,4
2025-07-06,2025-07-06T20:10Z,Final,12,Seattle Mariners,23,Pittsburgh Pirates,1,0
2025-07-06,2025-07-06T22:10Z,Final,16,Chicago Cubs,24,St. Louis Cardinals,11,0
2025-07-06,2025-07-07T01:10Z,Final,25,San Diego Padres,13,Texas Rangers,4,1
2025-07-06,2025-07-07T02:05Z,Final,11,Athletics,26,San Francisco Giants,2,6
2025-07-07,2025-07-07T22:40Z,Final,6,Detroit Tigers,30,Tampa Bay Rays,5,1
2025-07-07,2025-07-07T23:10Z,Final,2,Boston Red Sox,27,Colorado Rockies,9,3
2025-07-07,2025-07-07T23:10Z,Final,17,Cincinnati Reds,28,Miami Marlins,1,5
2025-07-07,2025-07-07T23:40Z,Final,8,Milwaukee Brewers,19,Los Angeles Dodgers,9,1
2025-07-07,2025-07-07T23:40Z,Final,7,Kansas City Royals,23,Pittsburgh Pirates,9,3
2025-07-07,2025-07-07T23:40Z,Final,4,Chicago White Sox,14,Toronto Blue Jays,4,8
2025-07-07,2025-07-08T00:10Z,Final,18,Houston Astros,5,Cleveland Guardians,5,7
2025-07-07,2025-07-08T01:38Z,Final,3,Los Angeles Angels,13,Texas Rangers,6,5
2025-07-07,2025-07-08T01:40Z,Final,25,San Diego Padres,29,Arizona Diamondbacks,3,6
2025-07-07,2025-07-08T01:45Z,Final,26,San Francisco Giants,22,Philadelphia Phillies,3,1
2025-07-08,2025-07-08T22:35Z,Final,1,Baltimore Orioles,21,New York Mets,6,7
2025-07-08,2025-07-08T22:40Z,Final,6,Detroit Tigers,30,Tampa Bay Rays,4,2
2025-07-08,2025-07-08T23:05Z,Final,10,New York Yankees,12,Seattle Mariners,10,3
2025-07-08,2025-07-08T23:10Z,Final,2,Boston Red Sox,27,Colorado Rockies,10,2
2025-07-08,2025-07-08T23:10Z,Final,17,Cincinnati Reds,28,Miami Marlins,2,12
2025-07-08,2025-07-08T23:40Z,Final,9,Minnesota Twins,16,Chicago Cubs,8,1
2025-07-08,2025-07-08T23:40Z,Final,8,Milwaukee Brewers,19,Los Angeles Dodgers,3,1
2025-07-08,2025-07-08T23:40Z,Final,7,Kansas City Royals,23,Pittsburgh Pirates,4,3
2025-07-08,2025-07-08T23:40Z,Final,4,Chicago White Sox,14,Toronto Blue Jays,1,6
2025-07-08,2025-07-08T23:45Z,Final,24,St. Louis Cardinals,20,Washington Nationals,4,2
2025-07-08,2025-07-09T00:10Z,Final,18,Houston Astros,5,Cleveland Guardians,6,10
2025-07-08,2025-07-09T01:38Z,Final,3,Los Angeles Angels,13,Texas Rangers,1,13
2025-07-08,2025-07-09T01:40Z,Final,25,San Diego Padres,29,Arizona Diamondbacks,1,0
2025-07-08,2025-07-09T01:45Z,Final,26,San Francisco Giants,22,Philadelphia Phillies,4,3
2025-07-08,2025-07-09T02:05Z,Final,11,Athletics,15,Atlanta Braves,10,1
2025-07-09,2025-07-09T18:10Z,Final,8,Milwaukee Brewers,19,Los Angeles Dodgers,3,2
2025-07-09,2025-07-09T18:10Z,Final,4,Chicago White Sox,14,Toronto Blue Jays,2,1
2025-07-09,2025-07-09T19:45Z,Final,26,San Francisco Giants,22,Philadelphia Phillies,0,13
2025-07-09,2025-07-09T21:10Z,Final,6,Detroit Tigers,30,Tampa Bay Rays,3,7
2025-07-09,2025-07-09T23:05Z,Final,10,New York Yankees,12,Seattle Mariners,9,6
2025-07-09,2025-07-09T23:10Z,Final,2,Boston Red Sox,27,Colorado Rockies,10,2
2025-07-09,2025-07-09T23:10Z,Final,17,Cincinnati Reds,28,Miami Marlins,7,2
2025-07-09,2025-07-09T23:40Z,Final,9,Minnesota Twins,16,Chicago Cubs,4,2
2025-07-09,2025-07-09T23:40Z,Final,7,Kansas City Royals,23,Pittsburgh Pirates,4,3
2025-07-09,2025-07-09T23:45Z,Final,24,St. Louis Cardinals,20,Washington Nationals,2,8
2025-07-09,2025-07-10T00:10Z,Final,18,Houston Astros,5,Cleveland Guardians,2,4
2025-07-09,2025-07-10T01:38Z,Final,3,Los Angeles Angels,13,Texas Rangers,11,8
2025-07-09,2025-07-10T01:40Z,Final,25,San Diego Padres,29,Arizona Diamondbacks,2,8
2025-07-09,2025-07-10T02:05Z,Final,11,Athletics,15,Atlanta Braves,2,9
2025-07-10,2025-07-10T16:05Z,Final,1,Baltimore Orioles,21,New York Mets,3,1
2025-07-10,2025-07-10T17:10Z,Final,9,Minnesota Twins,16,Chicago Cubs,1,8
2025-07-10,2025-07-10T21:05Z,Final,1,Baltimore Orioles,21,New York Mets,7,3
2025-07-10,2025-07-10T21:10Z,Final,17,Cincinnati Reds,28,Miami Marlins,6,0
2025-07-10,2025-07-10T23:05Z,Final,10,New York Yankees,12,Seattle Mariners,6,5
2025-07-10,2025-07-10T23:10Z,Final,2,Boston Red Sox,30,Tampa Bay Rays,4,3
2025-07-10,2025-07-10T23:45Z,Final,24,St. Louis Cardinals,20,Washington Nationals,8,1
2025-07-10,2025-07-11T01:05Z,Final,11,Athletics,15,Atlanta Braves,5,4
2025-07-10,2025-07-11T01:38Z,Final,3,Los Angeles Angels,13,Texas Rangers,4,11
2025-07-10,2025-07-11T01:40Z,Final,25,San Diego Padres,29,Arizona Diamondbacks,4,3
2025-07-11,2025-07-11T19:10Z,Final,4,Chicago White Sox,5,Cleveland Guardians,2,4
2025-07-11,2025-07-11T23:05Z,Final,10,New York Yankees,16,Chicago Cubs,11,0
2025-07-11,2025-07-11T23:05Z,Final,1,Baltimore Orioles,28,Miami Marlins,5,2
2025-07-11,2025-07-11T23:10Z,Final,17,Cincinnati Reds,27,Colorado Rockies,2,3
2025-07-11,2025-07-11T23:10Z,Final,6,Detroit Tigers,12,Seattle Mariners,3,12
2025-07-11,2025-07-11T23:10Z,Final,2,Boston Red Sox,30,Tampa Bay Rays,5,4
2025-07-11,2025-07-12T00:10Z,Final,4,Chicago White Sox,5,Cleveland Guardians,5,4
2025-07-11,2025-07-12T00:10Z,Final,7,Kansas City Royals,21,New York Mets,3,8
2025-07-11,2025-07-12T00:10Z,Final,9,Minnesota Twins,23,Pittsburgh Pirates,2,1
2025-07-11,2025-07-12T00:10Z,Final,18,Houston Astros,13,Texas Rangers,3,7
2025-07-11,2025-07-12T00:10Z,Final,8,Milwaukee Brewers,20,Washington Nationals,8,3
2025-07-11,2025-07-12T00:15Z,Final,24,St. Louis Cardinals,15,Atlanta Braves,5,6
2025-07-11,2025-07-12T01:38Z,Final,3,Los Angeles Angels,29,Arizona Diamondbacks,6,5
2025-07-11,2025-07-12T01:40Z,Final,25,San Diego Padres,22,Philadelphia Phillies,4,2
2025-07-11,2025-07-12T02:05Z,Final,11,Athletics,14,Toronto Blue Jays,6,7
2025-07-11,2025-07-12T02:15Z,Final,26,San Francisco Giants,19,Los Angeles Dodgers,8,7
2025-07-12,2025-07-12T17:05Z,Final,10,New York Yankees,16,Chicago Cubs,2,5
2025-07-12,2025-07-12T17:10Z,Final,6,Detroit Tigers,12,Seattle Mariners,7,15
2025-07-12,2025-07-12T18:10Z,Final,9,Minnesota Twins,23,Pittsburgh Pirates,12,4
2025-07-12,2025-07-12T18:15Z,Final,24,St. Louis Cardinals,15,Atlanta Braves,6,7
2025-07-12,2025-07-12T20:05Z,Final,1,Baltimore Orioles,28,Miami Marlins,0,6
2025-07-12,2025-07-12T20:05Z,Final,26,San Francisco Giants,19,Los Angeles Dodgers,1,2
2025-07-12,2025-07-12T20:10Z,Final,17,Cincinnati Reds,27,Colorado Rockies,4,3
2025-07-12,2025-07-12T20:10Z,Final,2,Boston Red Sox,30,Tampa Bay Rays,1,0
2025-07-12,2025-07-12T20:10Z,Final,4,Chicago White Sox,5,Cleveland Guardians,2,6
2025-07-12,2025-07-12T20:10Z,Final,7,Kansas City Royals,21,New York Mets,1,3
2025-07-12,2025-07-12T20:10Z,Final,8,Milwaukee Brewers,20,Washington Nationals,6,5
2025-07-12,2025-07-12T23:35Z,Final,18,Houston Astros,13,Texas Rangers,5,4
2025-07-12,2025-07-12T23:35Z,Final,25,San Diego Padres,22,Philadelphia Phillies,5,4
2025-07-12,2025-07-13T01:38Z,Final,3,Los Angeles Angels,29,Arizona Diamondbacks,10,5
2025-07-12,2025-07-13T02:05Z,Final,11,Athletics,14,Toronto Blue Jays,4,3
2025-07-13,2025-07-13T17:35Z,Final,10,New York Yankees,16,Chicago Cubs,1,4
2025-07-13,2025-07-13T17:35Z,Final,1,Baltimore Orioles,28,Miami Marlins,1,11
2025-07-13,2025-07-13T17:35Z,Final,2,Boston Red Sox,30,Tampa Bay Rays,4,1
2025-07-13,2025-07-13T17:40Z,Final,17,Cincinnati Reds,27,Colorado Rockies,4,2
2025-07-13,2025-07-13T17:40Z,Final,6,Detroit Tigers,12,Seattle Mariners,4,8
2025-07-13,2025-07-13T18:10Z,Final,4,Chicago White Sox,5,Cleveland Guardians,5,6
2025-07-13,2025-07-13T18:10Z,Final,7,Kansas City Royals,21,New York Mets,3,2
2025-07-13,2025-07-13T18:10Z,Final,9,Minnesota Twins,23,Pittsburgh Pirates,1,2
2025-07-13,2025-07-13T18:10Z,Final,18,Houston Astros,13,Texas Rangers,1,5
2025-07-13,2025-07-13T18:10Z,Final,8,Milwaukee Brewers,20,Washington Nationals,8,1
2025-07-13,2025-07-13T18:15Z,Final,24,St. Louis Cardinals,15,Atlanta Braves,5,4
2025-07-13,2025-07-13T20:05Z,Final,26,San Francisco Giants,19,Los Angeles Dodgers,2,5
2025-07-13,2025-07-13T20:05Z,Final,11,Athletics,14,Toronto Blue Jays,6,3
2025-07-13,2025-07-13T20:07Z,Final,3,Los Angeles Angels,29,Arizona Diamondbacks,1,5
2025-07-13,2025-07-13T20:10Z,Final,25,San Diego Padres,22,Philadelphia Phillies,1,2
2025-07-15,2025-07-16T00:00Z,Final,32,National All-Stars,31,American All-Stars,6,6
2025-07-18,2025-07-18T18:20Z,Final,16,Chicago Cubs,2,Boston Red Sox,4,1
2025-07-18,2025-07-18T22:40Z,Final,23,Pittsburgh Pirates,4,Chicago White Sox,1,10
2025-07-18,2025-07-18T22:45Z,Final,22,Philadelphia Phillies,3,Los Angeles Angels,5,6
2025-07-18,2025-07-18T22:45Z,Final,20,Washington Nationals,25,San Diego Padres,2,7
2025-07-18,2025-07-18T23:07Z,Final,14,Toronto Blue Jays,26,San Francisco Giants,4,0
2025-07-18,2025-07-18T23:10Z,Final,21,New York Mets,17,Cincinnati Reds,4,8
2025-07-18,2025-07-18T23:10Z,Final,28,Miami Marlins,7,Kansas City Royals,8,7
2025-07-18,2025-07-18T23:10Z,Final,5,Cleveland Guardians,11,Athletics,8,6
2025-07-18,2025-07-18T23:15Z,Final,15,Atlanta Braves,10,New York Yankees,7,3
2025-07-18,2025-07-18T23:35Z,Final,30,Tampa Bay Rays,1,Baltimore Orioles,11,1
2025-07-18,2025-07-19T00:05Z,Final,13,Texas Rangers,6,Detroit Tigers,2,0
2025-07-18,2025-07-19T00:40Z,Final,27,Colorado Rockies,9,Minnesota Twins,6,4
2025-07-18,2025-07-19T01:40Z,Final,29,Arizona Diamondbacks,24,St. Louis Cardinals,7,3
2025-07-18,2025-07-19T02:10Z,Final,12,Seattle Mariners,18,Houston Astros,6,1
2025-07-18,2025-07-19T02:10Z,Final,19,Los Angeles Dodgers,8,Milwaukee Brewers,0,2
2025-07-19,2025-07-19T19:07Z,Final,14,Toronto Blue Jays,26,San Francisco Giants,6,3
2025-07-19,2025-07-19T20:10Z,Final,21,New York Mets,17,Cincinnati Reds,2,5
2025-07-19,2025-07-19T20:10Z,Final,28,Miami Marlins,7,Kansas City Royals,3,1
2025-07-19,2025-07-19T22:05Z,Final,22,Philadelphia Phillies,3,Los Angeles Angels,9,5
2025-07-19,2025-07-19T22:40Z,Final,23,Pittsburgh Pirates,4,Chicago White Sox,4,10
2025-07-19,2025-07-19T22:45Z,Final,20,Washington Nationals,25,San Diego Padres,4,2
2025-07-19,2025-07-19T23:05Z,Final,30,Tampa Bay Rays,1,Baltimore Orioles,4,3
2025-07-19,2025-07-19T23:05Z,Final,13,Texas Rangers,6,Detroit Tigers,4,1
2025-07-19,2025-07-19T23:10Z,Final,5,Cleveland Guardians,11,Athletics,2,8
2025-07-19,2025-07-19T23:15Z,Final,15,Atlanta Braves,10,New York Yankees,9,12
2025-07-19,2025-07-19T23:15Z,Final,16,Chicago Cubs,2,Boston Red Sox,6,0
2025-07-19,2025-07-19T23:15Z,Final,29,Arizona Diamondbacks,24,St. Louis Cardinals,10,1
2025-07-19,2025-07-20T00:10Z,Final,27,Colorado Rockies,9,Minnesota Twins,10,6
2025-07-19,2025-07-20T01:10Z,Final,19,Los Angeles Dodgers,8,Milwaukee Brewers,7,8
2025-07-19,2025-07-20T01:40Z,Final,12,Seattle Mariners,18,Houston Astros,7,6
2025-07-20,2025-07-20T16:05Z,Final,14,Toronto Blue Jays,26,San Francisco Giants,8,6
2025-07-20,2025-07-20T16:10Z,Final,30,Tampa Bay Rays,1,Baltimore Orioles,3,5
2025-07-20,2025-07-20T17:35Z,Final,22,Philadelphia Phillies,3,Los Angeles Angels,2,8
2025-07-20,2025-07-20T17:35Z,Final,23,Pittsburgh Pirates,4,Chicago White Sox,2,7
2025-07-20,2025-07-20T17:35Z,Final,15,Atlanta Braves,10,New York Yankees,2,4
2025-07-20,2025-07-20T17:35Z,Final,20,Washington Nationals,25,San Diego Padres,1,8
2025-07-20,2025-07-20T17:40Z,Final,21,New York Mets,17,Cincinnati Reds,3,2
2025-07-20,2025-07-20T17:40Z,Final,28,Miami Marlins,7,Kansas City Royals,4,7
2025-07-20,2025-07-20T17:40Z,Final,5,Cleveland Guardians,11,Athletics,8,2
2025-07-20,2025-07-20T18:20Z,Final,16,Chicago Cubs,2,Boston Red Sox,1,6
2025-07-20,2025-07-20T19:10Z,Final,27,Colorado Rockies,9,Minnesota Twins,1,7
2025-07-20,2025-07-20T20:10Z,Final,12,Seattle Mariners,18,Houston Astros,3,11
2025-07-20,2025-07-20T20:10Z,Final,19,Los Angeles Dodgers,8,Milwaukee Brewers,5,6
2025-07-20,2025-07-20T20:10Z,Final,29,Arizona Diamondbacks,24,St. Louis Cardinals,5,3
2025-07-20,2025-07-20T23:00Z,Final,13,Texas Rangers,6,Detroit Tigers,1,2
2025-07-21,2025-07-21T22:40Z,Final,5,Cleveland Guardians,1,Baltimore Orioles,10,5
2025-07-21,2025-07-21T22:40Z,Final,23,Pittsburgh Pirates,6,Detroit Tigers,3,0
2025-07-21,2025-07-21T22:40Z,Final,28,Miami Marlins,25,San Diego Padres,1,2
2025-07-21,2025-07-21T22:45Z,Final,22,Philadelphia Phillies,2,Boston Red Sox,3,2
2025-07-21,2025-07-21T22:45Z,Final,20,Washington Nationals,17,Cincinnati Reds,10,8
2025-07-21,2025-07-21T23:07Z,Final,14,Toronto Blue Jays,10,New York Yankees,4,1
2025-07-21,2025-07-21T23:10Z,Final,21,New York Mets,3,Los Angeles Angels,7,5
2025-07-21,2025-07-21T23:15Z,Final,15,Atlanta Braves,26,San Francisco Giants,9,5
2025-07-21,2025-07-21T23:35Z,Final,30,Tampa Bay Rays,4,Chicago White Sox,3,8
2025-07-21,2025-07-22T00:05Z,Final,16,Chicago Cubs,7,Kansas City Royals,4,12
2025-07-21,2025-07-22T00:05Z,Final,13,Texas Rangers,11,Athletics,7,2
2025-07-21,2025-07-22T00:40Z,Final,27,Colorado Rockies,24,St. Louis Cardinals,2,6
2025-07-21,2025-07-22T01:40Z,Final,29,Arizona Diamondbacks,18,Houston Astros,3,6
2025-07-21,2025-07-22T01:40Z,Final,12,Seattle Mariners,8,Milwaukee Brewers,0,6
2025-07-21,2025-07-22T02:10Z,Final,19,Los Angeles Dodgers,9,Minnesota Twins,5,2
2025-07-22,2025-07-22T22:40Z,Final,5,Cleveland Guardians,1,Baltimore Orioles,6,3
2025-07-22,2025-07-22T22:40Z,Final,23,Pittsburgh Pirates,6,Detroit Tigers,8,5
2025-07-22,2025-07-22T22:40Z,Final,28,Miami Marlins,25,San Diego Padres,4,3
2025-07-22,2025-07-22T22:45Z,Final,22,Philadelphia Phillies,2,Boston Red Sox,4,1
2025-07-22,2025-07-22T22:45Z,Final,20,Washington Nationals,17,Cincinnati Reds,6,1
2025-07-22,2025-07-22T23:05Z,Final,30,Tampa Bay Rays,4,Chicago White Sox,4,3
2025-07-22,2025-07-22T23:07Z,Final,14,Toronto Blue Jays,10,New York Yankees,4,5
2025-07-22,2025-07-22T23:10Z,Final,21,New York Mets,3,Los Angeles Angels,3,2
2025-07-22,2025-07-22T23:15Z,Final,15,Atlanta Braves,26,San Francisco Giants,0,9
2025-07-22,2025-07-23T00:05Z,Final,16,Chicago Cubs,7,Kansas City Royals,6,0
2025-07-22,2025-07-23T00:05Z,Final,13,Texas Rangers,11,Athletics,6,2
2025-07-22,2025-07-23T00:40Z,Final,27,Colorado Rockies,24,St. Louis Cardinals,8,4
2025-07-22,2025-07-23T01:40Z,Final,29,Arizona Diamondbacks,18,Houston Astros,1,3
2025-07-22,2025-07-23T01:40Z,Final,12,Seattle Mariners,8,Milwaukee Brewers,1,0
2025-07-22,2025-07-23T02:10Z,Final,19,Los Angeles Dodgers,9,Minnesota Twins,7,10
2025-07-23,2025-07-23T16:05Z,Final,20,Washington Nationals,17,Cincinnati Reds,0,5
2025-07-23,2025-07-23T16:10Z,Final,28,Miami Marlins,25,San Diego Padres,3,2
2025-07-23,2025-07-23T16:15Z,Final,15,Atlanta Braves,26,San Francisco Giants,3,9
2025-07-23,2025-07-23T16:35Z,Final,23,Pittsburgh Pirates,6,Detroit Tigers,6,1
2025-07-23,2025-07-23T17:10Z,Final,21,New York Mets,3,Los Angeles Angels,6,3
2025-07-23,2025-07-23T18:20Z,Final,16,Chicago Cubs,7,Kansas City Royals,4,8
2025-07-23,2025-07-23T19:10Z,Final,27,Colorado Rockies,24,St. Louis Cardinals,6,0
2025-07-23,2025-07-23T19:40Z,Final,29,Arizona Diamondbacks,18,Houston Astros,3,4
2025-07-23,2025-07-23T19:40Z,Final,12,Seattle Mariners,8,Milwaukee Brewers,2,10
2025-07-23,2025-07-23T20:10Z,Final,19,Los Angeles Dodgers,9,Minnesota Twins,4,3
2025-07-23,2025-07-23T22:40Z,Final,5,Cleveland Guardians,1,Baltimore Orioles,3,2
2025-07-23,2025-07-23T23:00Z,Final,22,Philadelphia Phillies,2,Boston Red Sox,8,9
2025-07-23,2025-07-23T23:07Z,Final,14,Toronto Blue Jays,10,New York Yankees,8,4
2025-07-23,2025-07-23T23:35Z,Final,30,Tampa Bay Rays,4,Chicago White Sox,9,11
2025-07-23,2025-07-24T00:05Z,Final,13,Texas Rangers,11,Athletics,2,1
2025-07-24,2025-07-24T17:10Z,Final,5,Cleveland Guardians,1,Baltimore Orioles,3,4
2025-07-24,2025-07-24T22:40Z,Final,6,Detroit Tigers,14,Toronto Blue Jays,4,11
2025-07-24,2025-07-24T23:45Z,Final,24,St. Louis Cardinals,25,San Diego Padres,9,7
2025-07-24,2025-07-25T00:10Z,Final,18,Houston Astros,11,Athletics,2,5
2025-07-24,2025-07-25T01:38Z,Final,3,Los Angeles Angels,12,Seattle Mariners,2,4
2025-07-25,2025-07-25T20:10Z,Final,8,Milwaukee Brewers,28,Miami Marlins,1,5
2025-07-25,2025-07-25T22:40Z,Final,23,Pittsburgh Pirates,29,Arizona Diamondbacks,0,1
2025-07-25,2025-07-25T23:05Z,Final,1,Baltimore Orioles,27,Colorado Rockies,5,6
2025-07-25,2025-07-25T23:05Z,Final,10,New York Yankees,22,Philadelphia Phillies,5,12
2025-07-25,2025-07-25T23:10Z,Final,2,Boston Red Sox,19,Los Angeles Dodgers,2,5
2025-07-25,2025-07-25T23:10Z,Final,17,Cincinnati Reds,30,Tampa Bay Rays,7,2
2025-07-25,2025-07-25T23:10Z,Final,6,Detroit Tigers,14,Toronto Blue Jays,2,6
2025-07-25,2025-07-25T23:15Z,Final,24,St. Louis Cardinals,25,San Diego Padres,3,0
2025-07-25,2025-07-25T23:40Z,Final,4,Chicago White Sox,16,Chicago Cubs,12,5
2025-07-25,2025-07-26T00:05Z,Final,13,Texas Rangers,15,Atlanta Braves,8,3
2025-07-25,2025-07-26T00:10Z,Final,18,Houston Astros,11,Athletics,3,15
2025-07-25,2025-07-26T00:10Z,Final,9,Minnesota Twins,20,Washington Nationals,1,0
2025-07-25,2025-07-26T01:38Z,Final,3,Los Angeles Angels,12,Seattle Mariners,3,2
2025-07-25,2025-07-26T02:15Z,Final,26,San Francisco Giants,21,New York Mets,1,8
2025-07-26,2025-07-26T17:05Z,Final,10,New York Yankees,22,Philadelphia Phillies,4,9
2025-07-26,2025-07-26T18:40Z,Final,7,Kansas City Royals,5,Cleveland Guardians,5,3
2025-07-26,2025-07-26T22:10Z,Final,6,Detroit Tigers,14,Toronto Blue Jays,1,6
2025-07-26,2025-07-26T22:40Z,Final,23,Pittsburgh Pirates,29,Arizona Diamondbacks,2,0
2025-07-26,2025-07-26T22:40Z,Final,17,Cincinnati Reds,30,Tampa Bay Rays,6,2
2025-07-26,2025-07-26T23:05Z,Final,1,Baltimore Orioles,27,Colorado Rockies,18,0
2025-07-26,2025-07-26T23:05Z,Final,13,Texas Rangers,15,Atlanta Braves,6,5
2025-07-26,2025-07-26T23:10Z,Final,4,Chicago White Sox,16,Chicago Cubs,1,6
2025-07-26,2025-07-26T23:10Z,Final,8,Milwaukee Brewers,28,Miami Marlins,4,7
2025-07-26,2025-07-26T23:10Z,Final,18,Houston Astros,11,Athletics,1,5
2025-07-26,2025-07-26T23:10Z,Final,9,Minnesota Twins,20,Washington Nationals,3,9
2025-07-26,2025-07-26T23:15Z,Final,2,Boston Red Sox,19,Los Angeles Dodgers,4,2
2025-07-26,2025-07-26T23:15Z,Final,7,Kansas City Royals,5,Cleveland Guardians,4,6
2025-07-26,2025-07-26T23:15Z,Final,24,St. Louis Cardinals,25,San Diego Padres,1,3
2025-07-26,2025-07-27T01:05Z,Final,26,San Francisco Giants,21,New York Mets,1,2
2025-07-26,2025-07-27T01:38Z,Final,3,Los Angeles Angels,12,Seattle Mariners,2,7
2025-07-27,2025-07-27T17:35Z,Final,23,Pittsburgh Pirates,29,Arizona Diamondbacks,6,0
2025-07-27,2025-07-27T17:35Z,Final,1,Baltimore Orioles,27,Colorado Rockies,5,1
2025-07-27,2025-07-27T17:35Z,Final,2,Boston Red Sox,19,Los Angeles Dodgers,4,3
2025-07-27,2025-07-27T17:35Z,Final,10,New York Yankees,22,Philadelphia Phillies,4,3
2025-07-27,2025-07-27T17:40Z,Final,17,Cincinnati Reds,30,Tampa Bay Rays,2,1
2025-07-27,2025-07-27T17:40Z,Final,6,Detroit Tigers,14,Toronto Blue Jays,10,4
2025-07-27,2025-07-27T18:10Z,Final,4,Chicago White Sox,16,Chicago Cubs,4,5
2025-07-27,2025-07-27T18:10Z,Final,7,Kansas City Royals,5,Cleveland Guardians,4,1
2025-07-27,2025-07-27T18:10Z,Final,8,Milwaukee Brewers,28,Miami Marlins,3,2
2025-07-27,2025-07-27T18:10Z,Final,18,Houston Astros,11,Athletics,1,7
2025-07-27,2025-07-27T18:10Z,Final,9,Minnesota Twins,20,Washington Nationals,2,7
2025-07-27,2025-07-27T18:15Z,Final,24,St. Louis Cardinals,25,San Diego Padres,2,9
2025-07-27,2025-07-27T18:35Z,Final,13,Texas Rangers,15,Atlanta Braves,8,1
2025-07-27,2025-07-27T20:07Z,Final,3,Los Angeles Angels,12,Seattle Mariners,4,1
2025-07-27,2025-07-27T23:00Z,Final,26,San Francisco Giants,21,New York Mets,3,5
2025-07-28,2025-07-28T22:35Z,Final,1,Baltimore Orioles,14,Toronto Blue Jays,11,4
2025-07-28,2025-07-28T22:40Z,Final,6,Detroit Tigers,29,Arizona Diamondbacks,5,1
2025-07-28,2025-07-28T22:40Z,Final,5,Cleveland Guardians,27,Colorado Rockies,6,8
2025-07-28,2025-07-28T23:05Z,Final,10,New York Yankees,30,Tampa Bay Rays,2,4
2025-07-28,2025-07-28T23:10Z,Final,17,Cincinnati Reds,19,Los Angeles Dodgers,2,5
2025-07-28,2025-07-28T23:40Z,Final,7,Kansas City Royals,15,Atlanta Braves,7,10
2025-07-28,2025-07-28T23:40Z,Final,9,Minnesota Twins,2,Boston Red Sox,5,4
2025-07-28,2025-07-28T23:40Z,Final,8,Milwaukee Brewers,16,Chicago Cubs,8,4
2025-07-28,2025-07-28T23:40Z,Final,4,Chicago White Sox,22,Philadelphia Phillies,6,2
2025-07-28,2025-07-28T23:45Z,Final,24,St. Louis Cardinals,28,Miami Marlins,7,1
2025-07-28,2025-07-29T00:10Z,Final,18,Houston Astros,20,Washington Nationals,1,2
2025-07-28,2025-07-29T01:38Z,Final,3,Los Angeles Angels,13,Texas Rangers,6,4
2025-07-28,2025-07-29T01:40Z,Final,25,San Diego Padres,21,New York Mets,7,6
2025-07-28,2025-07-29T01:45Z,Final,26,San Francisco Giants,23,Pittsburgh Pirates,5,6
2025-07-28,2025-07-29T02:05Z,Final,11,Athletics,12,Seattle Mariners,1,3
2025-07-29,2025-07-29T16:35Z,Final,1,Baltimore Orioles,14,Toronto Blue Jays,16,4
2025-07-29,2025-07-29T22:35Z,Final,1,Baltimore Orioles,14,Toronto Blue Jays,3,2
2025-07-29,2025-07-29T22:40Z,Final,6,Detroit Tigers,29,Arizona Diamondbacks,12,2
2025-07-29,2025-07-29T22:40Z,Final,5,Cleveland Guardians,27,Colorado Rockies,10,4
2025-07-29,2025-07-29T23:05Z,Final,10,New York Yankees,30,Tampa Bay Rays,7,5
2025-07-29,2025-07-29T23:10Z,Final,17,Cincinnati Reds,19,Los Angeles Dodgers,4,5
2025-07-29,2025-07-29T23:40Z,Final,7,Kansas City Royals,15,Atlanta Braves,9,6
2025-07-29,2025-07-29T23:40Z,Final,9,Minnesota Twins,2,Boston Red Sox,5,8
2025-07-29,2025-07-29T23:40Z,Final,8,Milwaukee Brewers,16,Chicago Cubs,9,3
2025-07-29,2025-07-29T23:40Z,Final,4,Chicago White Sox,22,Philadelphia Phillies,3,6
2025-07-29,2025-07-29T23:45Z,Final,24,St. Louis Cardinals,28,Miami Marlins,0,5
2025-07-29,2025-07-30T00:10Z,Final,18,Houston Astros,20,Washington Nationals,7,4
2025-07-29,2025-07-30T01:38Z,Final,3,Los Angeles Angels,13,Texas Rangers,8,5
2025-07-29,2025-07-30T01:40Z,Final,25,San Diego Padres,21,New York Mets,7,1
2025-07-29,2025-07-30T01:45Z,Final,26,San Francisco Giants,23,Pittsburgh Pirates,1,3
2025-07-29,2025-07-30T02:05Z,Final,11,Athletics,12,Seattle Mariners,6,1
2025-07-30,2025-07-30T16:35Z,Final,1,Baltimore Orioles,14,Toronto Blue Jays,8,9
2025-07-30,2025-07-30T17:10Z,Final,6,Detroit Tigers,29,Arizona Diamondbacks,7,2
2025-07-30,2025-07-30T17:10Z,Final,9,Minnesota Twins,2,Boston Red Sox,1,13
2025-07-30,2025-07-30T18:10Z,Final,7,Kansas City Royals,15,Atlanta Braves,1,0
2025-07-30,2025-07-30T18:10Z,Final,8,Milwaukee Brewers,16,Chicago Cubs,3,10
2025-07-30,2025-07-30T18:10Z,Final,4,Chicago White Sox,22,Philadelphia Phillies,9,3
2025-07-30,2025-07-30T18:10Z,Final,18,Houston Astros,20,Washington Nationals,9,1
2025-07-30,2025-07-30T19:45Z,Final,26,San Francisco Giants,23,Pittsburgh Pirates,1,2
2025-07-30,2025-07-30T20:10Z,Final,25,San Diego Padres,21,New York Mets,5,0
2025-07-30,2025-07-30T22:40Z,Final,5,Cleveland Guardians,27,Colorado Rockies,5,0
2025-07-30,2025-07-30T23:05Z,Final,10,New York Yankees,30,Tampa Bay Rays,5,4
2025-07-30,2025-07-30T23:10Z,Final,17,Cincinnati Reds,19,Los Angeles Dodgers,5,2
2025-07-30,2025-07-30T23:45Z,Final,24,St. Louis Cardinals,28,Miami Marlins,0,2
2025-07-30,2025-07-31T01:38Z,Final,3,Los Angeles Angels,13,Texas Rangers,3,6
2025-07-30,2025-07-31T02:05Z,Final,11,Athletics,12,Seattle Mariners,5,4
2025-07-31,2025-07-31T17:05Z,Final,10,New York Yankees,30,Tampa Bay Rays,7,4
2025-07-31,2025-07-31T23:10Z,Final,17,Cincinnati Reds,15,Atlanta Braves,11,12
2025-07-31,2025-08-01T01:40Z,Final,12,Seattle Mariners,13,Texas Rangers,6,0
2025-08-01,2025-08-01T16:40Z,Final,17,Cincinnati Reds,15,Atlanta Braves,3,2
2025-08-01,2025-08-01T18:20Z,Final,16,Chicago Cubs,1,Baltimore Orioles,1,0
2025-08-01,2025-08-01T22:45Z,Final,22,Philadelphia Phillies,6,Detroit Tigers,5,4
2025-08-01,2025-08-01T22:45Z,Final,20,Washington Nationals,8,Milwaukee Brewers,9,16
2025-08-01,2025-08-01T23:07Z,Final,14,Toronto Blue Jays,7,Kansas City Royals,3,9
2025-08-01,2025-08-01T23:10Z,Final,2,Boston Red Sox,18,Houston Astros,2,1
2025-08-01,2025-08-01T23:10Z,Final,5,Cleveland Guardians,9,Minnesota Twins,3,2
2025-08-01,2025-08-01T23:10Z,Final,28,Miami Marlins,10,New York Yankees,13,12
2025-08-01,2025-08-01T23:10Z,Final,21,New York Mets,26,San Francisco Giants,3,4
2025-08-01,2025-08-01T23:35Z,Final,30,Tampa Bay Rays,19,Los Angeles Dodgers,0,5
2025-08-01,2025-08-02T00:10Z,Final,27,Colorado Rockies,23,Pittsburgh Pirates,17,16
2025-08-01,2025-08-02T01:38Z,Final,3,Los Angeles Angels,4,Chicago White Sox,3,6
2025-08-01,2025-08-02T01:40Z,Final,25,San Diego Padres,24,St. Louis Cardinals,4,1
2025-08-01,2025-08-02T02:05Z,Final,11,Athletics,29,Arizona Diamondbacks,5,1
2025-08-01,2025-08-02T02:10Z,Final,12,Seattle Mariners,13,Texas Rangers,4,3
2025-08-02,2025-08-02T17:10Z,Final,30,Tampa Bay Rays,19,Los Angeles Dodgers,4,0
2025-08-02,2025-08-02T18:20Z,Final,16,Chicago Cubs,1,Baltimore Orioles,3,4
2025-08-02,2025-08-02T19:07Z,Final,14,Toronto Blue Jays,7,Kansas City Royals,4,2
2025-08-02,2025-08-02T19:10Z,Final,27,Colorado Rockies,23,Pittsburgh Pirates,8,5
2025-08-02,2025-08-02T20:05Z,Final,22,Philadelphia Phillies,6,Detroit Tigers,5,7
2025-08-02,2025-08-02T20:05Z,Final,20,Washington Nationals,8,Milwaukee Brewers,2,8
2025-08-02,2025-08-02T20:10Z,Final,2,Boston Red Sox,18,Houston Astros,7,3
2025-08-02,2025-08-02T20:10Z,Final,5,Cleveland Guardians,9,Minnesota Twins,5,4
2025-08-02,2025-08-02T20:10Z,Final,28,Miami Marlins,10,New York Yankees,2,0
2025-08-02,2025-08-02T20:10Z,Final,21,New York Mets,26,San Francisco Giants,12,6
2025-08-02,2025-08-02T20:10Z,Final,12,Seattle Mariners,13,Texas Rangers,4,6
2025-08-02,2025-08-02T23:15Z,Final,17,Cincinnati Reds,15,Atlanta Braves,2,4
2025-08-02,2025-08-03T02:05Z,Final,11,Athletics,29,Arizona Diamondbacks,2,7
2025-08-02,2025-08-03T02:07Z,Final,3,Los Angeles Angels,4,Chicago White Sox,0,1
2025-08-02,2025-08-03T02:10Z,Final,25,San Diego Padres,24,St. Louis Cardinals,5,8
2025-08-03,2025-08-03T15:35Z,Final,2,Boston Red Sox,18,Houston Astros,6,1
2025-08-03,2025-08-03T16:10Z,Final,30,Tampa Bay Rays,19,Los Angeles Dodgers,0,3
2025-08-03,2025-08-03T17:35Z,Final,20,Washington Nationals,8,Milwaukee Brewers,3,14
2025-08-03,2025-08-03T17:37Z,Final,14,Toronto Blue Jays,7,Kansas City Royals,4,7
2025-08-03,2025-08-03T17:40Z,Final,5,Cleveland Guardians,9,Minnesota Twins,4,5
2025-08-03,2025-08-03T17:40Z,Final,28,Miami Marlins,10,New York Yankees,7,3
2025-08-03,2025-08-03T17:40Z,Final,21,New York Mets,26,San Francisco Giants,4,12
2025-08-03,2025-08-03T18:20Z,Final,16,Chicago Cubs,1,Baltimore Orioles,5,3
2025-08-03,2025-08-03T19:10Z,Final,27,Colorado Rockies,23,Pittsburgh Pirates,5,9
2025-08-03,2025-08-03T20:05Z,Final,11,Athletics,29,Arizona Diamondbacks,4,6
2025-08-03,2025-08-03T20:07Z,Final,3,Los Angeles Angels,4,Chicago White Sox,8,5
2025-08-03,2025-08-03T20:10Z,Final,25,San Diego Padres,24,St. Louis Cardinals,7,3
2025-08-03,2025-08-03T20:10Z,Final,12,Seattle Mariners,13,Texas Rangers,5,4
2025-08-03,2025-08-03T23:00Z,Final,22,Philadelphia Phillies,6,Detroit Tigers,2,0
2025-08-04,2025-08-04T22:40Z,Final,28,Miami Marlins,18,Houston Astros,2,8
2025-08-04,2025-08-04T22:40Z,Final,6,Detroit Tigers,9,Minnesota Twins,6,3
2025-08-04,2025-08-04T22:40Z,Final,23,Pittsburgh Pirates,26,San Francisco Giants,5,4
2025-08-04,2025-08-04T22:45Z,Final,22,Philadelphia Phillies,1,Baltimore Orioles,13,3
2025-08-04,2025-08-04T23:10Z,Final,21,New York Mets,5,Cleveland Guardians,6,7
2025-08-04,2025-08-04T23:10Z,Final,2,Boston Red Sox,7,Kansas City Royals,8,5
2025-08-04,2025-08-04T23:15Z,Final,15,Atlanta Braves,8,Milwaukee Brewers,1,3
2025-08-04,2025-08-05T00:05Z,Final,16,Chicago Cubs,17,Cincinnati Reds,2,3
2025-08-04,2025-08-05T00:05Z,Final,13,Texas Rangers,10,New York Yankees,8,5
2025-08-04,2025-08-05T00:40Z,Final,27,Colorado Rockies,14,Toronto Blue Jays,1,15
2025-08-04,2025-08-05T01:38Z,Final,3,Los Angeles Angels,30,Tampa Bay Rays,5,1
2025-08-04,2025-08-05T01:40Z,Final,29,Arizona Diamondbacks,25,San Diego Padres,6,2
2025-08-04,2025-08-05T02:10Z,Final,19,Los Angeles Dodgers,24,St. Louis Cardinals,2,3
2025-08-05,2025-08-05T22:40Z,Final,28,Miami Marlins,18,Houston Astros,3,7
2025-08-05,2025-08-05T22:40Z,Final,6,Detroit Tigers,9,Minnesota Twins,3,6
2025-08-05,2025-08-05T22:40Z,Final,23,Pittsburgh Pirates,26,San Francisco Giants,1,8
2025-08-05,2025-08-05T22:45Z,Final,22,Philadelphia Phillies,1,Baltimore Orioles,5,0
2025-08-05,2025-08-05T22:45Z,Final,20,Washington Nationals,11,Athletics,7,16
2025-08-05,2025-08-05T23:10Z,Final,21,New York Mets,5,Cleveland Guardians,2,3
2025-08-05,2025-08-05T23:10Z,Final,2,Boston Red Sox,7,Kansas City Royals,6,2
2025-08-05,2025-08-05T23:15Z,Final,15,Atlanta Braves,8,Milwaukee Brewers,2,7
2025-08-05,2025-08-06T00:05Z,Final,16,Chicago Cubs,17,Cincinnati Reds,1,5
2025-08-05,2025-08-06T00:05Z,Final,13,Texas Rangers,10,New York Yankees,2,0
2025-08-05,2025-08-06T00:40Z,Final,27,Colorado Rockies,14,Toronto Blue Jays,4,10
2025-08-05,2025-08-06T01:38Z,Final,3,Los Angeles Angels,30,Tampa Bay Rays,3,7
2025-08-05,2025-08-06T01:40Z,Final,12,Seattle Mariners,4,Chicago White Sox,8,3
2025-08-05,2025-08-06T01:40Z,Final,29,Arizona Diamondbacks,25,San Diego Padres,5,10
2025-08-05,2025-08-06T02:10Z,Final,19,Los Angeles Dodgers,24,St. Louis Cardinals,12,6
2025-08-06,2025-08-06T16:35Z,Final,22,Philadelphia Phillies,1,Baltimore Orioles,1,5
2025-08-06,2025-08-06T16:35Z,Final,23,Pittsburgh Pirates,26,San Francisco Giants,2,4
2025-08-06,2025-08-06T17:10Z,Final,21,New York Mets,5,Cleveland Guardians,1,4
2025-08-06,2025-08-06T17:10Z,Final,6,Detroit Tigers,9,Minnesota Twins,4,9
2025-08-06,2025-08-06T18:20Z,Final,16,Chicago Cubs,17,Cincinnati Reds,6,1
2025-08-06,2025-08-06T18:35Z,Final,13,Texas Rangers,10,New York Yankees,2,3
2025-08-06,2025-08-06T19:10Z,Final,27,Colorado Rockies,14,Toronto Blue Jays,1,20
2025-08-06,2025-08-06T20:07Z,Final,3,Los Angeles Angels,30,Tampa Bay Rays,4,5
2025-08-06,2025-08-06T20:10Z,Final,19,Los Angeles Dodgers,24,St. Louis Cardinals,3,5
2025-08-06,2025-08-06T20:40Z,Final,28,Miami Marlins,18,Houston Astros,6,4
2025-08-06,2025-08-06T22:45Z,Final,20,Washington Nationals,11,Athletics,2,1
2025-08-06,2025-08-06T23:10Z,Final,2,Boston Red Sox,7,Kansas City Royals,3,7
2025-08-06,2025-08-06T23:15Z,Final,15,Atlanta Braves,8,Milwaukee Brewers,4,5
2025-08-06,2025-08-07T01:40Z,Final,12,Seattle Mariners,4,Chicago White Sox,8,6
2025-08-06,2025-08-07T01:40Z,Final,29,Arizona Diamondbacks,25,San Diego Padres,2,3
2025-08-07,2025-08-07T16:05Z,Final,20,Washington Nationals,11,Athletics,0,6
2025-08-07,2025-08-07T20:10Z,Final,12,Seattle Mariners,4,Chicago White Sox,4,3
2025-08-07,2025-08-07T22:40Z,Final,23,Pittsburgh Pirates,17,Cincinnati Reds,7,0
2025-08-07,2025-08-07T23:15Z,Final,15,Atlanta Braves,28,Miami Marlins,8,6
2025-08-08,2025-08-08T22:40Z,Final,23,Pittsburgh Pirates,17,Cincinnati Reds,3,2
2025-08-08,2025-08-08T23:05Z,Final,10,New York Yankees,18,Houston Astros,3,5
2025-08-08,2025-08-08T23:05Z,Final,1,Baltimore Orioles,11,Athletics,3,2
2025-08-08,2025-08-08T23:10Z,Final,6,Detroit Tigers,3,Los Angeles Angels,6,5
2025-08-08,2025-08-08T23:15Z,Final,15,Atlanta Braves,28,Miami Marlins,1,5
2025-08-08,2025-08-08T23:40Z,Final,4,Chicago White Sox,5,Cleveland Guardians,5,9
2025-08-08,2025-08-09T00:05Z,Final,13,Texas Rangers,22,Philadelphia Phillies,1,9
2025-08-08,2025-08-09T00:10Z,Final,9,Minnesota Twins,7,Kansas City Royals,9,4
2025-08-08,2025-08-09T00:10Z,Final,8,Milwaukee Brewers,21,New York Mets,3,2
2025-08-08,2025-08-09T00:15Z,Final,24,St. Louis Cardinals,16,Chicago Cubs,5,0
2025-08-08,2025-08-09T01:40Z,Final,25,San Diego Padres,2,Boston Red Sox,2,10
2025-08-08,2025-08-09T01:40Z,Final,29,Arizona Diamondbacks,27,Colorado Rockies,6,1
2025-08-08,2025-08-09T01:40Z,Final,12,Seattle Mariners,30,Tampa Bay Rays,3,2
2025-08-08,2025-08-09T02:10Z,Final,19,Los Angeles Dodgers,14,Toronto Blue Jays,5,1
2025-08-08,2025-08-09T02:15Z,Final,26,San Francisco Giants,20,Washington Nationals,5,0
2025-08-09,2025-08-09T17:15Z,Final,15,Atlanta Braves,28,Miami Marlins,7,1
2025-08-09,2025-08-09T18:05Z,Final,10,New York Yankees,18,Houston Astros,5,4
2025-08-09,2025-08-09T20:05Z,Final,26,San Francisco Giants,20,Washington Nationals,2,4
2025-08-09,2025-08-09T22:10Z,Final,6,Detroit Tigers,3,Los Angeles Angels,4,7
2025-08-09,2025-08-09T22:40Z,Final,23,Pittsburgh Pirates,17,Cincinnati Reds,1,2
2025-08-09,2025-08-09T23:05Z,Final,1,Baltimore Orioles,11,Athletics,3,11
2025-08-09,2025-08-09T23:10Z,Final,4,Chicago White Sox,5,Cleveland Guardians,1,3
2025-08-09,2025-08-09T23:10Z,Final,9,Minnesota Twins,7,Kansas City Royals,0,2
2025-08-09,2025-08-09T23:10Z,Final,8,Milwaukee Brewers,21,New York Mets,7,4
2025-08-09,2025-08-09T23:15Z,Final,15,Atlanta Braves,28,Miami Marlins,8,6
2025-08-09,2025-08-09T23:15Z,Final,24,St. Louis Cardinals,16,Chicago Cubs,1,9
2025-08-09,2025-08-09T23:15Z,Final,13,Texas Rangers,22,Philadelphia Phillies,2,3
2025-08-09,2025-08-10T00:10Z,Final,29,Arizona Diamondbacks,27,Colorado Rockies,6,5
2025-08-09,2025-08-10T00:40Z,Final,25,San Diego Padres,2,Boston Red Sox,5,4
2025-08-09,2025-08-10T01:10Z,Final,19,Los Angeles Dodgers,14,Toronto Blue Jays,9,1
2025-08-09,2025-08-10T01:40Z,Final,12,Seattle Mariners,30,Tampa Bay Rays,7,4
2025-08-10,2025-08-10T17:05Z,Final,9,Minnesota Twins,7,Kansas City Royals,5,3
2025-08-10,2025-08-10T17:35Z,Final,23,Pittsburgh Pirates,17,Cincinnati Reds,8,14
2025-08-10,2025-08-10T17:35Z,Final,10,New York Yankees,18,Houston Astros,1,7
2025-08-10,2025-08-10T17:35Z,Final,15,Atlanta Braves,28,Miami Marlins,7,1
2025-08-10,2025-08-10T17:35Z,Final,1,Baltimore Orioles,11,Athletics,2,3
2025-08-10,2025-08-10T17:40Z,Final,6,Detroit Tigers,3,Los Angeles Angels,9,5
2025-08-10,2025-08-10T18:10Z,Final,4,Chicago White Sox,5,Cleveland Guardians,6,4
2025-08-10,2025-08-10T18:10Z,Final,8,Milwaukee Brewers,21,New York Mets,7,6
2025-08-10,2025-08-10T18:35Z,Final,13,Texas Rangers,22,Philadelphia Phillies,2,4
2025-08-10,2025-08-10T20:05Z,Final,26,San Francisco Giants,20,Washington Nationals,0,8
2025-08-10,2025-08-10T20:10Z,Final,25,San Diego Padres,2,Boston Red Sox,6,2
2025-08-10,2025-08-10T20:10Z,Final,29,Arizona Diamondbacks,27,Colorado Rockies,13,6
2025-08-10,2025-08-10T20:10Z,Final,12,Seattle Mariners,30,Tampa Bay Rays,6,3
2025-08-10,2025-08-10T20:10Z,Final,19,Los Angeles Dodgers,14,Toronto Blue Jays,4,5
2025-08-10,2025-08-10T23:00Z,Final,24,St. Louis Cardinals,16,Chicago Cubs,3,2
2025-08-11,2025-08-11T22:10Z,Final,17,Cincinnati Reds,22,Philadelphia Phillies,1,4
2025-08-11,2025-08-11T23:05Z,Final,10,New York Yankees,9,Minnesota Twins,6,2
2025-08-11,2025-08-11T23:40Z,Final,4,Chicago White Sox,6,Detroit Tigers,1,2
2025-08-11,2025-08-11T23:40Z,Final,8,Milwaukee Brewers,23,Pittsburgh Pirates,7,1
2025-08-11,2025-08-11T23:40Z,Final,7,Kansas City Royals,20,Washington Nationals,7,4
2025-08-11,2025-08-11T23:45Z,Final,24,St. Louis Cardinals,27,Colorado Rockies,3,2
2025-08-11,2025-08-12T00:05Z,Final,13,Texas Rangers,29,Arizona Diamondbacks,7,6
2025-08-11,2025-08-12T00:10Z,Final,18,Houston Astros,2,Boston Red Sox,7,6
2025-08-11,2025-08-12T01:38Z,Final,3,Los Angeles Angels,19,Los Angeles Dodgers,7,4
2025-08-11,2025-08-12T01:45Z,Final,26,San Francisco Giants,25,San Diego Padres,1,4
2025-08-11,2025-08-12T02:05Z,Final,11,Athletics,30,Tampa Bay Rays,4,7
2025-08-12,2025-08-12T22:35Z,Final,1,Baltimore Orioles,12,Seattle Mariners,0,1
2025-08-12,2025-08-12T22:40Z,Final,5,Cleveland Guardians,28,Miami Marlins,4,3
2025-08-12,2025-08-12T22:40Z,Final,17,Cincinnati Reds,22,Philadelphia Phillies,6,1
2025-08-12,2025-08-12T23:05Z,Final,10,New York Yankees,9,Minnesota Twins,9,1
2025-08-12,2025-08-12T23:07Z,Final,14,Toronto Blue Jays,16,Chicago Cubs,5,1
2025-08-12,2025-08-12T23:10Z,Final,21,New York Mets,15,Atlanta Braves,13,5
2025-08-12,2025-08-12T23:40Z,Final,4,Chicago White Sox,6,Detroit Tigers,9,6
2025-08-12,2025-08-12T23:40Z,Final,8,Milwaukee Brewers,23,Pittsburgh Pirates,14,0
2025-08-12,2025-08-12T23:40Z,Final,7,Kansas City Royals,20,Washington Nationals,8,5
2025-08-12,2025-08-12T23:45Z,Final,24,St. Louis Cardinals,27,Colorado Rockies,0,3
2025-08-12,2025-08-13T00:05Z,Final,13,Texas Rangers,29,Arizona Diamondbacks,2,3
2025-08-12,2025-08-13T00:10Z,Final,18,Houston Astros,2,Boston Red Sox,1,14
2025-08-12,2025-08-13T01:38Z,Final,3,Los Angeles Angels,19,Los Angeles Dodgers,7,6
2025-08-12,2025-08-13T01:45Z,Final,26,San Francisco Giants,25,San Diego Padres,1,5
2025-08-12,2025-08-13T02:05Z,Final,11,Athletics,30,Tampa Bay Rays,6,0
2025-08-13,2025-08-13T18:10Z,Final,4,Chicago White Sox,6,Detroit Tigers,0,1
2025-08-13,2025-08-13T18:10Z,Final,8,Milwaukee Brewers,23,Pittsburgh Pirates,12,5
2025-08-13,2025-08-13T18:10Z,Final,7,Kansas City Royals,20,Washington Nationals,7,8
2025-08-13,2025-08-13T18:15Z,Final,24,St. Louis Cardinals,27,Colorado Rockies,5,6
2025-08-13,2025-08-13T18:35Z,Final,13,Texas Rangers,29,Arizona Diamondbacks,4,6
2025-08-13,2025-08-13T19:45Z,Final,26,San Francisco Giants,25,San Diego Padres,1,11
2025-08-13,2025-08-13T21:10Z,Final,17,Cincinnati Reds,22,Philadelphia Phillies,8,0
2025-08-13,2025-08-13T22:35Z,Final,1,Baltimore Orioles,12,Seattle Mariners,4,3
2025-08-13,2025-08-13T22:40Z,Final,5,Cleveland Guardians,28,Miami Marlins,4,13
2025-08-13,2025-08-13T23:05Z,Final,10,New York Yankees,9,Minnesota Twins,1,4
2025-08-13,2025-08-13T23:07Z,Final,14,Toronto Blue Jays,16,Chicago Cubs,1,4
2025-08-13,2025-08-13T23:10Z,Final,21,New York Mets,15,Atlanta Braves,6,11
2025-08-13,2025-08-13T23:10Z,Final,18,Houston Astros,2,Boston Red Sox,4,1
2025-08-13,2025-08-14T01:38Z,Final,3,Los Angeles Angels,19,Los Angeles Dodgers,6,5
2025-08-13,2025-08-14T02:05Z,Final,11,Athletics,30,Tampa Bay Rays,2,8
2025-08-14,2025-08-14T17:05Z,Final,1,Baltimore Orioles,12,Seattle Mariners,5,3
2025-08-14,2025-08-14T19:07Z,Final,14,Toronto Blue Jays,16,Chicago Cubs,2,1
2025-08-14,2025-08-14T22:40Z,Final,5,Cleveland Guardians,28,Miami Marlins,9,4
2025-08-14,2025-08-14T22:45Z,Final,20,Washington Nationals,22,Philadelphia Phillies,3,2
2025-08-14,2025-08-14T23:10Z,Final,21,New York Mets,15,Atlanta Braves,3,4
2025-08-14,2025-08-14T23:40Z,Final,9,Minnesota Twins,6,Detroit Tigers,3,4
2025-08-14,2025-08-15T00:40Z,Final,27,Colorado Rockies,29,Arizona Diamondbacks,2,8
2025-08-15,2025-08-15T18:20Z,Final,16,Chicago Cubs,23,Pittsburgh Pirates,2,3
2025-08-15,2025-08-15T22:40Z,Final,17,Cincinnati Reds,8,Milwaukee Brewers,8,10
2025-08-15,2025-08-15T22:45Z,Final,20,Washington Nationals,22,Philadelphia Phillies,2,6
2025-08-15,2025-08-15T23:07Z,Final,14,Toronto Blue Jays,13,Texas Rangers,6,5
2025-08-15,2025-08-15T23:10Z,Final,5,Cleveland Guardians,15,Atlanta Braves,0,2
2025-08-15,2025-08-15T23:10Z,Final,2,Boston Red Sox,28,Miami Marlins,2,1
2025-08-15,2025-08-15T23:10Z,Final,21,New York Mets,12,Seattle Mariners,9,11
2025-08-15,2025-08-16T00:10Z,Final,18,Houston Astros,1,Baltimore Orioles,0,7
2025-08-15,2025-08-16T00:10Z,Final,7,Kansas City Royals,4,Chicago White Sox,3,1
2025-08-15,2025-08-16T00:10Z,Final,9,Minnesota Twins,6,Detroit Tigers,0,7
2025-08-15,2025-08-16T00:15Z,Final,24,St. Louis Cardinals,10,New York Yankees,3,4
2025-08-15,2025-08-16T00:40Z,Final,27,Colorado Rockies,29,Arizona Diamondbacks,4,3
2025-08-15,2025-08-16T02:05Z,Final,11,Athletics,3,Los Angeles Angels,10,3
2025-08-15,2025-08-16T02:10Z,Final,19,Los Angeles Dodgers,25,San Diego Padres,3,2
2025-08-15,2025-08-16T02:15Z,Final,26,San Francisco Giants,30,Tampa Bay Rays,6,7
2025-08-16,2025-08-16T18:20Z,Final,16,Chicago Cubs,23,Pittsburgh Pirates,3,1
2025-08-16,2025-08-16T19:07Z,Final,14,Toronto Blue Jays,13,Texas Rangers,14,2
2025-08-16,2025-08-16T20:05Z,Final,20,Washington Nationals,22,Philadelphia Phillies,2,0
2025-08-16,2025-08-16T20:10Z,Final,2,Boston Red Sox,28,Miami Marlins,7,5
2025-08-16,2025-08-16T20:10Z,Final,21,New York Mets,12,Seattle Mariners,3,1
2025-08-16,2025-08-16T22:40Z,Final,17,Cincinnati Reds,8,Milwaukee Brewers,5,6
2025-08-16,2025-08-16T23:10Z,Final,5,Cleveland Guardians,15,Atlanta Braves,1,10
2025-08-16,2025-08-16T23:10Z,Final,18,Houston Astros,1,Baltimore Orioles,5,4
2025-08-16,2025-08-16T23:10Z,Final,7,Kansas City Royals,4,Chicago White Sox,6,2
2025-08-16,2025-08-16T23:15Z,Final,9,Minnesota Twins,6,Detroit Tigers,5,8
2025-08-16,2025-08-16T23:15Z,Final,24,St. Louis Cardinals,10,New York Yankees,8,12
2025-08-16,2025-08-17T00:10Z,Final,27,Colorado Rockies,29,Arizona Diamondbacks,10,7
2025-08-16,2025-08-17T01:05Z,Final,26,San Francisco Giants,30,Tampa Bay Rays,1,2
2025-08-16,2025-08-17T01:10Z,Final,19,Los Angeles Dodgers,25,San Diego Padres,6,0
2025-08-16,2025-08-17T02:05Z,Final,11,Athletics,3,Los Angeles Angels,7,2
2025-08-17,2025-08-17T15:35Z,Final,20,Washington Nationals,22,Philadelphia Phillies,9,11
2025-08-17,2025-08-17T17:35Z,Final,2,Boston Red Sox,28,Miami Marlins,3,5
2025-08-17,2025-08-17T17:37Z,Final,14,Toronto Blue Jays,13,Texas Rangers,4,10
2025-08-17,2025-08-17T17:40Z,Final,5,Cleveland Guardians,15,Atlanta Braves,4,5
2025-08-17,2025-08-17T17:40Z,Final,17,Cincinnati Reds,8,Milwaukee Brewers,3,2
2025-08-17,2025-08-17T18:10Z,Final,18,Houston Astros,1,Baltimore Orioles,0,12
2025-08-17,2025-08-17T18:10Z,Final,7,Kansas City Royals,4,Chicago White Sox,6,2
2025-08-17,2025-08-17T18:10Z,Final,9,Minnesota Twins,6,Detroit Tigers,8,1
2025-08-17,2025-08-17T18:15Z,Final,24,St. Louis Cardinals,10,New York Yankees,4,8
2025-08-17,2025-08-17T18:20Z,Final,16,Chicago Cubs,23,Pittsburgh Pirates,4,3
2025-08-17,2025-08-17T19:10Z,Final,27,Colorado Rockies,29,Arizona Diamondbacks,6,5
2025-08-17,2025-08-17T20:05Z,Final,26,San Francisco Giants,30,Tampa Bay Rays,7,1
2025-08-17,2025-08-17T20:05Z,Final,11,Athletics,3,Los Angeles Angels,5,11
2025-08-17,2025-08-17T20:10Z,Final,19,Los Angeles Dodgers,25,San Diego Padres,5,4
2025-08-17,2025-08-17T23:00Z,Final,21,New York Mets,12,Seattle Mariners,7,3
2025-08-18,2025-08-18T18:20Z,Final,16,Chicago Cubs,8,Milwaukee Brewers,0,7
2025-08-18,2025-08-18T22:40Z,Final,6,Detroit Tigers,18,Houston Astros,10,0
2025-08-18,2025-08-18T22:40Z,Final,28,Miami Marlins,24,St. Louis Cardinals,3,8
2025-08-18,2025-08-18T22:40Z,Final,23,Pittsburgh Pirates,14,Toronto Blue Jays,5,2
2025-08-18,2025-08-18T22:45Z,Final,22,Philadelphia Phillies,12,Seattle Mariners,12,7
2025-08-18,2025-08-18T23:10Z,Final,2,Boston Red Sox,1,Baltimore Orioles,3,6
2025-08-18,2025-08-18T23:15Z,Final,15,Atlanta Braves,4,Chicago White Sox,9,13
2025-08-18,2025-08-18T23:40Z,Final,7,Kansas City Royals,13,Texas Rangers,4,3
2025-08-18,2025-08-19T00:40Z,Final,27,Colorado Rockies,19,Los Angeles Dodgers,4,3
2025-08-18,2025-08-19T01:38Z,Final,3,Los Angeles Angels,17,Cincinnati Reds,1,4
2025-08-18,2025-08-19T01:40Z,Final,29,Arizona Diamondbacks,5,Cleveland Guardians,1,3
2025-08-18,2025-08-19T01:40Z,Final,25,San Diego Padres,26,San Francisco Giants,3,4
2025-08-19,2025-08-19T18:20Z,Final,16,Chicago Cubs,8,Milwaukee Brewers,6,4
2025-08-19,2025-08-19T22:40Z,Final,6,Detroit Tigers,18,Houston Astros,1,0
2025-08-19,2025-08-19T22:40Z,Final,28,Miami Marlins,24,St. Louis Cardinals,4,7
2025-08-19,2025-08-19T22:40Z,Final,23,Pittsburgh Pirates,14,Toronto Blue Jays,3,7
2025-08-19,2025-08-19T22:45Z,Final,20,Washington Nationals,21,New York Mets,1,8
2025-08-19,2025-08-19T22:45Z,Final,22,Philadelphia Phillies,12,Seattle Mariners,6,4
2025-08-19,2025-08-19T23:10Z,Final,2,Boston Red Sox,1,Baltimore Orioles,3,4
2025-08-19,2025-08-19T23:15Z,Final,15,Atlanta Braves,4,Chicago White Sox,11,10
2025-08-19,2025-08-19T23:35Z,Final,30,Tampa Bay Rays,10,New York Yankees,3,13
2025-08-19,2025-08-19T23:40Z,Final,9,Minnesota Twins,11,Athletics,3,6
2025-08-19,2025-08-19T23:40Z,Final,7,Kansas City Royals,13,Texas Rangers,5,2
2025-08-19,2025-08-20T00:05Z,Final,16,Chicago Cubs,8,Milwaukee Brewers,4,1
2025-08-19,2025-08-20T00:40Z,Final,27,Colorado Rockies,19,Los Angeles Dodgers,4,11
2025-08-19,2025-08-20T01:38Z,Final,3,Los Angeles Angels,17,Cincinnati Reds,4,6
2025-08-19,2025-08-20T01:40Z,Final,29,Arizona Diamondbacks,5,Cleveland Guardians,6,5
2025-08-19,2025-08-20T01:40Z,Final,25,San Diego Padres,26,San Francisco Giants,5,1
2025-08-20,2025-08-20T16:35Z,Final,23,Pittsburgh Pirates,14,Toronto Blue Jays,2,1
2025-08-20,2025-08-20T17:05Z,Final,22,Philadelphia Phillies,12,Seattle Mariners,11,2
2025-08-20,2025-08-20T17:10Z,Final,6,Detroit Tigers,18,Houston Astros,7,2
2025-08-20,2025-08-20T19:40Z,Final,29,Arizona Diamondbacks,5,Cleveland Guardians,3,2
2025-08-20,2025-08-20T22:40Z,Final,28,Miami Marlins,24,St. Louis Cardinals,6,2
2025-08-20,2025-08-20T22:45Z,Final,20,Washington Nationals,21,New York Mets,5,4
2025-08-20,2025-08-20T23:15Z,Final,15,Atlanta Braves,4,Chicago White Sox,1,0
2025-08-20,2025-08-20T23:35Z,Final,30,Tampa Bay Rays,10,New York Yankees,4,6
2025-08-20,2025-08-20T23:40Z,Final,9,Minnesota Twins,11,Athletics,2,4
2025-08-20,2025-08-20T23:40Z,Final,7,Kansas City Royals,13,Texas Rangers,3,6
2025-08-20,2025-08-21T00:05Z,Final,16,Chicago Cubs,8,Milwaukee Brewers,4,3
2025-08-20,2025-08-21T00:40Z,Final,27,Colorado Rockies,19,Los Angeles Dodgers,8,3
2025-08-20,2025-08-21T01:38Z,Final,3,Los Angeles Angels,17,Cincinnati Reds,2,1
2025-08-20,2025-08-21T01:40Z,Final,25,San Diego Padres,26,San Francisco Giants,8,1
2025-08-21,2025-08-21T17:10Z,Final,9,Minnesota Twins,11,Athletics,3,8
2025-08-21,2025-08-21T18:10Z,Final,7,Kansas City Royals,13,Texas Rangers,6,4
2025-08-21,2025-08-21T18:20Z,Final,16,Chicago Cubs,8,Milwaukee Brewers,1,4
2025-08-21,2025-08-21T19:10Z,Final,27,Colorado Rockies,19,Los Angeles Dodgers,5,9
2025-08-21,2025-08-21T20:05Z,Final,20,Washington Nationals,21,New York Mets,9,3
2025-08-21,2025-08-21T20:10Z,Final,25,San Diego Padres,26,San Francisco Giants,8,4
2025-08-21,2025-08-21T23:15Z,Final,10,New York Yankees,2,Boston Red Sox,3,6
2025-08-21,2025-08-21T23:15Z,Final,1,Baltimore Orioles,18,Houston Astros,2,7
2025-08-21,2025-08-21T23:35Z,Final,30,Tampa Bay Rays,24,St. Louis Cardinals,4,7
2025-08-22,2025-08-22T22:40Z,Final,23,Pittsburgh Pirates,27,Colorado Rockies,9,0
2025-08-22,2025-08-22T22:45Z,Final,22,Philadelphia Phillies,20,Washington Nationals,4,5
2025-08-22,2025-08-22T23:05Z,Final,10,New York Yankees,2,Boston Red Sox,0,1
2025-08-22,2025-08-22T23:05Z,Final,1,Baltimore Orioles,18,Houston Astros,7,10
2025-08-22,2025-08-22T23:10Z,Final,6,Detroit Tigers,7,Kansas City Royals,7,5
2025-08-22,2025-08-22T23:10Z,Final,28,Miami Marlins,14,Toronto Blue Jays,2,5
2025-08-22,2025-08-22T23:15Z,Final,15,Atlanta Braves,21,New York Mets,7,12
2025-08-22,2025-08-22T23:35Z,Final,30,Tampa Bay Rays,24,St. Louis Cardinals,10,6
2025-08-22,2025-08-22T23:40Z,Final,4,Chicago White Sox,9,Minnesota Twins,7,9
2025-08-22,2025-08-23T00:05Z,Final,13,Texas Rangers,5,Cleveland Guardians,4,3
2025-08-22,2025-08-23T00:10Z,Final,8,Milwaukee Brewers,26,San Francisco Giants,5,4
2025-08-22,2025-08-23T01:38Z,Final,3,Los Angeles Angels,16,Chicago Cubs,2,3
2025-08-22,2025-08-23T01:40Z,Final,29,Arizona Diamondbacks,17,Cincinnati Reds,6,5
2025-08-22,2025-08-23T01:40Z,Final,25,San Diego Padres,19,Los Angeles Dodgers,2,1
2025-08-22,2025-08-23T02:10Z,Final,12,Seattle Mariners,11,Athletics,3,2
2025-08-23,2025-08-23T17:05Z,Final,10,New York Yankees,2,Boston Red Sox,1,12
2025-08-23,2025-08-23T20:10Z,Final,28,Miami Marlins,14,Toronto Blue Jays,6,7
2025-08-23,2025-08-23T22:05Z,Final,22,Philadelphia Phillies,20,Washington Nationals,6,4
2025-08-23,2025-08-23T22:10Z,Final,6,Detroit Tigers,7,Kansas City Royals,4,2
2025-08-23,2025-08-23T22:40Z,Final,23,Pittsburgh Pirates,27,Colorado Rockies,5,1
2025-08-23,2025-08-23T23:05Z,Final,1,Baltimore Orioles,18,Houston Astros,8,9
2025-08-23,2025-08-23T23:05Z,Final,13,Texas Rangers,5,Cleveland Guardians,10,0
2025-08-23,2025-08-23T23:10Z,Final,4,Chicago White Sox,9,Minnesota Twins,7,3
2025-08-23,2025-08-23T23:10Z,Final,8,Milwaukee Brewers,26,San Francisco Giants,1,7
2025-08-23,2025-08-23T23:15Z,Final,15,Atlanta Braves,21,New York Mets,2,9
2025-08-23,2025-08-24T00:10Z,Final,29,Arizona Diamondbacks,17,Cincinnati Reds,10,1
2025-08-23,2025-08-24T00:40Z,Final,25,San Diego Padres,19,Los Angeles Dodgers,5,1
2025-08-23,2025-08-24T01:38Z,Final,3,Los Angeles Angels,16,Chicago Cubs,1,12
2025-08-23,2025-08-24T01:40Z,Final,12,Seattle Mariners,11,Athletics,1,2
2025-08-24,2025-08-24T16:05Z,Final,23,Pittsburgh Pirates,27,Colorado Rockies,4,0
2025-08-24,2025-08-24T16:10Z,Final,30,Tampa Bay Rays,24,St. Louis Cardinals,7,2
2025-08-24,2025-08-24T17:35Z,Final,1,Baltimore Orioles,18,Houston Astros,3,2
2025-08-24,2025-08-24T17:35Z,Final,15,Atlanta Braves,21,New York Mets,4,3
2025-08-24,2025-08-24T17:35Z,Final,22,Philadelphia Phillies,20,Washington Nationals,3,2
2025-08-24,2025-08-24T17:40Z,Final,6,Detroit Tigers,7,Kansas City Royals,8,10
2025-08-24,2025-08-24T17:40Z,Final,28,Miami Marlins,14,Toronto Blue Jays,5,3
2025-08-24,2025-08-24T18:10Z,Final,4,Chicago White Sox,9,Minnesota Twins,8,0
2025-08-24,2025-08-24T18:10Z,Final,8,Milwaukee Brewers,26,San Francisco Giants,3,4
2025-08-24,2025-08-24T18:35Z,Final,13,Texas Rangers,5,Cleveland Guardians,5,0
2025-08-24,2025-08-24T20:07Z,Final,3,Los Angeles Angels,16,Chicago Cubs,3,4
2025-08-24,2025-08-24T20:10Z,Final,29,Arizona Diamondbacks,17,Cincinnati Reds,1,6
2025-08-24,2025-08-24T20:10Z,Final,25,San Diego Padres,19,Los Angeles Dodgers,2,8
2025-08-24,2025-08-24T20:10Z,Final,12,Seattle Mariners,11,Athletics,11,4
2025-08-24,2025-08-24T23:00Z,Final,10,New York Yankees,2,Boston Red Sox,7,2
2025-08-25,2025-08-25T22:35Z,Final,1,Baltimore Orioles,2,Boston Red Sox,3,4
2025-08-25,2025-08-25T22:40Z,Final,28,Miami Marlins,15,Atlanta Braves,2,1
2025-08-25,2025-08-25T22:40Z,Final,5,Cleveland Guardians,30,Tampa Bay Rays,0,9
2025-08-25,2025-08-25T23:05Z,Final,10,New York Yankees,20,Washington Nationals,10,5
2025-08-25,2025-08-25T23:07Z,Final,14,Toronto Blue Jays,9,Minnesota Twins,10,4
2025-08-25,2025-08-25T23:10Z,Final,21,New York Mets,22,Philadelphia Phillies,13,3
2025-08-25,2025-08-25T23:40Z,Final,8,Milwaukee Brewers,29,Arizona Diamondbacks,7,5
2025-08-25,2025-08-25T23:40Z,Final,4,Chicago White Sox,7,Kansas City Royals,7,0
2025-08-25,2025-08-25T23:45Z,Final,24,St. Louis Cardinals,23,Pittsburgh Pirates,7,6
2025-08-25,2025-08-26T00:05Z,Final,13,Texas Rangers,3,Los Angeles Angels,0,4
2025-08-25,2025-08-26T01:40Z,Final,12,Seattle Mariners,25,San Diego Padres,9,6
2025-08-25,2025-08-26T02:05Z,Final,11,Athletics,6,Detroit Tigers,8,3
2025-08-25,2025-08-26T02:10Z,Final,19,Los Angeles Dodgers,17,Cincinnati Reds,7,0
2025-08-26,2025-08-26T22:35Z,Final,1,Baltimore Orioles,2,Boston Red Sox,0,5
2025-08-26,2025-08-26T22:40Z,Final,28,Miami Marlins,15,Atlanta Braves,2,11
2025-08-26,2025-08-26T22:40Z,Final,5,Cleveland Guardians,30,Tampa Bay Rays,3,0
2025-08-26,2025-08-26T23:05Z,Final,10,New York Yankees,20,Washington Nationals,5,1
2025-08-26,2025-08-26T23:07Z,Final,14,Toronto Blue Jays,9,Minnesota Twins,5,7
2025-08-26,2025-08-26T23:10Z,Final,21,New York Mets,22,Philadelphia Phillies,6,5
2025-08-26,2025-08-26T23:40Z,Final,8,Milwaukee Brewers,29,Arizona Diamondbacks,9,8
2025-08-26,2025-08-26T23:40Z,Final,4,Chicago White Sox,7,Kansas City Royals,4,5
2025-08-26,2025-08-26T23:45Z,Final,24,St. Louis Cardinals,23,Pittsburgh Pirates,3,8
2025-08-26,2025-08-27T00:05Z,Final,13,Texas Rangers,3,Los Angeles Angels,7,3
2025-08-26,2025-08-27T00:10Z,Final,18,Houston Astros,27,Colorado Rockies,1,6
2025-08-26,2025-08-27T01:40Z,Final,12,Seattle Mariners,25,San Diego Padres,6,7
2025-08-26,2025-08-27T01:45Z,Final,26,San Francisco Giants,16,Chicago Cubs,5,2
2025-08-26,2025-08-27T02:05Z,Final,11,Athletics,6,Detroit Tigers,7,6
2025-08-26,2025-08-27T02:10Z,Final,19,Los Angeles Dodgers,17,Cincinnati Reds,6,3
2025-08-27,2025-08-27T17:05Z,Final,10,New York Yankees,20,Washington Nationals,11,2
2025-08-27,2025-08-27T17:10Z,Final,28,Miami Marlins,15,Atlanta Braves,1,12
2025-08-27,2025-08-27T17:10Z,Final,5,Cleveland Guardians,30,Tampa Bay Rays,4,3
2025-08-27,2025-08-27T20:10Z,Final,12,Seattle Mariners,25,San Diego Padres,4,3
2025-08-27,2025-08-27T22:35Z,Final,1,Baltimore Orioles,2,Boston Red Sox,2,3
2025-08-27,2025-08-27T23:07Z,Final,14,Toronto Blue Jays,9,Minnesota Twins,9,8
2025-08-27,2025-08-27T23:10Z,Final,21,New York Mets,22,Philadelphia Phillies,6,0
2025-08-27,2025-08-27T23:40Z,Final,8,Milwaukee Brewers,29,Arizona Diamondbacks,2,3
2025-08-27,2025-08-27T23:40Z,Final,4,Chicago White Sox,7,Kansas City Royals,1,12
2025-08-27,2025-08-27T23:45Z,Final,24,St. Louis Cardinals,23,Pittsburgh Pirates,1,2
2025-08-27,2025-08-28T00:05Z,Final,13,Texas Rangers,3,Los Angeles Angels,20,3
2025-08-27,2025-08-28T00:10Z,Final,18,Houston Astros,27,Colorado Rockies,4,0
2025-08-27,2025-08-28T00:40Z,Final,19,Los Angeles Dodgers,17,Cincinnati Reds,5,1
2025-08-27,2025-08-28T01:45Z,Final,26,San Francisco Giants,16,Chicago Cubs,12,3
2025-08-27,2025-08-28T02:05Z,Final,11,Athletics,6,Detroit Tigers,7,0
2025-08-28,2025-08-28T17:05Z,Final,1,Baltimore Orioles,2,Boston Red Sox,2,3
2025-08-28,2025-08-28T18:10Z,Final,8,Milwaukee Brewers,29,Arizona Diamondbacks,4,6
2025-08-28,2025-08-28T18:10Z,Final,18,Houston Astros,27,Colorado Rockies,4,3
2025-08-28,2025-08-28T18:15Z,Final,24,St. Louis Cardinals,23,Pittsburgh Pirates,4,1
2025-08-28,2025-08-28T19:45Z,Final,26,San Francisco Giants,16,Chicago Cubs,4,3
2025-08-28,2025-08-28T22:45Z,Final,22,Philadelphia Phillies,15,Atlanta Braves,19,4
2025-08-28,2025-08-28T23:10Z,Final,21,New York Mets,28,Miami Marlins,4,7
2025-08-28,2025-08-28T23:40Z,Final,4,Chicago White Sox,10,New York Yankees,4,10
2025-08-29,2025-08-29T22:40Z,Final,17,Cincinnati Reds,24,St. Louis Cardinals,5,7
2025-08-29,2025-08-29T22:45Z,Final,22,Philadelphia Phillies,15,Atlanta Braves,2,1
2025-08-29,2025-08-29T22:45Z,Final,20,Washington Nationals,30,Tampa Bay Rays,1,4
2025-08-29,2025-08-29T23:07Z,Final,14,Toronto Blue Jays,8,Milwaukee Brewers,2,7
2025-08-29,2025-08-29T23:10Z,Final,21,New York Mets,28,Miami Marlins,19,9
2025-08-29,2025-08-29T23:10Z,Final,2,Boston Red Sox,23,Pittsburgh Pirates,2,4
2025-08-29,2025-08-29T23:10Z,Final,5,Cleveland Guardians,12,Seattle Mariners,5,4
2025-08-29,2025-08-29T23:40Z,Final,4,Chicago White Sox,10,New York Yankees,2,10
2025-08-29,2025-08-30T00:10Z,Final,18,Houston Astros,3,Los Angeles Angels,2,0
2025-08-29,2025-08-30T00:10Z,Final,7,Kansas City Royals,6,Detroit Tigers,3,5
2025-08-29,2025-08-30T00:10Z,Final,9,Minnesota Twins,25,San Diego Padres,7,4
2025-08-29,2025-08-30T00:40Z,Final,27,Colorado Rockies,16,Chicago Cubs,7,11
2025-08-29,2025-08-30T02:05Z,Final,11,Athletics,13,Texas Rangers,2,5
2025-08-29,2025-08-30T02:10Z,Final,19,Los Angeles Dodgers,29,Arizona Diamondbacks,0,3
2025-08-29,2025-08-30T02:15Z,Final,26,San Francisco Giants,1,Baltimore Orioles,15,8
2025-08-30,2025-08-30T19:07Z,Final,14,Toronto Blue Jays,8,Milwaukee Brewers,1,4
2025-08-30,2025-08-30T20:05Z,Final,20,Washington Nationals,30,Tampa Bay Rays,1,4
2025-08-30,2025-08-30T20:10Z,Final,21,New York Mets,28,Miami Marlins,8,11
2025-08-30,2025-08-30T20:10Z,Final,2,Boston Red Sox,23,Pittsburgh Pirates,3,10
2025-08-30,2025-08-30T22:05Z,Final,22,Philadelphia Phillies,15,Atlanta Braves,3,2
2025-08-30,2025-08-30T22:40Z,Final,17,Cincinnati Reds,24,St. Louis Cardinals,2,4
2025-08-30,2025-08-30T23:10Z,Final,18,Houston Astros,3,Los Angeles Angels,1,4
2025-08-30,2025-08-30T23:10Z,Final,4,Chicago White Sox,10,New York Yankees,3,5
2025-08-30,2025-08-30T23:10Z,Final,9,Minnesota Twins,25,San Diego Padres,3,12
2025-08-30,2025-08-30T23:15Z,Final,5,Cleveland Guardians,12,Seattle Mariners,4,3
2025-08-30,2025-08-30T23:15Z,Final,7,Kansas City Royals,6,Detroit Tigers,3,1
2025-08-30,2025-08-30T23:15Z,Final,26,San Francisco Giants,1,Baltimore Orioles,1,11
2025-08-30,2025-08-31T00:10Z,Final,27,Colorado Rockies,16,Chicago Cubs,3,4
2025-08-30,2025-08-31T01:10Z,Final,19,Los Angeles Dodgers,29,Arizona Diamondbacks,1,6
2025-08-30,2025-08-31T02:05Z,Final,11,Athletics,13,Texas Rangers,3,9
2025-08-31,2025-08-31T16:10Z,Final,17,Cincinnati Reds,24,St. Louis Cardinals,7,4
2025-08-31,2025-08-31T17:05Z,Final,9,Minnesota Twins,25,San Diego Padres,7,2
2025-08-31,2025-08-31T17:35Z,Final,2,Boston Red Sox,23,Pittsburgh Pirates,5,2
2025-08-31,2025-08-31T17:35Z,Final,20,Washington Nationals,30,Tampa Bay Rays,4,7
2025-08-31,2025-08-31T17:37Z,Final,14,Toronto Blue Jays,8,Milwaukee Brewers,8,4
2025-08-31,2025-08-31T17:40Z,Final,21,New York Mets,28,Miami Marlins,1,5
2025-08-31,2025-08-31T17:40Z,Final,5,Cleveland Guardians,12,Seattle Mariners,2,4
2025-08-31,2025-08-31T18:10Z,Final,18,Houston Astros,3,Los Angeles Angels,0,3
2025-08-31,2025-08-31T18:10Z,Final,7,Kansas City Royals,6,Detroit Tigers,0,5
2025-08-31,2025-08-31T18:10Z,Final,4,Chicago White Sox,10,New York Yankees,3,2
2025-08-31,2025-08-31T19:10Z,Final,27,Colorado Rockies,16,Chicago Cubs,6,5
2025-08-31,2025-08-31T20:05Z,Final,26,San Francisco Giants,1,Baltimore Orioles,13,2
2025-08-31,2025-08-31T20:05Z,Final,11,Athletics,13,Texas Rangers,6,9
2025-08-31,2025-08-31T20:10Z,Final,19,Los Angeles Dodgers,29,Arizona Diamondbacks,5,4
2025-08-31,2025-08-31T23:00Z,Final,22,Philadelphia Phillies,15,Atlanta Braves,1,3
2025-09-01,2025-09-01T17:05Z,Final,20,Washington Nationals,28,Miami Marlins,2,0
2025-09-01,2025-09-01T17:10Z,Final,6,Detroit Tigers,21,New York Mets,8,10
2025-09-01,2025-09-01T17:10Z,Final,17,Cincinnati Reds,14,Toronto Blue Jays,5,4
2025-09-01,2025-09-01T17:35Z,Final,2,Boston Red Sox,5,Cleveland Guardians,6,4
2025-09-01,2025-09-01T18:10Z,Final,18,Houston Astros,3,Los Angeles Angels,8,3
2025-09-01,2025-09-01T18:10Z,Final,9,Minnesota Twins,4,Chicago White Sox,5,6
2025-09-01,2025-09-01T18:15Z,Final,24,St. Louis Cardinals,11,Athletics,3,11
2025-09-01,2025-09-01T20:05Z,Final,16,Chicago Cubs,15,Atlanta Braves,7,6
2025-09-01,2025-09-01T20:10Z,Final,8,Milwaukee Brewers,22,Philadelphia Phillies,8,10
2025-09-01,2025-09-01T20:10Z,Final,27,Colorado Rockies,26,San Francisco Giants,2,8
2025-09-01,2025-09-01T22:40Z,Final,25,San Diego Padres,1,Baltimore Orioles,3,4
2025-09-01,2025-09-01T23:35Z,Final,30,Tampa Bay Rays,12,Seattle Mariners,10,2
2025-09-01,2025-09-02T00:10Z,Final,29,Arizona Diamondbacks,13,Texas Rangers,5,7
2025-09-02,2025-09-02T22:40Z,Final,23,Pittsburgh Pirates,19,Los Angeles Dodgers,9,7
2025-09-02,2025-09-02T22:40Z,Final,6,Detroit Tigers,21,New York Mets,5,12
2025-09-02,2025-09-02T22:40Z,Final,17,Cincinnati Reds,14,Toronto Blue Jays,9,12
2025-09-02,2025-09-02T22:45Z,Final,2,Boston Red Sox,5,Cleveland Guardians,11,7
2025-09-02,2025-09-02T22:45Z,Final,20,Washington Nationals,28,Miami Marlins,5,2
2025-09-02,2025-09-02T23:35Z,Final,30,Tampa Bay Rays,12,Seattle Mariners,6,5
2025-09-02,2025-09-02T23:40Z,Final,7,Kansas City Royals,3,Los Angeles Angels,1,5
2025-09-02,2025-09-02T23:40Z,Final,16,Chicago Cubs,15,Atlanta Braves,4,3
2025-09-02,2025-09-02T23:40Z,Final,9,Minnesota Twins,4,Chicago White Sox,3,12
2025-09-02,2025-09-02T23:45Z,Final,24,St. Louis Cardinals,11,Athletics,2,1
2025-09-02,2025-09-03T00:10Z,Final,18,Houston Astros,10,New York Yankees,1,7
2025-09-02,2025-09-03T00:40Z,Final,27,Colorado Rockies,26,San Francisco Giants,4,7
2025-09-02,2025-09-03T01:40Z,Final,25,San Diego Padres,1,Baltimore Orioles,2,6
2025-09-02,2025-09-03T01:40Z,Final,29,Arizona Diamondbacks,13,Texas Rangers,5,3
2025-09-03,2025-09-03T17:05Z,Final,20,Washington Nationals,28,Miami Marlins,10,5
2025-09-03,2025-09-03T17:10Z,Final,6,Detroit Tigers,21,New York Mets,6,2
2025-09-03,2025-09-03T19:40Z,Final,29,Arizona Diamondbacks,13,Texas Rangers,2,0
2025-09-03,2025-09-03T20:10Z,Final,25,San Diego Padres,1,Baltimore Orioles,5,7
2025-09-03,2025-09-03T22:40Z,Final,23,Pittsburgh Pirates,19,Los Angeles Dodgers,3,0
2025-09-03,2025-09-03T22:40Z,Final,17,Cincinnati Reds,14,Toronto Blue Jays,9,13
2025-09-03,2025-09-03T22:45Z,Final,2,Boston Red Sox,5,Cleveland Guardians,1,8
2025-09-03,2025-09-03T23:35Z,Final,30,Tampa Bay Rays,12,Seattle Mariners,9,4
2025-09-03,2025-09-03T23:40Z,Final,7,Kansas City Royals,3,Los Angeles Angels,3,4
2025-09-03,2025-09-03T23:40Z,Final,16,Chicago Cubs,15,Atlanta Braves,1,5
2025-09-03,2025-09-03T23:40Z,Final,9,Minnesota Twins,4,Chicago White Sox,3,4
2025-09-03,2025-09-03T23:40Z,Final,8,Milwaukee Brewers,22,Philadelphia Phillies,6,3
2025-09-03,2025-09-03T23:45Z,Final,24,St. Louis Cardinals,11,Athletics,5,1
2025-09-03,2025-09-04T00:10Z,Final,18,Houston Astros,10,New York Yankees,8,7
2025-09-03,2025-09-04T00:40Z,Final,27,Colorado Rockies,26,San Francisco Giants,8,10
2025-09-04,2025-09-04T20:10Z,Final,8,Milwaukee Brewers,22,Philadelphia Phillies,0,2
2025-09-04,2025-09-04T22:40Z,Final,23,Pittsburgh Pirates,19,Los Angeles Dodgers,5,3
2025-09-04,2025-09-04T23:35Z,Final,30,Tampa Bay Rays,5,Cleveland Guardians,4,2
2025-09-04,2025-09-04T23:40Z,Final,7,Kansas City Royals,3,Los Angeles Angels,4,3
2025-09-04,2025-09-04T23:40Z,Final,9,Minnesota Twins,4,Chicago White Sox,8,11
2025-09-04,2025-09-04T23:40Z,Final,18,Houston Astros,10,New York Yankees,4,8
2025-09-05,2025-09-05T18:20Z,Final,16,Chicago Cubs,20,Washington Nationals,11,5
2025-09-05,2025-09-05T22:40Z,Final,6,Detroit Tigers,4,Chicago White Sox,5,7
2025-09-05,2025-09-05T22:40Z,Final,23,Pittsburgh Pirates,8,Milwaukee Brewers,2,5
2025-09-05,2025-09-05T22:40Z,Final,17,Cincinnati Reds,21,New York Mets,4,5
2025-09-05,2025-09-05T23:05Z,Final,1,Baltimore Orioles,19,Los Angeles Dodgers,2,1
2025-09-05,2025-09-05T23:05Z,Final,10,New York Yankees,14,Toronto Blue Jays,1,7
2025-09-05,2025-09-05T23:10Z,Final,28,Miami Marlins,22,Philadelphia Phillies,3,9
2025-09-05,2025-09-05T23:15Z,Final,15,Atlanta Braves,12,Seattle Mariners,4,1
2025-09-05,2025-09-05T23:35Z,Final,30,Tampa Bay Rays,5,Cleveland Guardians,1,7
2025-09-05,2025-09-05T23:40Z,Final,7,Kansas City Royals,9,Minnesota Twins,2,1
2025-09-05,2025-09-06T00:05Z,Final,13,Texas Rangers,18,Houston Astros,4,3
2025-09-05,2025-09-06T00:15Z,Final,24,St. Louis Cardinals,26,San Francisco Giants,2,8
2025-09-05,2025-09-06T00:40Z,Final,27,Colorado Rockies,25,San Diego Padres,3,0
2025-09-05,2025-09-06T01:38Z,Final,3,Los Angeles Angels,11,Athletics,4,10
2025-09-05,2025-09-06T01:40Z,Final,29,Arizona Diamondbacks,2,Boston Red Sox,10,5
2025-09-06,2025-09-06T17:05Z,Final,10,New York Yankees,14,Toronto Blue Jays,3,1
2025-09-06,2025-09-06T18:20Z,Final,16,Chicago Cubs,20,Washington Nationals,1,2
2025-09-06,2025-09-06T20:10Z,Final,28,Miami Marlins,22,Philadelphia Phillies,2,4
2025-09-06,2025-09-06T22:10Z,Final,6,Detroit Tigers,4,Chicago White Sox,6,0
2025-09-06,2025-09-06T22:40Z,Final,23,Pittsburgh Pirates,8,Milwaukee Brewers,1,4
2025-09-06,2025-09-06T22:40Z,Final,17,Cincinnati Reds,21,New York Mets,6,3
2025-09-06,2025-09-06T23:05Z,Final,30,Tampa Bay Rays,5,Cleveland Guardians,2,3
2025-09-06,2025-09-06T23:05Z,Final,1,Baltimore Orioles,19,Los Angeles Dodgers,4,3
2025-09-06,2025-09-06T23:15Z,Final,15,Atlanta Braves,12,Seattle Mariners,2,10
2025-09-06,2025-09-06T23:15Z,Final,13,Texas Rangers,18,Houston Astros,0,11
2025-09-06,2025-09-06T23:15Z,Final,7,Kansas City Royals,9,Minnesota Twins,11,2
2025-09-06,2025-09-06T23:15Z,Final,24,St. Louis Cardinals,26,San Francisco Giants,3,2
2025-09-06,2025-09-07T00:10Z,Final,27,Colorado Rockies,25,San Diego Padres,8,10
2025-09-06,2025-09-07T00:10Z,Final,29,Arizona Diamondbacks,2,Boston Red Sox,5,1
2025-09-06,2025-09-07T01:38Z,Final,3,Los Angeles Angels,11,Athletics,4,17
2025-09-07,2025-09-07T16:05Z,Final,15,Atlanta Braves,12,Seattle Mariners,2,18
2025-09-07,2025-09-07T16:10Z,Final,30,Tampa Bay Rays,5,Cleveland Guardians,1,2
2025-09-07,2025-09-07T17:35Z,Final,1,Baltimore Orioles,19,Los Angeles Dodgers,2,5
2025-09-07,2025-09-07T17:35Z,Final,23,Pittsburgh Pirates,8,Milwaukee Brewers,2,10
2025-09-07,2025-09-07T17:35Z,Final,10,New York Yankees,14,Toronto Blue Jays,4,3
2025-09-07,2025-09-07T17:40Z,Final,6,Detroit Tigers,4,Chicago White Sox,4,6
2025-09-07,2025-09-07T17:40Z,Final,17,Cincinnati Reds,21,New York Mets,3,2
2025-09-07,2025-09-07T17:40Z,Final,28,Miami Marlins,22,Philadelphia Phillies,5,4
2025-09-07,2025-09-07T18:10Z,Final,7,Kansas City Royals,9,Minnesota Twins,1,5
2025-09-07,2025-09-07T18:15Z,Final,24,St. Louis Cardinals,26,San Francisco Giants,4,3
2025-09-07,2025-09-07T18:20Z,Final,16,Chicago Cubs,20,Washington Nationals,3,6
2025-09-07,2025-09-07T18:35Z,Final,13,Texas Rangers,18,Houston Astros,4,2
2025-09-07,2025-09-07T19:10Z,Final,27,Colorado Rockies,25,San Diego Padres,1,8
2025-09-07,2025-09-07T20:07Z,Final,3,Los Angeles Angels,11,Athletics,4,3
2025-09-07,2025-09-07T20:10Z,Final,29,Arizona Diamondbacks,2,Boston Red Sox,4,7
2025-09-08,2025-09-08T22:40Z,Final,5,Cleveland Guardians,7,Kansas City Royals,10,2
2025-09-08,2025-09-08T22:40Z,Final,28,Miami Marlins,20,Washington Nationals,7,15
2025-09-08,2025-09-08T22:45Z,Final,22,Philadelphia Phillies,21,New York Mets,1,0
2025-09-08,2025-09-08T23:15Z,Final,15,Atlanta Braves,16,Chicago Cubs,4,1
2025-09-08,2025-09-09T00:05Z,Final,13,Texas Rangers,8,Milwaukee Brewers,5,0
2025-09-08,2025-09-09T01:38Z,Final,3,Los Angeles Angels,9,Minnesota Twins,3,12
2025-09-08,2025-09-09T01:40Z,Final,25,San Diego Padres,17,Cincinnati Reds,4,3
2025-09-08,2025-09-09T01:40Z,Final,12,Seattle Mariners,24,St. Louis Cardinals,4,2
2025-09-08,2025-09-09T01:45Z,Final,26,San Francisco Giants,29,Arizona Diamondbacks,11,5
2025-09-08,2025-09-09T02:05Z,Final,11,Athletics,2,Boston Red Sox,0,7
2025-09-08,2025-09-09T02:10Z,Final,19,Los Angeles Dodgers,27,Colorado Rockies,3,1
2025-09-09,2025-09-09T22:35Z,Final,1,Baltimore Orioles,23,Pittsburgh Pirates,3,2
2025-09-09,2025-09-09T22:40Z,Final,5,Cleveland Guardians,7,Kansas City Royals,2,0
2025-09-09,2025-09-09T22:40Z,Final,28,Miami Marlins,20,Washington Nationals,5,7
2025-09-09,2025-09-09T22:45Z,Final,22,Philadelphia Phillies,21,New York Mets,9,3
2025-09-09,2025-09-09T23:05Z,Final,10,New York Yankees,6,Detroit Tigers,2,12
2025-09-09,2025-09-09T23:07Z,Final,14,Toronto Blue Jays,18,Houston Astros,4,3
2025-09-09,2025-09-09T23:15Z,Final,15,Atlanta Braves,16,Chicago Cubs,1,6
2025-09-09,2025-09-09T23:40Z,Final,4,Chicago White Sox,30,Tampa Bay Rays,4,5
2025-09-09,2025-09-10T00:05Z,Final,13,Texas Rangers,8,Milwaukee Brewers,5,4
2025-09-09,2025-09-10T01:38Z,Final,3,Los Angeles Angels,9,Minnesota Twins,12,2
2025-09-09,2025-09-10T01:40Z,Final,25,San Diego Padres,17,Cincinnati Reds,2,4
2025-09-09,2025-09-10T01:40Z,Final,12,Seattle Mariners,24,St. Louis Cardinals,5,3
2025-09-09,2025-09-10T01:45Z,Final,26,San Francisco Giants,29,Arizona Diamondbacks,5,3
2025-09-09,2025-09-10T02:05Z,Final,11,Athletics,2,Boston Red Sox,0,6
2025-09-09,2025-09-10T02:10Z,Final,19,Los Angeles Dodgers,27,Colorado Rockies,7,2
2025-09-10,2025-09-10T18:35Z,Final,13,Texas Rangers,8,Milwaukee Brewers,6,3
2025-09-10,2025-09-10T19:35Z,Final,11,Athletics,2,Boston Red Sox,5,4
2025-09-10,2025-09-10T19:45Z,Final,26,San Francisco Giants,29,Arizona Diamondbacks,3,5
2025-09-10,2025-09-10T20:07Z,Final,3,Los Angeles Angels,9,Minnesota Twins,4,3
2025-09-10,2025-09-10T22:35Z,Final,1,Baltimore Orioles,23,Pittsburgh Pirates,2,1
2025-09-10,2025-09-10T22:40Z,Final,5,Cleveland Guardians,7,Kansas City Royals,3,4
2025-09-10,2025-09-10T22:40Z,Final,28,Miami Marlins,20,Washington Nationals,8,3
2025-09-10,2025-09-10T22:45Z,Final,22,Philadelphia Phillies,21,New York Mets,11,3
2025-09-10,2025-09-10T23:05Z,Final,10,New York Yankees,6,Detroit Tigers,1,11
2025-09-10,2025-09-10T23:07Z,Final,14,Toronto Blue Jays,18,Houston Astros,2,3
2025-09-10,2025-09-10T23:15Z,Final,15,Atlanta Braves,16,Chicago Cubs,2,3
2025-09-10,2025-09-10T23:40Z,Final,4,Chicago White Sox,30,Tampa Bay Rays,6,5
2025-09-10,2025-09-11T00:40Z,Final,25,San Diego Padres,17,Cincinnati Reds,1,2
2025-09-10,2025-09-11T01:40Z,Final,12,Seattle Mariners,24,St. Louis Cardinals,4,2
2025-09-10,2025-09-11T02:10Z,Final,19,Los Angeles Dodgers,27,Colorado Rockies,9,0
2025-09-11,2025-09-11T17:05Z,Final,1,Baltimore Orioles,23,Pittsburgh Pirates,3,2
2025-09-11,2025-09-11T18:10Z,Final,4,Chicago White Sox,30,Tampa Bay Rays,5,1
2025-09-11,2025-09-11T19:07Z,Final,14,Toronto Blue Jays,18,Houston Astros,6,0
2025-09-11,2025-09-11T22:40Z,Final,28,Miami Marlins,20,Washington Nationals,5,0
2025-09-11,2025-09-11T23:05Z,Final,10,New York Yankees,6,Detroit Tigers,9,3
2025-09-11,2025-09-11T23:15Z,Final,5,Cleveland Guardians,7,Kansas City Royals,3,2
2025-09-11,2025-09-11T23:15Z,Final,22,Philadelphia Phillies,21,New York Mets,6,4
2025-09-11,2025-09-12T01:40Z,Final,12,Seattle Mariners,3,Los Angeles Angels,7,6
2025-09-11,2025-09-12T01:40Z,Final,25,San Diego Padres,27,Colorado Rockies,2,0
2025-09-12,2025-09-12T18:20Z,Final,16,Chicago Cubs,30,Tampa Bay Rays,6,4
2025-09-12,2025-09-12T22:45Z,Final,22,Philadelphia Phillies,7,Kansas City Royals,8,2
2025-09-12,2025-09-12T22:45Z,Final,20,Washington Nationals,23,Pittsburgh Pirates,6,5
2025-09-12,2025-09-12T23:07Z,Final,14,Toronto Blue Jays,1,Baltimore Orioles,6,1
2025-09-12,2025-09-12T23:10Z,Final,5,Cleveland Guardians,4,Chicago White Sox,4,0
2025-09-12,2025-09-12T23:10Z,Final,28,Miami Marlins,6,Detroit Tigers,8,2
2025-09-12,2025-09-12T23:10Z,Final,2,Boston Red Sox,10,New York Yankees,1,4
2025-09-12,2025-09-12T23:10Z,Final,21,New York Mets,13,Texas Rangers,3,8
2025-09-12,2025-09-12T23:15Z,Final,15,Atlanta Braves,18,Houston Astros,3,11
2025-09-12,2025-09-13T00:10Z,Final,9,Minnesota Twins,29,Arizona Diamondbacks,9,8
2025-09-12,2025-09-13T00:10Z,Final,8,Milwaukee Brewers,24,St. Louis Cardinals,8,2
2025-09-12,2025-09-13T01:40Z,Final,25,San Diego Padres,27,Colorado Rockies,2,4
2025-09-12,2025-09-13T02:05Z,Final,11,Athletics,17,Cincinnati Reds,3,0
2025-09-12,2025-09-13T02:10Z,Final,12,Seattle Mariners,3,Los Angeles Angels,2,1
2025-09-12,2025-09-13T02:15Z,Final,26,San Francisco Giants,19,Los Angeles Dodgers,5,1
2025-09-13,2025-09-13T18:20Z,Final,16,Chicago Cubs,30,Tampa Bay Rays,4,5
2025-09-13,2025-09-13T19:07Z,Final,14,Toronto Blue Jays,1,Baltimore Orioles,5,4
2025-09-13,2025-09-13T20:05Z,Final,20,Washington Nationals,23,Pittsburgh Pirates,1,5
2025-09-13,2025-09-13T20:10Z,Final,28,Miami Marlins,6,Detroit Tigers,6,4
2025-09-13,2025-09-13T20:10Z,Final,2,Boston Red Sox,10,New York Yankees,3,5
2025-09-13,2025-09-13T20:10Z,Final,21,New York Mets,13,Texas Rangers,2,3
2025-09-13,2025-09-13T22:05Z,Final,22,Philadelphia Phillies,7,Kansas City Royals,8,6
2025-09-13,2025-09-13T22:10Z,Final,5,Cleveland Guardians,4,Chicago White Sox,3,1
2025-09-13,2025-09-13T23:10Z,Final,9,Minnesota Twins,29,Arizona Diamondbacks,2,5
2025-09-13,2025-09-13T23:15Z,Final,15,Atlanta Braves,18,Houston Astros,2,6
2025-09-13,2025-09-14T00:15Z,Final,8,Milwaukee Brewers,24,St. Louis Cardinals,9,8
2025-09-13,2025-09-14T00:40Z,Final,25,San Diego Padres,27,Colorado Rockies,11,3
2025-09-13,2025-09-14T01:05Z,Final,26,San Francisco Giants,19,Los Angeles Dodgers,7,13
2025-09-13,2025-09-14T01:40Z,Final,12,Seattle Mariners,3,Los Angeles Angels,5,3
2025-09-13,2025-09-14T02:05Z,Final,11,Athletics,17,Cincinnati Reds,11,5
2025-09-14,2025-09-14T15:35Z,Final,20,Washington Nationals,23,Pittsburgh Pirates,4,3
2025-09-14,2025-09-14T17:35Z,Final,15,Atlanta Braves,18,Houston Astros,8,3
2025-09-14,2025-09-14T17:35Z,Final,22,Philadelphia Phillies,7,Kansas City Royals,3,10
2025-09-14,2025-09-14T17:37Z,Final,14,Toronto Blue Jays,1,Baltimore Orioles,11,2
2025-09-14,2025-09-14T17:40Z,Final,5,Cleveland Guardians,4,Chicago White Sox,3,2
2025-09-14,2025-09-14T17:40Z,Final,28,Miami Marlins,6,Detroit Tigers,0,2
2025-09-14,2025-09-14T17:40Z,Final,21,New York Mets,13,Texas Rangers,5,2
2025-09-14,2025-09-14T18:10Z,Final,9,Minnesota Twins,29,Arizona Diamondbacks,4,6
2025-09-14,2025-09-14T18:10Z,Final,8,Milwaukee Brewers,24,St. Louis Cardinals,2,3
2025-09-14,2025-09-14T18:20Z,Final,16,Chicago Cubs,30,Tampa Bay Rays,4,3
2025-09-14,2025-09-14T20:05Z,Final,26,San Francisco Giants,19,Los Angeles Dodgers,2,10
2025-09-14,2025-09-14T20:05Z,Final,11,Athletics,17,Cincinnati Reds,7,4
2025-09-14,2025-09-14T20:10Z,Final,12,Seattle Mariners,3,Los Angeles Angels,11,2
2025-09-14,2025-09-14T20:10Z,Final,25,San Diego Padres,27,Colorado Rockies,9,6
2025-09-14,2025-09-14T23:00Z,Final,2,Boston Red Sox,10,New York Yankees,6,4
2025-09-15,2025-09-15T22:40Z,Final,23,Pittsburgh Pirates,16,Chicago Cubs,0,4
2025-09-15,2025-09-15T22:45Z,Final,20,Washington Nationals,15,Atlanta Braves,3,11
2025-09-15,2025-09-15T23:35Z,Final,30,Tampa Bay Rays,14,Toronto Blue Jays,1,2
2025-09-15,2025-09-15T23:40Z,Final,4,Chicago White Sox,1,Baltimore Orioles,1,4
2025-09-15,2025-09-15T23:40Z,Final,9,Minnesota Twins,10,New York Yankees,7,0
2025-09-15,2025-09-15T23:45Z,Final,24,St. Louis Cardinals,17,Cincinnati Reds,6,11
2025-09-15,2025-09-16T00:10Z,Final,18,Houston Astros,13,Texas Rangers,6,3
2025-09-15,2025-09-16T01:40Z,Final,29,Arizona Diamondbacks,26,San Francisco Giants,8,1
2025-09-15,2025-09-16T02:10Z,Final,19,Los Angeles Dodgers,22,Philadelphia Phillies,5,6
2025-09-16,2025-09-16T17:05Z,Final,20,Washington Nationals,15,Atlanta Braves,3,6
2025-09-16,2025-09-16T22:40Z,Final,23,Pittsburgh Pirates,16,Chicago Cubs,1,4
2025-09-16,2025-09-16T22:40Z,Final,6,Detroit Tigers,5,Cleveland Guardians,5,7
2025-09-16,2025-09-16T22:45Z,Final,20,Washington Nationals,15,Atlanta Braves,0,5
2025-09-16,2025-09-16T22:45Z,Final,2,Boston Red Sox,11,Athletics,1,2
2025-09-16,2025-09-16T23:10Z,Final,21,New York Mets,25,San Diego Padres,8,3
2025-09-16,2025-09-16T23:35Z,Final,30,Tampa Bay Rays,14,Toronto Blue Jays,5,6
2025-09-16,2025-09-16T23:40Z,Final,8,Milwaukee Brewers,3,Los Angeles Angels,9,2
2025-09-16,2025-09-16T23:40Z,Final,4,Chicago White Sox,1,Baltimore Orioles,7,8
2025-09-16,2025-09-16T23:40Z,Final,9,Minnesota Twins,10,New York Yankees,9,10
2025-09-16,2025-09-16T23:40Z,Final,7,Kansas City Royals,12,Seattle Mariners,5,12
2025-09-16,2025-09-16T23:45Z,Final,24,St. Louis Cardinals,17,Cincinnati Reds,3,0
2025-09-16,2025-09-17T00:10Z,Final,18,Houston Astros,13,Texas Rangers,6,5
2025-09-16,2025-09-17T00:40Z,Final,27,Colorado Rockies,28,Miami Marlins,5,6
2025-09-16,2025-09-17T01:40Z,Final,29,Arizona Diamondbacks,26,San Francisco Giants,6,5
2025-09-16,2025-09-17T02:10Z,Final,19,Los Angeles Dodgers,22,Philadelphia Phillies,6,9
2025-09-17,2025-09-17T16:35Z,Final,23,Pittsburgh Pirates,16,Chicago Cubs,4,8
2025-09-17,2025-09-17T17:15Z,Final,24,St. Louis Cardinals,17,Cincinnati Reds,2,6
2025-09-17,2025-09-17T18:10Z,Final,4,Chicago White Sox,1,Baltimore Orioles,1,3
2025-09-17,2025-09-17T19:40Z,Final,29,Arizona Diamondbacks,26,San Francisco Giants,1,5
2025-09-17,2025-09-17T20:05Z,Final,20,Washington Nationals,15,Atlanta Braves,4,9
2025-09-17,2025-09-17T22:40Z,Final,6,Detroit Tigers,5,Cleveland Guardians,0,4
2025-09-17,2025-09-17T22:45Z,Final,2,Boston Red Sox,11,Athletics,5,4
2025-09-17,2025-09-17T23:05Z,Final,30,Tampa Bay Rays,14,Toronto Blue Jays,2,1
2025-09-17,2025-09-17T23:10Z,Final,21,New York Mets,25,San Diego Padres,4,7
2025-09-17,2025-09-17T23:40Z,Final,8,Milwaukee Brewers,3,Los Angeles Angels,9,2
2025-09-17,2025-09-17T23:40Z,Final,9,Minnesota Twins,10,New York Yankees,5,10
2025-09-17,2025-09-17T23:40Z,Final,7,Kansas City Royals,12,Seattle Mariners,7,5
2025-09-17,2025-09-18T00:10Z,Final,18,Houston Astros,13,Texas Rangers,5,2
2025-09-17,2025-09-18T00:40Z,Final,27,Colorado Rockies,28,Miami Marlins,4,8
2025-09-17,2025-09-18T02:10Z,Final,19,Los Angeles Dodgers,22,Philadelphia Phillies,5,0
2025-09-18,2025-09-18T17:10Z,Final,6,Detroit Tigers,5,Cleveland Guardians,1,3
2025-09-18,2025-09-18T17:10Z,Final,21,New York Mets,25,San Diego Padres,6,1
2025-09-18,2025-09-18T17:10Z,Final,30,Tampa Bay Rays,14,Toronto Blue Jays,4,0
2025-09-18,2025-09-18T17:35Z,Final,2,Boston Red Sox,11,Athletics,3,5
2025-09-18,2025-09-18T18:10Z,Final,7,Kansas City Royals,12,Seattle Mariners,0,2
2025-09-18,2025-09-18T19:10Z,Final,27,Colorado Rockies,28,Miami Marlins,7,9
2025-09-18,2025-09-18T23:15Z,Final,17,Cincinnati Reds,16,Chicago Cubs,1,0
2025-09-18,2025-09-18T23:15Z,Final,1,Baltimore Orioles,10,New York Yankees,0,7
2025-09-18,2025-09-18T23:40Z,Final,8,Milwaukee Brewers,3,Los Angeles Angels,5,2
2025-09-18,2025-09-19T02:10Z,Final,19,Los Angeles Dodgers,26,San Francisco Giants,2,1
2025-09-19,2025-09-19T22:40Z,Final,6,Detroit Tigers,15,Atlanta Braves,1,10
2025-09-19,2025-09-19T22:40Z,Final,17,Cincinnati Reds,16,Chicago Cubs,7,4
2025-09-19,2025-09-19T22:40Z,Final,23,Pittsburgh Pirates,11,Athletics,3,4
2025-09-19,2025-09-19T23:05Z,Final,1,Baltimore Orioles,10,New York Yankees,4,2
2025-09-19,2025-09-19T23:10Z,Final,21,New York Mets,20,Washington Nationals,12,6
2025-09-19,2025-09-19T23:35Z,Final,30,Tampa Bay Rays,2,Boston Red Sox,7,11
2025-09-19,2025-09-19T23:40Z,Final,4,Chicago White Sox,25,San Diego Padres,4,3
2025-09-19,2025-09-19T23:40Z,Final,7,Kansas City Royals,14,Toronto Blue Jays,20,1
2025-09-19,2025-09-20T00:05Z,Final,13,Texas Rangers,28,Miami Marlins,4,6
2025-09-19,2025-09-20T00:10Z,Final,9,Minnesota Twins,5,Cleveland Guardians,2,6
2025-09-19,2025-09-20T00:10Z,Final,18,Houston Astros,12,Seattle Mariners,0,4
2025-09-19,2025-09-20T00:10Z,Final,27,Colorado Rockies,3,Los Angeles Angels,7,6
2025-09-19,2025-09-20T00:15Z,Final,24,St. Louis Cardinals,8,Milwaukee Brewers,7,1
2025-09-19,2025-09-20T01:40Z,Final,29,Arizona Diamondbacks,22,Philadelphia Phillies,2,8
2025-09-19,2025-09-20T02:10Z,Final,19,Los Angeles Dodgers,26,San Francisco Giants,6,3
2025-09-20,2025-09-20T17:10Z,Final,6,Detroit Tigers,15,Atlanta Braves,5,6
2025-09-20,2025-09-20T18:10Z,Final,9,Minnesota Twins,5,Cleveland Guardians,0,6
2025-09-20,2025-09-20T20:10Z,Final,21,New York Mets,20,Washington Nationals,3,5
2025-09-20,2025-09-20T22:40Z,Final,17,Cincinnati Reds,16,Chicago Cubs,6,3
2025-09-20,2025-09-20T22:40Z,Final,23,Pittsburgh Pirates,11,Athletics,2,0
2025-09-20,2025-09-20T23:05Z,Final,30,Tampa Bay Rays,2,Boston Red Sox,3,6
2025-09-20,2025-09-20T23:05Z,Final,1,Baltimore Orioles,10,New York Yankees,1,6
2025-09-20,2025-09-20T23:05Z,Final,13,Texas Rangers,28,Miami Marlins,3,4
2025-09-20,2025-09-20T23:10Z,Final,4,Chicago White Sox,25,San Diego Padres,3,7
2025-09-20,2025-09-20T23:10Z,Final,18,Houston Astros,12,Seattle Mariners,4,6
2025-09-20,2025-09-20T23:10Z,Final,7,Kansas City Royals,14,Toronto Blue Jays,2,1
2025-09-20,2025-09-20T23:10Z,Final,9,Minnesota Twins,5,Cleveland Guardians,0,8
2025-09-20,2025-09-20T23:15Z,Final,24,St. Louis Cardinals,8,Milwaukee Brewers,2,3
2025-09-20,2025-09-21T00:10Z,Final,27,Colorado Rockies,3,Los Angeles Angels,0,3
2025-09-20,2025-09-21T00:10Z,Final,29,Arizona Diamondbacks,22,Philadelphia Phillies,4,3
2025-09-20,2025-09-21T01:10Z,Final,19,Los Angeles Dodgers,26,San Francisco Giants,7,5
2025-09-21,2025-09-21T17:10Z,Final,6,Detroit Tigers,15,Atlanta Braves,2,6
2025-09-21,2025-09-21T17:35Z,Final,1,Baltimore Orioles,10,New York Yankees,1,7
2025-09-21,2025-09-21T17:35Z,Final,23,Pittsburgh Pirates,11,Athletics,11,0
2025-09-21,2025-09-21T17:40Z,Final,17,Cincinnati Reds,16,Chicago Cubs,1,0
2025-09-21,2025-09-21T17:40Z,Final,21,New York Mets,20,Washington Nationals,2,3
2025-09-21,2025-09-21T18:10Z,Final,9,Minnesota Twins,5,Cleveland Guardians,6,2
2025-09-21,2025-09-21T18:10Z,Final,4,Chicago White Sox,25,San Diego Padres,2,3
2025-09-21,2025-09-21T18:10Z,Final,7,Kansas City Royals,14,Toronto Blue Jays,5,8
2025-09-21,2025-09-21T18:15Z,Final,24,St. Louis Cardinals,8,Milwaukee Brewers,5,1
2025-09-21,2025-09-21T18:35Z,Final,13,Texas Rangers,28,Miami Marlins,2,4
2025-09-21,2025-09-21T19:10Z,Final,27,Colorado Rockies,3,Los Angeles Angels,3,1
2025-09-21,2025-09-21T20:10Z,Final,29,Arizona Diamondbacks,22,Philadelphia Phillies,9,2
2025-09-21,2025-09-21T20:10Z,Final,19,Los Angeles Dodgers,26,San Francisco Giants,1,3
2025-09-21,2025-09-21T23:00Z,Final,18,Houston Astros,12,Seattle Mariners,3,7
2025-09-21,2025-09-21T23:35Z,Final,30,Tampa Bay Rays,2,Boston Red Sox,7,3
2025-09-22,2025-09-22T23:15Z,Final,15,Atlanta Braves,20,Washington Nationals,11,5
2025-09-22,2025-09-23T01:40Z,Final,25,San Diego Padres,8,Milwaukee Brewers,5,4
2025-09-22,2025-09-23T01:45Z,Final,26,San Francisco Giants,24,St. Louis Cardinals,5,6
2025-09-23,2025-09-23T22:35Z,Final,1,Baltimore Orioles,30,Tampa Bay Rays,6,0
2025-09-23,2025-09-23T22:40Z,Final,5,Cleveland Guardians,6,Detroit Tigers,5,2
2025-09-23,2025-09-23T22:40Z,Final,17,Cincinnati Reds,23,Pittsburgh Pirates,2,4
2025-09-23,2025-09-23T22:45Z,Final,22,Philadelphia Phillies,28,Miami Marlins,5,6
2025-09-23,2025-09-23T23:05Z,Final,10,New York Yankees,4,Chicago White Sox,3,2
2025-09-23,2025-09-23T23:07Z,Final,14,Toronto Blue Jays,2,Boston Red Sox,1,4
2025-09-23,2025-09-23T23:15Z,Final,15,Atlanta Braves,20,Washington Nationals,3,2
2025-09-23,2025-09-23T23:40Z,Final,16,Chicago Cubs,21,New York Mets,7,9
2025-09-23,2025-09-24T00:05Z,Final,13,Texas Rangers,9,Minnesota Twins,1,4
2025-09-23,2025-09-24T01:38Z,Final,3,Los Angeles Angels,7,Kansas City Royals,4,8
2025-09-23,2025-09-24T01:40Z,Final,12,Seattle Mariners,27,Colorado Rockies,4,3
2025-09-23,2025-09-24T01:40Z,Final,29,Arizona Diamondbacks,19,Los Angeles Dodgers,5,4
2025-09-23,2025-09-24T01:40Z,Final,25,San Diego Padres,8,Milwaukee Brewers,7,0
2025-09-23,2025-09-24T01:45Z,Final,26,San Francisco Giants,24,St. Louis Cardinals,8,9
2025-09-23,2025-09-24T02:05Z,Final,11,Athletics,18,Houston Astros,5,1
2025-09-24,2025-09-24T16:15Z,Final,15,Atlanta Braves,20,Washington Nationals,3,4
2025-09-24,2025-09-24T20:10Z,Final,25,San Diego Padres,8,Milwaukee Brewers,1,3
2025-09-24,2025-09-24T22:35Z,Final,1,Baltimore Orioles,30,Tampa Bay Rays,2,6
2025-09-24,2025-09-24T22:40Z,Final,5,Cleveland Guardians,6,Detroit Tigers,5,1
2025-09-24,2025-09-24T22:40Z,Final,17,Cincinnati Reds,23,Pittsburgh Pirates,3,4
2025-09-24,2025-09-24T22:45Z,Final,22,Philadelphia Phillies,28,Miami Marlins,11,1
2025-09-24,2025-09-24T23:05Z,Final,10,New York Yankees,4,Chicago White Sox,8,1
2025-09-24,2025-09-24T23:07Z,Final,14,Toronto Blue Jays,2,Boston Red Sox,1,7
2025-09-24,2025-09-25T00:05Z,Final,13,Texas Rangers,9,Minnesota Twins,4,2
2025-09-24,2025-09-25T00:05Z,Final,16,Chicago Cubs,21,New York Mets,10,3
2025-09-24,2025-09-25T01:38Z,Final,3,Los Angeles Angels,7,Kansas City Royals,3,2
2025-09-24,2025-09-25T01:40Z,Final,12,Seattle Mariners,27,Colorado Rockies,9,2
2025-09-24,2025-09-25T01:40Z,Final,29,Arizona Diamondbacks,19,Los Angeles Dodgers,4,5
2025-09-24,2025-09-25T01:45Z,Final,26,San Francisco Giants,24,St. Louis Cardinals,4,3
2025-09-24,2025-09-25T02:05Z,Final,11,Athletics,18,Houston Astros,6,0
2025-09-25,2025-09-25T16:40Z,Final,17,Cincinnati Reds,23,Pittsburgh Pirates,2,1
2025-09-25,2025-09-25T17:05Z,Final,1,Baltimore Orioles,30,Tampa Bay Rays,6,5
2025-09-25,2025-09-25T18:35Z,Final,13,Texas Rangers,9,Minnesota Twins,0,4
2025-09-25,2025-09-25T19:35Z,Final,11,Athletics,18,Houston Astros,5,11
2025-09-25,2025-09-25T19:40Z,Final,29,Arizona Diamondbacks,19,Los Angeles Dodgers,0,8
2025-09-25,2025-09-25T22:05Z,Final,22,Philadelphia Phillies,28,Miami Marlins,1,0
2025-09-25,2025-09-25T22:40Z,Final,5,Cleveland Guardians,6,Detroit Tigers,2,4
2025-09-25,2025-09-25T23:05Z,Final,10,New York Yankees,4,Chicago White Sox,5,3
2025-09-25,2025-09-25T23:07Z,Final,14,Toronto Blue Jays,2,Boston Red Sox,6,1
2025-09-25,2025-09-25T23:40Z,Final,16,Chicago Cubs,21,New York Mets,5,8
2025-09-25,2025-09-26T01:38Z,Final,3,Los Angeles Angels,7,Kansas City Royals,4,9
2025-09-25,2025-09-26T01:40Z,Final,12,Seattle Mariners,27,Colorado Rockies,6,2
2025-09-26,2025-09-26T18:20Z,Final,16,Chicago Cubs,24,St. Louis Cardinals,12,1
2025-09-26,2025-09-26T22:45Z,Final,20,Washington Nationals,4,Chicago White Sox,9,10
2025-09-26,2025-09-26T22:45Z,Final,22,Philadelphia Phillies,9,Minnesota Twins,3,1
2025-09-26,2025-09-26T23:05Z,Final,10,New York Yankees,1,Baltimore Orioles,8,4
2025-09-26,2025-09-26T23:07Z,Final,14,Toronto Blue Jays,30,Tampa Bay Rays,4,2
2025-09-26,2025-09-26T23:10Z,Final,2,Boston Red Sox,6,Detroit Tigers,4,3
2025-09-26,2025-09-26T23:10Z,Final,28,Miami Marlins,21,New York Mets,6,2
2025-09-26,2025-09-26T23:10Z,Final,5,Cleveland Guardians,13,Texas Rangers,3,7
2025-09-26,2025-09-26T23:15Z,Final,15,Atlanta Braves,23,Pittsburgh Pirates,3,9
2025-09-26,2025-09-27T00:10Z,Final,8,Milwaukee Brewers,17,Cincinnati Reds,1,3
2025-09-26,2025-09-27T01:38Z,Final,3,Los Angeles Angels,18,Houston Astros,4,3
2025-09-26,2025-09-27T01:40Z,Final,25,San Diego Padres,29,Arizona Diamondbacks,7,4
2025-09-26,2025-09-27T01:40Z,Final,12,Seattle Mariners,19,Los Angeles Dodgers,2,3
2025-09-26,2025-09-27T02:05Z,Final,11,Athletics,7,Kansas City Royals,4,3
2025-09-26,2025-09-27T02:15Z,Final,26,San Francisco Giants,27,Colorado Rockies,6,3
2025-09-27,2025-09-27T17:05Z,Final,10,New York Yankees,1,Baltimore Orioles,6,1
2025-09-27,2025-09-27T18:20Z,Final,16,Chicago Cubs,24,St. Louis Cardinals,7,3
2025-09-27,2025-09-27T19:07Z,Final,14,Toronto Blue Jays,30,Tampa Bay Rays,5,1
2025-09-27,2025-09-27T20:05Z,Final,20,Washington Nationals,4,Chicago White Sox,6,5
2025-09-27,2025-09-27T20:05Z,Final,26,San Francisco Giants,27,Colorado Rockies,4,3
2025-09-27,2025-09-27T20:10Z,Final,2,Boston Red Sox,6,Detroit Tigers,1,2
2025-09-27,2025-09-27T20:10Z,Final,28,Miami Marlins,21,New York Mets,0,5
2025-09-27,2025-09-27T22:05Z,Final,22,Philadelphia Phillies,9,Minnesota Twins,0,5
2025-09-27,2025-09-27T23:15Z,Final,15,Atlanta Braves,23,Pittsburgh Pirates,1,3
2025-09-27,2025-09-27T23:15Z,Final,5,Cleveland Guardians,13,Texas Rangers,3,2
2025-09-27,2025-09-27T23:15Z,Final,8,Milwaukee Brewers,17,Cincinnati Reds,4,7
2025-09-27,2025-09-28T00:40Z,Final,25,San Diego Padres,29,Arizona Diamondbacks,5,1
2025-09-27,2025-09-28T01:38Z,Final,3,Los Angeles Angels,18,Houston Astros,1,6
2025-09-27,2025-09-28T01:40Z,Final,12,Seattle Mariners,19,Los Angeles Dodgers,3,5
2025-09-27,2025-09-28T02:05Z,Final,11,Athletics,7,Kansas City Royals,2,4
2025-09-28,2025-09-28T19:05Z,Final,10,New York Yankees,1,Baltimore Orioles,3,2
2025-09-28,2025-09-28T19:05Z,Final,20,Washington Nationals,4,Chicago White Sox,0,8
2025-09-28,2025-09-28T19:05Z,Final,2,Boston Red Sox,6,Detroit Tigers,4,3
2025-09-28,2025-09-28T19:05Z,Final,22,Philadelphia Phillies,9,Minnesota Twins,2,1
2025-09-28,2025-09-28T19:05Z,Final,26,San Francisco Giants,27,Colorado Rockies,4,0
2025-09-28,2025-09-28T19:05Z,Final,11,Athletics,7,Kansas City Royals,2,9
2025-09-28,2025-09-28T19:07Z,Final,14,Toronto Blue Jays,30,Tampa Bay Rays,13,4
2025-09-28,2025-09-28T19:07Z,Final,3,Los Angeles Angels,18,Houston Astros,2,6
2025-09-28,2025-09-28T19:10Z,Final,28,Miami Marlins,21,New York Mets,4,0
2025-09-28,2025-09-28T19:10Z,Final,5,Cleveland Guardians,13,Texas Rangers,9,8
2025-09-28,2025-09-28T19:10Z,Final,8,Milwaukee Brewers,17,Cincinnati Reds,4,2
2025-09-28,2025-09-28T19:10Z,Final,25,San Diego Padres,29,Arizona Diamondbacks,12,4
2025-09-28,2025-09-28T19:10Z,Final,12,Seattle Mariners,19,Los Angeles Dodgers,1,6
2025-09-28,2025-09-28T19:15Z,Final,15,Atlanta Braves,23,Pittsburgh Pirates,4,1
2025-09-28,2025-09-28T19:20Z,Final,16,Chicago Cubs,24,St. Louis Cardinals,2,0
2025-09-30,2025-09-30T17:00Z,Final,5,Cleveland Guardians,6,Detroit Tigers,1,2
2025-09-30,2025-09-30T19:00Z,Final,16,Chicago Cubs,25,San Diego Padres,3,1
2025-09-30,2025-09-30T22:00Z,Final,10,New York Yankees,2,Boston Red Sox,1,3
2025-09-30,2025-10-01T01:00Z,Final,19,Los Angeles Dodgers,17,Cincinnati Reds,10,5
2025-10-01,2025-10-01T17:00Z,Final,5,Cleveland Guardians,6,Detroit Tigers,6,1
2025-10-01,2025-10-01T19:00Z,Final,16,Chicago Cubs,25,San Diego Padres,0,3
2025-10-01,2025-10-01T22:00Z,Final,10,New York Yankees,2,Boston Red Sox,4,3
2025-10-01,2025-10-02T01:00Z,Final,19,Los Angeles Dodgers,17,Cincinnati Reds,8,4
2025-10-02,2025-10-02T19:00Z,Final,5,Cleveland Guardians,6,Detroit Tigers,3,6
2025-10-02,2025-10-02T21:00Z,Final,16,Chicago Cubs,25,San Diego Padres,3,1
2025-10-02,2025-10-03T00:00Z,Final,10,New York Yankees,2,Boston Red Sox,4,0
2025-10-04,2025-10-04T18:08Z,Final,8,Milwaukee Brewers,16,Chicago Cubs,9,3
2025-10-04,2025-10-04T20:08Z,Final,14,Toronto Blue Jays,10,New York Yankees,10,1
2025-10-04,2025-10-04T22:38Z,Final,22,Philadelphia Phillies,19,Los Angeles Dodgers,3,5
2025-10-04,2025-10-05T00:38Z,Final,12,Seattle Mariners,6,Detroit Tigers,2,3
2025-10-05,2025-10-05T20:08Z,Final,14,Toronto Blue Jays,10,New York Yankees,13,7
2025-10-05,2025-10-06T00:03Z,Final,12,Seattle Mariners,6,Detroit Tigers,3,2
2025-10-06,2025-10-06T22:08Z,Final,22,Philadelphia Phillies,19,Los Angeles Dodgers,3,4
2025-10-06,2025-10-07T01:08Z,Final,8,Milwaukee Brewers,16,Chicago Cubs,7,3
2025-10-07,2025-10-07T20:08Z,Final,6,Detroit Tigers,12,Seattle Mariners,4,8
2025-10-07,2025-10-08T00:08Z,Final,10,New York Yankees,14,Toronto Blue Jays,9,6
2025-10-08,2025-10-08T19:08Z,Final,6,Detroit Tigers,12,Seattle Mariners,9,3
2025-10-08,2025-10-08T21:08Z,Final,16,Chicago Cubs,8,Milwaukee Brewers,4,3
2025-10-08,2025-10-08T23:08Z,Final,10,New York Yankees,14,Toronto Blue Jays,2,5
2025-10-08,2025-10-09T01:08Z,Final,19,Los Angeles Dodgers,22,Philadelphia Phillies,2,8
2025-10-09,2025-10-09T22:08Z,Final,19,Los Angeles Dodgers,22,Philadelphia Phillies,2,1
2025-10-09,2025-10-10T01:08Z,Final,16,Chicago Cubs,8,Milwaukee Brewers,6,0
2025-10-10,2025-10-11T00:08Z,Final,12,Seattle Mariners,6,Detroit Tigers,3,2
2025-10-11,2025-10-12T00:08Z,Final,8,Milwaukee Brewers,16,Chicago Cubs,3,1
2025-10-12,2025-10-13T00:03Z,Final,14,Toronto Blue Jays,12,Seattle Mariners,1,3
2025-10-13,2025-10-13T21:03Z,Final,14,Toronto Blue Jays,12,Seattle Mariners,3,10
2025-10-13,2025-10-14T00:08Z,Final,8,Milwaukee Brewers,19,Los Angeles Dodgers,1,2
2025-10-14,2025-10-15T00:08Z,Final,8,Milwaukee Brewers,19,Los Angeles Dodgers,1,5
2025-10-15,2025-10-16T00:08Z,Final,12,Seattle Mariners,14,Toronto Blue Jays,4,13
2025-10-16,2025-10-16T22:08Z,Final,19,Los Angeles Dodgers,8,Milwaukee Brewers,3,1
2025-10-16,2025-10-17T00:33Z,Final,12,Seattle Mariners,14,Toronto Blue Jays,2,8
2025-10-17,2025-10-17T22:08Z,Final,12,Seattle Mariners,14,Toronto Blue Jays,6,2
2025-10-17,2025-10-18T00:38Z,Final,19,Los Angeles Dodgers,8,Milwaukee Brewers,5,1
2025-10-19,2025-10-20T00:03Z,Final,14,Toronto Blue Jays,12,Seattle Mariners,6,2
2025-10-20,2025-10-21T00:10Z,Final,14,Toronto Blue Jays,12,Seattle Mariners,4,3
2025-10-24,2025-10-25T00:00Z,Final,14,Toronto Blue Jays,19,Los Angeles Dodgers,11,4
2025-10-25,2025-10-26T00:00Z,Final,14,Toronto Blue Jays,19,Los Angeles Dodgers,1,5
2025-10-27,2025-10-28T00:00Z,Final,19,Los Angeles Dodgers,14,Toronto Blue Jays,6,5
2025-10-28,2025-10-29T00:00Z,Final,19,Los Angeles Dodgers,14,Toronto Blue Jays,2,6
2025-10-29,2025-10-30T00:00Z,Final,19,Los Angeles Dodgers,14,Toronto Blue Jays,1,6
2025-10-31,2025-11-01T00:00Z,Final,14,Toronto Blue Jays,19,Los Angeles Dodgers,1,3
2025-11-01,2025-11-02T00:00Z,Final,14,Toronto Blue Jays,19,Los Angeles Dodgers,4,5
2026-02-20,2026-02-20T18:05Z,Final,1,Baltimore Orioles,10,New York Yankees,2,0
2026-02-20,2026-02-20T20:05Z,Final,16,Chicago Cubs,4,Chicago White Sox,1,8
2026-02-20,2026-02-20T20:05Z,Final,13,Texas Rangers,7,Kansas City Royals,3,7
2026-02-20,2026-02-20T20:10Z,Final,27,Colorado Rockies,29,Arizona Diamondbacks,2,3
2026-02-20,2026-02-20T20:10Z,Final,12,Seattle Mariners,25,San Diego Padres,7,4
2026-02-21,2026-02-21T18:05Z,Final,1,Baltimore Orioles,23,Pittsburgh Pirates,2,8
2026-02-21,2026-02-21T18:05Z,Final,9,Minnesota Twins,2,Boston Red Sox,2,7
2026-02-21,2026-02-21T18:05Z,Final,10,New York Yankees,6,Detroit Tigers,20,3
2026-02-21,2026-02-21T18:05Z,Final,24,St. Louis Cardinals,20,Washington Nationals,2,6
2026-02-21,2026-02-21T18:05Z,Final,30,Tampa Bay Rays,15,Atlanta Braves,1,5
2026-02-21,2026-02-21T18:05Z,Final,20,Washington Nationals,18,Houston Astros,2,1
2026-02-21,2026-02-21T18:07Z,Final,14,Toronto Blue Jays,22,Philadelphia Phillies,3,0
2026-02-21,2026-02-21T18:10Z,Final,21,New York Mets,28,Miami Marlins,1,2
2026-02-21,2026-02-21T20:05Z,Final,16,Chicago Cubs,13,Texas Rangers,2,3
2026-02-21,2026-02-21T20:05Z,Final,4,Chicago White Sox,11,Athletics,11,2
2026-02-21,2026-02-21T20:05Z,Final,5,Cleveland Guardians,17,Cincinnati Reds,4,2
2026-02-21,2026-02-21T20:05Z,Final,7,Kansas City Royals,25,San Diego Padres,3,10
2026-02-21,2026-02-21T20:10Z,Final,29,Arizona Diamondbacks,27,Colorado Rockies,6,11
2026-02-21,2026-02-21T20:10Z,Final,8,Milwaukee Brewers,5,Cleveland Guardians,6,9
2026-02-21,2026-02-21T20:10Z,Final,12,Seattle Mariners,26,San Francisco Giants,5,10
2026-02-21,2026-02-21T20:10Z,Final,3,Los Angeles Angels,19,Los Angeles Dodgers,2,15
2026-02-22,2026-02-22T18:05Z,Final,15,Atlanta Braves,9,Minnesota Twins,1,8
2026-02-22,2026-02-22T18:05Z,Final,2,Boston Red Sox,14,Toronto Blue Jays,11,10
2026-02-22,2026-02-22T18:05Z,Final,6,Detroit Tigers,1,Baltimore Orioles,4,4
2026-02-22,2026-02-22T18:05Z,Final,18,Houston Astros,24,St. Louis Cardinals,5,6
2026-02-22,2026-02-22T18:05Z,Final,10,New York Yankees,21,New York Mets,4,6
2026-02-22,2026-02-22T18:05Z,Final,22,Philadelphia Phillies,23,Pittsburgh Pirates,3,4
2026-02-22,2026-02-22T18:05Z,Final,23,Pittsburgh Pirates,30,Tampa Bay Rays,7,4
2026-02-22,2026-02-22T18:10Z,Final,28,Miami Marlins,20,Washington Nationals,8,16
2026-02-22,2026-02-22T20:05Z,Final,11,Athletics,5,Cleveland Guardians,0,6
2026-02-22,2026-02-22T20:05Z,Final,4,Chicago White Sox,8,Milwaukee Brewers,5,2
2026-02-22,2026-02-22T20:05Z,Final,17,Cincinnati Reds,12,Seattle Mariners,8,14
2026-02-22,2026-02-22T20:05Z,Final,26,San Francisco Giants,16,Chicago Cubs,4,2
2026-02-22,2026-02-22T20:05Z,Final,13,Texas Rangers,27,Colorado Rockies,9,5
2026-02-22,2026-02-22T20:10Z,Final,29,Arizona Diamondbacks,3,Los Angeles Angels,9,10
2026-02-22,2026-02-22T20:10Z,Final,8,Milwaukee Brewers,7,Kansas City Royals,3,7
2026-02-22,2026-02-22T20:10Z,Final,25,San Diego Padres,19,Los Angeles Dodgers,1,5
2026-02-23,2026-02-23T18:05Z,Final,1,Baltimore Orioles,15,Atlanta Braves,7,10
2026-02-23,2026-02-23T18:05Z,Final,6,Detroit Tigers,9,Minnesota Twins,0,3
2026-02-23,2026-02-23T18:05Z,Final,23,Pittsburgh Pirates,10,New York Yankees,2,6
2026-02-23,2026-02-23T18:05Z,Final,24,St. Louis Cardinals,28,Miami Marlins,5,4
2026-02-23,2026-02-23T18:05Z,Final,30,Tampa Bay Rays,2,Boston Red Sox,2,1
2026-02-23,2026-02-23T18:07Z,Final,14,Toronto Blue Jays,21,New York Mets,3,4
2026-02-23,2026-02-23T20:05Z,Final,5,Cleveland Guardians,29,Arizona Diamondbacks,9,5
2026-02-23,2026-02-23T20:05Z,Final,7,Kansas City Royals,16,Chicago Cubs,2,3
2026-02-23,2026-02-23T20:05Z,Final,19,Los Angeles Dodgers,12,Seattle Mariners,3,0
2026-02-23,2026-02-23T20:05Z,Final,26,San Francisco Giants,11,Athletics,6,2
2026-02-23,2026-02-23T20:10Z,Final,27,Colorado Rockies,4,Chicago White Sox,5,4
2026-02-23,2026-02-23T20:10Z,Final,3,Los Angeles Angels,13,Texas Rangers,0,6
2026-02-23,2026-02-23T20:10Z,Final,25,San Diego Padres,8,Milwaukee Brewers,7,5
2026-02-23,2026-02-23T23:05Z,Final,20,Washington Nationals,22,Philadelphia Phillies,5,5
2026-02-24,2026-02-24T18:05Z,Final,15,Atlanta Braves,6,Detroit Tigers,8,1
2026-02-24,2026-02-24T18:05Z,Final,2,Boston Red Sox,23,Pittsburgh Pirates,7,16
2026-02-24,2026-02-24T18:05Z,Final,9,Minnesota Twins,1,Baltimore Orioles,5,10
2026-02-24,2026-02-24T18:05Z,Final,30,Tampa Bay Rays,9,Minnesota Twins,12,1
2026-02-24,2026-02-24T18:07Z,Final,14,Toronto Blue Jays,10,New York Yankees,7,8
2026-02-24,2026-02-24T18:10Z,Final,28,Miami Marlins,22,Philadelphia Phillies,6,1
2026-02-24,2026-02-24T18:10Z,Final,21,New York Mets,18,Houston Astros,6,6
2026-02-24,2026-02-24T20:05Z,Final,11,Athletics,8,Milwaukee Brewers,0,10
2026-02-24,2026-02-24T20:05Z,Final,16,Chicago Cubs,25,San Diego Padres,6,5
2026-02-24,2026-02-24T20:05Z,Final,17,Cincinnati Reds,7,Kansas City Royals,5,4
2026-02-24,2026-02-24T20:05Z,Final,19,Los Angeles Dodgers,5,Cleveland Guardians,11,3
2026-02-24,2026-02-24T20:05Z,Final,13,Texas Rangers,29,Arizona Diamondbacks,4,6
2026-02-24,2026-02-24T20:10Z,Final,27,Colorado Rockies,3,Los Angeles Angels,7,5
2026-02-24,2026-02-24T20:10Z,Final,3,Los Angeles Angels,26,San Francisco Giants,1,4
2026-02-24,2026-02-24T20:10Z,Final,12,Seattle Mariners,4,Chicago White Sox,10,12
2026-02-24,2026-02-24T23:05Z,Final,20,Washington Nationals,24,St. Louis Cardinals,6,1
2026-02-25,2026-02-25T18:05Z,Final,15,Atlanta Braves,23,Pittsburgh Pirates,3,1
2026-02-25,2026-02-25T18:05Z,Final,1,Baltimore Orioles,30,Tampa Bay Rays,4,3
2026-02-25,2026-02-25T18:05Z,Final,6,Detroit Tigers,14,Toronto Blue Jays,4,4
2026-02-25,2026-02-25T18:05Z,Final,9,Minnesota Twins,2,Boston Red Sox,3,5
2026-02-25,2026-02-25T18:05Z,Final,22,Philadelphia Phillies,6,Detroit Tigers,5,3
2026-02-25,2026-02-25T18:10Z,Final,28,Miami Marlins,18,Houston Astros,1,4
2026-02-25,2026-02-25T18:10Z,Final,21,New York Mets,24,St. Louis Cardinals,0,6
2026-02-25,2026-02-25T20:05Z,Final,16,Chicago Cubs,27,Colorado Rockies,7,14
2026-02-25,2026-02-25T20:05Z,Final,4,Chicago White Sox,17,Cincinnati Reds,2,3
2026-02-25,2026-02-25T20:05Z,Final,5,Cleveland Guardians,13,Texas Rangers,4,11
2026-02-25,2026-02-25T20:05Z,Final,7,Kansas City Royals,12,Seattle Mariners,8,8
2026-02-25,2026-02-25T20:10Z,Final,29,Arizona Diamondbacks,19,Los Angeles Dodgers,7,10
2026-02-25,2026-02-25T20:10Z,Final,8,Milwaukee Brewers,26,San Francisco Giants,13,12
2026-02-25,2026-02-25T20:10Z,Final,25,San Diego Padres,3,Los Angeles Angels,7,3
2026-02-25,2026-02-25T23:35Z,Final,10,New York Yankees,20,Washington Nationals,7,0
2026-02-26,2026-02-26T18:05Z,Final,1,Baltimore Orioles,6,Detroit Tigers,6,5
2026-02-26,2026-02-26T18:05Z,Final,2,Boston Red Sox,30,Tampa Bay Rays,7,5
2026-02-26,2026-02-26T18:05Z,Final,18,Houston Astros,21,New York Mets,0,5
2026-02-26,2026-02-26T18:05Z,Final,10,New York Yankees,15,Atlanta Braves,7,3
2026-02-26,2026-02-26T18:05Z,Final,22,Philadelphia Phillies,20,Washington Nationals,7,3
2026-02-26,2026-02-26T18:05Z,Final,23,Pittsburgh Pirates,9,Minnesota Twins,6,4
2026-02-26,2026-02-26T18:05Z,Final,24,St. Louis Cardinals,18,Houston Astros,9,4
2026-02-26,2026-02-26T18:07Z,Final,14,Toronto Blue Jays,28,Miami Marlins,7,8
2026-02-26,2026-02-26T20:05Z,Final,11,Athletics,13,Texas Rangers,7,3
2026-02-26,2026-02-26T20:05Z,Final,17,Cincinnati Reds,25,San Diego Padres,11,10
2026-02-26,2026-02-26T20:05Z,Final,19,Los Angeles Dodgers,4,Chicago White Sox,7,6
2026-02-26,2026-02-26T20:05Z,Final,26,San Francisco Giants,27,Colorado Rockies,3,11
2026-02-26,2026-02-26T20:05Z,Final,13,Texas Rangers,8,Milwaukee Brewers,1,5
2026-02-26,2026-02-26T20:10Z,Final,29,Arizona Diamondbacks,7,Kansas City Royals,13,10
2026-02-26,2026-02-26T20:10Z,Final,3,Los Angeles Angels,16,Chicago Cubs,5,4
2026-02-26,2026-02-26T20:10Z,Final,12,Seattle Mariners,5,Cleveland Guardians,8,7
2026-02-27,2026-02-27T18:05Z,Final,15,Atlanta Braves,2,Boston Red Sox,15,8
2026-02-27,2026-02-27T18:05Z,Final,6,Detroit Tigers,22,Philadelphia Phillies,16,8
2026-02-27,2026-02-27T18:05Z,Final,9,Minnesota Twins,10,New York Yankees,5,17
2026-02-27,2026-02-27T18:05Z,Final,22,Philadelphia Phillies,28,Miami Marlins,10,2
2026-02-27,2026-02-27T18:05Z,Final,23,Pittsburgh Pirates,1,Baltimore Orioles,6,1
2026-02-27,2026-02-27T18:05Z,Final,24,St. Louis Cardinals,21,New York Mets,3,14
2026-02-27,2026-02-27T18:05Z,Final,30,Tampa Bay Rays,14,Toronto Blue Jays,6,5
2026-02-27,2026-02-27T20:05Z,Final,16,Chicago Cubs,5,Cleveland Guardians,8,6
2026-02-27,2026-02-27T20:05Z,Final,4,Chicago White Sox,13,Texas Rangers,3,1
2026-02-27,2026-02-27T20:05Z,Final,17,Cincinnati Reds,3,Los Angeles Angels,3,4
2026-02-27,2026-02-27T20:05Z,Final,7,Kansas City Royals,11,Athletics,7,6
2026-02-27,2026-02-27T20:05Z,Final,26,San Francisco Giants,19,Los Angeles Dodgers,12,4
2026-02-27,2026-02-27T20:10Z,Final,27,Colorado Rockies,25,San Diego Padres,3,2
2026-02-27,2026-02-27T20:10Z,Final,8,Milwaukee Brewers,4,Chicago White Sox,5,2
2026-02-27,2026-02-27T23:05Z,Final,20,Washington Nationals,18,Houston Astros,4,4
2026-02-27,2026-02-28T01:10Z,Final,12,Seattle Mariners,29,Arizona Diamondbacks,1,3
2026-02-28,2026-02-28T18:05Z,Final,1,Baltimore Orioles,15,Atlanta Braves,5,7
2026-02-28,2026-02-28T18:05Z,Final,2,Boston Red Sox,9,Minnesota Twins,13,8
2026-02-28,2026-02-28T18:05Z,Final,18,Houston Astros,23,Pittsburgh Pirates,2,5
2026-02-28,2026-02-28T18:05Z,Final,10,New York Yankees,14,Toronto Blue Jays,5,1
2026-02-28,2026-02-28T18:05Z,Final,30,Tampa Bay Rays,6,Detroit Tigers,3,12
2026-02-28,2026-02-28T18:07Z,Final,14,Toronto Blue Jays,22,Philadelphia Phillies,7,5
2026-02-28,2026-02-28T18:10Z,Final,28,Miami Marlins,24,St. Louis Cardinals,2,10
2026-02-28,2026-02-28T18:10Z,Final,21,New York Mets,20,Washington Nationals,2,3
2026-02-28,2026-02-28T20:05Z,Final,11,Athletics,26,San Francisco Giants,2,8
2026-02-28,2026-02-28T20:05Z,Final,5,Cleveland Guardians,4,Chicago White Sox,5,7
2026-02-28,2026-02-28T20:05Z,Final,19,Los Angeles Dodgers,16,Chicago Cubs,2,6
2026-02-28,2026-02-28T20:05Z,Final,13,Texas Rangers,19,Los Angeles Dodgers,7,6
2026-02-28,2026-02-28T20:10Z,Final,27,Colorado Rockies,7,Kansas City Royals,3,16
2026-02-28,2026-02-28T20:10Z,Final,3,Los Angeles Angels,29,Arizona Diamondbacks,5,8
2026-02-28,2026-02-28T20:10Z,Final,8,Milwaukee Brewers,17,Cincinnati Reds,7,9
2026-02-28,2026-02-28T20:10Z,Final,25,San Diego Padres,12,Seattle Mariners,7,1
2026-03-01,2026-03-01T18:05Z,Final,15,Atlanta Braves,30,Tampa Bay Rays,5,3
2026-03-01,2026-03-01T18:05Z,Final,2,Boston Red Sox,1,Baltimore Orioles,7,8
2026-03-01,2026-03-01T18:05Z,Final,6,Detroit Tigers,14,Toronto Blue Jays,4,4
2026-03-01,2026-03-01T18:05Z,Final,9,Minnesota Twins,15,Atlanta Braves,2,2
2026-03-01,2026-03-01T18:05Z,Final,22,Philadelphia Phillies,10,New York Yankees,3,5
2026-03-01,2026-03-01T18:05Z,Final,24,St. Louis Cardinals,23,Pittsburgh Pirates,1,6
2026-03-01,2026-03-01T18:05Z,Final,20,Washington Nationals,28,Miami Marlins,0,3
2026-03-01,2026-03-01T18:10Z,Final,21,New York Mets,18,Houston Astros,4,3
2026-03-01,2026-03-01T20:05Z,Final,16,Chicago Cubs,4,Chicago White Sox,1,5
2026-03-01,2026-03-01T20:05Z,Final,5,Cleveland Guardians,27,Colorado Rockies,8,3
2026-03-01,2026-03-01T20:05Z,Final,7,Kansas City Royals,8,Milwaukee Brewers,3,1
2026-03-01,2026-03-01T20:05Z,Final,19,Los Angeles Dodgers,3,Los Angeles Angels,4,3
2026-03-01,2026-03-01T20:05Z,Final,26,San Francisco Giants,25,San Diego Padres,9,1
2026-03-01,2026-03-01T20:05Z,Final,11,Athletics,17,Cincinnati Reds,12,4
2026-03-01,2026-03-01T20:10Z,Final,29,Arizona Diamondbacks,5,Cleveland Guardians,9,6
2026-03-01,2026-03-01T20:10Z,Final,12,Seattle Mariners,13,Texas Rangers,4,9
2026-03-02,2026-03-02T18:00Z,Final,6,Detroit Tigers,15,Atlanta Braves,2,5
2026-03-02,2026-03-02T18:05Z,Final,18,Houston Astros,20,Washington Nationals,3,3
2026-03-02,2026-03-02T18:05Z,Final,23,Pittsburgh Pirates,30,Tampa Bay Rays,4,1
2026-03-02,2026-03-02T18:05Z,Final,24,St. Louis Cardinals,28,Miami Marlins,3,2
2026-03-02,2026-03-02T18:07Z,Final,14,Toronto Blue Jays,2,Boston Red Sox,6,7
2026-03-02,2026-03-02T20:05Z,Final,4,Chicago White Sox,26,San Francisco Giants,5,6
2026-03-02,2026-03-02T20:05Z,Final,17,Cincinnati Reds,16,Chicago Cubs,17,9
2026-03-02,2026-03-02T20:05Z,Final,13,Texas Rangers,5,Cleveland Guardians,3,1
2026-03-02,2026-03-02T20:10Z,Final,27,Colorado Rockies,19,Los Angeles Dodgers,5,7
2026-03-02,2026-03-02T20:10Z,Final,3,Los Angeles Angels,7,Kansas City Royals,5,4
2026-03-02,2026-03-02T20:10Z,Final,25,San Diego Padres,11,Athletics,2,7
2026-03-03,2026-03-03T18:05Z,Final,9,Minnesota Twins,30,Tampa Bay Rays,3,5
2026-03-03,2026-03-03T18:05Z,Final,30,Tampa Bay Rays,22,Philadelphia Phillies,3,1
2026-03-03,2026-03-03T20:05Z,Final,4,Chicago White Sox,25,San Diego Padres,3,4
2026-03-03,2026-03-03T20:05Z,Final,5,Cleveland Guardians,19,Los Angeles Dodgers,4,5
2026-03-03,2026-03-03T20:10Z,Final,12,Seattle Mariners,3,Los Angeles Angels,6,7
2026-03-04,2026-03-04T18:00Z,Final,1,Baltimore Orioles,18,Houston Astros,2,4
2026-03-04,2026-03-04T18:05Z,Final,2,Boston Red Sox,10,New York Yankees,0,4
2026-03-04,2026-03-04T20:05Z,Final,11,Athletics,29,Arizona Diamondbacks,1,3
2026-03-04,2026-03-04T20:10Z,Final,8,Milwaukee Brewers,16,Chicago Cubs,1,4
2026-03-04,2026-03-05T02:05Z,Final,26,San Francisco Giants,12,Seattle Mariners,9,4
2026-03-05,2026-03-05T18:05Z,Final,15,Atlanta Braves,14,Toronto Blue Jays,9,5
2026-03-05,2026-03-05T18:05Z,Final,10,New York Yankees,9,Minnesota Twins,0,15
2026-03-05,2026-03-05T18:05Z,Final,22,Philadelphia Phillies,2,Boston Red Sox,6,2
2026-03-05,2026-03-05T18:05Z,Final,23,Pittsburgh Pirates,24,St. Louis Cardinals,2,3
2026-03-05,2026-03-05T18:05Z,Final,30,Tampa Bay Rays,1,Baltimore Orioles,3,4
2026-03-05,2026-03-05T18:05Z,Final,20,Washington Nationals,21,New York Mets,7,4
2026-03-05,2026-03-05T18:10Z,Final,28,Miami Marlins,18,Houston Astros,2,0
2026-03-05,2026-03-05T20:00Z,Final,17,Cincinnati Reds,19,Los Angeles Dodgers,14,13
2026-03-05,2026-03-05T20:05Z,Final,16,Chicago Cubs,29,Arizona Diamondbacks,8,1
2026-03-05,2026-03-05T20:10Z,Final,27,Colorado Rockies,8,Milwaukee Brewers,8,10
2026-03-05,2026-03-05T20:10Z,Final,3,Los Angeles Angels,11,Athletics,11,16
2026-03-05,2026-03-05T20:10Z,Final,12,Seattle Mariners,25,San Diego Padres,6,27
2026-03-05,2026-03-06T01:05Z,Final,4,Chicago White Sox,5,Cleveland Guardians,3,12
2026-03-05,2026-03-06T01:05Z,Final,7,Kansas City Royals,13,Texas Rangers,9,15
2026-03-06,2026-03-06T18:05Z,Final,1,Baltimore Orioles,24,St. Louis Cardinals,2,10
2026-03-06,2026-03-06T18:05Z,Final,6,Detroit Tigers,2,Boston Red Sox,11,3
2026-03-06,2026-03-06T18:05Z,Final,18,Houston Astros,20,Washington Nationals,7,1
2026-03-06,2026-03-06T18:05Z,Final,23,Pittsburgh Pirates,22,Philadelphia Phillies,10,14
2026-03-06,2026-03-06T18:07Z,Final,14,Toronto Blue Jays,23,Pittsburgh Pirates,9,2
2026-03-06,2026-03-06T20:05Z,Final,11,Athletics,27,Colorado Rockies,6,11
2026-03-06,2026-03-06T20:05Z,Final,5,Cleveland Guardians,3,Los Angeles Angels,5,3
2026-03-06,2026-03-06T20:05Z,Final,26,San Francisco Giants,17,Cincinnati Reds,6,3
2026-03-06,2026-03-06T20:05Z,Final,13,Texas Rangers,12,Seattle Mariners,1,5
2026-03-06,2026-03-06T20:10Z,Final,29,Arizona Diamondbacks,4,Chicago White Sox,0,6
2026-03-06,2026-03-06T20:10Z,Final,8,Milwaukee Brewers,29,Arizona Diamondbacks,6,2
2026-03-06,2026-03-06T23:05Z,Final,9,Minnesota Twins,15,Atlanta Braves,1,4
2026-03-06,2026-03-06T23:35Z,Final,10,New York Yankees,30,Tampa Bay Rays,3,0
2026-03-06,2026-03-07T00:10Z,Final,28,Miami Marlins,21,New York Mets,2,0
2026-03-06,2026-03-07T01:05Z,Final,19,Los Angeles Dodgers,7,Kansas City Royals,6,0
2026-03-06,2026-03-07T01:10Z,Final,25,San Diego Padres,16,Chicago Cubs,3,0
2026-03-07,2026-03-07T17:05Z,Final,18,Houston Astros,28,Miami Marlins,5,4
2026-03-07,2026-03-07T18:05Z,Final,15,Atlanta Braves,1,Baltimore Orioles,2,2
2026-03-07,2026-03-07T18:05Z,Final,1,Baltimore Orioles,9,Minnesota Twins,3,2
2026-03-07,2026-03-07T18:05Z,Final,2,Boston Red Sox,30,Tampa Bay Rays,2,0
2026-03-07,2026-03-07T18:05Z,Final,6,Detroit Tigers,23,Pittsburgh Pirates,3,5
2026-03-07,2026-03-07T18:05Z,Final,22,Philadelphia Phillies,14,Toronto Blue Jays,0,1
2026-03-07,2026-03-07T18:05Z,Final,24,St. Louis Cardinals,21,New York Mets,2,3
2026-03-07,2026-03-07T20:05Z,Final,16,Chicago Cubs,11,Athletics,4,3
2026-03-07,2026-03-07T20:05Z,Final,5,Cleveland Guardians,25,San Diego Padres,7,1
2026-03-07,2026-03-07T20:05Z,Final,7,Kansas City Royals,17,Cincinnati Reds,6,2
2026-03-07,2026-03-07T20:05Z,Final,26,San Francisco Giants,13,Texas Rangers,7,5
2026-03-07,2026-03-07T20:10Z,Final,3,Los Angeles Angels,8,Milwaukee Brewers,1,7
2026-03-07,2026-03-07T20:10Z,Final,12,Seattle Mariners,4,Chicago White Sox,1,5
2026-03-07,2026-03-07T20:10Z,Final,29,Arizona Diamondbacks,26,San Francisco Giants,4,7
2026-03-07,2026-03-07T21:05Z,Final,11,Athletics,3,Los Angeles Angels,0,3
2026-03-07,2026-03-07T23:05Z,Final,20,Washington Nationals,10,New York Yankees,3,0
2026-03-07,2026-03-08T01:05Z,Final,19,Los Angeles Dodgers,27,Colorado Rockies,4,6
2026-03-08,2026-03-08T17:05Z,Final,1,Baltimore Orioles,14,Toronto Blue Jays,0,1
2026-03-08,2026-03-08T17:05Z,Final,9,Minnesota Twins,22,Philadelphia Phillies,7,6
2026-03-08,2026-03-08T17:05Z,Final,23,Pittsburgh Pirates,2,Boston Red Sox,9,7
2026-03-08,2026-03-08T17:05Z,Final,30,Tampa Bay Rays,15,Atlanta Braves,9,8
2026-03-08,2026-03-08T17:05Z,Final,20,Washington Nationals,18,Houston Astros,3,1
2026-03-08,2026-03-08T17:07Z,Final,14,Toronto Blue Jays,6,Detroit Tigers,5,0
2026-03-08,2026-03-08T17:10Z,Final,28,Miami Marlins,24,St. Louis Cardinals,2,2
2026-03-08,2026-03-08T17:10Z,Final,21,New York Mets,10,New York Yankees,10,4
2026-03-08,2026-03-08T20:05Z,Final,11,Athletics,3,Los Angeles Angels,7,4
2026-03-08,2026-03-08T20:05Z,Final,11,Athletics,19,Los Angeles Dodgers,11,7
2026-03-08,2026-03-08T20:05Z,Final,16,Chicago Cubs,26,San Francisco Giants,5,9
2026-03-08,2026-03-08T20:05Z,Final,4,Chicago White Sox,7,Kansas City Royals,5,4
2026-03-08,2026-03-08T20:05Z,Final,17,Cincinnati Reds,29,Arizona Diamondbacks,13,4
2026-03-08,2026-03-08T20:05Z,Final,13,Texas Rangers,3,Los Angeles Angels,7,10
2026-03-08,2026-03-08T20:10Z,Final,27,Colorado Rockies,5,Cleveland Guardians,4,4
2026-03-08,2026-03-08T20:10Z,Final,8,Milwaukee Brewers,12,Seattle Mariners,6,3
2026-03-08,2026-03-08T20:10Z,Final,25,San Diego Padres,17,Cincinnati Reds,14,3
2026-03-09,2026-03-09T17:05Z,Final,15,Atlanta Braves,9,Minnesota Twins,9,8
2026-03-09,2026-03-09T17:05Z,Final,2,Boston Red Sox,22,Philadelphia Phillies,5,3
2026-03-09,2026-03-09T17:05Z,Final,6,Detroit Tigers,30,Tampa Bay Rays,4,4
2026-03-09,2026-03-09T17:05Z,Final,18,Houston Astros,24,St. Louis Cardinals,10,3
2026-03-09,2026-03-09T17:05Z,Final,24,St. Louis Cardinals,1,Baltimore Orioles,7,2
2026-03-09,2026-03-09T20:05Z,Final,4,Chicago White Sox,27,Colorado Rockies,12,3
2026-03-09,2026-03-09T20:05Z,Final,17,Cincinnati Reds,11,Athletics,7,9
2026-03-09,2026-03-09T20:05Z,Final,7,Kansas City Royals,5,Cleveland Guardians,2,6
2026-03-09,2026-03-09T20:05Z,Final,26,San Francisco Giants,3,Los Angeles Angels,0,2
2026-03-09,2026-03-09T20:10Z,Final,29,Arizona Diamondbacks,12,Seattle Mariners,2,1
2026-03-09,2026-03-09T20:10Z,Final,8,Milwaukee Brewers,19,Los Angeles Dodgers,3,4
2026-03-09,2026-03-09T20:10Z,Final,25,San Diego Padres,13,Texas Rangers,1,4
2026-03-09,2026-03-09T22:10Z,Final,21,New York Mets,28,Miami Marlins,9,0
2026-03-09,2026-03-09T22:35Z,Final,10,New York Yankees,23,Pittsburgh Pirates,3,5
2026-03-10,2026-03-10T17:05Z,Final,2,Boston Red Sox,6,Detroit Tigers,2,7
2026-03-10,2026-03-10T17:05Z,Final,18,Houston Astros,1,Baltimore Orioles,7,6
2026-03-10,2026-03-10T17:05Z,Final,22,Philadelphia Phillies,10,New York Yankees,2,4
2026-03-10,2026-03-10T17:05Z,Final,30,Tampa Bay Rays,9,Minnesota Twins,5,6
2026-03-10,2026-03-10T17:07Z,Final,14,Toronto Blue Jays,15,Atlanta Braves,7,0
2026-03-10,2026-03-10T17:10Z,Final,28,Miami Marlins,20,Washington Nationals,5,7
2026-03-10,2026-03-10T17:10Z,Final,21,New York Mets,24,St. Louis Cardinals,6,1
2026-03-10,2026-03-10T20:05Z,Final,11,Athletics,4,Chicago White Sox,11,7
2026-03-10,2026-03-10T20:05Z,Final,5,Cleveland Guardians,26,San Francisco Giants,4,5
2026-03-10,2026-03-10T20:05Z,Final,19,Los Angeles Dodgers,29,Arizona Diamondbacks,4,1
2026-03-10,2026-03-10T20:05Z,Final,13,Texas Rangers,16,Chicago Cubs,8,3
2026-03-10,2026-03-10T20:10Z,Final,27,Colorado Rockies,17,Cincinnati Reds,1,8
2026-03-10,2026-03-10T20:10Z,Final,3,Los Angeles Angels,25,San Diego Padres,2,10
2026-03-10,2026-03-10T20:10Z,Final,12,Seattle Mariners,7,Kansas City Royals,4,3
2026-03-11,2026-03-11T17:05Z,Final,15,Atlanta Braves,30,Tampa Bay Rays,5,3
2026-03-11,2026-03-11T17:05Z,Final,1,Baltimore Orioles,23,Pittsburgh Pirates,7,2
2026-03-11,2026-03-11T17:05Z,Final,9,Minnesota Twins,6,Detroit Tigers,2,1
2026-03-11,2026-03-11T17:05Z,Final,20,Washington Nationals,24,St. Louis Cardinals,3,1
2026-03-11,2026-03-11T17:10Z,Final,28,Miami Marlins,18,Houston Astros,1,4
2026-03-11,2026-03-11T20:05Z,Final,16,Chicago Cubs,7,Kansas City Royals,9,8
2026-03-11,2026-03-11T20:05Z,Final,4,Chicago White Sox,3,Los Angeles Angels,4,8
2026-03-11,2026-03-11T20:05Z,Final,17,Cincinnati Reds,8,Milwaukee Brewers,6,3
2026-03-11,2026-03-11T20:05Z,Final,7,Kansas City Royals,26,San Francisco Giants,2,5
2026-03-11,2026-03-11T20:10Z,Final,29,Arizona Diamondbacks,11,Athletics,3,13
2026-03-11,2026-03-11T20:10Z,Final,12,Seattle Mariners,27,Colorado Rockies,7,11
2026-03-11,2026-03-11T22:35Z,Final,10,New York Yankees,14,Toronto Blue Jays,8,1
2026-03-12,2026-03-12T17:05Z,Final,6,Detroit Tigers,10,New York Yankees,3,4
2026-03-12,2026-03-12T17:05Z,Final,9,Minnesota Twins,2,Boston Red Sox,8,5
2026-03-12,2026-03-12T17:05Z,Final,22,Philadelphia Phillies,14,Toronto Blue Jays,8,5
2026-03-12,2026-03-12T17:05Z,Final,24,St. Louis Cardinals,21,New York Mets,3,1
2026-03-12,2026-03-12T20:05Z,Final,16,Chicago Cubs,12,Seattle Mariners,7,4
2026-03-12,2026-03-12T20:05Z,Final,13,Texas Rangers,11,Athletics,7,6
2026-03-12,2026-03-12T20:10Z,Final,29,Arizona Diamondbacks,27,Colorado Rockies,2,13
2026-03-12,2026-03-12T22:05Z,Final,18,Houston Astros,20,Washington Nationals,2,3
2026-03-12,2026-03-12T22:05Z,Final,23,Pittsburgh Pirates,15,Atlanta Braves,5,2
2026-03-12,2026-03-13T01:05Z,Final,5,Cleveland Guardians,8,Milwaukee Brewers,1,0
2026-03-12,2026-03-13T01:05Z,Final,19,Los Angeles Dodgers,17,Cincinnati Reds,9,5
2026-03-12,2026-03-13T01:05Z,Final,26,San Francisco Giants,4,Chicago White Sox,3,3
2026-03-12,2026-03-13T01:10Z,Final,25,San Diego Padres,7,Kansas City Royals,1,10
2026-03-13,2026-03-13T17:05Z,Final,15,Atlanta Braves,10,New York Yankees,7,6
2026-03-13,2026-03-13T17:05Z,Final,2,Boston Red Sox,30,Tampa Bay Rays,7,6
2026-03-13,2026-03-13T17:05Z,Final,22,Philadelphia Phillies,1,Baltimore Orioles,11,8
2026-03-13,2026-03-13T17:07Z,Final,14,Toronto Blue Jays,9,Minnesota Twins,6,1
2026-03-13,2026-03-13T20:05Z,Final,11,Athletics,25,San Diego Padres,9,13
2026-03-13,2026-03-13T20:05Z,Final,4,Chicago White Sox,16,Chicago Cubs,4,2
2026-03-13,2026-03-13T20:10Z,Final,27,Colorado Rockies,13,Texas Rangers,4,9
2026-03-13,2026-03-13T20:10Z,Final,3,Los Angeles Angels,5,Cleveland Guardians,5,2
2026-03-13,2026-03-13T20:10Z,Final,8,Milwaukee Brewers,11,Athletics,4,13
2026-03-13,2026-03-13T22:05Z,Final,6,Detroit Tigers,23,Pittsburgh Pirates,5,7
2026-03-13,2026-03-13T22:05Z,Final,24,St. Louis Cardinals,18,Houston Astros,5,4
2026-03-13,2026-03-13T22:05Z,Final,20,Washington Nationals,21,New York Mets,3,8
2026-03-13,2026-03-13T22:10Z,Final,21,New York Mets,28,Miami Marlins,0,1
2026-03-13,2026-03-13T23:05Z,Final,26,San Francisco Giants,17,Cincinnati Reds,1,6
2026-03-13,2026-03-14T01:05Z,Final,17,Cincinnati Reds,26,San Francisco Giants,1,0
2026-03-13,2026-03-14T01:05Z,Final,7,Kansas City Royals,29,Arizona Diamondbacks,5,11
2026-03-13,2026-03-14T01:10Z,Final,12,Seattle Mariners,19,Los Angeles Dodgers,7,10
2026-03-14,2026-03-14T16:05Z,Final,20,Washington Nationals,28,Miami Marlins,1,4
2026-03-14,2026-03-14T17:05Z,Final,9,Minnesota Twins,30,Tampa Bay Rays,6,9
2026-03-14,2026-03-14T17:05Z,Final,10,New York Yankees,22,Philadelphia Phillies,4,6
2026-03-14,2026-03-14T17:05Z,Final,23,Pittsburgh Pirates,1,Baltimore Orioles,8,6
2026-03-14,2026-03-14T17:07Z,Final,14,Toronto Blue Jays,6,Detroit Tigers,1,6
2026-03-14,2026-03-14T17:10Z,Final,28,Miami Marlins,24,St. Louis Cardinals,7,7
2026-03-14,2026-03-14T20:05Z,Final,11,Athletics,7,Kansas City Royals,12,1
2026-03-14,2026-03-14T20:05Z,Final,4,Chicago White Sox,19,Los Angeles Dodgers,7,2
2026-03-14,2026-03-14T20:05Z,Final,17,Cincinnati Reds,13,Texas Rangers,4,3
2026-03-14,2026-03-14T20:05Z,Final,26,San Francisco Giants,29,Arizona Diamondbacks,7,8
2026-03-14,2026-03-14T20:05Z,Final,13,Texas Rangers,25,San Diego Padres,22,2
2026-03-14,2026-03-14T20:10Z,Final,27,Colorado Rockies,16,Chicago Cubs,4,3
2026-03-14,2026-03-14T20:10Z,Final,3,Los Angeles Angels,12,Seattle Mariners,6,2
2026-03-14,2026-03-14T20:10Z,Final,8,Milwaukee Brewers,27,Colorado Rockies,8,4
2026-03-14,2026-03-14T20:10Z,Final,25,San Diego Padres,5,Cleveland Guardians,8,5
2026-03-14,2026-03-14T22:05Z,Final,15,Atlanta Braves,2,Boston Red Sox,10,1
2026-03-14,2026-03-14T22:05Z,Final,18,Houston Astros,21,New York Mets,8,2
2026-03-15,2026-03-15T17:05Z,Final,2,Boston Red Sox,9,Minnesota Twins,7,2
2026-03-15,2026-03-15T17:05Z,Final,18,Houston Astros,28,Miami Marlins,1,0
2026-03-15,2026-03-15T17:05Z,Final,10,New York Yankees,6,Detroit Tigers,1,12
2026-03-15,2026-03-15T17:05Z,Final,22,Philadelphia Phillies,15,Atlanta Braves,0,1
2026-03-15,2026-03-15T17:05Z,Final,24,St. Louis Cardinals,20,Washington Nationals,6,3
2026-03-15,2026-03-15T17:05Z,Final,30,Tampa Bay Rays,23,Pittsburgh Pirates,6,1
2026-03-15,2026-03-15T17:10Z,Final,21,New York Mets,14,Toronto Blue Jays,8,1
2026-03-15,2026-03-15T20:05Z,Final,16,Chicago Cubs,19,Los Angeles Dodgers,8,14
2026-03-15,2026-03-15T20:05Z,Final,5,Cleveland Guardians,11,Athletics,12,6
2026-03-15,2026-03-15T20:05Z,Final,7,Kansas City Royals,4,Chicago White Sox,10,4
2026-03-15,2026-03-15T20:05Z,Final,19,Los Angeles Dodgers,13,Texas Rangers,5,3
2026-03-15,2026-03-15T20:05Z,Final,26,San Francisco Giants,8,Milwaukee Brewers,7,1
2026-03-15,2026-03-15T20:10Z,Final,29,Arizona Diamondbacks,25,San Diego Padres,4,4
2026-03-15,2026-03-15T20:10Z,Final,3,Los Angeles Angels,27,Colorado Rockies,6,5
2026-03-15,2026-03-15T20:10Z,Final,12,Seattle Mariners,17,Cincinnati Reds,6,3
2026-03-16,2026-03-16T17:05Z,Final,15,Atlanta Braves,30,Tampa Bay Rays,11,2
2026-03-16,2026-03-16T17:05Z,Final,6,Detroit Tigers,22,Philadelphia Phillies,13,6
2026-03-16,2026-03-16T17:05Z,Final,9,Minnesota Twins,23,Pittsburgh Pirates,5,1
2026-03-16,2026-03-16T17:10Z,Final,28,Miami Marlins,14,Toronto Blue Jays,4,5
2026-03-16,2026-03-16T20:05Z,Final,11,Athletics,3,Los Angeles Angels,3,0
2026-03-16,2026-03-16T20:05Z,Final,19,Los Angeles Dodgers,8,Milwaukee Brewers,9,24
2026-03-16,2026-03-16T20:10Z,Final,29,Arizona Diamondbacks,17,Cincinnati Reds,11,6
2026-03-16,2026-03-16T20:10Z,Final,25,San Diego Padres,26,San Francisco Giants,3,1
2026-03-16,2026-03-16T22:10Z,Final,21,New York Mets,20,Washington Nationals,6,12
2026-03-16,2026-03-17T00:05Z,Final,13,Texas Rangers,4,Chicago White Sox,3,2
2026-03-16,2026-03-17T01:05Z,Final,5,Cleveland Guardians,16,Chicago Cubs,2,5
2026-03-17,2026-03-17T17:05Z,Final,2,Boston Red Sox,15,Atlanta Braves,4,3
2026-03-17,2026-03-17T17:05Z,Final,6,Detroit Tigers,1,Baltimore Orioles,1,1
2026-03-17,2026-03-17T17:05Z,Final,22,Philadelphia Phillies,9,Minnesota Twins,2,0
2026-03-17,2026-03-17T17:05Z,Final,23,Pittsburgh Pirates,18,Houston Astros,2,10
2026-03-17,2026-03-17T17:05Z,Final,30,Tampa Bay Rays,10,New York Yankees,2,3
2026-03-17,2026-03-17T17:05Z,Final,20,Washington Nationals,24,St. Louis Cardinals,1,0
2026-03-17,2026-03-17T17:10Z,Final,28,Miami Marlins,21,New York Mets,5,5
2026-03-17,2026-03-17T20:05Z,Final,4,Chicago White Sox,11,Athletics,6,4
2026-03-17,2026-03-17T20:10Z,Final,27,Colorado Rockies,12,Seattle Mariners,6,10
2026-03-17,2026-03-17T20:10Z,Final,12,Seattle Mariners,25,San Diego Padres,6,9
2026-03-17,2026-03-18T01:05Z,Final,16,Chicago Cubs,3,Los Angeles Angels,8,6
2026-03-17,2026-03-18T01:05Z,Final,17,Cincinnati Reds,5,Cleveland Guardians,6,8
2026-03-17,2026-03-18T01:05Z,Final,7,Kansas City Royals,19,Los Angeles Dodgers,4,10
2026-03-18,2026-03-18T17:05Z,Final,15,Atlanta Braves,22,Philadelphia Phillies,3,2
2026-03-18,2026-03-18T17:05Z,Final,10,New York Yankees,2,Boston Red Sox,1,0
2026-03-18,2026-03-18T17:05Z,Final,24,St. Louis Cardinals,18,Houston Astros,4,1
2026-03-18,2026-03-18T17:07Z,Final,14,Toronto Blue Jays,1,Baltimore Orioles,2,3
2026-03-18,2026-03-18T20:05Z,Final,17,Cincinnati Reds,27,Colorado Rockies,6,8
2026-03-18,2026-03-18T20:05Z,Final,19,Los Angeles Dodgers,26,San Francisco Giants,5,1
2026-03-18,2026-03-18T20:10Z,Final,29,Arizona Diamondbacks,16,Chicago Cubs,16,8
2026-03-18,2026-03-18T20:10Z,Final,3,Los Angeles Angels,17,Cincinnati Reds,7,4
2026-03-18,2026-03-18T20:10Z,Final,8,Milwaukee Brewers,3,Los Angeles Angels,3,4
2026-03-18,2026-03-18T20:10Z,Final,12,Seattle Mariners,8,Milwaukee Brewers,7,3
2026-03-18,2026-03-18T22:05Z,Final,23,Pittsburgh Pirates,6,Detroit Tigers,3,1
2026-03-18,2026-03-19T01:05Z,Final,13,Texas Rangers,7,Kansas City Royals,12,3
2026-03-19,2026-03-19T17:05Z,Final,10,New York Yankees,1,Baltimore Orioles,5,4
2026-03-19,2026-03-19T17:05Z,Final,22,Philadelphia Phillies,30,Tampa Bay Rays,8,2
2026-03-19,2026-03-19T17:05Z,Final,24,St. Louis Cardinals,20,Washington Nationals,5,1
2026-03-19,2026-03-19T17:07Z,Final,14,Toronto Blue Jays,10,New York Yankees,11,0
2026-03-19,2026-03-19T22:05Z,Final,1,Baltimore Orioles,23,Pittsburgh Pirates,5,2
2026-03-19,2026-03-19T22:05Z,Final,2,Boston Red Sox,9,Minnesota Twins,4,2
2026-03-19,2026-03-19T22:05Z,Final,18,Houston Astros,21,New York Mets,2,6
2026-03-19,2026-03-20T01:05Z,Final,4,Chicago White Sox,29,Arizona Diamondbacks,4,2
2026-03-19,2026-03-20T01:05Z,Final,5,Cleveland Guardians,7,Kansas City Royals,6,5
2026-03-19,2026-03-20T01:05Z,Final,7,Kansas City Royals,3,Los Angeles Angels,3,4
2026-03-19,2026-03-20T01:10Z,Final,11,Athletics,12,Seattle Mariners,4,6
2026-03-19,2026-03-20T01:10Z,Final,27,Colorado Rockies,26,San Francisco Giants,11,14
2026-03-19,2026-03-20T01:10Z,Final,8,Milwaukee Brewers,13,Texas Rangers,11,4
2026-03-19,2026-03-20T01:10Z,Final,25,San Diego Padres,4,Chicago White Sox,13,6
2026-03-20,2026-03-20T17:05Z,Final,9,Minnesota Twins,14,Toronto Blue Jays,1,2
2026-03-20,2026-03-20T17:05Z,Final,22,Philadelphia Phillies,6,Detroit Tigers,4,4
2026-03-20,2026-03-20T17:05Z,Final,30,Tampa Bay Rays,2,Boston Red Sox,2,0
2026-03-20,2026-03-20T17:10Z,Final,21,New York Mets,24,St. Louis Cardinals,3,4
2026-03-20,2026-03-20T19:10Z,Final,3,Los Angeles Angels,4,Chicago White Sox,4,3
2026-03-20,2026-03-20T22:05Z,Final,15,Atlanta Braves,23,Pittsburgh Pirates,8,1
2026-03-20,2026-03-20T22:05Z,Final,18,Houston Astros,28,Miami Marlins,4,7
2026-03-20,2026-03-20T22:35Z,Final,10,New York Yankees,1,Baltimore Orioles,3,1
2026-03-20,2026-03-20T23:10Z,Final,28,Miami Marlins,20,Washington Nationals,3,2
2026-03-20,2026-03-21T00:05Z,Final,26,San Francisco Giants,7,Kansas City Royals,5,2
2026-03-20,2026-03-21T01:05Z,Final,16,Chicago Cubs,17,Cincinnati Reds,6,8
2026-03-20,2026-03-21T01:05Z,Final,5,Cleveland Guardians,12,Seattle Mariners,8,20
2026-03-20,2026-03-21T01:05Z,Final,19,Los Angeles Dodgers,25,San Diego Padres,4,3
2026-03-20,2026-03-21T01:05Z,Final,13,Texas Rangers,26,San Francisco Giants,6,5
2026-03-20,2026-03-21T01:10Z,Final,29,Arizona Diamondbacks,8,Milwaukee Brewers,8,7
2026-03-20,2026-03-21T01:10Z,Final,11,Athletics,16,Chicago Cubs,6,2
2026-03-20,2026-03-21T01:10Z,Final,25,San Diego Padres,27,Colorado Rockies,3,9
2026-03-21,2026-03-21T17:05Z,Final,1,Baltimore Orioles,22,Philadelphia Phillies,10,8
2026-03-21,2026-03-21T17:05Z,Final,2,Boston Red Sox,15,Atlanta Braves,1,6
2026-03-21,2026-03-21T17:05Z,Final,6,Detroit Tigers,10,New York Yankees,3,1
2026-03-21,2026-03-21T17:05Z,Final,23,Pittsburgh Pirates,14,Toronto Blue Jays,8,3
2026-03-21,2026-03-21T17:05Z,Final,24,St. Louis Cardinals,28,Miami Marlins,7,4
2026-03-21,2026-03-21T17:05Z,Final,30,Tampa Bay Rays,9,Minnesota Twins,3,2
2026-03-21,2026-03-21T17:05Z,Final,20,Washington Nationals,21,New York Mets,3,1
2026-03-21,2026-03-21T17:10Z,Final,21,New York Mets,18,Houston Astros,5,7
2026-03-21,2026-03-21T18:05Z,Final,19,Los Angeles Dodgers,11,Athletics,5,5
2026-03-21,2026-03-21T19:05Z,Final,7,Kansas City Royals,27,Colorado Rockies,6,5
2026-03-21,2026-03-21T19:05Z,Final,26,San Francisco Giants,5,Cleveland Guardians,10,7
2026-03-21,2026-03-21T20:10Z,Final,29,Arizona Diamondbacks,13,Texas Rangers,5,2
2026-03-21,2026-03-21T20:10Z,Final,8,Milwaukee Brewers,25,San Diego Padres,6,1
2026-03-21,2026-03-22T01:05Z,Final,17,Cincinnati Reds,4,Chicago White Sox,11,7
2026-03-21,2026-03-22T01:10Z,Final,12,Seattle Mariners,16,Chicago Cubs,1,7
2026-03-22,2026-03-22T16:05Z,Final,18,Houston Astros,24,St. Louis Cardinals,2,3
2026-03-22,2026-03-22T17:05Z,Final,10,New York Yankees,22,Philadelphia Phillies,6,2
2026-03-22,2026-03-22T17:05Z,Final,23,Pittsburgh Pirates,2,Boston Red Sox,3,6
2026-03-22,2026-03-22T17:05Z,Final,9,Minnesota Twins,15,Atlanta Braves,7,3
2026-03-22,2026-03-22T17:07Z,Final,14,Toronto Blue Jays,30,Tampa Bay Rays,14,1
2026-03-22,2026-03-22T17:10Z,Final,28,Miami Marlins,21,New York Mets,4,3
2026-03-22,2026-03-22T17:35Z,Final,1,Baltimore Orioles,20,Washington Nationals,8,1
2026-03-22,2026-03-22T19:05Z,Final,16,Chicago Cubs,8,Milwaukee Brewers,12,0
2026-03-22,2026-03-22T19:05Z,Final,5,Cleveland Guardians,17,Cincinnati Reds,8,2
2026-03-22,2026-03-22T20:10Z,Final,27,Colorado Rockies,11,Athletics,6,5
2026-03-22,2026-03-23T01:05Z,Final,4,Chicago White Sox,12,Seattle Mariners,2,4
2026-03-22,2026-03-23T01:07Z,Final,3,Los Angeles Angels,19,Los Angeles Dodgers,5,13
2026-03-22,2026-03-23T01:10Z,Final,25,San Diego Padres,29,Arizona Diamondbacks,1,11
2026-03-23,2026-03-23T16:05Z,Final,22,Philadelphia Phillies,30,Tampa Bay Rays,0,7
2026-03-23,2026-03-23T17:05Z,Final,2,Boston Red Sox,9,Minnesota Twins,6,9
2026-03-23,2026-03-23T17:05Z,Final,23,Pittsburgh Pirates,15,Atlanta Braves,2,5
2026-03-23,2026-03-23T17:05Z,Final,20,Washington Nationals,1,Baltimore Orioles,0,2
2026-03-23,2026-03-23T18:05Z,Final,11,Athletics,4,Chicago White Sox,10,9
2026-03-23,2026-03-23T19:05Z,Final,16,Chicago Cubs,10,New York Yankees,15,6
2026-03-23,2026-03-23T19:10Z,Final,25,San Diego Padres,12,Seattle Mariners,10,3
2026-03-23,2026-03-23T23:40Z,Final,8,Milwaukee Brewers,17,Cincinnati Reds,9,1
2026-03-23,2026-03-24T00:05Z,Final,13,Texas Rangers,7,Kansas City Royals,3,2
2026-03-23,2026-03-24T01:10Z,Final,27,Colorado Rockies,6,Detroit Tigers,6,5
2026-03-23,2026-03-24T01:10Z,Final,19,Los Angeles Dodgers,3,Los Angeles Angels,7,7
2026-03-23,2026-03-24T01:40Z,Final,29,Arizona Diamondbacks,5,Cleveland Guardians,0,7
2026-03-24,2026-03-24T16:05Z,Final,15,Atlanta Braves,30,Tampa Bay Rays,3,2
2026-03-24,2026-03-24T17:05Z,Final,9,Minnesota Twins,2,Boston Red Sox,15,6
2026-03-24,2026-03-24T18:05Z,Final,13,Texas Rangers,7,Kansas City Royals,4,1
2026-03-24,2026-03-24T19:05Z,Final,16,Chicago Cubs,10,New York Yankees,3,8
2026-03-24,2026-03-24T19:10Z,Final,27,Colorado Rockies,6,Detroit Tigers,8,11
2026-03-24,2026-03-24T19:40Z,Final,29,Arizona Diamondbacks,5,Cleveland Guardians,5,10
2026-03-24,2026-03-24T21:10Z,Final,8,Milwaukee Brewers,17,Cincinnati Reds,4,1
2026-03-24,2026-03-25T00:10Z,Final,19,Los Angeles Dodgers,3,Los Angeles Angels,0,3
2026-03-25,2026-03-26T00:05Z,Final,26,San Francisco Giants,10,New York Yankees,0,7
2026-03-26,2026-03-26T17:15Z,Final,21,New York Mets,23,Pittsburgh Pirates,11,7
2026-03-26,2026-03-26T18:10Z,Final,8,Milwaukee Brewers,4,Chicago White Sox,14,2
2026-03-26,2026-03-26T18:20Z,Final,16,Chicago Cubs,20,Washington Nationals,4,10
2026-03-26,2026-03-26T19:05Z,Final,1,Baltimore Orioles,9,Minnesota Twins,2,1
2026-03-26,2026-03-26T20:10Z,Final,17,Cincinnati Reds,2,Boston Red Sox,0,3
2026-03-26,2026-03-26T20:10Z,Final,18,Houston Astros,3,Los Angeles Angels,0,3
2026-03-26,2026-03-26T20:10Z,Final,25,San Diego Padres,6,Detroit Tigers,2,8
2026-03-26,2026-03-26T20:15Z,Final,22,Philadelphia Phillies,13,Texas Rangers,5,3
2026-03-26,2026-03-26T20:15Z,Final,24,St. Louis Cardinals,30,Tampa Bay Rays,9,7
2026-03-26,2026-03-27T00:30Z,Final,19,Los Angeles Dodgers,29,Arizona Diamondbacks,8,2
2026-03-26,2026-03-27T02:10Z,Final,12,Seattle Mariners,5,Cleveland Guardians,4,6
2026-03-27,2026-03-27T20:35Z,Final,26,San Francisco Giants,10,New York Yankees,0,3
2026-03-27,2026-03-27T23:07Z,Final,14,Toronto Blue Jays,11,Athletics,3,2
2026-03-27,2026-03-27T23:10Z,Final,28,Miami Marlins,27,Colorado Rockies,2,1
2026-03-27,2026-03-27T23:15Z,Final,15,Atlanta Braves,7,Kansas City Royals,6,0
2026-03-27,2026-03-28T00:10Z,Final,18,Houston Astros,3,Los Angeles Angels,2,6
2026-03-27,2026-03-28T01:40Z,Final,12,Seattle Mariners,5,Cleveland Guardians,5,1
2026-03-27,2026-03-28T01:40Z,Final,25,San Diego Padres,6,Detroit Tigers,2,5
2026-03-27,2026-03-28T02:10Z,Final,19,Los Angeles Dodgers,29,Arizona Diamondbacks,5,4
2026-03-28,2026-03-28T18:15Z,Final,24,St. Louis Cardinals,30,Tampa Bay Rays,6,5
2026-03-28,2026-03-28T18:20Z,Final,16,Chicago Cubs,20,Washington Nationals,10,2
2026-03-28,2026-03-28T19:07Z,Final,14,Toronto Blue Jays,11,Athletics,8,7
2026-03-28,2026-03-28T20:05Z,Final,1,Baltimore Orioles,9,Minnesota Twins,1,4
2026-03-28,2026-03-28T20:05Z,Final,22,Philadelphia Phillies,13,Texas Rangers,4,5
2026-03-28,2026-03-28T20:10Z,Final,17,Cincinnati Reds,2,Boston Red Sox,6,5
2026-03-28,2026-03-28T20:10Z,Final,28,Miami Marlins,27,Colorado Rockies,4,3
2026-03-28,2026-03-28T20:10Z,Final,21,New York Mets,23,Pittsburgh Pirates,4,2
2026-03-28,2026-03-28T23:10Z,Final,18,Houston Astros,3,Los Angeles Angels,11,9
2026-03-28,2026-03-28T23:10Z,Final,8,Milwaukee Brewers,4,Chicago White Sox,6,1
2026-03-28,2026-03-28T23:15Z,Final,15,Atlanta Braves,7,Kansas City Royals,6,2
2026-03-28,2026-03-28T23:15Z,Final,26,San Francisco Giants,10,New York Yankees,1,3
2026-03-28,2026-03-29T00:40Z,Final,25,San Diego Padres,6,Detroit Tigers,3,0
2026-03-28,2026-03-29T01:10Z,Final,19,Los Angeles Dodgers,29,Arizona Diamondbacks,3,2
2026-03-28,2026-03-29T01:40Z,Final,12,Seattle Mariners,5,Cleveland Guardians,5,6
2026-03-29,2026-03-29T17:35Z,Final,15,Atlanta Braves,7,Kansas City Royals,1,4
2026-03-29,2026-03-29T17:35Z,Final,1,Baltimore Orioles,9,Minnesota Twins,8,6
2026-03-29,2026-03-29T17:35Z,Final,22,Philadelphia Phillies,13,Texas Rangers,3,8
2026-03-29,2026-03-29T17:37Z,Final,14,Toronto Blue Jays,11,Athletics,5,2
2026-03-29,2026-03-29T17:40Z,Final,17,Cincinnati Reds,2,Boston Red Sox,3,2
2026-03-29,2026-03-29T17:40Z,Final,28,Miami Marlins,27,Colorado Rockies,4,3
2026-03-29,2026-03-29T17:40Z,Final,21,New York Mets,23,Pittsburgh Pirates,3,4
2026-03-29,2026-03-29T18:10Z,Final,18,Houston Astros,3,Los Angeles Angels,9,7
2026-03-29,2026-03-29T18:10Z,Final,8,Milwaukee Brewers,4,Chicago White Sox,9,7
2026-03-29,2026-03-29T18:15Z,Final,24,St. Louis Cardinals,30,Tampa Bay Rays,7,11
2026-03-29,2026-03-29T18:20Z,Final,16,Chicago Cubs,20,Washington Nationals,3,6
2026-03-29,2026-03-29T23:20Z,Final,12,Seattle Mariners,5,Cleveland Guardians,8,0
2026-03-30,2026-03-30T20:10Z,Final,7,Kansas City Royals,9,Minnesota Twins,3,1
2026-03-30,2026-03-30T22:35Z,Final,1,Baltimore Orioles,13,Texas Rangers,2,5
2026-03-30,2026-03-30T22:40Z,Final,28,Miami Marlins,4,Chicago White Sox,4,9
2026-03-30,2026-03-30T22:40Z,Final,17,Cincinnati Reds,23,Pittsburgh Pirates,2,0
2026-03-30,2026-03-30T22:40Z,Final,22,Philadelphia Phillies,20,Washington Nationals,2,13
2026-03-30,2026-03-30T23:07Z,Final,14,Toronto Blue Jays,27,Colorado Rockies,5,14
2026-03-30,2026-03-30T23:15Z,Final,15,Atlanta Braves,11,Athletics,4,0
2026-03-30,2026-03-30T23:40Z,Final,16,Chicago Cubs,3,Los Angeles Angels,7,2
2026-03-30,2026-03-30T23:40Z,Final,8,Milwaukee Brewers,30,Tampa Bay Rays,2,3
2026-03-30,2026-03-30T23:45Z,Final,24,St. Louis Cardinals,21,New York Mets,2,4
2026-03-30,2026-03-31T00:10Z,Final,18,Houston Astros,2,Boston Red Sox,8,1
2026-03-30,2026-03-31T01:40Z,Final,12,Seattle Mariners,10,New York Yankees,2,1
2026-03-30,2026-03-31T01:40Z,Final,25,San Diego Padres,26,San Francisco Giants,2,3
2026-03-30,2026-03-31T02:10Z,Final,19,Los Angeles Dodgers,5,Cleveland Guardians,2,4
2026-03-30,2026-03-31T02:10Z,Final,29,Arizona Diamondbacks,6,Detroit Tigers,9,6
2026-03-31,2026-03-31T22:35Z,Final,1,Baltimore Orioles,13,Texas Rangers,5,8
2026-03-31,2026-03-31T22:40Z,Final,28,Miami Marlins,4,Chicago White Sox,9,2
2026-03-31,2026-03-31T22:40Z,Final,17,Cincinnati Reds,23,Pittsburgh Pirates,3,8
2026-03-31,2026-03-31T22:40Z,Final,22,Philadelphia Phillies,20,Washington Nationals,3,2
2026-03-31,2026-03-31T23:07Z,Final,14,Toronto Blue Jays,27,Colorado Rockies,5,1
2026-03-31,2026-03-31T23:15Z,Final,15,Atlanta Braves,11,Athletics,2,5
2026-03-31,2026-03-31T23:40Z,Final,16,Chicago Cubs,3,Los Angeles Angels,0,2
2026-03-31,2026-03-31T23:40Z,Final,8,Milwaukee Brewers,30,Tampa Bay Rays,6,2
2026-03-31,2026-03-31T23:45Z,Final,24,St. Louis Cardinals,21,New York Mets,3,0
2026-03-31,2026-04-01T00:10Z,Final,18,Houston Astros,2,Boston Red Sox,9,2
2026-03-31,2026-04-01T01:40Z,Final,29,Arizona Diamondbacks,6,Detroit Tigers,7,5
2026-03-31,2026-04-01T01:40Z,Final,12,Seattle Mariners,10,New York Yankees,0,5
2026-03-31,2026-04-01T01:40Z,Final,25,San Diego Padres,26,San Francisco Giants,3,9
2026-03-31,2026-04-01T02:10Z,Final,19,Los Angeles Dodgers,5,Cleveland Guardians,4,1
2026-04-01,2026-04-01T16:15Z,Final,15,Atlanta Braves,11,Athletics,5,1
2026-04-01,2026-04-01T16:35Z,Final,1,Baltimore Orioles,13,Texas Rangers,8,3
2026-04-01,2026-04-01T16:40Z,Final,17,Cincinnati Reds,23,Pittsburgh Pirates,3,8
2026-04-01,2026-04-01T17:05Z,Final,22,Philadelphia Phillies,20,Washington Nationals,6,5
2026-04-01,2026-04-01T17:07Z,Final,14,Toronto Blue Jays,27,Colorado Rockies,1,2
2026-04-01,2026-04-01T17:10Z,Final,28,Miami Marlins,4,Chicago White Sox,10,0
2026-04-01,2026-04-01T17:15Z,Final,24,St. Louis Cardinals,21,New York Mets,2,1
2026-04-01,2026-04-01T17:40Z,Final,8,Milwaukee Brewers,30,Tampa Bay Rays,8,2
2026-04-01,2026-04-01T18:10Z,Final,18,Houston Astros,2,Boston Red Sox,6,4
2026-04-01,2026-04-01T18:20Z,Final,16,Chicago Cubs,3,Los Angeles Angels,6,2
2026-04-01,2026-04-01T19:40Z,Final,29,Arizona Diamondbacks,6,Detroit Tigers,1,0
2026-04-01,2026-04-01T20:10Z,Final,12,Seattle Mariners,10,New York Yankees,3,5
2026-04-01,2026-04-01T20:10Z,Final,25,San Diego Padres,26,San Francisco Giants,7,1
2026-04-01,2026-04-01T23:40Z,Final,7,Kansas City Royals,9,Minnesota Twins,13,9
2026-04-01,2026-04-02T00:20Z,Final,19,Los Angeles Dodgers,5,Cleveland Guardians,1,4
2026-04-02,2026-04-02T18:10Z,Final,7,Kansas City Royals,9,Minnesota Twins,1,5
2026-04-02,2026-04-03T01:40Z,Final,29,Arizona Diamondbacks,15,Atlanta Braves,2,17
2026-04-02,2026-04-03T01:45Z,Final,26,San Francisco Giants,21,New York Mets,7,2
2026-04-03,2026-04-03T17:05Z,Final,20,Washington Nationals,19,Los Angeles Dodgers,6,13
2026-04-03,2026-04-03T17:10Z,Final,6,Detroit Tigers,24,St. Louis Cardinals,4,0
2026-04-03,2026-04-03T17:35Z,Final,10,New York Yankees,28,Miami Marlins,8,2
2026-04-03,2026-04-03T18:10Z,Final,2,Boston Red Sox,25,San Diego Padres,5,2
2026-04-03,2026-04-03T18:10Z,Final,4,Chicago White Sox,14,Toronto Blue Jays,5,4
2026-04-03,2026-04-03T20:05Z,Final,13,Texas Rangers,17,Cincinnati Reds,3,5
2026-04-03,2026-04-03T20:10Z,Final,5,Cleveland Guardians,16,Chicago Cubs,4,1
2026-04-03,2026-04-03T20:10Z,Final,27,Colorado Rockies,22,Philadelphia Phillies,1,10
2026-04-03,2026-04-03T20:12Z,Final,23,Pittsburgh Pirates,1,Baltimore Orioles,5,4
2026-04-03,2026-04-03T21:05Z,Final,9,Minnesota Twins,30,Tampa Bay Rays,10,4
2026-04-03,2026-04-04T01:38Z,Final,3,Los Angeles Angels,12,Seattle Mariners,1,3
2026-04-03,2026-04-04T01:40Z,Final,29,Arizona Diamondbacks,15,Atlanta Braves,0,2
2026-04-03,2026-04-04T01:40Z,Final,11,Athletics,18,Houston Astros,11,4
2026-04-03,2026-04-04T02:15Z,Final,26,San Francisco Giants,21,New York Mets,3,10
2026-04-04,2026-04-04T17:10Z,Final,6,Detroit Tigers,24,St. Louis Cardinals,11,6
2026-04-04,2026-04-04T18:10Z,Final,7,Kansas City Royals,8,Milwaukee Brewers,2,5
2026-04-04,2026-04-04T18:10Z,Final,4,Chicago White Sox,14,Toronto Blue Jays,6,3
2026-04-04,2026-04-04T20:05Z,Final,23,Pittsburgh Pirates,1,Baltimore Orioles,3,2
2026-04-04,2026-04-04T20:05Z,Final,20,Washington Nationals,19,Los Angeles Dodgers,5,10
2026-04-04,2026-04-04T20:05Z,Final,11,Athletics,18,Houston Astros,0,11
2026-04-04,2026-04-04T20:10Z,Final,2,Boston Red Sox,25,San Diego Padres,2,3
2026-04-04,2026-04-04T23:05Z,Final,10,New York Yankees,28,Miami Marlins,9,7
2026-04-04,2026-04-04T23:05Z,Final,13,Texas Rangers,17,Cincinnati Reds,0,2
2026-04-04,2026-04-04T23:10Z,Final,9,Minnesota Twins,30,Tampa Bay Rays,1,7
2026-04-04,2026-04-04T23:10Z,Final,7,Kansas City Royals,8,Milwaukee Brewers,8,2
2026-04-04,2026-04-04T23:15Z,Final,29,Arizona Diamondbacks,15,Atlanta Braves,2,1
2026-04-04,2026-04-05T00:10Z,Final,27,Colorado Rockies,22,Philadelphia Phillies,1,2
2026-04-04,2026-04-05T01:05Z,Final,26,San Francisco Giants,21,New York Mets,0,9
2026-04-04,2026-04-05T01:38Z,Final,3,Los Angeles Angels,12,Seattle Mariners,1,0
2026-04-05,2026-04-05T17:10Z,Final,5,Cleveland Guardians,16,Chicago Cubs,0,1
2026-04-05,2026-04-05T17:35Z,Final,23,Pittsburgh Pirates,1,Baltimore Orioles,8,2
2026-04-05,2026-04-05T17:35Z,Final,20,Washington Nationals,19,Los Angeles Dodgers,6,8
2026-04-05,2026-04-05T17:35Z,Final,10,New York Yankees,28,Miami Marlins,6,7
2026-04-05,2026-04-05T17:35Z,Final,2,Boston Red Sox,25,San Diego Padres,6,8
2026-04-05,2026-04-05T18:10Z,Final,7,Kansas City Royals,8,Milwaukee Brewers,5,8
2026-04-05,2026-04-05T18:10Z,Final,9,Minnesota Twins,30,Tampa Bay Rays,1,4
2026-04-05,2026-04-05T18:10Z,Final,4,Chicago White Sox,14,Toronto Blue Jays,3,0
2026-04-05,2026-04-05T18:35Z,Final,13,Texas Rangers,17,Cincinnati Reds,1,2
2026-04-05,2026-04-05T19:10Z,Final,27,Colorado Rockies,22,Philadelphia Phillies,4,1
2026-04-05,2026-04-05T20:05Z,Final,11,Athletics,18,Houston Astros,12,10
2026-04-05,2026-04-05T20:05Z,Final,26,San Francisco Giants,21,New York Mets,2,5
2026-04-05,2026-04-05T20:07Z,Final,3,Los Angeles Angels,12,Seattle Mariners,8,7
2026-04-05,2026-04-05T20:10Z,Final,29,Arizona Diamondbacks,15,Atlanta Braves,6,5
2026-04-05,2026-04-05T20:30Z,Final,5,Cleveland Guardians,16,Chicago Cubs,6,5
2026-04-05,2026-04-05T23:20Z,Final,6,Detroit Tigers,24,St. Louis Cardinals,3,5
2026-04-06,2026-04-06T20:10Z,Final,30,Tampa Bay Rays,16,Chicago Cubs,6,4
2026-04-06,2026-04-06T22:10Z,Final,5,Cleveland Guardians,7,Kansas City Royals,2,4
2026-04-06,2026-04-06T22:40Z,Final,28,Miami Marlins,17,Cincinnati Reds,0,2
2026-04-06,2026-04-06T22:40Z,Final,23,Pittsburgh Pirates,25,San Diego Padres,0,5
2026-04-06,2026-04-06T22:45Z,Final,2,Boston Red Sox,8,Milwaukee Brewers,6,8
2026-04-06,2026-04-06T22:45Z,Final,20,Washington Nationals,24,St. Louis Cardinals,9,6
2026-04-06,2026-04-06T23:07Z,Final,14,Toronto Blue Jays,19,Los Angeles Dodgers,2,14
2026-04-06,2026-04-06T23:40Z,Final,4,Chicago White Sox,1,Baltimore Orioles,1,2
2026-04-06,2026-04-06T23:40Z,Final,9,Minnesota Twins,6,Detroit Tigers,7,3
2026-04-06,2026-04-07T00:05Z,Final,13,Texas Rangers,12,Seattle Mariners,2,1
2026-04-06,2026-04-07T00:40Z,Final,27,Colorado Rockies,18,Houston Astros,9,7
2026-04-06,2026-04-07T01:38Z,Final,3,Los Angeles Angels,15,Atlanta Braves,6,2
2026-04-06,2026-04-07T01:45Z,Final,26,San Francisco Giants,22,Philadelphia Phillies,4,6
2026-04-07,2026-04-07T17:10Z,Final,5,Cleveland Guardians,7,Kansas City Royals,2,1
2026-04-07,2026-04-07T19:10Z,Final,4,Chicago White Sox,1,Baltimore Orioles,2,4
2026-04-07,2026-04-07T20:10Z,Final,21,New York Mets,29,Arizona Diamondbacks,4,3
2026-04-07,2026-04-07T22:40Z,Final,30,Tampa Bay Rays,16,Chicago Cubs,2,9
2026-04-07,2026-04-07T22:40Z,Final,28,Miami Marlins,17,Cincinnati Reds,3,6
2026-04-07,2026-04-07T22:40Z,Final,23,Pittsburgh Pirates,25,San Diego Padres,7,1
2026-04-07,2026-04-07T22:45Z,Final,2,Boston Red Sox,8,Milwaukee Brewers,3,2
2026-04-07,2026-04-07T22:45Z,Final,20,Washington Nationals,24,St. Louis Cardinals,6,7
2026-04-07,2026-04-07T23:05Z,Final,10,New York Yankees,11,Athletics,5,3
2026-04-07,2026-04-07T23:07Z,Final,14,Toronto Blue Jays,19,Los Angeles Dodgers,1,4
2026-04-07,2026-04-07T23:40Z,Final,9,Minnesota Twins,6,Detroit Tigers,4,2
2026-04-07,2026-04-08T00:05Z,Final,13,Texas Rangers,12,Seattle Mariners,3,2
2026-04-07,2026-04-08T00:40Z,Final,27,Colorado Rockies,18,Houston Astros,5,1
2026-04-07,2026-04-08T01:38Z,Final,3,Los Angeles Angels,15,Atlanta Braves,2,7
2026-04-07,2026-04-08T01:45Z,Final,26,San Francisco Giants,22,Philadelphia Phillies,6,0
2026-04-08,2026-04-08T16:35Z,Final,23,Pittsburgh Pirates,25,San Diego Padres,2,8
2026-04-08,2026-04-08T17:10Z,Final,5,Cleveland Guardians,7,Kansas City Royals,10,2
2026-04-08,2026-04-08T17:35Z,Final,2,Boston Red Sox,8,Milwaukee Brewers,5,0
2026-04-08,2026-04-08T18:10Z,Final,4,Chicago White Sox,1,Baltimore Orioles,3,5
2026-04-08,2026-04-08T18:35Z,Final,13,Texas Rangers,12,Seattle Mariners,3,0
2026-04-08,2026-04-08T19:07Z,Final,14,Toronto Blue Jays,19,Los Angeles Dodgers,4,3
2026-04-08,2026-04-08T19:10Z,Final,27,Colorado Rockies,18,Houston Astros,9,1
2026-04-08,2026-04-08T19:45Z,Final,26,San Francisco Giants,22,Philadelphia Phillies,5,0
2026-04-08,2026-04-08T20:05Z,Final,20,Washington Nationals,24,St. Louis Cardinals,1,6
2026-04-08,2026-04-08T20:07Z,Final,3,Los Angeles Angels,15,Atlanta Braves,2,8
2026-04-08,2026-04-08T20:10Z,Final,21,New York Mets,29,Arizona Diamondbacks,2,7
2026-04-08,2026-04-08T22:40Z,Final,30,Tampa Bay Rays,16,Chicago Cubs,2,6
2026-04-08,2026-04-08T22:40Z,Final,28,Miami Marlins,17,Cincinnati Reds,7,4
2026-04-08,2026-04-08T23:05Z,Final,10,New York Yankees,11,Athletics,2,3
2026-04-08,2026-04-08T23:40Z,Final,9,Minnesota Twins,6,Detroit Tigers,8,6
2026-04-09,2026-04-09T16:10Z,Final,28,Miami Marlins,17,Cincinnati Reds,8,1
2026-04-09,2026-04-09T17:35Z,Final,10,New York Yankees,11,Athletics,0,1
2026-04-09,2026-04-09T17:40Z,Final,9,Minnesota Twins,6,Detroit Tigers,3,1
2026-04-09,2026-04-09T23:10Z,Final,21,New York Mets,29,Arizona Diamondbacks,1,7
2026-04-09,2026-04-09T23:40Z,Final,7,Kansas City Royals,4,Chicago White Sox,0,2
2026-04-09,2026-04-10T01:40Z,Final,25,San Diego Padres,27,Colorado Rockies,7,3
2026-04-10,2026-04-10T18:20Z,Final,16,Chicago Cubs,23,Pittsburgh Pirates,0,2
2026-04-10,2026-04-10T22:40Z,Final,22,Philadelphia Phillies,29,Arizona Diamondbacks,4,5
2026-04-10,2026-04-10T22:40Z,Final,6,Detroit Tigers,28,Miami Marlins,2,0
2026-04-10,2026-04-10T22:45Z,Final,17,Cincinnati Reds,3,Los Angeles Angels,2,10
2026-04-10,2026-04-10T23:07Z,Final,14,Toronto Blue Jays,9,Minnesota Twins,10,4
2026-04-10,2026-04-10T23:10Z,Final,21,New York Mets,11,Athletics,0,4
2026-04-10,2026-04-10T23:10Z,Final,30,Tampa Bay Rays,10,New York Yankees,5,3
2026-04-10,2026-04-10T23:15Z,Final,15,Atlanta Braves,5,Cleveland Guardians,11,5
2026-04-10,2026-04-10T23:15Z,Final,1,Baltimore Orioles,26,San Francisco Giants,3,6
2026-04-10,2026-04-10T23:40Z,Final,7,Kansas City Royals,4,Chicago White Sox,2,0
2026-04-10,2026-04-10T23:40Z,Final,8,Milwaukee Brewers,20,Washington Nationals,3,7
2026-04-10,2026-04-11T00:15Z,Final,24,St. Louis Cardinals,2,Boston Red Sox,3,2
2026-04-10,2026-04-11T01:40Z,Final,25,San Diego Padres,27,Colorado Rockies,5,2
2026-04-10,2026-04-11T01:40Z,Final,12,Seattle Mariners,18,Houston Astros,9,6
2026-04-10,2026-04-11T02:10Z,Final,19,Los Angeles Dodgers,13,Texas Rangers,8,7
2026-04-11,2026-04-11T17:05Z,Final,22,Philadelphia Phillies,29,Arizona Diamondbacks,4,3
2026-04-11,2026-04-11T17:10Z,Final,6,Detroit Tigers,28,Miami Marlins,6,1
2026-04-11,2026-04-11T18:20Z,Final,16,Chicago Cubs,23,Pittsburgh Pirates,3,4
2026-04-11,2026-04-11T19:07Z,Final,14,Toronto Blue Jays,9,Minnesota Twins,4,7
2026-04-11,2026-04-11T20:10Z,Final,17,Cincinnati Reds,3,Los Angeles Angels,7,3
2026-04-11,2026-04-11T20:10Z,Final,21,New York Mets,11,Athletics,6,11
2026-04-11,2026-04-11T20:10Z,Final,7,Kansas City Royals,4,Chicago White Sox,2,0
2026-04-11,2026-04-11T22:10Z,Final,30,Tampa Bay Rays,10,New York Yankees,5,4
2026-04-11,2026-04-11T23:10Z,Final,8,Milwaukee Brewers,20,Washington Nationals,1,3
2026-04-11,2026-04-11T23:15Z,Final,15,Atlanta Braves,5,Cleveland Guardians,0,6
2026-04-11,2026-04-11T23:15Z,Final,1,Baltimore Orioles,26,San Francisco Giants,6,2
2026-04-11,2026-04-11T23:15Z,Final,24,St. Louis Cardinals,2,Boston Red Sox,1,7
2026-04-11,2026-04-12T00:40Z,Final,25,San Diego Padres,27,Colorado Rockies,9,5
2026-04-11,2026-04-12T01:10Z,Final,19,Los Angeles Dodgers,13,Texas Rangers,6,3
2026-04-11,2026-04-12T01:40Z,Final,12,Seattle Mariners,18,Houston Astros,8,7
2026-04-12,2026-04-12T17:35Z,Final,22,Philadelphia Phillies,29,Arizona Diamondbacks,3,4
2026-04-12,2026-04-12T17:35Z,Final,1,Baltimore Orioles,26,San Francisco Giants,6,2
2026-04-12,2026-04-12T17:37Z,Final,14,Toronto Blue Jays,9,Minnesota Twins,2,8
2026-04-12,2026-04-12T17:40Z,Final,17,Cincinnati Reds,3,Los Angeles Angels,6,9
2026-04-12,2026-04-12T17:40Z,Final,21,New York Mets,11,Athletics,0,1
2026-04-12,2026-04-12T17:40Z,Final,6,Detroit Tigers,28,Miami Marlins,8,2
2026-04-12,2026-04-12T17:40Z,Final,30,Tampa Bay Rays,10,New York Yankees,5,4
2026-04-12,2026-04-12T18:10Z,Final,7,Kansas City Royals,4,Chicago White Sox,5,6
2026-04-12,2026-04-12T18:10Z,Final,8,Milwaukee Brewers,20,Washington Nationals,6,8
2026-04-12,2026-04-12T18:15Z,Final,24,St. Louis Cardinals,2,Boston Red Sox,3,9
2026-04-12,2026-04-12T18:20Z,Final,16,Chicago Cubs,23,Pittsburgh Pirates,7,6
2026-04-12,2026-04-12T20:10Z,Final,25,San Diego Padres,27,Colorado Rockies,7,2
2026-04-12,2026-04-12T20:10Z,Final,12,Seattle Mariners,18,Houston Astros,6,1
2026-04-12,2026-04-12T20:10Z,Final,19,Los Angeles Dodgers,13,Texas Rangers,2,5
2026-04-12,2026-04-12T23:20Z,Final,15,Atlanta Braves,5,Cleveland Guardians,13,1
2026-04-13,2026-04-13T20:10Z,Final,12,Seattle Mariners,18,Houston Astros,6,2
2026-04-13,2026-04-13T22:35Z,Final,1,Baltimore Orioles,29,Arizona Diamondbacks,9,7
2026-04-13,2026-04-13T22:40Z,Final,22,Philadelphia Phillies,16,Chicago Cubs,13,7
2026-04-13,2026-04-13T22:40Z,Final,23,Pittsburgh Pirates,20,Washington Nationals,16,5
2026-04-13,2026-04-13T23:05Z,Final,10,New York Yankees,3,Los Angeles Angels,11,10
2026-04-13,2026-04-13T23:15Z,Final,15,Atlanta Braves,28,Miami Marlins,4,10
2026-04-13,2026-04-13T23:40Z,Final,9,Minnesota Twins,2,Boston Red Sox,13,6
2026-04-13,2026-04-13T23:45Z,Final,24,St. Louis Cardinals,5,Cleveland Guardians,3,9
2026-04-13,2026-04-14T01:40Z,Final,11,Athletics,13,Texas Rangers,1,8
2026-04-13,2026-04-14T02:10Z,Final,19,Los Angeles Dodgers,21,New York Mets,4,0
2026-04-14,2026-04-14T22:35Z,Final,1,Baltimore Orioles,29,Arizona Diamondbacks,3,4
2026-04-14,2026-04-14T22:40Z,Final,22,Philadelphia Phillies,16,Chicago Cubs,4,10
2026-04-14,2026-04-14T22:40Z,Final,6,Detroit Tigers,7,Kansas City Royals,2,1
2026-04-14,2026-04-14T22:40Z,Final,17,Cincinnati Reds,26,San Francisco Giants,2,1
2026-04-14,2026-04-14T22:40Z,Final,23,Pittsburgh Pirates,20,Washington Nationals,4,5
2026-04-14,2026-04-14T23:05Z,Final,10,New York Yankees,3,Los Angeles Angels,1,7
2026-04-14,2026-04-14T23:15Z,Final,15,Atlanta Braves,28,Miami Marlins,6,5
2026-04-14,2026-04-14T23:40Z,Final,9,Minnesota Twins,2,Boston Red Sox,6,0
2026-04-14,2026-04-14T23:40Z,Final,4,Chicago White Sox,30,Tampa Bay Rays,5,8
2026-04-14,2026-04-14T23:40Z,Final,8,Milwaukee Brewers,14,Toronto Blue Jays,7,9
2026-04-14,2026-04-14T23:45Z,Final,24,St. Louis Cardinals,5,Cleveland Guardians,6,5
2026-04-14,2026-04-15T00:10Z,Final,18,Houston Astros,27,Colorado Rockies,7,6
2026-04-14,2026-04-15T01:40Z,Final,25,San Diego Padres,12,Seattle Mariners,4,1
2026-04-14,2026-04-15T01:40Z,Final,11,Athletics,13,Texas Rangers,2,1
2026-04-14,2026-04-15T02:10Z,Final,19,Los Angeles Dodgers,21,New York Mets,2,1
2026-04-15,2026-04-15T16:35Z,Final,1,Baltimore Orioles,29,Arizona Diamondbacks,5,8
2026-04-15,2026-04-15T17:15Z,Final,24,St. Louis Cardinals,5,Cleveland Guardians,5,3
2026-04-15,2026-04-15T17:40Z,Final,9,Minnesota Twins,2,Boston Red Sox,5,9
2026-04-15,2026-04-15T22:40Z,Final,22,Philadelphia Phillies,16,Chicago Cubs,2,11
2026-04-15,2026-04-15T22:40Z,Final,6,Detroit Tigers,7,Kansas City Royals,2,1
2026-04-15,2026-04-15T22:40Z,Final,17,Cincinnati Reds,26,San Francisco Giants,8,3
2026-04-15,2026-04-15T22:40Z,Final,23,Pittsburgh Pirates,20,Washington Nationals,2,0
2026-04-15,2026-04-15T23:05Z,Final,10,New York Yankees,3,Los Angeles Angels,5,4
2026-04-15,2026-04-15T23:15Z,Final,15,Atlanta Braves,28,Miami Marlins,6,3
2026-04-15,2026-04-15T23:40Z,Final,4,Chicago White Sox,30,Tampa Bay Rays,3,8
2026-04-15,2026-04-15T23:40Z,Final,8,Milwaukee Brewers,14,Toronto Blue Jays,2,1
2026-04-15,2026-04-16T00:10Z,Final,18,Houston Astros,27,Colorado Rockies,3,1
2026-04-15,2026-04-16T01:40Z,Final,25,San Diego Padres,12,Seattle Mariners,7,6
2026-04-15,2026-04-16T01:40Z,Final,11,Athletics,13,Texas Rangers,6,5
2026-04-15,2026-04-16T02:00Z,Final,19,Los Angeles Dodgers,21,New York Mets,8,2
2026-04-16,2026-04-16T16:35Z,Final,23,Pittsburgh Pirates,20,Washington Nationals,7,8
2026-04-16,2026-04-16T16:40Z,Final,17,Cincinnati Reds,26,San Francisco Giants,0,3
2026-04-16,2026-04-16T17:10Z,Final,6,Detroit Tigers,7,Kansas City Royals,10,9
2026-04-16,2026-04-16T17:35Z,Final,10,New York Yankees,3,Los Angeles Angels,4,11
2026-04-16,2026-04-16T17:40Z,Final,8,Milwaukee Brewers,14,Toronto Blue Jays,2,1
2026-04-16,2026-04-16T18:10Z,Final,4,Chicago White Sox,30,Tampa Bay Rays,3,5
2026-04-16,2026-04-16T19:05Z,Final,11,Athletics,13,Texas Rangers,6,9
2026-04-16,2026-04-16T22:10Z,Final,5,Cleveland Guardians,1,Baltimore Orioles,4,2
2026-04-16,2026-04-17T00:10Z,Final,18,Houston Astros,27,Colorado Rockies,2,3
2026-04-16,2026-04-17T00:40Z,Final,25,San Diego Padres,12,Seattle Mariners,5,2
2026-04-17,2026-04-17T18:20Z,Final,16,Chicago Cubs,21,New York Mets,12,4
2026-04-17,2026-04-17T22:10Z,Final,5,Cleveland Guardians,1,Baltimore Orioles,4,6
2026-04-17,2026-04-17T22:40Z,Final,22,Philadelphia Phillies,15,Atlanta Braves,0,9
2026-04-17,2026-04-17T22:40Z,Final,23,Pittsburgh Pirates,30,Tampa Bay Rays,5,1
2026-04-17,2026-04-17T22:45Z,Final,20,Washington Nationals,26,San Francisco Giants,5,10
2026-04-17,2026-04-17T23:05Z,Final,10,New York Yankees,7,Kansas City Royals,4,2
2026-04-17,2026-04-17T23:10Z,Final,28,Miami Marlins,8,Milwaukee Brewers,5,7
2026-04-17,2026-04-17T23:15Z,Final,2,Boston Red Sox,6,Detroit Tigers,1,0
2026-04-17,2026-04-18T00:10Z,Final,9,Minnesota Twins,17,Cincinnati Reds,1,2
2026-04-17,2026-04-18T00:10Z,Final,18,Houston Astros,24,St. Louis Cardinals,4,9
2026-04-17,2026-04-18T00:40Z,Final,27,Colorado Rockies,19,Los Angeles Dodgers,1,7
2026-04-17,2026-04-18T01:38Z,Final,3,Los Angeles Angels,25,San Diego Padres,8,0
2026-04-17,2026-04-18T01:40Z,Final,11,Athletics,4,Chicago White Sox,2,9
2026-04-17,2026-04-18T01:40Z,Final,12,Seattle Mariners,13,Texas Rangers,0,5
2026-04-17,2026-04-18T01:40Z,Final,29,Arizona Diamondbacks,14,Toronto Blue Jays,6,3
2026-04-18,2026-04-18T17:35Z,Final,10,New York Yankees,7,Kansas City Royals,13,4
2026-04-18,2026-04-18T18:10Z,Final,9,Minnesota Twins,17,Cincinnati Reds,4,5
2026-04-18,2026-04-18T18:20Z,Final,16,Chicago Cubs,21,New York Mets,4,2
2026-04-18,2026-04-18T19:30Z,Final,23,Pittsburgh Pirates,30,Tampa Bay Rays,7,8
2026-04-18,2026-04-18T20:05Z,Final,20,Washington Nationals,26,San Francisco Giants,6,7
2026-04-18,2026-04-18T20:05Z,Final,11,Athletics,4,Chicago White Sox,7,6
2026-04-18,2026-04-18T20:10Z,Final,2,Boston Red Sox,6,Detroit Tigers,1,4
2026-04-18,2026-04-18T20:10Z,Final,28,Miami Marlins,8,Milwaukee Brewers,2,5
2026-04-18,2026-04-18T22:10Z,Final,5,Cleveland Guardians,1,Baltimore Orioles,4,2
2026-04-18,2026-04-18T23:10Z,Final,18,Houston Astros,24,St. Louis Cardinals,5,7
2026-04-18,2026-04-18T23:15Z,Final,22,Philadelphia Phillies,15,Atlanta Braves,1,3
2026-04-18,2026-04-18T23:15Z,Final,12,Seattle Mariners,13,Texas Rangers,7,3
2026-04-18,2026-04-19T00:10Z,Final,27,Colorado Rockies,19,Los Angeles Dodgers,4,3
2026-04-18,2026-04-19T00:10Z,Final,29,Arizona Diamondbacks,14,Toronto Blue Jays,6,2
2026-04-18,2026-04-19T01:38Z,Final,3,Los Angeles Angels,25,San Diego Padres,1,4
2026-04-19,2026-04-19T17:35Z,Final,10,New York Yankees,7,Kansas City Royals,7,0
2026-04-19,2026-04-19T17:35Z,Final,20,Washington Nationals,26,San Francisco Giants,3,0
2026-04-19,2026-04-19T17:35Z,Final,23,Pittsburgh Pirates,30,Tampa Bay Rays,6,3
2026-04-19,2026-04-19T17:40Z,Final,5,Cleveland Guardians,1,Baltimore Orioles,8,4
2026-04-19,2026-04-19T17:40Z,Final,28,Miami Marlins,8,Milwaukee Brewers,5,3
2026-04-19,2026-04-19T18:10Z,Final,9,Minnesota Twins,17,Cincinnati Reds,4,7
2026-04-19,2026-04-19T18:10Z,Final,18,Houston Astros,24,St. Louis Cardinals,5,7
2026-04-19,2026-04-19T18:20Z,Final,16,Chicago Cubs,21,New York Mets,2,1
2026-04-19,2026-04-19T19:10Z,Final,27,Colorado Rockies,19,Los Angeles Dodgers,9,6
2026-04-19,2026-04-19T20:05Z,Final,11,Athletics,4,Chicago White Sox,4,7
2026-04-19,2026-04-19T20:07Z,Final,3,Los Angeles Angels,25,San Diego Padres,1,2
2026-04-19,2026-04-19T20:10Z,Final,12,Seattle Mariners,13,Texas Rangers,5,2
2026-04-19,2026-04-19T20:10Z,Final,29,Arizona Diamondbacks,14,Toronto Blue Jays,4,10
2026-04-19,2026-04-19T20:35Z,Final,2,Boston Red Sox,6,Detroit Tigers,2,6
2026-04-19,2026-04-19T23:20Z,Final,22,Philadelphia Phillies,15,Atlanta Braves,2,4
2026-04-20,2026-04-20T15:10Z,Final,2,Boston Red Sox,6,Detroit Tigers,8,6
2026-04-20,2026-04-20T22:10Z,Final,5,Cleveland Guardians,18,Houston Astros,2,9
2026-04-20,2026-04-20T22:40Z,Final,30,Tampa Bay Rays,17,Cincinnati Reds,1,6
2026-04-20,2026-04-20T22:40Z,Final,28,Miami Marlins,24,St. Louis Cardinals,5,3
2026-04-20,2026-04-20T22:45Z,Final,20,Washington Nationals,15,Atlanta Braves,4,9
2026-04-20,2026-04-20T23:40Z,Final,7,Kansas City Royals,1,Baltimore Orioles,5,7
2026-04-20,2026-04-20T23:40Z,Final,16,Chicago Cubs,22,Philadelphia Phillies,5,1
2026-04-20,2026-04-21T00:40Z,Final,27,Colorado Rockies,19,Los Angeles Dodgers,3,12
2026-04-20,2026-04-21T01:38Z,Final,3,Los Angeles Angels,14,Toronto Blue Jays,2,5
2026-04-20,2026-04-21T01:40Z,Final,12,Seattle Mariners,11,Athletics,4,6
2026-04-21,2026-04-21T22:10Z,Final,5,Cleveland Guardians,18,Houston Astros,8,5
2026-04-21,2026-04-21T22:40Z,Final,30,Tampa Bay Rays,17,Cincinnati Reds,6,12
2026-04-21,2026-04-21T22:40Z,Final,6,Detroit Tigers,8,Milwaukee Brewers,4,12
2026-04-21,2026-04-21T22:40Z,Final,28,Miami Marlins,24,St. Louis Cardinals,3,5
2026-04-21,2026-04-21T22:45Z,Final,20,Washington Nationals,15,Atlanta Braves,11,4
2026-04-21,2026-04-21T22:45Z,Final,2,Boston Red Sox,10,New York Yankees,0,4
2026-04-21,2026-04-21T23:10Z,Final,21,New York Mets,9,Minnesota Twins,3,5
2026-04-21,2026-04-21T23:40Z,Final,7,Kansas City Royals,1,Baltimore Orioles,6,5
2026-04-21,2026-04-21T23:40Z,Final,16,Chicago Cubs,22,Philadelphia Phillies,7,4
2026-04-21,2026-04-22T00:05Z,Final,13,Texas Rangers,23,Pittsburgh Pirates,5,1
2026-04-21,2026-04-22T00:40Z,Final,27,Colorado Rockies,25,San Diego Padres,0,1
2026-04-21,2026-04-22T01:38Z,Final,3,Los Angeles Angels,14,Toronto Blue Jays,2,4
2026-04-21,2026-04-22T01:40Z,Final,12,Seattle Mariners,11,Athletics,2,5
2026-04-21,2026-04-22T01:40Z,Final,29,Arizona Diamondbacks,4,Chicago White Sox,5,11
2026-04-21,2026-04-22T01:45Z,Final,26,San Francisco Giants,19,Los Angeles Dodgers,3,1
2026-04-22,2026-04-22T16:10Z,Final,28,Miami Marlins,24,St. Louis Cardinals,4,1
2026-04-22,2026-04-22T17:10Z,Final,30,Tampa Bay Rays,17,Cincinnati Reds,6,1
2026-04-22,2026-04-22T17:10Z,Final,5,Cleveland Guardians,18,Houston Astros,0,2
2026-04-22,2026-04-22T18:10Z,Final,7,Kansas City Royals,1,Baltimore Orioles,6,8
2026-04-22,2026-04-22T19:07Z,Final,3,Los Angeles Angels,14,Toronto Blue Jays,7,3
2026-04-22,2026-04-22T20:10Z,Final,12,Seattle Mariners,11,Athletics,5,4
2026-04-22,2026-04-22T22:40Z,Final,6,Detroit Tigers,8,Milwaukee Brewers,5,2
2026-04-22,2026-04-22T22:45Z,Final,20,Washington Nationals,15,Atlanta Braves,6,8
2026-04-22,2026-04-22T22:45Z,Final,2,Boston Red Sox,10,New York Yankees,1,4
2026-04-22,2026-04-22T23:10Z,Final,21,New York Mets,9,Minnesota Twins,3,2
2026-04-22,2026-04-22T23:40Z,Final,16,Chicago Cubs,22,Philadelphia Phillies,7,2
2026-04-22,2026-04-23T00:05Z,Final,13,Texas Rangers,23,Pittsburgh Pirates,4,8
2026-04-22,2026-04-23T00:40Z,Final,27,Colorado Rockies,25,San Diego Padres,8,3
2026-04-22,2026-04-23T01:40Z,Final,29,Arizona Diamondbacks,4,Chicago White Sox,11,7
2026-04-22,2026-04-23T01:45Z,Final,26,San Francisco Giants,19,Los Angeles Dodgers,3,0
2026-04-23,2026-04-23T17:05Z,Final,20,Washington Nationals,15,Atlanta Braves,2,7
2026-04-23,2026-04-23T17:10Z,Final,6,Detroit Tigers,8,Milwaukee Brewers,5,4
2026-04-23,2026-04-23T18:20Z,Final,16,Chicago Cubs,22,Philadelphia Phillies,8,7
2026-04-23,2026-04-23T19:10Z,Final,27,Colorado Rockies,25,San Diego Padres,8,10
2026-04-23,2026-04-23T19:40Z,Final,29,Arizona Diamondbacks,4,Chicago White Sox,1,4
2026-04-23,2026-04-23T19:45Z,Final,26,San Francisco Giants,19,Los Angeles Dodgers,0,3
2026-04-23,2026-04-23T22:10Z,Final,2,Boston Red Sox,10,New York Yankees,2,4
2026-04-23,2026-04-23T23:10Z,Final,21,New York Mets,9,Minnesota Twins,10,8
2026-04-23,2026-04-24T00:05Z,Final,13,Texas Rangers,23,Pittsburgh Pirates,6,1
2026-04-24,2026-04-24T22:40Z,Final,17,Cincinnati Reds,6,Detroit Tigers,9,8
2026-04-24,2026-04-24T23:05Z,Final,1,Baltimore Orioles,2,Boston Red Sox,10,3
2026-04-24,2026-04-24T23:07Z,Final,14,Toronto Blue Jays,5,Cleveland Guardians,6,8
2026-04-24,2026-04-24T23:10Z,Final,21,New York Mets,27,Colorado Rockies,3,4
2026-04-24,2026-04-24T23:10Z,Final,30,Tampa Bay Rays,9,Minnesota Twins,6,2
2026-04-24,2026-04-24T23:15Z,Final,15,Atlanta Braves,22,Philadelphia Phillies,5,3
2026-04-24,2026-04-24T23:40Z,Final,7,Kansas City Royals,3,Los Angeles Angels,6,3
2026-04-24,2026-04-24T23:40Z,Final,8,Milwaukee Brewers,23,Pittsburgh Pirates,0,6
2026-04-24,2026-04-24T23:40Z,Final,4,Chicago White Sox,20,Washington Nationals,5,4
2026-04-24,2026-04-25T00:05Z,Final,13,Texas Rangers,11,Athletics,1,8
2026-04-24,2026-04-25T00:10Z,Final,18,Houston Astros,10,New York Yankees,4,12
2026-04-24,2026-04-25T00:15Z,Final,24,St. Louis Cardinals,12,Seattle Mariners,2,3
2026-04-24,2026-04-25T02:15Z,Final,19,Los Angeles Dodgers,16,Chicago Cubs,4,6
2026-04-24,2026-04-25T02:15Z,Final,26,San Francisco Giants,28,Miami Marlins,4,9
2026-04-25,2026-04-25T16:05Z,Final,1,Baltimore Orioles,2,Boston Red Sox,1,17
2026-04-25,2026-04-25T18:15Z,Final,24,St. Louis Cardinals,12,Seattle Mariners,9,11
2026-04-25,2026-04-25T19:07Z,Final,14,Toronto Blue Jays,5,Cleveland Guardians,5,3
2026-04-25,2026-04-25T20:05Z,Final,26,San Francisco Giants,28,Miami Marlins,6,2
2026-04-25,2026-04-25T20:10Z,Final,30,Tampa Bay Rays,9,Minnesota Twins,6,1
2026-04-25,2026-04-25T20:10Z,Final,4,Chicago White Sox,20,Washington Nationals,3,6
2026-04-25,2026-04-25T22:05Z,Final,29,Arizona Diamondbacks,25,San Diego Padres,4,6
2026-04-25,2026-04-25T23:05Z,Final,13,Texas Rangers,11,Athletics,4,3
2026-04-25,2026-04-25T23:10Z,Final,7,Kansas City Royals,3,Los Angeles Angels,12,1
2026-04-25,2026-04-25T23:10Z,Final,18,Houston Astros,10,New York Yankees,3,8
2026-04-25,2026-04-25T23:10Z,Final,8,Milwaukee Brewers,23,Pittsburgh Pirates,3,6
2026-04-25,2026-04-25T23:15Z,Final,17,Cincinnati Reds,6,Detroit Tigers,9,2
2026-04-25,2026-04-25T23:15Z,Final,15,Atlanta Braves,22,Philadelphia Phillies,5,8
2026-04-25,2026-04-25T23:15Z,Final,19,Los Angeles Dodgers,16,Chicago Cubs,12,4
2026-04-26,2026-04-26T17:35Z,Final,1,Baltimore Orioles,2,Boston Red Sox,3,5
2026-04-26,2026-04-26T17:35Z,Final,15,Atlanta Braves,22,Philadelphia Phillies,6,2
2026-04-26,2026-04-26T17:37Z,Final,14,Toronto Blue Jays,5,Cleveland Guardians,4,2
2026-04-26,2026-04-26T17:40Z,Final,21,New York Mets,27,Colorado Rockies,1,3
2026-04-26,2026-04-26T17:40Z,Final,17,Cincinnati Reds,6,Detroit Tigers,3,8
2026-04-26,2026-04-26T17:40Z,Final,30,Tampa Bay Rays,9,Minnesota Twins,4,2
2026-04-26,2026-04-26T18:10Z,Final,18,Houston Astros,10,New York Yankees,7,4
2026-04-26,2026-04-26T18:10Z,Final,8,Milwaukee Brewers,23,Pittsburgh Pirates,5,0
2026-04-26,2026-04-26T18:10Z,Final,4,Chicago White Sox,20,Washington Nationals,1,2
2026-04-26,2026-04-26T18:15Z,Final,24,St. Louis Cardinals,12,Seattle Mariners,2,3
2026-04-26,2026-04-26T18:35Z,Final,13,Texas Rangers,11,Athletics,1,2
2026-04-26,2026-04-26T20:05Z,Final,26,San Francisco Giants,28,Miami Marlins,6,3
2026-04-26,2026-04-26T20:05Z,Final,29,Arizona Diamondbacks,25,San Diego Padres,12,7
2026-04-26,2026-04-26T20:10Z,Final,7,Kansas City Royals,3,Los Angeles Angels,11,9
2026-04-26,2026-04-26T20:10Z,Final,19,Los Angeles Dodgers,16,Chicago Cubs,6,0
2026-04-26,2026-04-26T20:55Z,Final,21,New York Mets,27,Colorado Rockies,0,3
2026-04-27,2026-04-27T22:10Z,Final,5,Cleveland Guardians,30,Tampa Bay Rays,2,3
2026-04-27,2026-04-27T22:40Z,Final,23,Pittsburgh Pirates,24,St. Louis Cardinals,2,4
2026-04-27,2026-04-27T23:07Z,Final,14,Toronto Blue Jays,2,Boston Red Sox,0,5
2026-04-27,2026-04-27T23:40Z,Final,4,Chicago White Sox,3,Los Angeles Angels,8,7
2026-04-27,2026-04-27T23:40Z,Final,9,Minnesota Twins,12,Seattle Mariners,11,4
2026-04-27,2026-04-28T00:05Z,Final,13,Texas Rangers,10,New York Yankees,2,4
2026-04-27,2026-04-28T01:40Z,Final,25,San Diego Padres,16,Chicago Cubs,9,7
2026-04-27,2026-04-28T02:10Z,Final,19,Los Angeles Dodgers,28,Miami Marlins,5,4
2026-04-28,2026-04-28T22:10Z,Final,5,Cleveland Guardians,30,Tampa Bay Rays,0,1
2026-04-28,2026-04-28T22:35Z,Final,1,Baltimore Orioles,18,Houston Astros,5,3
2026-04-28,2026-04-28T22:40Z,Final,17,Cincinnati Reds,27,Colorado Rockies,7,2
2026-04-28,2026-04-28T22:40Z,Final,22,Philadelphia Phillies,26,San Francisco Giants,7,0
2026-04-28,2026-04-28T22:40Z,Final,23,Pittsburgh Pirates,24,St. Louis Cardinals,7,11
2026-04-28,2026-04-28T23:07Z,Final,14,Toronto Blue Jays,2,Boston Red Sox,3,0
2026-04-28,2026-04-28T23:10Z,Final,21,New York Mets,20,Washington Nationals,8,0
2026-04-28,2026-04-28T23:15Z,Final,15,Atlanta Braves,6,Detroit Tigers,5,2
2026-04-28,2026-04-28T23:40Z,Final,4,Chicago White Sox,3,Los Angeles Angels,5,2
2026-04-28,2026-04-28T23:40Z,Final,8,Milwaukee Brewers,29,Arizona Diamondbacks,13,2
2026-04-28,2026-04-28T23:40Z,Final,9,Minnesota Twins,12,Seattle Mariners,1,7
2026-04-28,2026-04-29T00:05Z,Final,13,Texas Rangers,10,New York Yankees,2,3
2026-04-28,2026-04-29T01:40Z,Final,25,San Diego Padres,16,Chicago Cubs,3,8
2026-04-28,2026-04-29T01:40Z,Final,11,Athletics,7,Kansas City Royals,1,4
2026-04-28,2026-04-29T02:10Z,Final,19,Los Angeles Dodgers,28,Miami Marlins,1,2
2026-04-29,2026-04-29T17:10Z,Final,5,Cleveland Guardians,30,Tampa Bay Rays,3,1
2026-04-29,2026-04-29T17:10Z,Final,4,Chicago White Sox,3,Los Angeles Angels,3,2
2026-04-29,2026-04-29T17:40Z,Final,9,Minnesota Twins,12,Seattle Mariners,3,5
2026-04-29,2026-04-29T18:35Z,Final,13,Texas Rangers,10,New York Yankees,3,0
2026-04-29,2026-04-29T19:07Z,Final,14,Toronto Blue Jays,2,Boston Red Sox,8,1
2026-04-29,2026-04-29T19:10Z,Final,19,Los Angeles Dodgers,28,Miami Marlins,2,3
2026-04-29,2026-04-29T20:10Z,Final,25,San Diego Padres,16,Chicago Cubs,4,5
2026-04-29,2026-04-29T22:40Z,Final,17,Cincinnati Reds,27,Colorado Rockies,2,13
2026-04-29,2026-04-29T22:40Z,Final,23,Pittsburgh Pirates,24,St. Louis Cardinals,4,5
2026-04-29,2026-04-29T23:10Z,Final,21,New York Mets,20,Washington Nationals,2,14
2026-04-29,2026-04-29T23:15Z,Final,15,Atlanta Braves,6,Detroit Tigers,4,3
2026-04-29,2026-04-29T23:40Z,Final,8,Milwaukee Brewers,29,Arizona Diamondbacks,2,6
2026-04-29,2026-04-30T01:40Z,Final,11,Athletics,7,Kansas City Royals,5,2
2026-04-30,2026-04-30T16:15Z,Final,15,Atlanta Braves,6,Detroit Tigers,2,5
2026-04-30,2026-04-30T16:35Z,Final,1,Baltimore Orioles,18,Houston Astros,10,3
2026-04-30,2026-04-30T16:35Z,Final,22,Philadelphia Phillies,26,San Francisco Giants,3,2
2026-04-30,2026-04-30T16:35Z,Final,23,Pittsburgh Pirates,24,St. Louis Cardinals,5,10
2026-04-30,2026-04-30T16:40Z,Final,17,Cincinnati Reds,27,Colorado Rockies,6,4
2026-04-30,2026-04-30T17:10Z,Final,21,New York Mets,20,Washington Nationals,4,5
2026-04-30,2026-04-30T17:40Z,Final,8,Milwaukee Brewers,29,Arizona Diamondbacks,13,1
2026-04-30,2026-04-30T19:05Z,Final,11,Athletics,7,Kansas City Royals,6,3
2026-04-30,2026-04-30T19:55Z,Final,1,Baltimore Orioles,18,Houston Astros,5,11
2026-04-30,2026-04-30T21:35Z,Final,22,Philadelphia Phillies,26,San Francisco Giants,6,5
2026-04-30,2026-04-30T23:40Z,Final,9,Minnesota Twins,14,Toronto Blue Jays,7,1
2026-05-01,2026-05-01T18:20Z,Final,16,Chicago Cubs,29,Arizona Diamondbacks,6,5
2026-05-01,2026-05-01T22:40Z,Final,6,Detroit Tigers,13,Texas Rangers,4,5
2026-05-01,2026-05-01T22:45Z,Final,23,Pittsburgh Pirates,17,Cincinnati Reds,9,1
2026-05-01,2026-05-01T22:45Z,Final,20,Washington Nationals,8,Milwaukee Brewers,1,6
2026-05-01,2026-05-01T23:05Z,Final,10,New York Yankees,1,Baltimore Orioles,7,2
2026-05-01,2026-05-01T23:10Z,Final,2,Boston Red Sox,18,Houston Astros,3,1
2026-05-01,2026-05-01T23:10Z,Final,28,Miami Marlins,22,Philadelphia Phillies,5,6
2026-05-01,2026-05-01T23:10Z,Final,30,Tampa Bay Rays,26,San Francisco Giants,3,0
2026-05-01,2026-05-02T00:10Z,Final,9,Minnesota Twins,14,Toronto Blue Jays,3,7
2026-05-01,2026-05-02T00:15Z,Final,24,St. Louis Cardinals,19,Los Angeles Dodgers,7,2
2026-05-01,2026-05-02T00:40Z,Final,27,Colorado Rockies,15,Atlanta Braves,6,8
2026-05-01,2026-05-02T01:38Z,Final,3,Los Angeles Angels,21,New York Mets,3,4
2026-05-01,2026-05-02T01:40Z,Final,25,San Diego Padres,4,Chicago White Sox,2,8
2026-05-01,2026-05-02T01:40Z,Final,11,Athletics,5,Cleveland Guardians,5,8
2026-05-01,2026-05-02T01:45Z,Final,12,Seattle Mariners,7,Kansas City Royals,6,7
2026-05-02,2026-05-02T17:35Z,Final,10,New York Yankees,1,Baltimore Orioles,9,4
2026-05-02,2026-05-02T18:10Z,Final,9,Minnesota Twins,14,Toronto Blue Jays,4,11
2026-05-02,2026-05-02T18:20Z,Final,16,Chicago Cubs,29,Arizona Diamondbacks,2,0
2026-05-02,2026-05-02T20:05Z,Final,23,Pittsburgh Pirates,17,Cincinnati Reds,17,7
2026-05-02,2026-05-02T20:05Z,Final,20,Washington Nationals,8,Milwaukee Brewers,1,4
2026-05-02,2026-05-02T20:05Z,Final,11,Athletics,5,Cleveland Guardians,6,14
2026-05-02,2026-05-02T20:10Z,Final,2,Boston Red Sox,18,Houston Astros,3,6
2026-05-02,2026-05-02T20:10Z,Final,28,Miami Marlins,22,Philadelphia Phillies,4,0
2026-05-02,2026-05-02T22:10Z,Final,30,Tampa Bay Rays,26,San Francisco Giants,5,1
2026-05-02,2026-05-02T23:15Z,Final,6,Detroit Tigers,13,Texas Rangers,5,1
2026-05-02,2026-05-02T23:15Z,Final,24,St. Louis Cardinals,19,Los Angeles Dodgers,3,2
2026-05-02,2026-05-03T00:10Z,Final,27,Colorado Rockies,15,Atlanta Braves,1,9
2026-05-02,2026-05-03T00:40Z,Final,25,San Diego Padres,4,Chicago White Sox,0,4
2026-05-02,2026-05-03T01:38Z,Final,3,Los Angeles Angels,21,New York Mets,4,3
2026-05-02,2026-05-03T01:40Z,Final,12,Seattle Mariners,7,Kansas City Royals,2,3
2026-05-03,2026-05-03T16:45Z,Final,9,Minnesota Twins,14,Toronto Blue Jays,4,3
2026-05-03,2026-05-03T17:35Z,Final,10,New York Yankees,1,Baltimore Orioles,11,3
2026-05-03,2026-05-03T17:35Z,Final,23,Pittsburgh Pirates,17,Cincinnati Reds,1,0
2026-05-03,2026-05-03T17:35Z,Final,2,Boston Red Sox,18,Houston Astros,1,3
2026-05-03,2026-05-03T17:35Z,Final,20,Washington Nationals,8,Milwaukee Brewers,3,2
2026-05-03,2026-05-03T17:40Z,Final,28,Miami Marlins,22,Philadelphia Phillies,2,7
2026-05-03,2026-05-03T17:40Z,Final,30,Tampa Bay Rays,26,San Francisco Giants,2,1
2026-05-03,2026-05-03T18:15Z,Final,24,St. Louis Cardinals,19,Los Angeles Dodgers,1,4
2026-05-03,2026-05-03T18:20Z,Final,16,Chicago Cubs,29,Arizona Diamondbacks,8,4
2026-05-03,2026-05-03T19:10Z,Final,27,Colorado Rockies,15,Atlanta Braves,6,11
2026-05-03,2026-05-03T20:05Z,Final,11,Athletics,5,Cleveland Guardians,7,1
2026-05-03,2026-05-03T20:07Z,Final,3,Los Angeles Angels,21,New York Mets,1,5
2026-05-03,2026-05-03T20:10Z,Final,25,San Diego Padres,4,Chicago White Sox,4,3
2026-05-03,2026-05-03T20:10Z,Final,12,Seattle Mariners,7,Kansas City Royals,1,4
2026-05-03,2026-05-03T23:20Z,Final,6,Detroit Tigers,13,Texas Rangers,7,1
2026-05-04,2026-05-04T21:40Z,Final,27,Colorado Rockies,21,New York Mets,2,4
2026-05-04,2026-05-04T22:10Z,Final,6,Detroit Tigers,2,Boston Red Sox,4,5
2026-05-04,2026-05-04T22:40Z,Final,28,Miami Marlins,22,Philadelphia Phillies,0,1
2026-05-04,2026-05-04T22:40Z,Final,30,Tampa Bay Rays,14,Toronto Blue Jays,5,1
2026-05-04,2026-05-04T23:05Z,Final,10,New York Yankees,1,Baltimore Orioles,12,1
2026-05-04,2026-05-04T23:10Z,Final,16,Chicago Cubs,17,Cincinnati Reds,5,4
2026-05-04,2026-05-04T23:40Z,Final,7,Kansas City Royals,5,Cleveland Guardians,6,2
2026-05-04,2026-05-04T23:45Z,Final,24,St. Louis Cardinals,8,Milwaukee Brewers,6,3
2026-05-04,2026-05-05T00:10Z,Final,18,Houston Astros,19,Los Angeles Dodgers,3,8
2026-05-04,2026-05-05T01:38Z,Final,3,Los Angeles Angels,4,Chicago White Sox,0,6
2026-05-04,2026-05-05T01:40Z,Final,12,Seattle Mariners,15,Atlanta Braves,5,4
2026-05-04,2026-05-05T01:45Z,Final,26,San Francisco Giants,25,San Diego Padres,3,2
2026-05-05,2026-05-05T22:40Z,Final,22,Philadelphia Phillies,11,Athletics,9,1
2026-05-05,2026-05-05T22:40Z,Final,28,Miami Marlins,1,Baltimore Orioles,7,9
2026-05-05,2026-05-05T22:40Z,Final,6,Detroit Tigers,2,Boston Red Sox,3,10
2026-05-05,2026-05-05T22:40Z,Final,30,Tampa Bay Rays,14,Toronto Blue Jays,4,3
2026-05-05,2026-05-05T22:45Z,Final,20,Washington Nationals,9,Minnesota Twins,3,11
2026-05-05,2026-05-05T23:05Z,Final,10,New York Yankees,13,Texas Rangers,7,4
2026-05-05,2026-05-05T23:40Z,Final,16,Chicago Cubs,17,Cincinnati Reds,3,2
2026-05-05,2026-05-05T23:40Z,Final,7,Kansas City Royals,5,Cleveland Guardians,5,3
2026-05-05,2026-05-06T00:10Z,Final,18,Houston Astros,19,Los Angeles Dodgers,2,1
2026-05-05,2026-05-06T01:38Z,Final,3,Los Angeles Angels,4,Chicago White Sox,4,3
2026-05-05,2026-05-06T01:40Z,Final,12,Seattle Mariners,15,Atlanta Braves,2,3
2026-05-05,2026-05-06T01:40Z,Final,29,Arizona Diamondbacks,23,Pittsburgh Pirates,9,0
2026-05-05,2026-05-06T01:45Z,Final,26,San Francisco Giants,25,San Diego Padres,5,10
2026-05-06,2026-05-06T17:10Z,Final,30,Tampa Bay Rays,14,Toronto Blue Jays,3,0
2026-05-06,2026-05-06T17:15Z,Final,24,St. Louis Cardinals,8,Milwaukee Brewers,2,6
2026-05-06,2026-05-06T18:10Z,Final,18,Houston Astros,19,Los Angeles Dodgers,2,12
2026-05-06,2026-05-06T19:45Z,Final,26,San Francisco Giants,25,San Diego Padres,1,5
2026-05-06,2026-05-06T20:07Z,Final,3,Los Angeles Angels,4,Chicago White Sox,8,2
2026-05-06,2026-05-06T20:10Z,Final,12,Seattle Mariners,15,Atlanta Braves,3,1
2026-05-06,2026-05-06T22:40Z,Final,22,Philadelphia Phillies,11,Athletics,6,3
2026-05-06,2026-05-06T22:40Z,Final,28,Miami Marlins,1,Baltimore Orioles,4,7
2026-05-06,2026-05-06T22:40Z,Final,6,Detroit Tigers,2,Boston Red Sox,0,4
2026-05-06,2026-05-06T22:45Z,Final,20,Washington Nationals,9,Minnesota Twins,15,2
2026-05-06,2026-05-06T23:05Z,Final,10,New York Yankees,13,Texas Rangers,1,6
2026-05-06,2026-05-06T23:40Z,Final,16,Chicago Cubs,17,Cincinnati Reds,7,6
2026-05-06,2026-05-06T23:40Z,Final,7,Kansas City Royals,5,Cleveland Guardians,1,3
2026-05-06,2026-05-07T01:20Z,Final,27,Colorado Rockies,21,New York Mets,5,10
2026-05-06,2026-05-07T01:40Z,Final,29,Arizona Diamondbacks,23,Pittsburgh Pirates,0,1
2026-05-07,2026-05-07T16:35Z,Final,10,New York Yankees,13,Texas Rangers,9,2
2026-05-07,2026-05-07T17:05Z,Final,20,Washington Nationals,9,Minnesota Twins,7,5
2026-05-07,2026-05-07T18:10Z,Final,7,Kansas City Royals,5,Cleveland Guardians,5,8
2026-05-07,2026-05-07T18:20Z,Final,16,Chicago Cubs,17,Cincinnati Reds,8,3
2026-05-07,2026-05-07T19:10Z,Final,27,Colorado Rockies,21,New York Mets,6,2
2026-05-07,2026-05-07T19:40Z,Final,29,Arizona Diamondbacks,23,Pittsburgh Pirates,2,4
2026-05-07,2026-05-07T22:40Z,Final,22,Philadelphia Phillies,11,Athletics,1,12
2026-05-07,2026-05-07T22:40Z,Final,28,Miami Marlins,1,Baltimore Orioles,4,3
2026-05-07,2026-05-07T23:00Z,Final,2,Boston Red Sox,30,Tampa Bay Rays,4,8
2026-05-07,2026-05-08T02:00Z,Final,25,San Diego Padres,24,St. Louis Cardinals,1,2
2026-05-08,2026-05-08T22:10Z,Final,17,Cincinnati Reds,18,Houston Astros,0,10
2026-05-08,2026-05-08T22:40Z,Final,22,Philadelphia Phillies,27,Colorado Rockies,7,9
2026-05-08,2026-05-08T23:05Z,Final,1,Baltimore Orioles,11,Athletics,3,4
2026-05-08,2026-05-08T23:07Z,Final,14,Toronto Blue Jays,3,Los Angeles Angels,2,0
2026-05-08,2026-05-08T23:10Z,Final,2,Boston Red Sox,30,Tampa Bay Rays,2,0
2026-05-08,2026-05-08T23:10Z,Final,28,Miami Marlins,20,Washington Nationals,2,3
2026-05-08,2026-05-08T23:15Z,Final,5,Cleveland Guardians,9,Minnesota Twins,6,4
2026-05-08,2026-05-08T23:40Z,Final,7,Kansas City Royals,6,Detroit Tigers,4,3
2026-05-08,2026-05-08T23:40Z,Final,8,Milwaukee Brewers,10,New York Yankees,6,0
2026-05-08,2026-05-08T23:40Z,Final,4,Chicago White Sox,12,Seattle Mariners,8,12
2026-05-08,2026-05-09T00:05Z,Final,13,Texas Rangers,16,Chicago Cubs,1,7
2026-05-08,2026-05-09T01:40Z,Final,29,Arizona Diamondbacks,21,New York Mets,1,3
2026-05-08,2026-05-09T01:45Z,Final,25,San Diego Padres,24,St. Louis Cardinals,0,6
2026-05-08,2026-05-09T02:10Z,Final,19,Los Angeles Dodgers,15,Atlanta Braves,3,1
2026-05-08,2026-05-09T02:15Z,Final,26,San Francisco Giants,23,Pittsburgh Pirates,5,2
2026-05-09,2026-05-09T19:07Z,Final,14,Toronto Blue Jays,3,Los Angeles Angels,14,1
2026-05-09,2026-05-09T20:05Z,Final,1,Baltimore Orioles,11,Athletics,2,6
2026-05-09,2026-05-09T20:10Z,Final,17,Cincinnati Reds,18,Houston Astros,3,1
2026-05-09,2026-05-09T20:10Z,Final,28,Miami Marlins,20,Washington Nationals,8,7
2026-05-09,2026-05-09T22:05Z,Final,22,Philadelphia Phillies,27,Colorado Rockies,9,3
2026-05-09,2026-05-09T22:10Z,Final,5,Cleveland Guardians,9,Minnesota Twins,1,2
2026-05-09,2026-05-09T23:05Z,Final,13,Texas Rangers,16,Chicago Cubs,6,0
2026-05-09,2026-05-09T23:10Z,Final,7,Kansas City Royals,6,Detroit Tigers,5,1
2026-05-09,2026-05-09T23:10Z,Final,8,Milwaukee Brewers,10,New York Yankees,4,3
2026-05-09,2026-05-09T23:10Z,Final,4,Chicago White Sox,12,Seattle Mariners,6,1
2026-05-09,2026-05-09T23:15Z,Final,29,Arizona Diamondbacks,21,New York Mets,2,1
2026-05-09,2026-05-09T23:15Z,Final,25,San Diego Padres,24,St. Louis Cardinals,4,2
2026-05-09,2026-05-10T01:05Z,Final,26,San Francisco Giants,23,Pittsburgh Pirates,3,13
2026-05-09,2026-05-10T01:10Z,Final,19,Los Angeles Dodgers,15,Atlanta Braves,2,7
2026-05-10,2026-05-10T16:15Z,Final,28,Miami Marlins,20,Washington Nationals,5,2
2026-05-10,2026-05-10T17:35Z,Final,1,Baltimore Orioles,11,Athletics,2,1
2026-05-10,2026-05-10T17:35Z,Final,22,Philadelphia Phillies,27,Colorado Rockies,6,0
2026-05-10,2026-05-10T17:35Z,Final,2,Boston Red Sox,30,Tampa Bay Rays,1,4
2026-05-10,2026-05-10T17:37Z,Final,14,Toronto Blue Jays,3,Los Angeles Angels,1,6
2026-05-10,2026-05-10T17:40Z,Final,17,Cincinnati Reds,18,Houston Astros,5,0
2026-05-10,2026-05-10T17:40Z,Final,5,Cleveland Guardians,9,Minnesota Twins,4,5
2026-05-10,2026-05-10T18:10Z,Final,8,Milwaukee Brewers,10,New York Yankees,4,3
2026-05-10,2026-05-10T18:10Z,Final,4,Chicago White Sox,12,Seattle Mariners,2,1
2026-05-10,2026-05-10T18:35Z,Final,13,Texas Rangers,16,Chicago Cubs,3,0
2026-05-10,2026-05-10T20:05Z,Final,26,San Francisco Giants,23,Pittsburgh Pirates,7,6
2026-05-10,2026-05-10T20:10Z,Final,19,Los Angeles Dodgers,15,Atlanta Braves,2,7
2026-05-10,2026-05-10T20:10Z,Final,29,Arizona Diamondbacks,21,New York Mets,5,1
2026-05-10,2026-05-10T20:10Z,Final,25,San Diego Padres,24,St. Louis Cardinals,3,2
2026-05-10,2026-05-10T23:20Z,Final,7,Kansas City Royals,6,Detroit Tigers,3,6
2026-05-11,2026-05-11T22:10Z,Final,5,Cleveland Guardians,3,Los Angeles Angels,7,2
2026-05-11,2026-05-11T22:35Z,Final,1,Baltimore Orioles,10,New York Yankees,3,2
2026-05-11,2026-05-11T23:07Z,Final,14,Toronto Blue Jays,30,Tampa Bay Rays,5,8
2026-05-11,2026-05-12T00:05Z,Final,13,Texas Rangers,29,Arizona Diamondbacks,0,1
2026-05-11,2026-05-12T00:10Z,Final,18,Houston Astros,12,Seattle Mariners,1,3
2026-05-11,2026-05-12T02:10Z,Final,19,Los Angeles Dodgers,26,San Francisco Giants,3,9
2026-05-12,2026-05-12T22:10Z,Final,5,Cleveland Guardians,3,Los Angeles Angels,3,2
2026-05-12,2026-05-12T22:35Z,Final,1,Baltimore Orioles,10,New York Yankees,2,6
2026-05-12,2026-05-12T22:40Z,Final,23,Pittsburgh Pirates,27,Colorado Rockies,3,1
2026-05-12,2026-05-12T22:40Z,Final,17,Cincinnati Reds,20,Washington Nationals,4,10
2026-05-12,2026-05-12T22:45Z,Final,2,Boston Red Sox,22,Philadelphia Phillies,1,2
2026-05-12,2026-05-12T23:07Z,Final,14,Toronto Blue Jays,30,Tampa Bay Rays,6,7
2026-05-12,2026-05-12T23:10Z,Final,21,New York Mets,6,Detroit Tigers,10,2
2026-05-12,2026-05-12T23:15Z,Final,15,Atlanta Braves,16,Chicago Cubs,5,2
2026-05-12,2026-05-12T23:40Z,Final,4,Chicago White Sox,7,Kansas City Royals,6,5
2026-05-12,2026-05-12T23:40Z,Final,9,Minnesota Twins,28,Miami Marlins,3,0
2026-05-12,2026-05-12T23:40Z,Final,8,Milwaukee Brewers,25,San Diego Padres,6,4
2026-05-12,2026-05-13T00:05Z,Final,13,Texas Rangers,29,Arizona Diamondbacks,7,4
2026-05-12,2026-05-13T00:10Z,Final,18,Houston Astros,12,Seattle Mariners,2,10
2026-05-12,2026-05-13T01:40Z,Final,11,Athletics,24,St. Louis Cardinals,4,6
2026-05-12,2026-05-13T02:10Z,Final,19,Los Angeles Dodgers,26,San Francisco Giants,2,6
2026-05-13,2026-05-13T17:05Z,Final,1,Baltimore Orioles,10,New York Yankees,7,0
2026-05-13,2026-05-13T17:10Z,Final,5,Cleveland Guardians,3,Los Angeles Angels,4,2
2026-05-13,2026-05-13T22:40Z,Final,23,Pittsburgh Pirates,27,Colorado Rockies,4,10
2026-05-13,2026-05-13T22:40Z,Final,17,Cincinnati Reds,20,Washington Nationals,7,8
2026-05-13,2026-05-13T22:45Z,Final,2,Boston Red Sox,22,Philadelphia Phillies,3,1
2026-05-13,2026-05-13T23:07Z,Final,14,Toronto Blue Jays,30,Tampa Bay Rays,5,3
2026-05-13,2026-05-13T23:10Z,Final,21,New York Mets,6,Detroit Tigers,3,2
2026-05-13,2026-05-13T23:15Z,Final,15,Atlanta Braves,16,Chicago Cubs,4,1
2026-05-13,2026-05-13T23:40Z,Final,4,Chicago White Sox,7,Kansas City Royals,6,5
2026-05-13,2026-05-13T23:40Z,Final,9,Minnesota Twins,28,Miami Marlins,5,9
2026-05-13,2026-05-13T23:40Z,Final,8,Milwaukee Brewers,25,San Diego Padres,1,3
2026-05-13,2026-05-14T00:05Z,Final,13,Texas Rangers,29,Arizona Diamondbacks,6,5
2026-05-13,2026-05-14T00:10Z,Final,18,Houston Astros,12,Seattle Mariners,4,3
2026-05-13,2026-05-14T01:40Z,Final,11,Athletics,24,St. Louis Cardinals,6,2
2026-05-13,2026-05-14T02:10Z,Final,19,Los Angeles Dodgers,26,San Francisco Giants,4,0
2026-05-14,2026-05-14T16:35Z,Final,23,Pittsburgh Pirates,27,Colorado Rockies,7,2
2026-05-14,2026-05-14T16:40Z,Final,17,Cincinnati Reds,20,Washington Nationals,15,1
2026-05-14,2026-05-14T17:10Z,Final,21,New York Mets,6,Detroit Tigers,9,4
2026-05-14,2026-05-14T17:40Z,Final,9,Minnesota Twins,28,Miami Marlins,9,1
2026-05-14,2026-05-14T17:40Z,Final,8,Milwaukee Brewers,25,San Diego Padres,7,1
2026-05-14,2026-05-14T18:10Z,Final,18,Houston Astros,12,Seattle Mariners,3,8
2026-05-14,2026-05-14T19:05Z,Final,11,Athletics,24,St. Louis Cardinals,4,5
2026-05-14,2026-05-14T22:45Z,Final,2,Boston Red Sox,22,Philadelphia Phillies,1,3
2026-05-14,2026-05-14T23:15Z,Final,15,Atlanta Braves,16,Chicago Cubs,0,2
2026-05-14,2026-05-14T23:40Z,Final,4,Chicago White Sox,7,Kansas City Royals,6,2
2026-05-14,2026-05-15T02:10Z,Final,19,Los Angeles Dodgers,26,San Francisco Giants,5,2
2026-05-15,2026-05-15T22:40Z,Final,23,Pittsburgh Pirates,22,Philadelphia Phillies,9,11
2026-05-15,2026-05-15T22:40Z,Final,6,Detroit Tigers,14,Toronto Blue Jays,3,2
2026-05-15,2026-05-15T22:45Z,Final,20,Washington Nationals,1,Baltimore Orioles,3,2
2026-05-15,2026-05-15T23:10Z,Final,5,Cleveland Guardians,17,Cincinnati Reds,6,7
2026-05-15,2026-05-15T23:10Z,Final,30,Tampa Bay Rays,28,Miami Marlins,7,2
2026-05-15,2026-05-15T23:10Z,Final,9,Minnesota Twins,8,Milwaukee Brewers,2,3
2026-05-15,2026-05-15T23:15Z,Final,15,Atlanta Braves,2,Boston Red Sox,3,2
2026-05-15,2026-05-15T23:15Z,Final,21,New York Mets,10,New York Yankees,2,5
2026-05-15,2026-05-15T23:40Z,Final,4,Chicago White Sox,16,Chicago Cubs,5,10
2026-05-15,2026-05-16T00:10Z,Final,18,Houston Astros,13,Texas Rangers,2,0
2026-05-15,2026-05-16T00:15Z,Final,24,St. Louis Cardinals,7,Kansas City Royals,5,4
2026-05-15,2026-05-16T00:40Z,Final,27,Colorado Rockies,29,Arizona Diamondbacks,1,9
2026-05-15,2026-05-16T01:38Z,Final,3,Los Angeles Angels,19,Los Angeles Dodgers,0,6
2026-05-15,2026-05-16T01:40Z,Final,12,Seattle Mariners,25,San Diego Padres,0,2
2026-05-15,2026-05-16T01:40Z,Final,11,Athletics,26,San Francisco Giants,5,2
2026-05-16,2026-05-16T17:10Z,Final,6,Detroit Tigers,14,Toronto Blue Jays,1,2
2026-05-16,2026-05-16T18:15Z,Final,24,St. Louis Cardinals,7,Kansas City Royals,4,2
2026-05-16,2026-05-16T19:10Z,Final,27,Colorado Rockies,29,Arizona Diamondbacks,4,2
2026-05-16,2026-05-16T20:05Z,Final,20,Washington Nationals,1,Baltimore Orioles,13,3
2026-05-16,2026-05-16T20:05Z,Final,23,Pittsburgh Pirates,22,Philadelphia Phillies,0,6
2026-05-16,2026-05-16T20:10Z,Final,30,Tampa Bay Rays,28,Miami Marlins,5,10
2026-05-16,2026-05-16T22:10Z,Final,5,Cleveland Guardians,17,Cincinnati Reds,7,4
2026-05-16,2026-05-16T23:10Z,Final,4,Chicago White Sox,16,Chicago Cubs,8,3
2026-05-16,2026-05-16T23:10Z,Final,9,Minnesota Twins,8,Milwaukee Brewers,1,2
2026-05-16,2026-05-16T23:10Z,Final,18,Houston Astros,13,Texas Rangers,4,1
2026-05-16,2026-05-16T23:15Z,Final,15,Atlanta Braves,2,Boston Red Sox,2,3
2026-05-16,2026-05-16T23:15Z,Final,21,New York Mets,10,New York Yankees,6,3
2026-05-16,2026-05-16T23:15Z,Final,12,Seattle Mariners,25,San Diego Padres,4,7
2026-05-16,2026-05-17T01:38Z,Final,3,Los Angeles Angels,19,Los Angeles Dodgers,2,15
2026-05-16,2026-05-17T01:40Z,Final,11,Athletics,26,San Francisco Giants,4,6
2026-05-17,2026-05-17T16:15Z,Final,30,Tampa Bay Rays,28,Miami Marlins,6,3
2026-05-17,2026-05-17T17:35Z,Final,20,Washington Nationals,1,Baltimore Orioles,3,7
2026-05-17,2026-05-17T17:35Z,Final,15,Atlanta Braves,2,Boston Red Sox,8,1
2026-05-17,2026-05-17T17:35Z,Final,23,Pittsburgh Pirates,22,Philadelphia Phillies,0,6
2026-05-17,2026-05-17T17:40Z,Final,5,Cleveland Guardians,17,Cincinnati Reds,10,3
2026-05-17,2026-05-17T17:40Z,Final,21,New York Mets,10,New York Yankees,7,6
2026-05-17,2026-05-17T17:40Z,Final,6,Detroit Tigers,14,Toronto Blue Jays,1,4
2026-05-17,2026-05-17T18:10Z,Final,4,Chicago White Sox,16,Chicago Cubs,9,8
2026-05-17,2026-05-17T18:10Z,Final,9,Minnesota Twins,8,Milwaukee Brewers,5,4
2026-05-17,2026-05-17T18:10Z,Final,18,Houston Astros,13,Texas Rangers,0,8
2026-05-17,2026-05-17T18:15Z,Final,24,St. Louis Cardinals,7,Kansas City Royals,0,2
2026-05-17,2026-05-17T19:10Z,Final,27,Colorado Rockies,29,Arizona Diamondbacks,6,8
2026-05-17,2026-05-17T20:05Z,Final,11,Athletics,26,San Francisco Giants,1,10
2026-05-17,2026-05-17T20:07Z,Final,3,Los Angeles Angels,19,Los Angeles Dodgers,1,10
2026-05-17,2026-05-17T23:20Z,Final,12,Seattle Mariners,25,San Diego Padres,3,8
2026-05-18,2026-05-18T22:40Z,Final,28,Miami Marlins,15,Atlanta Braves,12,0
2026-05-18,2026-05-18T22:40Z,Final,30,Tampa Bay Rays,1,Baltimore Orioles,16,6
2026-05-18,2026-05-18T22:40Z,Final,22,Philadelphia Phillies,17,Cincinnati Reds,5,4
2026-05-18,2026-05-18T22:40Z,Final,6,Detroit Tigers,5,Cleveland Guardians,2,8
2026-05-18,2026-05-18T22:45Z,Final,20,Washington Nationals,21,New York Mets,7,16
2026-05-20,2026-05-20T23:40Z,Final,16,Chicago Cubs,8,Milwaukee Brewers,0,5
2026-05-18,2026-05-18T23:05Z,Final,10,New York Yankees,14,Toronto Blue Jays,7,6
2026-05-18,2026-05-18T23:10Z,Final,7,Kansas City Royals,2,Boston Red Sox,1,3
2026-05-18,2026-05-18T23:40Z,Final,9,Minnesota Twins,18,Houston Astros,6,3
2026-05-18,2026-05-18T23:40Z,Final,16,Chicago Cubs,8,Milwaukee Brewers,3,9
2026-05-18,2026-05-19T00:40Z,Final,27,Colorado Rockies,13,Texas Rangers,7,6
2026-05-18,2026-05-19T01:38Z,Final,3,Los Angeles Angels,11,Athletics,2,1
2026-05-18,2026-05-19T01:40Z,Final,12,Seattle Mariners,4,Chicago White Sox,6,1
2026-05-18,2026-05-19T01:40Z,Final,25,San Diego Padres,19,Los Angeles Dodgers,1,0
2026-05-18,2026-05-19T01:40Z,Final,29,Arizona Diamondbacks,26,San Francisco Giants,12,2
2026-05-19,2026-05-19T20:10Z,Final,28,Miami Marlins,15,Atlanta Braves,4,8
2026-05-19,2026-05-19T22:40Z,Final,30,Tampa Bay Rays,1,Baltimore Orioles,4,1
2026-05-19,2026-05-19T22:40Z,Final,22,Philadelphia Phillies,17,Cincinnati Reds,1,4
2026-05-19,2026-05-19T22:40Z,Final,6,Detroit Tigers,5,Cleveland Guardians,3,4
2026-05-19,2026-05-19T22:45Z,Final,20,Washington Nationals,21,New York Mets,9,6
2026-05-19,2026-05-19T23:05Z,Final,10,New York Yankees,14,Toronto Blue Jays,5,4
2026-05-19,2026-05-19T23:40Z,Final,7,Kansas City Royals,2,Boston Red Sox,1,7
2026-05-19,2026-05-19T23:40Z,Final,9,Minnesota Twins,18,Houston Astros,1,2
2026-05-19,2026-05-19T23:40Z,Final,16,Chicago Cubs,8,Milwaukee Brewers,2,5
2026-05-19,2026-05-19T23:45Z,Final,24,St. Louis Cardinals,23,Pittsburgh Pirates,9,6
2026-05-19,2026-05-20T00:40Z,Final,27,Colorado Rockies,13,Texas Rangers,0,10
2026-05-19,2026-05-20T01:38Z,Final,3,Los Angeles Angels,11,Athletics,6,14
2026-05-19,2026-05-20T01:40Z,Final,12,Seattle Mariners,4,Chicago White Sox,1,2
2026-05-19,2026-05-20T01:40Z,Final,25,San Diego Padres,19,Los Angeles Dodgers,4,5
2026-05-19,2026-05-20T01:40Z,Final,29,Arizona Diamondbacks,26,San Francisco Giants,5,3
2026-05-20,2026-05-20T17:05Z,Final,22,Philadelphia Phillies,17,Cincinnati Reds,4,9
2026-05-20,2026-05-20T17:10Z,Final,30,Tampa Bay Rays,1,Baltimore Orioles,5,3
2026-05-20,2026-05-20T17:40Z,Final,9,Minnesota Twins,18,Houston Astros,4,1
2026-05-20,2026-05-20T19:10Z,Final,27,Colorado Rockies,13,Texas Rangers,4,5
2026-05-20,2026-05-20T19:40Z,Final,29,Arizona Diamondbacks,26,San Francisco Giants,6,3
2026-05-20,2026-05-20T20:10Z,Final,12,Seattle Mariners,4,Chicago White Sox,5,4
2026-05-20,2026-05-20T22:40Z,Final,28,Miami Marlins,15,Atlanta Braves,1,9
2026-05-20,2026-05-20T22:40Z,Final,6,Detroit Tigers,5,Cleveland Guardians,2,3
2026-05-20,2026-05-20T22:45Z,Final,20,Washington Nationals,21,New York Mets,8,4
2026-05-20,2026-05-20T23:05Z,Final,10,New York Yankees,14,Toronto Blue Jays,1,2
2026-05-20,2026-05-20T23:40Z,Final,7,Kansas City Royals,2,Boston Red Sox,3,4
2026-05-20,2026-05-20T23:45Z,Final,24,St. Louis Cardinals,23,Pittsburgh Pirates,0,7
2026-05-20,2026-05-21T00:40Z,Final,25,San Diego Padres,19,Los Angeles Dodgers,0,4
2026-05-20,2026-05-21T01:38Z,Final,3,Los Angeles Angels,11,Athletics,5,6
2026-05-21,2026-05-21T17:10Z,Final,6,Detroit Tigers,5,Cleveland Guardians,1,3
2026-05-21,2026-05-21T17:15Z,Final,24,St. Louis Cardinals,23,Pittsburgh Pirates,2,6
2026-05-21,2026-05-21T20:05Z,Final,20,Washington Nationals,21,New York Mets,1,2
2026-05-21,2026-05-21T22:40Z,Final,28,Miami Marlins,15,Atlanta Braves,3,9
2026-05-21,2026-05-21T23:05Z,Final,10,New York Yankees,14,Toronto Blue Jays,0,2
2026-05-21,2026-05-22T01:38Z,Final,3,Los Angeles Angels,11,Athletics,2,3
2026-05-21,2026-05-22T01:40Z,Final,29,Arizona Diamondbacks,27,Colorado Rockies,2,1
2026-05-22,2026-05-22T18:20Z,Final,16,Chicago Cubs,18,Houston Astros,2,4
2026-05-22,2026-05-22T22:40Z,Final,22,Philadelphia Phillies,5,Cleveland Guardians,0,1
2026-05-22,2026-05-22T23:05Z,Final,10,New York Yankees,30,Tampa Bay Rays,2,4
2026-05-22,2026-05-22T23:07Z,Final,14,Toronto Blue Jays,23,Pittsburgh Pirates,6,2
2026-05-22,2026-05-22T23:10Z,Final,2,Boston Red Sox,9,Minnesota Twins,6,8
2026-05-22,2026-05-22T23:10Z,Final,28,Miami Marlins,21,New York Mets,2,1
2026-05-22,2026-05-22T23:15Z,Final,1,Baltimore Orioles,6,Detroit Tigers,7,4
2026-05-22,2026-05-22T23:15Z,Final,15,Atlanta Braves,20,Washington Nationals,5,4
2026-05-22,2026-05-22T23:40Z,Final,8,Milwaukee Brewers,19,Los Angeles Dodgers,5,1
2026-05-22,2026-05-22T23:40Z,Final,7,Kansas City Royals,12,Seattle Mariners,0,2
2026-05-22,2026-05-23T01:38Z,Final,3,Los Angeles Angels,13,Texas Rangers,9,6
2026-05-22,2026-05-23T01:40Z,Final,25,San Diego Padres,11,Athletics,7,3
2026-05-22,2026-05-23T01:40Z,Final,29,Arizona Diamondbacks,27,Colorado Rockies,2,3
2026-05-22,2026-05-23T02:15Z,Final,26,San Francisco Giants,4,Chicago White Sox,4,9
2026-05-23,2026-05-23T17:10Z,Final,17,Cincinnati Reds,24,St. Louis Cardinals,1,8
2026-05-23,2026-05-23T18:20Z,Final,16,Chicago Cubs,18,Houston Astros,0,3
2026-05-23,2026-05-23T19:07Z,Final,14,Toronto Blue Jays,23,Pittsburgh Pirates,5,2
2026-05-23,2026-05-23T20:05Z,Final,22,Philadelphia Phillies,5,Cleveland Guardians,3,0
2026-05-23,2026-05-23T20:05Z,Final,26,San Francisco Giants,4,Chicago White Sox,10,3
2026-05-23,2026-05-23T20:10Z,Final,2,Boston Red Sox,9,Minnesota Twins,2,4
2026-05-23,2026-05-23T20:10Z,Final,28,Miami Marlins,21,New York Mets,4,1
2026-05-23,2026-05-23T20:10Z,Final,15,Atlanta Braves,20,Washington Nationals,0,2
2026-05-23,2026-05-23T20:10Z,Final,7,Kansas City Royals,12,Seattle Mariners,5,0
2026-05-23,2026-05-23T23:15Z,Final,17,Cincinnati Reds,24,St. Louis Cardinals,7,6
2026-05-23,2026-05-23T23:15Z,Final,8,Milwaukee Brewers,19,Los Angeles Dodgers,3,11
2026-05-23,2026-05-24T01:40Z,Final,25,San Diego Padres,11,Athletics,2,0
2026-05-23,2026-05-24T02:05Z,Final,3,Los Angeles Angels,13,Texas Rangers,5,2
2026-05-23,2026-05-24T02:10Z,Final,29,Arizona Diamondbacks,27,Colorado Rockies,5,4
2026-05-24,2026-05-24T16:15Z,Final,14,Toronto Blue Jays,23,Pittsburgh Pirates,1,4
2026-05-24,2026-05-24T16:35Z,Final,1,Baltimore Orioles,6,Detroit Tigers,5,3
2026-05-24,2026-05-24T17:35Z,Final,22,Philadelphia Phillies,5,Cleveland Guardians,1,3
2026-05-24,2026-05-24T17:35Z,Final,2,Boston Red Sox,9,Minnesota Twins,5,6
2026-05-24,2026-05-24T17:35Z,Final,10,New York Yankees,30,Tampa Bay Rays,2,0
2026-05-24,2026-05-24T17:40Z,Final,28,Miami Marlins,21,New York Mets,4,0
2026-05-24,2026-05-24T18:10Z,Final,8,Milwaukee Brewers,19,Los Angeles Dodgers,1,5
2026-05-24,2026-05-24T18:10Z,Final,7,Kansas City Royals,12,Seattle Mariners,8,6
2026-05-24,2026-05-24T18:20Z,Final,16,Chicago Cubs,18,Houston Astros,5,8
2026-05-24,2026-05-24T20:05Z,Final,26,San Francisco Giants,4,Chicago White Sox,8,5
2026-05-24,2026-05-24T20:10Z,Final,15,Atlanta Braves,20,Washington Nationals,1,2
2026-05-24,2026-05-24T20:10Z,Final,25,San Diego Padres,11,Athletics,2,5
2026-05-24,2026-05-24T20:10Z,Final,29,Arizona Diamondbacks,27,Colorado Rockies,9,1
2026-05-24,2026-05-24T22:05Z,Final,1,Baltimore Orioles,6,Detroit Tigers,1,4
2026-05-24,2026-05-24T23:20Z,Final,3,Los Angeles Angels,13,Texas Rangers,2,1
2026-05-25,2026-05-25T17:35Z,Final,23,Pittsburgh Pirates,16,Chicago Cubs,2,1
2026-05-25,2026-05-25T17:35Z,Final,1,Baltimore Orioles,30,Tampa Bay Rays,9,7
2026-05-25,2026-05-25T18:10Z,Final,4,Chicago White Sox,9,Minnesota Twins,3,1
2026-05-25,2026-05-25T18:10Z,Final,8,Milwaukee Brewers,24,St. Louis Cardinals,5,1
2026-05-25,2026-05-25T19:40Z,Final,7,Kansas City Royals,10,New York Yankees,3,4
2026-05-25,2026-05-25T20:10Z,Final,21,New York Mets,17,Cincinnati Reds,2,7
2026-05-25,2026-05-25T21:05Z,Final,26,San Francisco Giants,29,Arizona Diamondbacks,2,6
2026-05-25,2026-05-25T22:10Z,Final,5,Cleveland Guardians,20,Washington Nationals,2,10
2026-05-25,2026-05-25T22:40Z,Final,25,San Diego Padres,22,Philadelphia Phillies,0,3
2026-05-25,2026-05-25T23:05Z,Final,13,Texas Rangers,18,Houston Astros,0,9
2026-05-25,2026-05-25T23:07Z,Final,14,Toronto Blue Jays,28,Miami Marlins,2,8
2026-05-25,2026-05-26T01:10Z,Final,19,Los Angeles Dodgers,27,Colorado Rockies,5,3
2026-05-25,2026-05-26T01:40Z,Final,11,Athletics,12,Seattle Mariners,2,9
2026-05-26,2026-05-26T22:10Z,Final,5,Cleveland Guardians,20,Washington Nationals,3,6
2026-05-26,2026-05-26T22:35Z,Final,1,Baltimore Orioles,30,Tampa Bay Rays,6,1
2026-05-26,2026-05-26T22:40Z,Final,6,Detroit Tigers,3,Los Angeles Angels,6,10
2026-05-26,2026-05-26T22:40Z,Final,23,Pittsburgh Pirates,16,Chicago Cubs,12,1
2026-05-26,2026-05-26T22:45Z,Final,2,Boston Red Sox,15,Atlanta Braves,6,7
2026-05-26,2026-05-26T23:07Z,Final,14,Toronto Blue Jays,28,Miami Marlins,8,1
2026-05-26,2026-05-26T23:10Z,Final,21,New York Mets,17,Cincinnati Reds,2,7
2026-05-26,2026-05-26T23:40Z,Final,4,Chicago White Sox,9,Minnesota Twins,3,5
2026-05-26,2026-05-26T23:40Z,Final,7,Kansas City Royals,10,New York Yankees,1,15
2026-05-26,2026-05-26T23:40Z,Final,8,Milwaukee Brewers,24,St. Louis Cardinals,6,0
2026-05-26,2026-05-27T00:05Z,Final,13,Texas Rangers,18,Houston Astros,10,7
2026-05-26,2026-05-27T01:40Z,Final,25,San Diego Padres,22,Philadelphia Phillies,3,4
2026-05-26,2026-05-27T01:40Z,Final,11,Athletics,12,Seattle Mariners,1,4
2026-05-26,2026-05-27T01:45Z,Final,26,San Francisco Giants,29,Arizona Diamondbacks,5,7
2026-05-26,2026-05-27T02:10Z,Final,19,Los Angeles Dodgers,27,Colorado Rockies,15,6
2026-05-27,2026-05-27T17:07Z,Final,14,Toronto Blue Jays,28,Miami Marlins,2,1
2026-05-27,2026-05-27T17:10Z,Final,5,Cleveland Guardians,20,Washington Nationals,3,2
2026-05-27,2026-05-27T17:40Z,Final,8,Milwaukee Brewers,24,St. Louis Cardinals,2,1
2026-05-27,2026-05-27T19:05Z,Final,11,Athletics,12,Seattle Mariners,1,9
2026-05-27,2026-05-27T19:45Z,Final,26,San Francisco Giants,29,Arizona Diamondbacks,2,3
2026-05-27,2026-05-27T20:10Z,Final,25,San Diego Padres,22,Philadelphia Phillies,0,3
2026-05-27,2026-05-27T22:35Z,Final,1,Baltimore Orioles,30,Tampa Bay Rays,11,2
2026-05-27,2026-05-27T22:40Z,Final,6,Detroit Tigers,3,Los Angeles Angels,4,0
2026-05-27,2026-05-27T22:40Z,Final,23,Pittsburgh Pirates,16,Chicago Cubs,4,10
2026-05-27,2026-05-27T22:45Z,Final,2,Boston Red Sox,15,Atlanta Braves,8,0
2026-05-27,2026-05-27T23:10Z,Final,21,New York Mets,17,Cincinnati Reds,4,2
2026-05-27,2026-05-27T23:40Z,Final,4,Chicago White Sox,9,Minnesota Twins,15,2
2026-05-27,2026-05-27T23:40Z,Final,7,Kansas City Royals,10,New York Yankees,0,7
2026-05-27,2026-05-28T00:05Z,Final,13,Texas Rangers,18,Houston Astros,3,4
2026-05-27,2026-05-28T02:10Z,Final,19,Los Angeles Dodgers,27,Colorado Rockies,4,1
2026-05-28,2026-05-28T17:10Z,Final,6,Detroit Tigers,3,Los Angeles Angels,1,7
2026-05-28,2026-05-28T18:10Z,Final,4,Chicago White Sox,9,Minnesota Twins,6,2
2026-05-28,2026-05-28T20:10Z,Final,2,Boston Red Sox,15,Atlanta Braves,2,10
2026-05-28,2026-05-28T22:35Z,Final,1,Baltimore Orioles,14,Toronto Blue Jays,1,2
2026-05-28,2026-05-28T22:40Z,Final,23,Pittsburgh Pirates,16,Chicago Cubs,2,7
2026-05-28,2026-05-29T00:05Z,Final,13,Texas Rangers,18,Houston Astros,1,5
2026-05-29,2026-05-29T22:40Z,Final,17,Cincinnati Reds,15,Atlanta Braves,3,8
2026-05-29,2026-05-29T22:45Z,Final,23,Pittsburgh Pirates,9,Minnesota Twins,6,5
2026-05-29,2026-05-29T22:45Z,Final,20,Washington Nationals,25,San Diego Padres,5,7
2026-05-29,2026-05-29T23:05Z,Final,1,Baltimore Orioles,14,Toronto Blue Jays,5,6
2026-05-29,2026-05-29T23:10Z,Final,30,Tampa Bay Rays,3,Los Angeles Angels,8,5
2026-05-29,2026-05-29T23:10Z,Final,5,Cleveland Guardians,2,Boston Red Sox,4,3
2026-05-29,2026-05-29T23:10Z,Final,21,New York Mets,28,Miami Marlins,9,7
2026-05-29,2026-05-29T23:15Z,Final,24,St. Louis Cardinals,16,Chicago Cubs,6,5
2026-05-29,2026-05-29T23:40Z,Final,4,Chicago White Sox,6,Detroit Tigers,4,3
2026-05-29,2026-05-30T00:05Z,Final,13,Texas Rangers,7,Kansas City Royals,9,1
2026-05-29,2026-05-30T00:10Z,Final,18,Houston Astros,8,Milwaukee Brewers,4,5
2026-05-29,2026-05-30T00:40Z,Final,27,Colorado Rockies,26,San Francisco Giants,8,6
2026-05-29,2026-05-30T01:40Z,Final,11,Athletics,10,New York Yankees,2,8
2026-05-29,2026-05-30T02:10Z,Final,12,Seattle Mariners,29,Arizona Diamondbacks,7,6
2026-05-29,2026-05-30T02:15Z,Final,19,Los Angeles Dodgers,22,Philadelphia Phillies,4,2
2026-05-30,2026-05-30T18:10Z,Final,4,Chicago White Sox,6,Detroit Tigers,7,1
2026-05-30,2026-05-30T20:05Z,Final,23,Pittsburgh Pirates,9,Minnesota Twins,10,9
2026-05-30,2026-05-30T20:05Z,Final,20,Washington Nationals,25,San Diego Padres,9,4
2026-05-30,2026-05-30T20:05Z,Final,1,Baltimore Orioles,14,Toronto Blue Jays,6,5
2026-05-30,2026-05-30T20:05Z,Final,13,Texas Rangers,7,Kansas City Royals,7,6
2026-05-30,2026-05-30T20:10Z,Final,30,Tampa Bay Rays,3,Los Angeles Angels,3,14
2026-05-30,2026-05-30T20:10Z,Final,5,Cleveland Guardians,2,Boston Red Sox,1,9
2026-05-30,2026-05-30T20:10Z,Final,21,New York Mets,28,Miami Marlins,6,1
2026-05-30,2026-05-30T20:10Z,Final,18,Houston Astros,8,Milwaukee Brewers,9,2
2026-05-30,2026-05-30T23:15Z,Final,17,Cincinnati Reds,15,Atlanta Braves,2,5
2026-05-30,2026-05-30T23:15Z,Final,24,St. Louis Cardinals,16,Chicago Cubs,1,6
2026-05-30,2026-05-31T01:10Z,Final,27,Colorado Rockies,26,San Francisco Giants,8,3
2026-05-30,2026-05-31T02:05Z,Final,11,Athletics,10,New York Yankees,6,4
2026-05-30,2026-05-31T02:10Z,Final,12,Seattle Mariners,29,Arizona Diamondbacks,5,1
2026-05-30,2026-05-31T02:10Z,Final,19,Los Angeles Dodgers,22,Philadelphia Phillies,3,4
2026-05-31,2026-05-31T16:15Z,Final,1,Baltimore Orioles,14,Toronto Blue Jays,9,5
2026-05-31,2026-05-31T17:35Z,Final,23,Pittsburgh Pirates,9,Minnesota Twins,9,3
2026-05-31,2026-05-31T17:35Z,Final,20,Washington Nationals,25,San Diego Padres,4,2
2026-05-31,2026-05-31T17:40Z,Final,30,Tampa Bay Rays,3,Los Angeles Angels,5,2
2026-05-31,2026-05-31T17:40Z,Final,17,Cincinnati Reds,15,Atlanta Braves,6,4
2026-05-31,2026-05-31T17:40Z,Final,5,Cleveland Guardians,2,Boston Red Sox,4,9
2026-05-31,2026-05-31T17:40Z,Final,21,New York Mets,28,Miami Marlins,10,1
2026-05-31,2026-05-31T18:10Z,Final,4,Chicago White Sox,6,Detroit Tigers,2,1
2026-05-31,2026-05-31T18:10Z,Final,18,Houston Astros,8,Milwaukee Brewers,0,2
2026-05-31,2026-05-31T18:35Z,Final,13,Texas Rangers,7,Kansas City Royals,6,3
2026-05-31,2026-05-31T19:10Z,Final,27,Colorado Rockies,26,San Francisco Giants,6,19
2026-05-31,2026-05-31T20:05Z,Final,11,Athletics,10,New York Yankees,8,13
2026-05-31,2026-05-31T20:10Z,Final,12,Seattle Mariners,29,Arizona Diamondbacks,3,2
2026-05-31,2026-05-31T20:10Z,Final,19,Los Angeles Dodgers,22,Philadelphia Phillies,9,1
2026-05-31,2026-05-31T23:20Z,Final,24,St. Louis Cardinals,16,Chicago Cubs,5,1
2026-06-01,2026-06-01T22:40Z,Final,30,Tampa Bay Rays,6,Detroit Tigers,9,10
2026-06-01,2026-06-01T22:45Z,Final,20,Washington Nationals,28,Miami Marlins,3,7
2026-06-01,2026-06-01T23:10Z,Final,17,Cincinnati Reds,7,Kansas City Royals,2,9
2026-06-01,2026-06-01T23:40Z,Final,9,Minnesota Twins,4,Chicago White Sox,9,6
2026-06-01,2026-06-01T23:40Z,Final,8,Milwaukee Brewers,26,San Francisco Giants,16,2
2026-06-01,2026-06-01T23:45Z,Final,24,St. Louis Cardinals,13,Texas Rangers,1,2
2026-06-01,2026-06-02T01:38Z,Final,3,Los Angeles Angels,27,Colorado Rockies,8,9
2026-06-01,2026-06-02T01:40Z,Final,29,Arizona Diamondbacks,19,Los Angeles Dodgers,4,1
2026-06-01,2026-06-02T01:40Z,Final,12,Seattle Mariners,21,New York Mets,3,2
2026-06-02,2026-06-02T22:40Z,Final,30,Tampa Bay Rays,6,Detroit Tigers,0,8
2026-06-02,2026-06-02T22:40Z,Final,22,Philadelphia Phillies,25,San Diego Padres,3,2
2026-06-02,2026-06-02T22:45Z,Final,2,Boston Red Sox,1,Baltimore Orioles,2,4
2026-06-02,2026-06-02T22:45Z,Final,20,Washington Nationals,28,Miami Marlins,3,7
2026-06-02,2026-06-02T23:05Z,Final,10,New York Yankees,5,Cleveland Guardians,4,9
2026-06-02,2026-06-02T23:10Z,Final,17,Cincinnati Reds,7,Kansas City Royals,4,3
2026-06-02,2026-06-02T23:15Z,Final,15,Atlanta Braves,14,Toronto Blue Jays,4,3
2026-06-02,2026-06-02T23:40Z,Final,9,Minnesota Twins,4,Chicago White Sox,6,4
2026-06-02,2026-06-02T23:40Z,Final,8,Milwaukee Brewers,26,San Francisco Giants,8,3
2026-06-02,2026-06-02T23:45Z,Final,24,St. Louis Cardinals,13,Texas Rangers,4,7
2026-06-02,2026-06-03T00:05Z,Final,16,Chicago Cubs,11,Athletics,1,2
2026-06-02,2026-06-03T00:10Z,Final,18,Houston Astros,23,Pittsburgh Pirates,6,10
2026-06-02,2026-06-03T01:38Z,Final,3,Los Angeles Angels,27,Colorado Rockies,2,8
2026-06-02,2026-06-03T01:40Z,Final,29,Arizona Diamondbacks,19,Los Angeles Dodgers,5,6
2026-06-02,2026-06-03T01:40Z,Final,12,Seattle Mariners,21,New York Mets,8,3
2026-06-03,2026-06-03T17:05Z,Final,20,Washington Nationals,28,Miami Marlins,1,4
2026-06-03,2026-06-03T17:10Z,Final,30,Tampa Bay Rays,6,Detroit Tigers,2,7
2026-06-03,2026-06-03T17:40Z,Final,9,Minnesota Twins,4,Chicago White Sox,0,8
2026-06-03,2026-06-03T19:40Z,Final,12,Seattle Mariners,21,New York Mets,1,7
2026-06-03,2026-06-03T22:40Z,Final,22,Philadelphia Phillies,25,San Diego Padres,3,2
2026-06-03,2026-06-03T22:45Z,Final,2,Boston Red Sox,1,Baltimore Orioles,8,1
2026-06-03,2026-06-03T23:05Z,Final,10,New York Yankees,5,Cleveland Guardians,4,5
2026-06-03,2026-06-03T23:10Z,Final,17,Cincinnati Reds,7,Kansas City Royals,2,5
2026-06-03,2026-06-03T23:15Z,Final,15,Atlanta Braves,14,Toronto Blue Jays,7,3
2026-06-03,2026-06-03T23:40Z,Final,8,Milwaukee Brewers,26,San Francisco Giants,0,1
2026-06-03,2026-06-03T23:45Z,Final,24,St. Louis Cardinals,13,Texas Rangers,5,3
2026-06-03,2026-06-04T00:05Z,Final,16,Chicago Cubs,11,Athletics,4,5
2026-06-03,2026-06-04T00:10Z,Final,18,Houston Astros,23,Pittsburgh Pirates,11,9
2026-06-03,2026-06-04T01:38Z,Final,3,Los Angeles Angels,27,Colorado Rockies,11,4
2026-06-03,2026-06-04T01:40Z,Final,29,Arizona Diamondbacks,19,Los Angeles Dodgers,0,7
2026-06-04,2026-06-04T17:05Z,Final,22,Philadelphia Phillies,25,San Diego Padres,6,4
2026-06-04,2026-06-04T17:35Z,Final,2,Boston Red Sox,1,Baltimore Orioles,2,8
2026-06-04,2026-06-04T17:35Z,Final,10,New York Yankees,5,Cleveland Guardians,2,1
2026-06-04,2026-06-04T18:10Z,Final,8,Milwaukee Brewers,26,San Francisco Giants,9,12
2026-06-04,2026-06-04T23:15Z,Final,15,Atlanta Braves,14,Toronto Blue Jays,2,7
2026-06-04,2026-06-04T23:40Z,Final,9,Minnesota Twins,7,Kansas City Royals,6,8
2026-06-04,2026-06-05T00:05Z,Final,16,Chicago Cubs,11,Athletics,7,6
2026-06-04,2026-06-05T00:10Z,Final,18,Houston Astros,23,Pittsburgh Pirates,1,5
2026-06-04,2026-06-05T01:40Z,Final,29,Arizona Diamondbacks,19,Los Angeles Dodgers,3,2
2026-06-05,2026-06-05T18:20Z,Final,16,Chicago Cubs,26,San Francisco Giants,3,18
2026-06-05,2026-06-05T22:40Z,Final,22,Philadelphia Phillies,4,Chicago White Sox,8,6
2026-06-05,2026-06-05T22:40Z,Final,6,Detroit Tigers,12,Seattle Mariners,7,3
2026-06-05,2026-06-05T23:05Z,Final,10,New York Yankees,2,Boston Red Sox,3,5
2026-06-05,2026-06-05T23:07Z,Final,14,Toronto Blue Jays,1,Baltimore Orioles,3,13
2026-06-05,2026-06-05T23:10Z,Final,28,Miami Marlins,30,Tampa Bay Rays,0,6
2026-06-05,2026-06-05T23:15Z,Final,15,Atlanta Braves,23,Pittsburgh Pirates,6,3
2026-06-05,2026-06-06T00:10Z,Final,18,Houston Astros,11,Athletics,5,1
2026-06-05,2026-06-06T00:15Z,Final,24,St. Louis Cardinals,17,Cincinnati Reds,10,3
2026-06-05,2026-06-06T00:15Z,Final,13,Texas Rangers,5,Cleveland Guardians,3,2
2026-06-05,2026-06-06T00:15Z,Final,9,Minnesota Twins,7,Kansas City Royals,5,3
2026-06-05,2026-06-06T00:40Z,Final,27,Colorado Rockies,8,Milwaukee Brewers,7,9
2026-06-05,2026-06-06T01:40Z,Final,25,San Diego Padres,21,New York Mets,0,5
2026-06-05,2026-06-06T01:40Z,Final,29,Arizona Diamondbacks,20,Washington Nationals,1,14
2026-06-05,2026-06-06T02:10Z,Final,19,Los Angeles Dodgers,3,Los Angeles Angels,1,0
2026-06-06,2026-06-06T17:10Z,Final,6,Detroit Tigers,12,Seattle Mariners,0,4
2026-06-06,2026-06-06T18:10Z,Final,9,Minnesota Twins,7,Kansas City Royals,2,3
2026-06-06,2026-06-06T18:15Z,Final,24,St. Louis Cardinals,17,Cincinnati Reds,6,5
2026-06-06,2026-06-06T18:20Z,Final,16,Chicago Cubs,26,San Francisco Giants,3,2
2026-06-06,2026-06-06T19:07Z,Final,14,Toronto Blue Jays,1,Baltimore Orioles,6,4
2026-06-06,2026-06-06T20:05Z,Final,22,Philadelphia Phillies,4,Chicago White Sox,3,6
2026-06-06,2026-06-06T20:10Z,Final,15,Atlanta Braves,23,Pittsburgh Pirates,6,3
2026-06-06,2026-06-06T20:10Z,Final,28,Miami Marlins,30,Tampa Bay Rays,4,3
2026-06-06,2026-06-06T20:10Z,Final,18,Houston Astros,11,Athletics,13,2
2026-06-06,2026-06-06T20:10Z,Final,29,Arizona Diamondbacks,20,Washington Nationals,1,6
2026-06-06,2026-06-06T23:35Z,Final,13,Texas Rangers,5,Cleveland Guardians,0,6
2026-06-06,2026-06-07T01:10Z,Final,27,Colorado Rockies,8,Milwaukee Brewers,1,7
2026-06-06,2026-06-07T02:10Z,Final,19,Los Angeles Dodgers,3,Los Angeles Angels,9,2
2026-06-06,2026-06-07T02:10Z,Final,25,San Diego Padres,21,New York Mets,3,2
2026-06-07,2026-06-07T17:35Z,Final,10,New York Yankees,2,Boston Red Sox,6,1
2026-06-07,2026-06-07T17:35Z,Final,22,Philadelphia Phillies,4,Chicago White Sox,9,5
2026-06-07,2026-06-07T17:35Z,Final,15,Atlanta Braves,23,Pittsburgh Pirates,3,2
2026-06-07,2026-06-07T17:37Z,Final,14,Toronto Blue Jays,1,Baltimore Orioles,6,4
2026-06-07,2026-06-07T17:40Z,Final,6,Detroit Tigers,12,Seattle Mariners,5,4
2026-06-07,2026-06-07T17:40Z,Final,28,Miami Marlins,30,Tampa Bay Rays,4,1
2026-06-07,2026-06-07T18:10Z,Final,18,Houston Astros,11,Athletics,0,5
2026-06-07,2026-06-07T18:10Z,Final,9,Minnesota Twins,7,Kansas City Royals,5,6
2026-06-07,2026-06-07T18:15Z,Final,24,St. Louis Cardinals,17,Cincinnati Reds,5,3
2026-06-07,2026-06-07T18:35Z,Final,13,Texas Rangers,5,Cleveland Guardians,10,0
2026-06-07,2026-06-07T19:10Z,Final,27,Colorado Rockies,8,Milwaukee Brewers,4,12
2026-06-07,2026-06-07T19:15Z,Final,29,Arizona Diamondbacks,20,Washington Nationals,5,1
2026-06-07,2026-06-07T20:10Z,Final,19,Los Angeles Dodgers,3,Los Angeles Angels,5,13
2026-06-07,2026-06-07T20:10Z,Final,25,San Diego Padres,21,New York Mets,3,7
2026-06-07,2026-06-08T00:30Z,Final,16,Chicago Cubs,26,San Francisco Giants,1,2
2026-06-08,2026-06-08T22:35Z,Final,1,Baltimore Orioles,12,Seattle Mariners,3,6
2026-06-08,2026-06-08T22:40Z,Final,30,Tampa Bay Rays,2,Boston Red Sox,3,1
2026-06-08,2026-06-08T22:40Z,Final,5,Cleveland Guardians,10,New York Yankees,5,7
2026-06-08,2026-06-08T23:07Z,Final,14,Toronto Blue Jays,22,Philadelphia Phillies,2,5
2026-06-08,2026-06-09T01:38Z,Final,3,Los Angeles Angels,18,Houston Astros,4,5
2026-06-08,2026-06-09T01:40Z,Final,25,San Diego Padres,17,Cincinnati Reds,6,2
2026-06-08,2026-06-09T01:45Z,Final,26,San Francisco Giants,20,Washington Nationals,3,4
2026-06-08,2026-06-09T02:05Z,Final,11,Athletics,8,Milwaukee Brewers,14,15
2026-06-09,2026-06-09T22:35Z,Final,1,Baltimore Orioles,12,Seattle Mariners,5,6
2026-06-09,2026-06-09T22:40Z,Final,28,Miami Marlins,29,Arizona Diamondbacks,10,6
2026-06-09,2026-06-09T22:40Z,Final,30,Tampa Bay Rays,2,Boston Red Sox,4,3
2026-06-09,2026-06-09T22:40Z,Final,23,Pittsburgh Pirates,19,Los Angeles Dodgers,3,12
2026-06-09,2026-06-09T22:40Z,Final,6,Detroit Tigers,9,Minnesota Twins,10,4
2026-06-09,2026-06-09T22:40Z,Final,5,Cleveland Guardians,10,New York Yankees,2,3
2026-06-09,2026-06-09T23:07Z,Final,14,Toronto Blue Jays,22,Philadelphia Phillies,3,2
2026-06-09,2026-06-09T23:10Z,Final,21,New York Mets,24,St. Louis Cardinals,0,7
2026-06-09,2026-06-09T23:40Z,Final,4,Chicago White Sox,15,Atlanta Braves,6,5
2026-06-09,2026-06-09T23:40Z,Final,7,Kansas City Royals,13,Texas Rangers,5,3
2026-06-09,2026-06-10T00:40Z,Final,27,Colorado Rockies,16,Chicago Cubs,7,3
2026-06-09,2026-06-10T01:38Z,Final,3,Los Angeles Angels,18,Houston Astros,10,1
2026-06-09,2026-06-10T01:40Z,Final,25,San Diego Padres,17,Cincinnati Reds,3,5
2026-06-09,2026-06-10T01:45Z,Final,26,San Francisco Giants,20,Washington Nationals,3,6
2026-06-09,2026-06-10T02:05Z,Final,11,Athletics,8,Milwaukee Brewers,7,5
2026-06-10,2026-06-10T17:10Z,Final,30,Tampa Bay Rays,2,Boston Red Sox,7,5
2026-06-10,2026-06-10T17:10Z,Final,5,Cleveland Guardians,10,New York Yankees,4,8
2026-06-10,2026-06-10T19:45Z,Final,26,San Francisco Giants,20,Washington Nationals,11,10
2026-06-10,2026-06-10T20:10Z,Final,25,San Diego Padres,17,Cincinnati Reds,5,4
2026-06-10,2026-06-10T22:35Z,Final,1,Baltimore Orioles,12,Seattle Mariners,7,2
2026-06-10,2026-06-10T22:40Z,Final,28,Miami Marlins,29,Arizona Diamondbacks,8,0
2026-06-10,2026-06-10T22:40Z,Final,23,Pittsburgh Pirates,19,Los Angeles Dodgers,9,8
2026-06-10,2026-06-10T22:40Z,Final,6,Detroit Tigers,9,Minnesota Twins,4,6
2026-06-10,2026-06-10T23:07Z,Final,14,Toronto Blue Jays,22,Philadelphia Phillies,4,7
2026-06-10,2026-06-10T23:10Z,Final,21,New York Mets,24,St. Louis Cardinals,2,9
2026-06-10,2026-06-10T23:40Z,Final,4,Chicago White Sox,15,Atlanta Braves,2,1
2026-06-10,2026-06-10T23:40Z,Final,7,Kansas City Royals,13,Texas Rangers,4,6
2026-06-10,2026-06-11T00:40Z,Final,27,Colorado Rockies,16,Chicago Cubs,3,2
2026-06-10,2026-06-11T01:05Z,Final,11,Athletics,8,Milwaukee Brewers,4,3
2026-06-10,2026-06-11T01:38Z,Final,3,Los Angeles Angels,18,Houston Astros,3,2
2026-06-11,2026-06-11T17:10Z,Final,28,Miami Marlins,29,Arizona Diamondbacks,2,0
2026-06-11,2026-06-11T17:10Z,Final,6,Detroit Tigers,9,Minnesota Twins,11,0
2026-06-11,2026-06-11T17:10Z,Final,21,New York Mets,24,St. Louis Cardinals,5,4
2026-06-11,2026-06-11T18:10Z,Final,7,Kansas City Royals,13,Texas Rangers,2,4
2026-06-11,2026-06-11T19:10Z,Final,27,Colorado Rockies,16,Chicago Cubs,3,9
2026-06-11,2026-06-11T22:40Z,Final,23,Pittsburgh Pirates,19,Los Angeles Dodgers,6,8
2026-06-11,2026-06-11T23:00Z,Final,1,Baltimore Orioles,12,Seattle Mariners,7,5
2026-06-12,2026-06-12T22:40Z,Final,23,Pittsburgh Pirates,28,Miami Marlins,3,8
2026-06-12,2026-06-12T22:45Z,Final,20,Washington Nationals,12,Seattle Mariners,2,10
2026-06-12,2026-06-12T23:05Z,Final,1,Baltimore Orioles,25,San Diego Padres,7,3
2026-06-12,2026-06-12T23:10Z,Final,5,Cleveland Guardians,6,Detroit Tigers,3,2
2026-06-12,2026-06-12T23:10Z,Final,2,Boston Red Sox,13,Texas Rangers,10,1
2026-06-12,2026-06-12T23:15Z,Final,17,Cincinnati Reds,29,Arizona Diamondbacks,2,5
2026-06-12,2026-06-12T23:15Z,Final,21,New York Mets,15,Atlanta Braves,7,5
2026-06-12,2026-06-12T23:37Z,Final,14,Toronto Blue Jays,10,New York Yankees,8,5
2026-06-12,2026-06-12T23:40Z,Final,4,Chicago White Sox,19,Los Angeles Dodgers,8,2
2026-06-12,2026-06-12T23:40Z,Final,8,Milwaukee Brewers,22,Philadelphia Phillies,6,0
2026-06-12,2026-06-13T00:10Z,Final,7,Kansas City Royals,18,Houston Astros,8,10
2026-06-12,2026-06-13T00:10Z,Final,9,Minnesota Twins,24,St. Louis Cardinals,9,8
2026-06-12,2026-06-13T01:38Z,Final,3,Los Angeles Angels,30,Tampa Bay Rays,4,3
2026-06-12,2026-06-13T02:05Z,Final,11,Athletics,27,Colorado Rockies,6,4
2026-06-12,2026-06-13T02:15Z,Final,26,San Francisco Giants,16,Chicago Cubs,1,5
2026-06-13,2026-06-13T18:10Z,Final,9,Minnesota Twins,24,St. Louis Cardinals,6,9
2026-06-13,2026-06-13T19:07Z,Final,14,Toronto Blue Jays,10,New York Yankees,1,3
2026-06-13,2026-06-13T20:05Z,Final,23,Pittsburgh Pirates,28,Miami Marlins,3,2
2026-06-13,2026-06-13T20:05Z,Final,1,Baltimore Orioles,25,San Diego Padres,3,9
2026-06-13,2026-06-13T20:05Z,Final,20,Washington Nationals,12,Seattle Mariners,8,3
2026-06-13,2026-06-13T20:10Z,Final,17,Cincinnati Reds,29,Arizona Diamondbacks,2,1
2026-06-13,2026-06-13T20:10Z,Final,21,New York Mets,15,Atlanta Braves,1,3
2026-06-13,2026-06-13T20:10Z,Final,5,Cleveland Guardians,6,Detroit Tigers,3,1
2026-06-13,2026-06-13T20:10Z,Final,2,Boston Red Sox,13,Texas Rangers,6,3
2026-06-13,2026-06-13T20:10Z,Final,4,Chicago White Sox,19,Los Angeles Dodgers,1,7
2026-06-13,2026-06-13T23:10Z,Final,7,Kansas City Royals,18,Houston Astros,7,8
2026-06-13,2026-06-13T23:10Z,Final,8,Milwaukee Brewers,22,Philadelphia Phillies,8,9
2026-06-13,2026-06-14T02:05Z,Final,26,San Francisco Giants,16,Chicago Cubs,1,6
2026-06-13,2026-06-14T02:05Z,Final,11,Athletics,27,Colorado Rockies,7,5
2026-06-13,2026-06-14T02:07Z,Final,3,Los Angeles Angels,30,Tampa Bay Rays,8,0
2026-06-14,2026-06-14T16:15Z,Final,23,Pittsburgh Pirates,28,Miami Marlins,2,4
2026-06-14,2026-06-14T17:35Z,Final,1,Baltimore Orioles,25,San Diego Padres,2,5
2026-06-14,2026-06-14T17:35Z,Final,20,Washington Nationals,12,Seattle Mariners,10,1
2026-06-14,2026-06-14T17:37Z,Final,14,Toronto Blue Jays,10,New York Yankees,3,8
2026-06-14,2026-06-14T17:40Z,Final,17,Cincinnati Reds,29,Arizona Diamondbacks,3,5
2026-06-14,2026-06-14T17:40Z,Final,21,New York Mets,15,Atlanta Braves,8,1
2026-06-14,2026-06-14T18:10Z,Final,7,Kansas City Royals,18,Houston Astros,4,0
2026-06-14,2026-06-14T18:10Z,Final,4,Chicago White Sox,19,Los Angeles Dodgers,6,4
2026-06-14,2026-06-14T18:10Z,Final,8,Milwaukee Brewers,22,Philadelphia Phillies,4,0
2026-06-14,2026-06-14T18:10Z,Final,9,Minnesota Twins,24,St. Louis Cardinals,5,4
2026-06-14,2026-06-14T19:05Z,Final,11,Athletics,27,Colorado Rockies,9,23
2026-06-14,2026-06-14T19:10Z,Final,26,San Francisco Giants,16,Chicago Cubs,5,1
2026-06-14,2026-06-14T20:07Z,Final,3,Los Angeles Angels,30,Tampa Bay Rays,3,8
2026-06-14,2026-06-14T23:20Z,Final,2,Boston Red Sox,13,Texas Rangers,4,6
2026-06-15,2026-06-15T22:40Z,Final,22,Philadelphia Phillies,28,Miami Marlins,7,0
2026-06-15,2026-06-15T22:45Z,Final,20,Washington Nationals,7,Kansas City Royals,7,3
2026-06-15,2026-06-15T23:10Z,Final,17,Cincinnati Reds,21,New York Mets,12,0
2026-06-15,2026-06-15T23:45Z,Final,24,St. Louis Cardinals,25,San Diego Padres,3,0
2026-06-15,2026-06-16T00:05Z,Final,16,Chicago Cubs,27,Colorado Rockies,5,4
2026-06-15,2026-06-16T00:05Z,Final,13,Texas Rangers,9,Minnesota Twins,2,4
2026-06-15,2026-06-16T00:10Z,Final,18,Houston Astros,6,Detroit Tigers,3,9
2026-06-15,2026-06-16T01:40Z,Final,29,Arizona Diamondbacks,3,Los Angeles Angels,4,3
2026-06-15,2026-06-16T01:40Z,Final,11,Athletics,23,Pittsburgh Pirates,11,2
2026-06-15,2026-06-16T02:00Z,Final,19,Los Angeles Dodgers,30,Tampa Bay Rays,4,3
2026-06-16,2026-06-16T22:40Z,Final,22,Philadelphia Phillies,28,Miami Marlins,8,2
2026-06-16,2026-06-16T22:45Z,Final,20,Washington Nationals,7,Kansas City Royals,6,4
2026-06-16,2026-06-16T22:45Z,Final,2,Boston Red Sox,14,Toronto Blue Jays,1,6
2026-06-16,2026-06-16T23:05Z,Final,10,New York Yankees,4,Chicago White Sox,12,2
2026-06-16,2026-06-16T23:10Z,Final,17,Cincinnati Reds,21,New York Mets,5,3
2026-06-16,2026-06-16T23:40Z,Final,8,Milwaukee Brewers,5,Cleveland Guardians,2,1
2026-06-16,2026-06-16T23:45Z,Final,24,St. Louis Cardinals,25,San Diego Padres,3,2
2026-06-16,2026-06-17T00:05Z,Final,16,Chicago Cubs,27,Colorado Rockies,2,5
2026-06-16,2026-06-17T00:05Z,Final,13,Texas Rangers,9,Minnesota Twins,2,12
2026-06-16,2026-06-17T00:10Z,Final,18,Houston Astros,6,Detroit Tigers,4,2
2026-06-16,2026-06-17T01:40Z,Final,29,Arizona Diamondbacks,3,Los Angeles Angels,0,7
2026-06-16,2026-06-17T01:40Z,Final,12,Seattle Mariners,1,Baltimore Orioles,3,1
2026-06-16,2026-06-17T01:40Z,Final,11,Athletics,23,Pittsburgh Pirates,5,6
2026-06-16,2026-06-17T02:10Z,Final,19,Los Angeles Dodgers,30,Tampa Bay Rays,1,0
2026-06-17,2026-06-17T16:40Z,Final,17,Cincinnati Reds,21,New York Mets,1,9
2026-06-17,2026-06-17T17:05Z,Final,20,Washington Nationals,7,Kansas City Royals,2,6
2026-06-17,2026-06-17T17:05Z,Final,22,Philadelphia Phillies,28,Miami Marlins,4,12
2026-06-17,2026-06-17T18:10Z,Final,18,Houston Astros,6,Detroit Tigers,4,2
2026-06-17,2026-06-17T18:15Z,Final,24,St. Louis Cardinals,25,San Diego Padres,1,6
2026-06-17,2026-06-17T19:10Z,Final,19,Los Angeles Dodgers,30,Tampa Bay Rays,5,4
2026-06-17,2026-06-17T19:40Z,Final,29,Arizona Diamondbacks,3,Los Angeles Angels,8,1
2026-06-17,2026-06-17T22:45Z,Final,2,Boston Red Sox,14,Toronto Blue Jays,0,3
2026-06-17,2026-06-17T23:05Z,Final,10,New York Yankees,4,Chicago White Sox,10,5
2026-06-17,2026-06-17T23:15Z,Final,15,Atlanta Braves,26,San Francisco Giants,5,7
2026-06-17,2026-06-17T23:40Z,Final,8,Milwaukee Brewers,5,Cleveland Guardians,9,4
2026-06-17,2026-06-18T00:05Z,Final,16,Chicago Cubs,27,Colorado Rockies,8,6
2026-06-17,2026-06-18T01:40Z,Final,12,Seattle Mariners,1,Baltimore Orioles,3,5
2026-06-17,2026-06-18T01:40Z,Final,11,Athletics,23,Pittsburgh Pirates,4,12
2026-06-18,2026-06-18T17:35Z,Final,2,Boston Red Sox,14,Toronto Blue Jays,3,4
2026-06-18,2026-06-18T18:10Z,Final,8,Milwaukee Brewers,5,Cleveland Guardians,2,4
2026-06-18,2026-06-18T18:35Z,Final,13,Texas Rangers,9,Minnesota Twins,3,9
2026-06-18,2026-06-18T20:10Z,Final,12,Seattle Mariners,1,Baltimore Orioles,3,0
2026-06-18,2026-06-18T22:40Z,Final,22,Philadelphia Phillies,21,New York Mets,4,6
2026-06-18,2026-06-18T23:05Z,Final,10,New York Yankees,4,Chicago White Sox,1,5
2026-06-18,2026-06-18T23:40Z,Final,7,Kansas City Royals,24,St. Louis Cardinals,14,6
2026-06-18,2026-06-19T01:40Z,Final,11,Athletics,3,Los Angeles Angels,5,0
2026-06-19,2026-06-19T18:20Z,Final,16,Chicago Cubs,14,Toronto Blue Jays,16,2
2026-06-19,2026-06-19T22:40Z,Final,6,Detroit Tigers,4,Chicago White Sox,4,3
2026-06-19,2026-06-19T23:05Z,Final,10,New York Yankees,17,Cincinnati Reds,5,0
2026-06-19,2026-06-19T23:10Z,Final,28,Miami Marlins,26,San Francisco Giants,4,3
2026-06-19,2026-06-19T23:10Z,Final,30,Tampa Bay Rays,20,Washington Nationals,5,2
2026-06-19,2026-06-19T23:15Z,Final,15,Atlanta Braves,8,Milwaukee Brewers,3,2
2026-06-19,2026-06-20T00:05Z,Final,13,Texas Rangers,25,San Diego Padres,9,7
2026-06-19,2026-06-20T00:10Z,Final,18,Houston Astros,5,Cleveland Guardians,9,3
2026-06-19,2026-06-20T00:15Z,Final,7,Kansas City Royals,24,St. Louis Cardinals,6,5
2026-06-19,2026-06-20T00:40Z,Final,27,Colorado Rockies,23,Pittsburgh Pirates,4,3
2026-06-19,2026-06-20T01:40Z,Final,11,Athletics,3,Los Angeles Angels,12,11
2026-06-19,2026-06-20T01:45Z,Final,29,Arizona Diamondbacks,9,Minnesota Twins,9,5
2026-06-19,2026-06-20T02:10Z,Final,19,Los Angeles Dodgers,1,Baltimore Orioles,6,5
2026-06-19,2026-06-20T02:10Z,Final,12,Seattle Mariners,2,Boston Red Sox,2,6
2026-06-20,2026-06-20T17:10Z,Final,6,Detroit Tigers,4,Chicago White Sox,4,1
2026-06-20,2026-06-20T17:35Z,Final,10,New York Yankees,17,Cincinnati Reds,2,10
2026-06-20,2026-06-20T18:20Z,Final,16,Chicago Cubs,14,Toronto Blue Jays,6,8
2026-06-20,2026-06-20T20:05Z,Final,13,Texas Rangers,25,San Diego Padres,4,6
2026-06-20,2026-06-20T20:10Z,Final,15,Atlanta Braves,8,Milwaukee Brewers,4,3
2026-06-20,2026-06-20T20:10Z,Final,28,Miami Marlins,26,San Francisco Giants,6,3
2026-06-20,2026-06-20T20:10Z,Final,30,Tampa Bay Rays,20,Washington Nationals,3,4
2026-06-20,2026-06-20T23:15Z,Final,22,Philadelphia Phillies,21,New York Mets,15,3
2026-06-20,2026-06-20T23:15Z,Final,18,Houston Astros,5,Cleveland Guardians,1,8
2026-06-20,2026-06-21T01:10Z,Final,27,Colorado Rockies,23,Pittsburgh Pirates,2,1
2026-06-20,2026-06-21T02:05Z,Final,11,Athletics,3,Los Angeles Angels,0,7
2026-06-20,2026-06-21T02:10Z,Final,12,Seattle Mariners,2,Boston Red Sox,1,5
2026-06-20,2026-06-21T02:10Z,Final,19,Los Angeles Dodgers,1,Baltimore Orioles,2,3
2026-06-20,2026-06-21T02:10Z,Final,29,Arizona Diamondbacks,9,Minnesota Twins,8,16
2026-06-21,2026-06-21T17:35Z,Final,10,New York Yankees,17,Cincinnati Reds,1,4
2026-06-21,2026-06-21T17:35Z,Final,15,Atlanta Braves,8,Milwaukee Brewers,4,9
2026-06-21,2026-06-21T17:40Z,Final,6,Detroit Tigers,4,Chicago White Sox,5,4
2026-06-21,2026-06-21T17:40Z,Final,28,Miami Marlins,26,San Francisco Giants,2,1
2026-06-21,2026-06-21T17:40Z,Final,30,Tampa Bay Rays,20,Washington Nationals,4,3
2026-06-21,2026-06-21T18:10Z,Final,18,Houston Astros,5,Cleveland Guardians,2,1
2026-06-21,2026-06-21T18:10Z,Final,7,Kansas City Royals,24,St. Louis Cardinals,10,12
2026-06-21,2026-06-21T18:35Z,Final,13,Texas Rangers,25,San Diego Padres,4,3
2026-06-21,2026-06-21T19:10Z,Final,27,Colorado Rockies,23,Pittsburgh Pirates,6,8
2026-06-21,2026-06-21T19:15Z,Final,29,Arizona Diamondbacks,9,Minnesota Twins,2,4
2026-06-21,2026-06-21T20:05Z,Final,11,Athletics,3,Los Angeles Angels,7,9
2026-06-21,2026-06-21T20:10Z,Final,19,Los Angeles Dodgers,1,Baltimore Orioles,1,12
2026-06-21,2026-06-21T20:10Z,Final,12,Seattle Mariners,2,Boston Red Sox,3,1
2026-06-21,2026-06-21T23:20Z,Final,22,Philadelphia Phillies,21,New York Mets,6,2
2026-06-22,2026-06-22T22:10Z,Final,6,Detroit Tigers,10,New York Yankees,5,3
2026-06-22,2026-06-22T22:40Z,Final,30,Tampa Bay Rays,7,Kansas City Royals,1,2
2026-06-22,2026-06-22T22:40Z,Final,28,Miami Marlins,13,Texas Rangers,3,4
2026-06-22,2026-06-22T22:45Z,Final,20,Washington Nationals,22,Philadelphia Phillies,4,1
2026-06-22,2026-06-22T23:07Z,Final,14,Toronto Blue Jays,18,Houston Astros,4,2
2026-06-22,2026-06-22T23:10Z,Final,17,Cincinnati Reds,8,Milwaukee Brewers,1,2
2026-06-22,2026-06-22T23:40Z,Final,4,Chicago White Sox,5,Cleveland Guardians,6,5
2026-06-22,2026-06-22T23:40Z,Final,9,Minnesota Twins,19,Los Angeles Dodgers,1,2
2026-06-22,2026-06-22T23:45Z,Final,24,St. Louis Cardinals,29,Arizona Diamondbacks,3,2
2026-06-22,2026-06-23T00:40Z,Final,27,Colorado Rockies,2,Boston Red Sox,3,2
2026-06-22,2026-06-23T01:38Z,Final,3,Los Angeles Angels,1,Baltimore Orioles,1,6
2026-06-22,2026-06-23T02:00Z,Final,25,San Diego Padres,15,Atlanta Braves,1,0
2026-06-23,2026-06-23T20:07Z,Final,14,Toronto Blue Jays,18,Houston Astros,7,9
2026-06-23,2026-06-23T22:40Z,Final,30,Tampa Bay Rays,7,Kansas City Royals,5,12
2026-06-23,2026-06-23T22:40Z,Final,6,Detroit Tigers,10,New York Yankees,3,4
2026-06-23,2026-06-23T22:40Z,Final,23,Pittsburgh Pirates,12,Seattle Mariners,2,3
2026-06-23,2026-06-23T22:40Z,Final,28,Miami Marlins,13,Texas Rangers,6,4
2026-06-23,2026-06-23T22:45Z,Final,20,Washington Nationals,22,Philadelphia Phillies,9,14
2026-06-23,2026-06-23T23:10Z,Final,21,New York Mets,16,Chicago Cubs,6,9
2026-06-23,2026-06-23T23:10Z,Final,17,Cincinnati Reds,8,Milwaukee Brewers,0,2
2026-06-23,2026-06-23T23:40Z,Final,4,Chicago White Sox,5,Cleveland Guardians,2,1
2026-06-23,2026-06-23T23:40Z,Final,9,Minnesota Twins,19,Los Angeles Dodgers,3,12
2026-06-23,2026-06-23T23:45Z,Final,24,St. Louis Cardinals,29,Arizona Diamondbacks,3,4
2026-06-23,2026-06-24T00:40Z,Final,27,Colorado Rockies,2,Boston Red Sox,2,5
2026-06-23,2026-06-24T01:38Z,Final,3,Los Angeles Angels,1,Baltimore Orioles,5,1
2026-06-23,2026-06-24T01:40Z,Final,25,San Diego Padres,15,Atlanta Braves,7,6
2026-06-23,2026-06-24T01:45Z,Final,26,San Francisco Giants,11,Athletics,3,1
2026-06-24,2026-06-24T16:10Z,Final,28,Miami Marlins,13,Texas Rangers,4,2
2026-06-24,2026-06-24T17:10Z,Final,21,New York Mets,16,Chicago Cubs,3,10
2026-06-24,2026-06-24T18:10Z,Final,4,Chicago White Sox,5,Cleveland Guardians,3,4
2026-06-24,2026-06-24T19:10Z,Final,27,Colorado Rockies,2,Boston Red Sox,8,6
2026-06-24,2026-06-24T20:07Z,Final,3,Los Angeles Angels,1,Baltimore Orioles,7,6
2026-06-24,2026-06-24T22:40Z,Final,30,Tampa Bay Rays,7,Kansas City Royals,5,3
2026-06-24,2026-06-24T22:40Z,Final,6,Detroit Tigers,10,New York Yankees,2,4
2026-06-24,2026-06-24T22:40Z,Final,23,Pittsburgh Pirates,12,Seattle Mariners,11,1
2026-06-24,2026-06-24T22:45Z,Final,20,Washington Nationals,22,Philadelphia Phillies,4,5
2026-06-24,2026-06-24T23:07Z,Final,14,Toronto Blue Jays,18,Houston Astros,1,3
2026-06-24,2026-06-24T23:10Z,Final,21,New York Mets,16,Chicago Cubs,5,10
2026-06-24,2026-06-24T23:10Z,Final,17,Cincinnati Reds,8,Milwaukee Brewers,5,6
2026-06-24,2026-06-24T23:40Z,Final,9,Minnesota Twins,19,Los Angeles Dodgers,3,4
2026-06-24,2026-06-24T23:45Z,Final,24,St. Louis Cardinals,29,Arizona Diamondbacks,4,9
2026-06-24,2026-06-25T00:40Z,Final,25,San Diego Padres,15,Atlanta Braves,5,2
2026-06-24,2026-06-25T01:45Z,Final,26,San Francisco Giants,11,Athletics,2,1
2026-06-25,2026-06-25T16:10Z,Final,30,Tampa Bay Rays,7,Kansas City Royals,13,2
2026-06-25,2026-06-25T16:35Z,Final,23,Pittsburgh Pirates,12,Seattle Mariners,5,1
2026-06-25,2026-06-25T19:45Z,Final,26,San Francisco Giants,11,Athletics,6,9
2026-06-25,2026-06-25T22:40Z,Final,6,Detroit Tigers,18,Houston Astros,1,2
2026-06-25,2026-06-25T22:45Z,Final,20,Washington Nationals,22,Philadelphia Phillies,5,10
2026-06-25,2026-06-25T23:07Z,Final,14,Toronto Blue Jays,13,Texas Rangers,5,6
2026-06-25,2026-06-25T23:10Z,Final,21,New York Mets,16,Chicago Cubs,3,4
2026-06-25,2026-06-25T23:10Z,Final,2,Boston Red Sox,10,New York Yankees,6,3
2026-06-26,2026-06-26T22:40Z,Final,23,Pittsburgh Pirates,17,Cincinnati Reds,4,6
2026-06-26,2026-06-26T22:40Z,Final,6,Detroit Tigers,18,Houston Astros,8,0
2026-06-26,2026-06-26T23:05Z,Final,1,Baltimore Orioles,20,Washington Nationals,3,1
2026-06-26,2026-06-26T23:07Z,Final,14,Toronto Blue Jays,13,Texas Rangers,4,5
2026-06-26,2026-06-26T23:10Z,Final,30,Tampa Bay Rays,29,Arizona Diamondbacks,6,1
2026-06-26,2026-06-26T23:10Z,Final,2,Boston Red Sox,10,New York Yankees,6,1
2026-06-26,2026-06-26T23:10Z,Final,21,New York Mets,22,Philadelphia Phillies,1,2
2026-06-26,2026-06-26T23:10Z,Final,5,Cleveland Guardians,12,Seattle Mariners,1,3
2026-06-26,2026-06-26T23:40Z,Final,4,Chicago White Sox,7,Kansas City Royals,22,1
2026-06-26,2026-06-26T23:45Z,Final,8,Milwaukee Brewers,16,Chicago Cubs,6,2
2026-06-26,2026-06-27T00:10Z,Final,9,Minnesota Twins,27,Colorado Rockies,9,8
2026-06-26,2026-06-27T00:15Z,Final,24,St. Louis Cardinals,28,Miami Marlins,0,4
2026-06-26,2026-06-27T01:38Z,Final,3,Los Angeles Angels,11,Athletics,3,9
2026-06-26,2026-06-27T01:45Z,Final,25,San Diego Padres,19,Los Angeles Dodgers,7,1
2026-06-26,2026-06-27T02:15Z,Final,26,San Francisco Giants,15,Atlanta Braves,1,3
2026-06-27,2026-06-27T17:00Z,Final,2,Boston Red Sox,10,New York Yankees,4,1
2026-06-27,2026-06-27T17:10Z,Final,6,Detroit Tigers,18,Houston Astros,6,8
2026-06-27,2026-06-27T19:07Z,Final,14,Toronto Blue Jays,13,Texas Rangers,4,7
2026-06-27,2026-06-27T20:10Z,Final,21,New York Mets,22,Philadelphia Phillies,6,2
2026-06-27,2026-06-27T20:10Z,Final,4,Chicago White Sox,7,Kansas City Royals,2,1
2026-06-27,2026-06-27T20:40Z,Final,23,Pittsburgh Pirates,17,Cincinnati Reds,7,9
2026-06-27,2026-06-27T22:10Z,Final,30,Tampa Bay Rays,29,Arizona Diamondbacks,4,2
2026-06-27,2026-06-27T23:05Z,Final,1,Baltimore Orioles,20,Washington Nationals,3,4
2026-06-27,2026-06-27T23:10Z,Final,5,Cleveland Guardians,12,Seattle Mariners,4,3
2026-06-27,2026-06-27T23:10Z,Final,8,Milwaukee Brewers,16,Chicago Cubs,2,8
2026-06-27,2026-06-27T23:10Z,Final,9,Minnesota Twins,27,Colorado Rockies,5,8
2026-06-27,2026-06-27T23:15Z,Final,24,St. Louis Cardinals,28,Miami Marlins,1,5
2026-06-27,2026-06-28T00:40Z,Final,25,San Diego Padres,19,Los Angeles Dodgers,3,15
2026-06-27,2026-06-28T01:05Z,Final,26,San Francisco Giants,15,Atlanta Braves,5,0
2026-06-27,2026-06-28T01:38Z,Final,3,Los Angeles Angels,11,Athletics,5,2
2026-06-28,2026-06-28T17:35Z,Final,23,Pittsburgh Pirates,17,Cincinnati Reds,9,4
2026-06-28,2026-06-28T17:35Z,Final,1,Baltimore Orioles,20,Washington Nationals,4,6
2026-06-28,2026-06-28T17:37Z,Final,14,Toronto Blue Jays,13,Texas Rangers,2,3
2026-06-28,2026-06-28T17:40Z,Final,30,Tampa Bay Rays,29,Arizona Diamondbacks,5,1
2026-06-28,2026-06-28T17:40Z,Final,6,Detroit Tigers,18,Houston Astros,5,7
2026-06-28,2026-06-28T17:40Z,Final,21,New York Mets,22,Philadelphia Phillies,4,5
2026-06-28,2026-06-28T17:40Z,Final,5,Cleveland Guardians,12,Seattle Mariners,6,5
2026-06-28,2026-06-28T18:10Z,Final,8,Milwaukee Brewers,16,Chicago Cubs,3,4
2026-06-28,2026-06-28T18:10Z,Final,9,Minnesota Twins,27,Colorado Rockies,3,2
2026-06-28,2026-06-28T18:10Z,Final,4,Chicago White Sox,7,Kansas City Royals,4,5
2026-06-28,2026-06-28T18:15Z,Final,24,St. Louis Cardinals,28,Miami Marlins,2,1
2026-06-28,2026-06-28T19:15Z,Final,3,Los Angeles Angels,11,Athletics,4,1
2026-06-28,2026-06-28T20:05Z,Final,26,San Francisco Giants,15,Atlanta Braves,3,2
2026-06-28,2026-06-28T20:10Z,Final,25,San Diego Padres,19,Los Angeles Dodgers,2,4
2026-06-28,2026-06-28T23:20Z,Final,2,Boston Red Sox,10,New York Yankees,5,4
2026-06-29,2026-06-29T22:35Z,Final,1,Baltimore Orioles,4,Chicago White Sox,2,8
2026-06-29,2026-06-29T22:40Z,Final,22,Philadelphia Phillies,23,Pittsburgh Pirates,7,11
2026-06-29,2026-06-29T23:00Z,Final,5,Cleveland Guardians,13,Texas Rangers,3,6
2026-06-29,2026-06-29T23:05Z,Final,10,New York Yankees,6,Detroit Tigers,3,7
2026-06-29,2026-06-29T23:07Z,Final,14,Toronto Blue Jays,21,New York Mets,2,1
2026-06-29,2026-06-29T23:10Z,Final,2,Boston Red Sox,20,Washington Nationals,6,3
2026-06-29,2026-06-29T23:40Z,Final,8,Milwaukee Brewers,17,Cincinnati Reds,5,3
2026-06-29,2026-06-30T00:05Z,Final,16,Chicago Cubs,25,San Diego Padres,3,2
2026-06-29,2026-06-30T00:10Z,Final,18,Houston Astros,9,Minnesota Twins,4,5
2026-06-29,2026-06-30T00:40Z,Final,27,Colorado Rockies,28,Miami Marlins,7,10
2026-06-29,2026-06-30T01:40Z,Final,12,Seattle Mariners,3,Los Angeles Angels,6,2
2026-06-29,2026-06-30T01:40Z,Final,11,Athletics,19,Los Angeles Dodgers,4,9
2026-06-29,2026-06-30T01:40Z,Final,29,Arizona Diamondbacks,26,San Francisco Giants,5,4
2026-06-30,2026-06-30T22:35Z,Final,1,Baltimore Orioles,4,Chicago White Sox,3,9
2026-06-30,2026-06-30T22:40Z,Final,22,Philadelphia Phillies,23,Pittsburgh Pirates,8,0
2026-06-30,2026-06-30T22:40Z,Final,5,Cleveland Guardians,13,Texas Rangers,2,4
2026-06-30,2026-06-30T23:05Z,Final,10,New York Yankees,6,Detroit Tigers,3,9
2026-06-30,2026-06-30T23:07Z,Final,14,Toronto Blue Jays,21,New York Mets,0,3
2026-06-30,2026-06-30T23:10Z,Final,2,Boston Red Sox,20,Washington Nationals,1,8
2026-06-30,2026-06-30T23:15Z,Final,15,Atlanta Braves,24,St. Louis Cardinals,3,5
2026-06-30,2026-06-30T23:40Z,Final,8,Milwaukee Brewers,17,Cincinnati Reds,7,2
2026-06-30,2026-06-30T23:40Z,Final,7,Kansas City Royals,30,Tampa Bay Rays,4,10
2026-06-30,2026-07-01T00:05Z,Final,16,Chicago Cubs,25,San Diego Padres,9,7
2026-06-30,2026-07-01T00:10Z,Final,18,Houston Astros,9,Minnesota Twins,6,4
2026-06-30,2026-07-01T00:40Z,Final,27,Colorado Rockies,28,Miami Marlins,3,14
2026-06-30,2026-07-01T01:40Z,Final,12,Seattle Mariners,3,Los Angeles Angels,8,3
2026-06-30,2026-07-01T01:40Z,Final,11,Athletics,19,Los Angeles Dodgers,3,9
2026-06-30,2026-07-01T01:40Z,Final,29,Arizona Diamondbacks,26,San Francisco Giants,8,2
2026-07-01,2026-07-01T16:35Z,Final,1,Baltimore Orioles,4,Chicago White Sox,6,1
2026-07-01,2026-07-01T17:10Z,Final,5,Cleveland Guardians,13,Texas Rangers,9,4
2026-07-01,2026-07-01T17:35Z,Final,10,New York Yankees,6,Detroit Tigers,2,6
2026-07-01,2026-07-01T17:35Z,Final,2,Boston Red Sox,20,Washington Nationals,2,10
2026-07-01,2026-07-01T18:20Z,Final,16,Chicago Cubs,25,San Diego Padres,23,3
2026-07-01,2026-07-01T19:07Z,Final,14,Toronto Blue Jays,21,New York Mets,9,3
2026-07-01,2026-07-01T22:40Z,Final,22,Philadelphia Phillies,23,Pittsburgh Pirates,10,6
2026-07-01,2026-07-01T23:15Z,Final,15,Atlanta Braves,24,St. Louis Cardinals,5,1
2026-07-01,2026-07-01T23:40Z,Final,7,Kansas City Royals,30,Tampa Bay Rays,0,4
2026-07-01,2026-07-02T00:00Z,Final,8,Milwaukee Brewers,17,Cincinnati Reds,4,2
2026-07-01,2026-07-02T00:10Z,Final,18,Houston Astros,9,Minnesota Twins,3,8
2026-07-01,2026-07-02T00:40Z,Final,27,Colorado Rockies,28,Miami Marlins,6,3
2026-07-01,2026-07-02T01:40Z,Final,11,Athletics,19,Los Angeles Dodgers,7,1
2026-07-01,2026-07-02T01:40Z,Final,29,Arizona Diamondbacks,26,San Francisco Giants,4,6
2026-07-02,2026-07-02T16:35Z,Final,22,Philadelphia Phillies,23,Pittsburgh Pirates,1,6
2026-07-02,2026-07-02T18:10Z,Final,8,Milwaukee Brewers,17,Cincinnati Reds,2,7
2026-07-02,2026-07-02T19:10Z,Final,27,Colorado Rockies,28,Miami Marlins,14,4
2026-07-02,2026-07-02T22:40Z,Final,5,Cleveland Guardians,4,Chicago White Sox,6,5
2026-07-02,2026-07-02T23:15Z,Final,15,Atlanta Braves,24,St. Louis Cardinals,5,11
2026-07-02,2026-07-02T23:40Z,Final,7,Kansas City Royals,30,Tampa Bay Rays,2,5
2026-07-02,2026-07-03T00:05Z,Final,13,Texas Rangers,6,Detroit Tigers,10,4
2026-07-02,2026-07-03T01:40Z,Final,12,Seattle Mariners,3,Los Angeles Angels,1,0
2026-07-02,2026-07-03T02:10Z,Final,19,Los Angeles Dodgers,25,San Diego Padres,12,7
2026-07-03,2026-07-03T20:05Z,Final,16,Chicago Cubs,24,St. Louis Cardinals,1,17
2026-07-03,2026-07-03T22:45Z,Final,20,Washington Nationals,23,Pittsburgh Pirates,9,5
2026-07-03,2026-07-03T23:05Z,Final,10,New York Yankees,9,Minnesota Twins,5,2
2026-07-03,2026-07-03T23:10Z,Final,17,Cincinnati Reds,1,Baltimore Orioles,0,3
2026-07-03,2026-07-03T23:10Z,Final,5,Cleveland Guardians,4,Chicago White Sox,4,3
2026-07-03,2026-07-03T23:15Z,Final,15,Atlanta Braves,21,New York Mets,5,3
2026-07-03,2026-07-04T00:10Z,Final,27,Colorado Rockies,26,San Francisco Giants,15,3
2026-07-03,2026-07-04T00:15Z,Final,18,Houston Astros,30,Tampa Bay Rays,1,3
2026-07-03,2026-07-04T01:38Z,Final,3,Los Angeles Angels,2,Boston Red Sox,2,5
2026-07-03,2026-07-04T01:40Z,Final,11,Athletics,28,Miami Marlins,5,12
2026-07-03,2026-07-04T01:45Z,Final,29,Arizona Diamondbacks,8,Milwaukee Brewers,4,7
2026-07-03,2026-07-04T02:10Z,Final,19,Los Angeles Dodgers,25,San Diego Padres,4,3
2026-07-03,2026-07-04T02:10Z,Final,12,Seattle Mariners,14,Toronto Blue Jays,0,2
2026-07-04,2026-07-04T15:05Z,Final,20,Washington Nationals,23,Pittsburgh Pirates,1,7
2026-07-04,2026-07-04T17:35Z,Final,10,New York Yankees,9,Minnesota Twins,4,11
2026-07-04,2026-07-04T20:05Z,Final,13,Texas Rangers,6,Detroit Tigers,0,3
2026-07-04,2026-07-04T20:10Z,Final,12,Seattle Mariners,14,Toronto Blue Jays,11,0
2026-07-04,2026-07-04T23:10Z,Final,17,Cincinnati Reds,1,Baltimore Orioles,5,8
2026-07-04,2026-07-04T23:10Z,Final,5,Cleveland Guardians,4,Chicago White Sox,1,3
2026-07-04,2026-07-04T23:10Z,Final,18,Houston Astros,30,Tampa Bay Rays,10,8
2026-07-04,2026-07-05T00:08Z,Final,15,Atlanta Braves,21,New York Mets,14,3
2026-07-04,2026-07-05T00:08Z,Final,16,Chicago Cubs,24,St. Louis Cardinals,0,3
2026-07-04,2026-07-05T00:10Z,Final,7,Kansas City Royals,22,Philadelphia Phillies,1,6
2026-07-04,2026-07-05T00:10Z,Final,27,Colorado Rockies,26,San Francisco Giants,4,6
2026-07-04,2026-07-05T01:38Z,Final,3,Los Angeles Angels,2,Boston Red Sox,1,8
2026-07-04,2026-07-05T01:40Z,Final,11,Athletics,28,Miami Marlins,2,7
2026-07-04,2026-07-05T01:40Z,Final,29,Arizona Diamondbacks,8,Milwaukee Brewers,4,3
2026-07-04,2026-07-05T02:10Z,Final,19,Los Angeles Dodgers,25,San Diego Padres,3,0
2026-07-05,2026-07-05T16:30Z,Final,15,Atlanta Braves,21,New York Mets,9,10
2026-07-05,2026-07-05T17:00Z,Final,20,Washington Nationals,23,Pittsburgh Pirates,5,11
2026-07-05,2026-07-05T17:05Z,Final,17,Cincinnati Reds,1,Baltimore Orioles,3,2
2026-07-05,2026-07-05T17:35Z,Final,10,New York Yankees,9,Minnesota Twins,1,6
2026-07-05,2026-07-05T18:00Z,Final,5,Cleveland Guardians,4,Chicago White Sox,6,7
2026-07-05,2026-07-05T18:30Z,Final,16,Chicago Cubs,24,St. Louis Cardinals,6,4
2026-07-05,2026-07-05T19:00Z,Final,7,Kansas City Royals,22,Philadelphia Phillies,5,2
2026-07-05,2026-07-05T19:30Z,Final,13,Texas Rangers,6,Detroit Tigers,3,6
2026-07-05,2026-07-05T19:30Z,Final,18,Houston Astros,30,Tampa Bay Rays,2,0
2026-07-05,2026-07-05T20:00Z,Final,27,Colorado Rockies,26,San Francisco Giants,7,6
2026-07-05,2026-07-05T20:00Z,Final,29,Arizona Diamondbacks,8,Milwaukee Brewers,2,3
2026-07-05,2026-07-05T20:30Z,Final,11,Athletics,28,Miami Marlins,8,9
2026-07-05,2026-07-05T21:00Z,Final,12,Seattle Mariners,14,Toronto Blue Jays,4,0
2026-07-05,2026-07-05T23:20Z,Final,19,Los Angeles Dodgers,25,San Diego Padres,2,5
2026-07-05,2026-07-06T01:30Z,Final,3,Los Angeles Angels,2,Boston Red Sox,5,7
2026-07-06,2026-07-06T18:10Z,Final,7,Kansas City Royals,22,Philadelphia Phillies,15,1
2026-07-06,2026-07-06T22:40Z,Final,30,Tampa Bay Rays,10,New York Yankees,1,5
2026-07-06,2026-07-06T22:45Z,Final,20,Washington Nationals,18,Houston Astros,12,11
2026-07-06,2026-07-06T23:15Z,Final,15,Atlanta Braves,21,New York Mets,6,7
2026-07-06,2026-07-06T23:45Z,Final,24,St. Louis Cardinals,8,Milwaukee Brewers,3,4
2026-07-06,2026-07-07T01:40Z,Final,25,San Diego Padres,29,Arizona Diamondbacks,0,8
2026-07-06,2026-07-07T01:45Z,Final,26,San Francisco Giants,14,Toronto Blue Jays,10,1
2026-07-06,2026-07-07T02:10Z,Final,19,Los Angeles Dodgers,27,Colorado Rockies,8,7
2026-07-07,2026-07-07T18:15Z,Final,24,St. Louis Cardinals,8,Milwaukee Brewers,3,4
2026-07-07,2026-07-07T22:35Z,Final,1,Baltimore Orioles,16,Chicago Cubs,2,5
2026-07-07,2026-07-07T22:40Z,Final,6,Detroit Tigers,11,Athletics,6,2
2026-07-07,2026-07-07T22:40Z,Final,23,Pittsburgh Pirates,15,Atlanta Braves,12,4
2026-07-07,2026-07-07T22:40Z,Final,30,Tampa Bay Rays,10,New York Yankees,6,4
2026-07-07,2026-07-07T22:40Z,Final,28,Miami Marlins,12,Seattle Mariners,6,5
2026-07-07,2026-07-07T22:45Z,Final,20,Washington Nationals,18,Houston Astros,3,6
2026-07-07,2026-07-07T23:10Z,Final,21,New York Mets,7,Kansas City Royals,12,16
2026-07-07,2026-07-07T23:10Z,Final,17,Cincinnati Reds,22,Philadelphia Phillies,1,4
2026-07-07,2026-07-07T23:40Z,Final,4,Chicago White Sox,2,Boston Red Sox,1,8
2026-07-07,2026-07-07T23:40Z,Final,9,Minnesota Twins,5,Cleveland Guardians,3,1
2026-07-07,2026-07-07T23:45Z,Final,24,St. Louis Cardinals,8,Milwaukee Brewers,2,10
2026-07-07,2026-07-08T00:05Z,Final,13,Texas Rangers,3,Los Angeles Angels,8,3
2026-07-07,2026-07-08T01:40Z,Final,25,San Diego Padres,29,Arizona Diamondbacks,4,1
2026-07-07,2026-07-08T01:45Z,Final,26,San Francisco Giants,14,Toronto Blue Jays,3,9
2026-07-07,2026-07-08T02:10Z,Final,19,Los Angeles Dodgers,27,Colorado Rockies,3,4
2026-07-08,2026-07-08T19:45Z,Final,26,San Francisco Giants,14,Toronto Blue Jays,0,10
2026-07-08,2026-07-08T22:35Z,Final,1,Baltimore Orioles,16,Chicago Cubs,7,9
2026-07-08,2026-07-08T22:40Z,Final,6,Detroit Tigers,11,Athletics,6,1
2026-07-08,2026-07-08T22:40Z,Final,23,Pittsburgh Pirates,15,Atlanta Braves,0,3
2026-07-08,2026-07-08T22:40Z,Final,30,Tampa Bay Rays,10,New York Yankees,3,0
2026-07-08,2026-07-08T22:40Z,Final,28,Miami Marlins,12,Seattle Mariners,2,0
2026-07-08,2026-07-08T22:45Z,Final,20,Washington Nationals,18,Houston Astros,8,2
2026-07-08,2026-07-08T23:00Z,Final,17,Cincinnati Reds,22,Philadelphia Phillies,11,5
2026-07-08,2026-07-08T23:10Z,Final,21,New York Mets,7,Kansas City Royals,6,2
2026-07-08,2026-07-08T23:40Z,Final,4,Chicago White Sox,2,Boston Red Sox,0,5
2026-07-08,2026-07-08T23:40Z,Final,9,Minnesota Twins,5,Cleveland Guardians,6,5
2026-07-08,2026-07-08T23:45Z,Final,24,St. Louis Cardinals,8,Milwaukee Brewers,5,1
2026-07-08,2026-07-09T00:05Z,Final,13,Texas Rangers,3,Los Angeles Angels,1,13
2026-07-08,2026-07-09T02:00Z,Final,25,San Diego Padres,29,Arizona Diamondbacks,10,4
2026-07-08,2026-07-09T02:10Z,Final,19,Los Angeles Dodgers,27,Colorado Rockies,4,3
2026-07-09,2026-07-09T16:35Z,Final,23,Pittsburgh Pirates,15,Atlanta Braves,5,10
2026-07-09,2026-07-09T17:10Z,Final,21,New York Mets,7,Kansas City Royals,7,3
2026-07-22,2026-07-22T19:40Z,Final,29,Arizona Diamondbacks,11,Athletics,15,5
2026-07-09,2026-07-09T17:10Z,Final,30,Tampa Bay Rays,10,New York Yankees,4,12
2026-07-09,2026-07-09T17:30Z,Final,1,Baltimore Orioles,16,Chicago Cubs,3,2
2026-07-09,2026-07-09T17:40Z,Final,9,Minnesota Twins,5,Cleveland Guardians,2,5
2026-07-09,2026-07-09T18:10Z,Final,4,Chicago White Sox,2,Boston Red Sox,1,2
2026-07-09,2026-07-09T22:40Z,Final,6,Detroit Tigers,11,Athletics,4,1
2026-07-09,2026-07-09T22:40Z,Final,28,Miami Marlins,12,Seattle Mariners,8,4
2026-07-09,2026-07-09T23:10Z,Final,17,Cincinnati Reds,22,Philadelphia Phillies,0,1
2026-07-09,2026-07-09T23:45Z,Final,24,St. Louis Cardinals,8,Milwaukee Brewers,4,8
2026-07-09,2026-07-10T00:05Z,Final,13,Texas Rangers,3,Los Angeles Angels,7,6
2026-07-09,2026-07-10T01:40Z,Final,25,San Diego Padres,29,Arizona Diamondbacks,1,3
2026-07-09,2026-07-10T01:45Z,Final,26,San Francisco Giants,27,Colorado Rockies,8,2
2026-07-10,2026-07-10T22:40Z,Final,6,Detroit Tigers,22,Philadelphia Phillies,10,2
2026-07-10,2026-07-10T22:45Z,Final,20,Washington Nationals,10,New York Yankees,3,5
2026-07-10,2026-07-10T23:05Z,Final,1,Baltimore Orioles,7,Kansas City Royals,5,3
2026-07-10,2026-07-10T23:10Z,Final,17,Cincinnati Reds,16,Chicago Cubs,4,0
2026-07-10,2026-07-10T23:10Z,Final,28,Miami Marlins,5,Cleveland Guardians,2,3
2026-07-10,2026-07-10T23:10Z,Final,30,Tampa Bay Rays,12,Seattle Mariners,7,2
2026-07-10,2026-07-10T23:40Z,Final,4,Chicago White Sox,11,Athletics,14,1
2026-07-10,2026-07-10T23:50Z,Final,21,New York Mets,2,Boston Red Sox,2,6
2026-07-10,2026-07-11T00:05Z,Final,13,Texas Rangers,18,Houston Astros,7,3
2026-07-10,2026-07-11T00:10Z,Final,9,Minnesota Twins,3,Los Angeles Angels,3,4
2026-07-10,2026-07-11T00:15Z,Final,24,St. Louis Cardinals,15,Atlanta Braves,2,1
2026-07-10,2026-07-11T01:40Z,Final,25,San Diego Padres,14,Toronto Blue Jays,3,5
2026-07-10,2026-07-11T02:10Z,Final,19,Los Angeles Dodgers,29,Arizona Diamondbacks,3,9
2026-07-10,2026-07-11T02:15Z,Final,26,San Francisco Giants,27,Colorado Rockies,3,4
2026-07-11,2026-07-11T16:05Z,Final,23,Pittsburgh Pirates,8,Milwaukee Brewers,7,6
2026-07-11,2026-07-11T18:10Z,Final,9,Minnesota Twins,3,Los Angeles Angels,5,3
2026-07-11,2026-07-11T18:10Z,Final,4,Chicago White Sox,11,Athletics,1,0
2026-07-11,2026-07-11T20:05Z,Final,20,Washington Nationals,10,New York Yankees,2,4
2026-07-11,2026-07-11T20:05Z,Final,26,San Francisco Giants,27,Colorado Rockies,4,2
2026-07-11,2026-07-11T20:10Z,Final,21,New York Mets,2,Boston Red Sox,0,4
2026-07-11,2026-07-11T20:10Z,Final,28,Miami Marlins,5,Cleveland Guardians,1,4
2026-07-11,2026-07-11T20:10Z,Final,30,Tampa Bay Rays,12,Seattle Mariners,6,1
2026-07-11,2026-07-11T20:15Z,Final,23,Pittsburgh Pirates,8,Milwaukee Brewers,3,2
2026-07-11,2026-07-11T22:10Z,Final,6,Detroit Tigers,22,Philadelphia Phillies,2,4
2026-07-11,2026-07-11T23:05Z,Final,1,Baltimore Orioles,7,Kansas City Royals,6,1
2026-07-11,2026-07-11T23:05Z,Final,13,Texas Rangers,18,Houston Astros,3,9
2026-07-11,2026-07-11T23:10Z,Final,17,Cincinnati Reds,16,Chicago Cubs,3,5
2026-07-11,2026-07-11T23:15Z,Final,24,St. Louis Cardinals,15,Atlanta Braves,4,1
2026-07-11,2026-07-12T00:40Z,Final,25,San Diego Padres,14,Toronto Blue Jays,8,7
2026-07-11,2026-07-12T01:10Z,Final,19,Los Angeles Dodgers,29,Arizona Diamondbacks,2,9
2026-07-12,2026-07-12T16:15Z,Final,23,Pittsburgh Pirates,8,Milwaukee Brewers,14,5
2026-07-12,2026-07-12T17:35Z,Final,1,Baltimore Orioles,7,Kansas City Royals,8,2
2026-07-12,2026-07-12T17:35Z,Final,20,Washington Nationals,10,New York Yankees,3,5
2026-07-12,2026-07-12T17:40Z,Final,21,New York Mets,2,Boston Red Sox,2,3
2026-07-12,2026-07-12T17:40Z,Final,17,Cincinnati Reds,16,Chicago Cubs,4,8
2026-07-12,2026-07-12T17:40Z,Final,28,Miami Marlins,5,Cleveland Guardians,2,5
2026-07-12,2026-07-12T17:40Z,Final,6,Detroit Tigers,22,Philadelphia Phillies,0,5
2026-07-12,2026-07-12T17:40Z,Final,30,Tampa Bay Rays,12,Seattle Mariners,2,8
2026-07-12,2026-07-12T18:10Z,Final,9,Minnesota Twins,3,Los Angeles Angels,4,2
2026-07-12,2026-07-12T18:10Z,Final,4,Chicago White Sox,11,Athletics,9,1
2026-07-12,2026-07-12T18:15Z,Final,24,St. Louis Cardinals,15,Atlanta Braves,3,4
2026-07-12,2026-07-12T18:35Z,Final,13,Texas Rangers,18,Houston Astros,6,5
2026-07-12,2026-07-12T20:05Z,Final,26,San Francisco Giants,27,Colorado Rockies,3,1
2026-07-12,2026-07-12T20:10Z,Final,19,Los Angeles Dodgers,29,Arizona Diamondbacks,3,5
2026-07-12,2026-07-12T20:10Z,Final,25,San Diego Padres,14,Toronto Blue Jays,5,4
2026-07-14,2026-07-15T00:00Z,Final,32,National All-Stars,31,American All-Stars,0,4
2026-07-16,2026-07-16T22:00Z,Final,22,Philadelphia Phillies,21,New York Mets,1,4
2026-07-17,2026-07-17T17:35Z,Final,2,Boston Red Sox,30,Tampa Bay Rays,10,0
2026-07-17,2026-07-17T23:05Z,Final,10,New York Yankees,19,Los Angeles Dodgers,1,2
2026-07-17,2026-07-17T23:10Z,Final,2,Boston Red Sox,30,Tampa Bay Rays,5,3
2026-07-17,2026-07-17T23:15Z,Final,14,Toronto Blue Jays,4,Chicago White Sox,4,12
2026-07-17,2026-07-17T23:15Z,Final,15,Atlanta Braves,13,Texas Rangers,15,1
2026-07-17,2026-07-17T23:40Z,Final,8,Milwaukee Brewers,28,Miami Marlins,2,1
2026-07-17,2026-07-18T00:05Z,Final,16,Chicago Cubs,9,Minnesota Twins,2,5
2026-07-17,2026-07-18T00:10Z,Final,18,Houston Astros,1,Baltimore Orioles,2,3
2026-07-17,2026-07-18T00:10Z,Final,7,Kansas City Royals,25,San Diego Padres,7,6
2026-07-17,2026-07-18T00:40Z,Final,27,Colorado Rockies,17,Cincinnati Reds,2,7
2026-07-17,2026-07-18T01:38Z,Final,3,Los Angeles Angels,6,Detroit Tigers,1,2
2026-07-17,2026-07-18T01:40Z,Final,29,Arizona Diamondbacks,24,St. Louis Cardinals,4,5
2026-07-17,2026-07-18T01:40Z,Final,11,Athletics,20,Washington Nationals,4,23
2026-07-17,2026-07-18T02:10Z,Final,12,Seattle Mariners,26,San Francisco Giants,0,7
2026-07-18,2026-07-18T17:10Z,Final,5,Cleveland Guardians,23,Pittsburgh Pirates,1,7
2026-07-18,2026-07-18T18:20Z,Final,16,Chicago Cubs,9,Minnesota Twins,6,2
2026-07-18,2026-07-18T19:05Z,Final,22,Philadelphia Phillies,21,New York Mets,6,1
2026-07-18,2026-07-18T19:07Z,Final,14,Toronto Blue Jays,4,Chicago White Sox,1,0
2026-07-18,2026-07-18T19:10Z,Final,27,Colorado Rockies,17,Cincinnati Reds,10,3
2026-07-18,2026-07-18T20:10Z,Final,2,Boston Red Sox,30,Tampa Bay Rays,7,6
2026-07-18,2026-07-18T20:10Z,Final,15,Atlanta Braves,13,Texas Rangers,6,7
2026-07-18,2026-07-18T20:10Z,Final,18,Houston Astros,1,Baltimore Orioles,2,4
2026-07-18,2026-07-18T20:10Z,Final,8,Milwaukee Brewers,28,Miami Marlins,8,6
2026-07-18,2026-07-18T20:10Z,Final,7,Kansas City Royals,25,San Diego Padres,6,1
2026-07-18,2026-07-18T20:10Z,Final,29,Arizona Diamondbacks,24,St. Louis Cardinals,5,3
2026-07-18,2026-07-18T23:10Z,Final,5,Cleveland Guardians,23,Pittsburgh Pirates,5,3
2026-07-18,2026-07-19T00:08Z,Final,12,Seattle Mariners,26,San Francisco Giants,4,3
2026-07-18,2026-07-19T02:05Z,Final,11,Athletics,20,Washington Nationals,15,1
2026-07-18,2026-07-19T02:07Z,Final,3,Los Angeles Angels,6,Detroit Tigers,0,7
2026-07-19,2026-07-19T16:15Z,Final,14,Toronto Blue Jays,4,Chicago White Sox,0,3
2026-07-19,2026-07-19T16:35Z,Final,10,New York Yankees,19,Los Angeles Dodgers,2,8
2026-07-19,2026-07-19T17:35Z,Final,22,Philadelphia Phillies,21,New York Mets,1,6
2026-07-19,2026-07-19T17:35Z,Final,2,Boston Red Sox,30,Tampa Bay Rays,6,1
2026-07-19,2026-07-19T17:35Z,Final,15,Atlanta Braves,13,Texas Rangers,8,5
2026-07-19,2026-07-19T17:40Z,Final,5,Cleveland Guardians,23,Pittsburgh Pirates,1,7
2026-07-19,2026-07-19T18:10Z,Final,18,Houston Astros,1,Baltimore Orioles,2,5
2026-07-19,2026-07-19T18:10Z,Final,8,Milwaukee Brewers,28,Miami Marlins,3,1
2026-07-19,2026-07-19T18:10Z,Final,7,Kansas City Royals,25,San Diego Padres,2,19
2026-07-19,2026-07-19T18:20Z,Final,16,Chicago Cubs,9,Minnesota Twins,10,1
2026-07-19,2026-07-19T19:10Z,Final,27,Colorado Rockies,17,Cincinnati Reds,6,9
2026-07-19,2026-07-19T20:05Z,Final,11,Athletics,20,Washington Nationals,2,5
2026-07-19,2026-07-19T20:07Z,Final,3,Los Angeles Angels,6,Detroit Tigers,3,2
2026-07-19,2026-07-19T20:10Z,Final,12,Seattle Mariners,26,San Francisco Giants,6,3
2026-07-19,2026-07-19T20:10Z,Final,29,Arizona Diamondbacks,24,St. Louis Cardinals,8,7
2026-07-19,2026-07-19T23:20Z,Final,10,New York Yankees,19,Los Angeles Dodgers,2,1
2026-07-20,2026-07-20T22:40Z,Final,5,Cleveland Guardians,9,Minnesota Twins,13,4
2026-07-20,2026-07-20T23:00Z,Final,22,Philadelphia Phillies,19,Los Angeles Dodgers,10,7
2026-07-20,2026-07-20T23:05Z,Final,10,New York Yankees,23,Pittsburgh Pirates,8,5
2026-07-20,2026-07-20T23:07Z,Final,14,Toronto Blue Jays,30,Tampa Bay Rays,1,7
2026-07-20,2026-07-20T23:10Z,Final,2,Boston Red Sox,1,Baltimore Orioles,6,5
2026-07-20,2026-07-20T23:15Z,Final,15,Atlanta Braves,25,San Diego Padres,3,2
2026-07-20,2026-07-20T23:40Z,Final,8,Milwaukee Brewers,21,New York Mets,8,3
2026-07-20,2026-07-20T23:40Z,Final,7,Kansas City Royals,26,San Francisco Giants,4,3
2026-07-20,2026-07-21T00:05Z,Final,13,Texas Rangers,4,Chicago White Sox,3,10
2026-07-20,2026-07-21T00:05Z,Final,16,Chicago Cubs,6,Detroit Tigers,6,8
2026-07-20,2026-07-21T00:10Z,Final,18,Houston Astros,28,Miami Marlins,8,5
2026-07-20,2026-07-21T00:40Z,Final,27,Colorado Rockies,20,Washington Nationals,3,7
2026-07-20,2026-07-21T01:40Z,Final,29,Arizona Diamondbacks,11,Athletics,2,5
2026-07-20,2026-07-21T01:40Z,Final,12,Seattle Mariners,17,Cincinnati Reds,8,0
2026-07-20,2026-07-21T02:00Z,Final,3,Los Angeles Angels,24,St. Louis Cardinals,3,2
2026-07-21,2026-07-21T22:40Z,Final,22,Philadelphia Phillies,19,Los Angeles Dodgers,1,2
2026-07-21,2026-07-21T22:40Z,Final,5,Cleveland Guardians,9,Minnesota Twins,5,2
2026-07-21,2026-07-21T23:07Z,Final,14,Toronto Blue Jays,30,Tampa Bay Rays,2,12
2026-07-21,2026-07-21T23:15Z,Final,15,Atlanta Braves,25,San Diego Padres,3,8
2026-07-21,2026-07-21T23:40Z,Final,8,Milwaukee Brewers,21,New York Mets,0,4
2026-07-21,2026-07-21T23:40Z,Final,7,Kansas City Royals,26,San Francisco Giants,3,2
2026-07-21,2026-07-22T00:05Z,Final,13,Texas Rangers,4,Chicago White Sox,10,0
2026-07-21,2026-07-22T00:05Z,Final,16,Chicago Cubs,6,Detroit Tigers,11,2
2026-07-21,2026-07-22T00:10Z,Final,18,Houston Astros,28,Miami Marlins,5,3
2026-07-21,2026-07-22T00:40Z,Final,27,Colorado Rockies,20,Washington Nationals,8,7
2026-07-21,2026-07-22T01:38Z,Final,3,Los Angeles Angels,24,St. Louis Cardinals,5,1
2026-07-21,2026-07-22T01:40Z,Final,29,Arizona Diamondbacks,11,Athletics,6,5
2026-07-21,2026-07-22T01:40Z,Final,12,Seattle Mariners,17,Cincinnati Reds,2,4
2026-07-22,2026-07-22T17:05Z,Final,10,New York Yankees,23,Pittsburgh Pirates,3,5
2026-07-22,2026-07-22T17:35Z,Final,2,Boston Red Sox,1,Baltimore Orioles,6,3
2026-07-22,2026-07-22T18:10Z,Final,8,Milwaukee Brewers,21,New York Mets,4,3
2026-07-22,2026-07-22T18:10Z,Final,7,Kansas City Royals,26,San Francisco Giants,5,4
2026-07-22,2026-07-22T19:10Z,Final,27,Colorado Rockies,20,Washington Nationals,0,8
2026-07-22,2026-07-22T19:40Z,Final,12,Seattle Mariners,17,Cincinnati Reds,3,5
2026-07-22,2026-07-22T20:07Z,Final,3,Los Angeles Angels,24,St. Louis Cardinals,0,1
2026-07-22,2026-07-22T22:40Z,Final,22,Philadelphia Phillies,19,Los Angeles Dodgers,5,9
2026-07-22,2026-07-22T22:40Z,Final,5,Cleveland Guardians,9,Minnesota Twins,6,10
2026-07-22,2026-07-22T23:05Z,Final,10,New York Yankees,23,Pittsburgh Pirates,2,0
2026-07-22,2026-07-22T23:07Z,Final,14,Toronto Blue Jays,30,Tampa Bay Rays,2,4
2026-07-22,2026-07-22T23:10Z,Final,2,Boston Red Sox,1,Baltimore Orioles,1,5
2026-07-22,2026-07-22T23:15Z,Final,15,Atlanta Braves,25,San Diego Padres,7,6
2026-07-22,2026-07-23T00:00Z,Final,16,Chicago Cubs,6,Detroit Tigers,1,5
2026-07-22,2026-07-23T00:05Z,Final,13,Texas Rangers,4,Chicago White Sox,2,4
2026-07-22,2026-07-23T00:10Z,Final,18,Houston Astros,28,Miami Marlins,5,2
2026-07-23,2026-07-23T16:15Z,Final,15,Atlanta Braves,25,San Diego Padres,6,5
2026-07-23,2026-07-23T17:10Z,Final,5,Cleveland Guardians,9,Minnesota Twins,1,3
2026-07-23,2026-07-23T19:07Z,Final,14,Toronto Blue Jays,30,Tampa Bay Rays,3,1
2026-07-23,2026-07-23T21:15Z,Final,24,St. Louis Cardinals,29,Arizona Diamondbacks,6,10
2026-07-23,2026-07-23T22:40Z,Final,6,Detroit Tigers,7,Kansas City Royals,4,3
2026-07-24,2026-07-24T20:10Z,Final,8,Milwaukee Brewers,27,Colorado Rockies,2,5
2026-07-24,2026-07-24T22:40Z,Final,23,Pittsburgh Pirates,16,Chicago Cubs,2,3
2026-07-24,2026-07-24T22:40Z,Final,6,Detroit Tigers,7,Kansas City Royals,2,1
2026-07-24,2026-07-24T22:45Z,Final,20,Washington Nationals,29,Arizona Diamondbacks,2,3
2026-07-24,2026-07-24T22:45Z,Final,22,Philadelphia Phillies,10,New York Yankees,0,1
2026-07-24,2026-07-24T23:05Z,Final,1,Baltimore Orioles,15,Atlanta Braves,6,7
2026-07-24,2026-07-24T23:10Z,Final,30,Tampa Bay Rays,5,Cleveland Guardians,11,3
2026-07-24,2026-07-24T23:10Z,Final,21,New York Mets,19,Los Angeles Dodgers,2,4
2026-07-24,2026-07-24T23:10Z,Final,28,Miami Marlins,25,San Diego Padres,2,4
2026-07-24,2026-07-24T23:15Z,Final,2,Boston Red Sox,14,Toronto Blue Jays,6,4
2026-07-24,2026-07-24T23:40Z,Final,4,Chicago White Sox,18,Houston Astros,5,9
2026-07-24,2026-07-25T00:05Z,Final,13,Texas Rangers,12,Seattle Mariners,5,4
2026-07-24,2026-07-25T00:10Z,Final,9,Minnesota Twins,11,Athletics,0,2
2026-07-24,2026-07-25T00:15Z,Final,24,St. Louis Cardinals,17,Cincinnati Reds,2,4
2026-07-24,2026-07-25T02:15Z,Final,26,San Francisco Giants,3,Los Angeles Angels,7,6
2026-07-25,2026-07-25T17:10Z,Final,6,Detroit Tigers,7,Kansas City Royals,2,3
2026-07-25,2026-07-25T20:05Z,Final,20,Washington Nationals,29,Arizona Diamondbacks,5,3
2026-07-25,2026-07-25T20:05Z,Final,26,San Francisco Giants,3,Los Angeles Angels,9,2
2026-07-25,2026-07-25T20:10Z,Final,28,Miami Marlins,25,San Diego Padres,2,7
2026-07-25,2026-07-25T20:10Z,Final,2,Boston Red Sox,14,Toronto Blue Jays,0,6
2026-07-25,2026-07-25T22:05Z,Final,22,Philadelphia Phillies,10,New York Yankees,1,3
2026-07-25,2026-07-25T22:10Z,Final,30,Tampa Bay Rays,5,Cleveland Guardians,3,0
2026-07-25,2026-07-25T22:40Z,Final,23,Pittsburgh Pirates,16,Chicago Cubs,0,11
2026-07-25,2026-07-25T23:05Z,Final,1,Baltimore Orioles,15,Atlanta Braves,3,2
2026-07-25,2026-07-25T23:10Z,Final,9,Minnesota Twins,11,Athletics,2,0
2026-07-25,2026-07-25T23:10Z,Final,8,Milwaukee Brewers,27,Colorado Rockies,8,5
2026-07-25,2026-07-25T23:10Z,Final,4,Chicago White Sox,18,Houston Astros,1,4
2026-07-25,2026-07-25T23:15Z,Final,21,New York Mets,19,Los Angeles Dodgers,3,4
2026-07-25,2026-07-25T23:15Z,Final,24,St. Louis Cardinals,17,Cincinnati Reds,7,0
2026-07-25,2026-07-25T23:15Z,Final,13,Texas Rangers,12,Seattle Mariners,7,1
2026-07-26,2026-07-26T16:15Z,Final,30,Tampa Bay Rays,5,Cleveland Guardians,1,0
2026-07-26,2026-07-26T17:35Z,Final,20,Washington Nationals,29,Arizona Diamondbacks,10,7
2026-07-26,2026-07-26T17:35Z,Final,1,Baltimore Orioles,15,Atlanta Braves,2,3
2026-07-26,2026-07-26T17:35Z,Final,23,Pittsburgh Pirates,16,Chicago Cubs,8,7
2026-07-26,2026-07-26T17:35Z,Final,2,Boston Red Sox,14,Toronto Blue Jays,6,1
2026-07-26,2026-07-26T17:40Z,Final,6,Detroit Tigers,7,Kansas City Royals,4,5
2026-07-26,2026-07-26T17:40Z,Final,21,New York Mets,19,Los Angeles Dodgers,8,3
2026-07-26,2026-07-26T17:40Z,Final,28,Miami Marlins,25,San Diego Padres,3,5
2026-07-26,2026-07-26T18:10Z,Final,9,Minnesota Twins,11,Athletics,11,8
2026-07-26,2026-07-26T18:10Z,Final,8,Milwaukee Brewers,27,Colorado Rockies,11,2
2026-07-26,2026-07-26T18:10Z,Final,4,Chicago White Sox,18,Houston Astros,12,3
2026-07-26,2026-07-26T18:15Z,Final,24,St. Louis Cardinals,17,Cincinnati Reds,3,5
2026-07-26,2026-07-26T18:35Z,Final,13,Texas Rangers,12,Seattle Mariners,4,6
2026-07-26,2026-07-26T20:05Z,Final,26,San Francisco Giants,3,Los Angeles Angels,3,4
2026-07-26,2026-07-26T23:20Z,Final,22,Philadelphia Phillies,10,New York Yankees,11,4
2026-07-27,2026-07-27T18:35Z,Final,13,Texas Rangers,12,Seattle Mariners,7,3
2026-07-27,2026-07-27T22:40Z,Final,23,Pittsburgh Pirates,29,Arizona Diamondbacks,3,2
2026-07-27,2026-07-27T22:40Z,Final,6,Detroit Tigers,1,Baltimore Orioles,5,8
2026-07-27,2026-07-27T22:40Z,Final,28,Miami Marlins,22,Philadelphia Phillies,8,7
2026-07-27,2026-07-27T22:45Z,Final,20,Washington Nationals,14,Toronto Blue Jays,2,3
2026-07-27,2026-07-27T23:10Z,Final,21,New York Mets,15,Atlanta Braves,14,3
2026-07-27,2026-07-27T23:40Z,Final,4,Chicago White Sox,10,New York Yankees,5,9
2026-07-27,2026-07-27T23:45Z,Final,24,St. Louis Cardinals,16,Chicago Cubs,3,7
2026-07-27,2026-07-28T01:38Z,Final,3,Los Angeles Angels,18,Houston Astros,4,6
2026-07-27,2026-07-28T01:40Z,Final,11,Athletics,2,Boston Red Sox,2,4
2026-07-27,2026-07-28T01:45Z,Final,26,San Francisco Giants,8,Milwaukee Brewers,3,0
2026-07-28,2026-07-28T17:40Z,Final,17,Cincinnati Reds,5,Cleveland Guardians,5,6
2026-07-28,2026-07-28T22:40Z,Final,23,Pittsburgh Pirates,29,Arizona Diamondbacks,7,8
2026-07-28,2026-07-28T22:40Z,Final,6,Detroit Tigers,1,Baltimore Orioles,14,0
2026-07-28,2026-07-28T22:40Z,Final,28,Miami Marlins,22,Philadelphia Phillies,1,0
2026-07-28,2026-07-28T22:40Z,Final,30,Tampa Bay Rays,13,Texas Rangers,1,4
2026-07-28,2026-07-28T22:45Z,Final,20,Washington Nationals,14,Toronto Blue Jays,8,6
2026-07-28,2026-07-28T23:10Z,Final,17,Cincinnati Reds,5,Cleveland Guardians,2,0
2026-07-28,2026-07-28T23:40Z,Final,9,Minnesota Twins,7,Kansas City Royals,3,2
2026-07-28,2026-07-28T23:40Z,Final,4,Chicago White Sox,10,New York Yankees,2,3
2026-07-28,2026-07-28T23:45Z,Final,24,St. Louis Cardinals,16,Chicago Cubs,2,10
2026-07-28,2026-07-29T01:38Z,Final,3,Los Angeles Angels,18,Houston Astros,2,3
2026-07-28,2026-07-29T01:40Z,Final,11,Athletics,2,Boston Red Sox,4,3
2026-07-28,2026-07-29T01:40Z,Final,25,San Diego Padres,27,Colorado Rockies,8,7
2026-07-28,2026-07-29T01:45Z,Final,26,San Francisco Giants,8,Milwaukee Brewers,2,8
2026-07-28,2026-07-29T02:10Z,Final,19,Los Angeles Dodgers,12,Seattle Mariners,6,7
2026-07-29,2026-07-29T16:10Z,Final,28,Miami Marlins,22,Philadelphia Phillies,8,6
2026-07-29,2026-07-29T16:35Z,Final,23,Pittsburgh Pirates,29,Arizona Diamondbacks,0,3
2026-07-29,2026-07-29T17:05Z,Final,20,Washington Nationals,14,Toronto Blue Jays,2,5
2026-07-29,2026-07-29T17:10Z,Final,21,New York Mets,15,Atlanta Braves,3,2
2026-07-29,2026-07-29T17:10Z,Final,6,Detroit Tigers,1,Baltimore Orioles,9,10
2026-07-29,2026-07-29T19:45Z,Final,26,San Francisco Giants,8,Milwaukee Brewers,16,3
2026-07-29,2026-07-29T20:10Z,Final,25,San Diego Padres,27,Colorado Rockies,3,1
2026-07-29,2026-07-29T22:40Z,Final,30,Tampa Bay Rays,13,Texas Rangers,3,0
2026-07-29,2026-07-29T23:10Z,Final,17,Cincinnati Reds,5,Cleveland Guardians,1,6
2026-07-29,2026-07-29T23:10Z,Final,21,New York Mets,15,Atlanta Braves,0,1
2026-07-29,2026-07-29T23:40Z,Final,9,Minnesota Twins,7,Kansas City Royals,0,4
2026-07-29,2026-07-29T23:40Z,Final,4,Chicago White Sox,10,New York Yankees,6,5
2026-07-29,2026-07-29T23:45Z,Final,24,St. Louis Cardinals,16,Chicago Cubs,3,2
2026-07-29,2026-07-30T01:38Z,Final,3,Los Angeles Angels,18,Houston Astros,4,7
2026-07-29,2026-07-30T01:40Z,Final,11,Athletics,2,Boston Red Sox,2,4
2026-07-29,2026-07-30T02:10Z,Final,19,Los Angeles Dodgers,12,Seattle Mariners,4,2
2026-07-30,2026-07-30T16:10Z,Final,30,Tampa Bay Rays,13,Texas Rangers,3,2
2026-07-30,2026-07-30T17:40Z,Final,9,Minnesota Twins,7,Kansas City Royals,4,3
2026-07-30,2026-07-30T18:10Z,Final,4,Chicago White Sox,10,New York Yankees,2,1
2026-07-30,2026-07-30T18:15Z,Final,24,St. Louis Cardinals,16,Chicago Cubs,2,4
2026-07-30,2026-07-30T23:00Z,Final,15,Atlanta Braves,20,Washington Nationals,5,4
2026-07-30,2026-07-30T23:10Z,Final,21,New York Mets,28,Miami Marlins,4,2
2026-07-30,2026-07-30T23:10Z,Final,17,Cincinnati Reds,23,Pittsburgh Pirates,3,2
2026-07-30,2026-07-31T01:40Z,Final,11,Athletics,2,Boston Red Sox,4,5
2026-07-30,2026-07-31T01:40Z,Final,25,San Diego Padres,26,San Francisco Giants,1,4
2026-07-30,2026-07-31T02:10Z,Final,19,Los Angeles Dodgers,12,Seattle Mariners,6,2
2026-07-31,2026-07-31T18:20Z,Final,16,Chicago Cubs,10,New York Yankees,0,2
2026-07-31,2026-07-31T22:10Z,Final,17,Cincinnati Reds,23,Pittsburgh Pirates,8,7
2026-07-31,2026-07-31T23:05Z,Final,1,Baltimore Orioles,22,Philadelphia Phillies,6,4
2026-07-31,2026-07-31T23:07Z,Final,14,Toronto Blue Jays,24,St. Louis Cardinals,3,1
2026-07-31,2026-07-31T23:10Z,Final,5,Cleveland Guardians,29,Arizona Diamondbacks,1,4
2026-07-31,2026-07-31T23:10Z,Final,30,Tampa Bay Rays,4,Chicago White Sox,1,6
2026-07-31,2026-07-31T23:10Z,Final,21,New York Mets,28,Miami Marlins,2,5
2026-07-31,2026-07-31T23:15Z,Final,15,Atlanta Braves,20,Washington Nationals,6,2
2026-07-31,2026-08-01T00:15Z,Final,18,Houston Astros,13,Texas Rangers,11,2
2026-07-31,2026-08-01T00:40Z,Final,27,Colorado Rockies,7,Kansas City Royals,3,1
2026-07-31,2026-08-01T01:38Z,Final,3,Los Angeles Angels,8,Milwaukee Brewers,2,6
2026-07-31,2026-08-01T01:40Z,Final,11,Athletics,6,Detroit Tigers,1,13
2026-07-31,2026-08-01T01:45Z,Final,25,San Diego Padres,26,San Francisco Giants,7,0
2026-07-31,2026-08-01T02:10Z,Final,19,Los Angeles Dodgers,2,Boston Red Sox,4,9
2026-07-31,2026-08-01T02:10Z,Final,12,Seattle Mariners,9,Minnesota Twins,3,5
2026-08-01,2026-08-01T19:07Z,Final,14,Toronto Blue Jays,24,St. Louis Cardinals,5,1
2026-08-01,2026-08-01T20:10Z,Final,30,Tampa Bay Rays,4,Chicago White Sox,1,0
2026-08-01,2026-08-01T20:10Z,Final,21,New York Mets,28,Miami Marlins,2,6
2026-08-01,2026-08-01T20:10Z,Final,12,Seattle Mariners,9,Minnesota Twins,4,3
2026-08-01,2026-08-01T22:40Z,Final,17,Cincinnati Reds,23,Pittsburgh Pirates,1,4
2026-08-01,2026-08-01T23:05Z,Final,1,Baltimore Orioles,22,Philadelphia Phillies,0,5
2026-08-01,2026-08-01T23:10Z,Final,18,Houston Astros,13,Texas Rangers,5,4
2026-08-01,2026-08-01T23:15Z,Final,5,Cleveland Guardians,29,Arizona Diamondbacks,8,12
2026-08-01,2026-08-01T23:15Z,Final,15,Atlanta Braves,20,Washington Nationals,8,3
2026-08-01,2026-08-01T23:15Z,Final,16,Chicago Cubs,10,New York Yankees,5,2
2026-08-01,2026-08-02T00:10Z,Final,27,Colorado Rockies,7,Kansas City Royals,12,6
2026-08-01,2026-08-02T00:40Z,Final,25,San Diego Padres,26,San Francisco Giants,6,5
2026-08-01,2026-08-02T01:10Z,Final,19,Los Angeles Dodgers,2,Boston Red Sox,2,3
2026-08-01,2026-08-02T01:38Z,Final,3,Los Angeles Angels,8,Milwaukee Brewers,1,3
2026-08-01,2026-08-02T01:40Z,Final,11,Athletics,6,Detroit Tigers,6,8
2026-08-02,2026-08-02T17:35Z,Final,1,Baltimore Orioles,22,Philadelphia Phillies,0,8
2026-08-02,2026-08-02T17:35Z,Final,15,Atlanta Braves,20,Washington Nationals,4,2
2026-08-02,2026-08-02T17:37Z,Final,14,Toronto Blue Jays,24,St. Louis Cardinals,1,5
2026-08-02,2026-08-02T17:40Z,Final,5,Cleveland Guardians,29,Arizona Diamondbacks,5,0
2026-08-02,2026-08-02T17:40Z,Final,30,Tampa Bay Rays,4,Chicago White Sox,1,9
2026-08-02,2026-08-02T17:40Z,Final,21,New York Mets,28,Miami Marlins,0,2
2026-08-02,2026-08-02T17:40Z,Final,17,Cincinnati Reds,23,Pittsburgh Pirates,10,2
2026-08-02,2026-08-02T18:10Z,Final,18,Houston Astros,13,Texas Rangers,7,3
2026-08-02,2026-08-02T18:20Z,Final,16,Chicago Cubs,10,New York Yankees,1,2
2026-08-02,2026-08-02T19:10Z,Final,27,Colorado Rockies,7,Kansas City Royals,8,1
2026-08-02,2026-08-02T19:15Z,Final,3,Los Angeles Angels,8,Milwaukee Brewers,3,0
2026-08-02,2026-08-02T20:05Z,Final,11,Athletics,6,Detroit Tigers,0,11
2026-08-02,2026-08-02T20:10Z,Final,12,Seattle Mariners,9,Minnesota Twins,7,6
2026-08-02,2026-08-02T20:10Z,Final,25,San Diego Padres,26,San Francisco Giants,5,4
2026-08-02,2026-08-02T23:20Z,Final,19,Los Angeles Dodgers,2,Boston Red Sox,4,8
2026-08-03,2026-08-03T22:40Z,Final,22,Philadelphia Phillies,20,Washington Nationals,6,3
2026-08-03,2026-08-03T23:05Z,Final,10,New York Yankees,24,St. Louis Cardinals,7,13
2026-08-03,2026-08-03T23:40Z,Final,8,Milwaukee Brewers,23,Pittsburgh Pirates,3,4
2026-08-03,2026-08-04T00:00Z,Final,13,Texas Rangers,26,San Francisco Giants,1,5
2026-08-03,2026-08-04T00:05Z,Final,16,Chicago Cubs,19,Los Angeles Dodgers,10,5
2026-08-03,2026-08-04T00:10Z,Final,18,Houston Astros,14,Toronto Blue Jays,1,3
2026-08-03,2026-08-04T00:40Z,Final,27,Colorado Rockies,30,Tampa Bay Rays,9,13
2026-08-03,2026-08-04T01:40Z,Final,29,Arizona Diamondbacks,25,San Diego Padres,5,1
2026-08-04,2026-08-04T22:35Z,Final,1,Baltimore Orioles,3,Los Angeles Angels,3,1
2026-08-04,2026-08-04T22:40Z,Final,17,Cincinnati Reds,11,Athletics,5,4
2026-08-04,2026-08-04T22:40Z,Final,5,Cleveland Guardians,21,New York Mets,2,6
2026-08-04,2026-08-04T22:40Z,Final,22,Philadelphia Phillies,20,Washington Nationals,5,0
2026-08-04,2026-08-04T23:05Z,Final,10,New York Yankees,24,St. Louis Cardinals,2,0
2026-08-04,2026-08-04T23:10Z,Final,2,Boston Red Sox,4,Chicago White Sox,14,2
2026-08-04,2026-08-04T23:15Z,Final,15,Atlanta Braves,28,Miami Marlins,4,2
2026-08-04,2026-08-04T23:40Z,Final,7,Kansas City Royals,9,Minnesota Twins,8,2
2026-08-04,2026-08-04T23:40Z,Final,8,Milwaukee Brewers,23,Pittsburgh Pirates,4,2
2026-08-04,2026-08-05T00:05Z,Final,16,Chicago Cubs,19,Los Angeles Dodgers,5,1
2026-08-04,2026-08-05T00:05Z,Final,13,Texas Rangers,26,San Francisco Giants,5,4
2026-08-04,2026-08-05T00:10Z,Final,18,Houston Astros,14,Toronto Blue Jays,7,2
2026-08-04,2026-08-05T00:40Z,Final,27,Colorado Rockies,30,Tampa Bay Rays,7,9
2026-08-04,2026-08-05T01:40Z,Final,12,Seattle Mariners,6,Detroit Tigers,0,8
2026-08-04,2026-08-05T01:40Z,Final,29,Arizona Diamondbacks,25,San Diego Padres,4,9
2026-08-05,2026-08-05T18:10Z,Final,18,Houston Astros,14,Toronto Blue Jays,4,5
2026-08-05,2026-08-05T18:20Z,Final,16,Chicago Cubs,19,Los Angeles Dodgers,7,6
2026-08-05,2026-08-05T18:35Z,Final,13,Texas Rangers,26,San Francisco Giants,6,0
2026-08-05,2026-08-05T19:10Z,Final,27,Colorado Rockies,30,Tampa Bay Rays,0,4
2026-08-05,2026-08-05T22:35Z,Final,1,Baltimore Orioles,3,Los Angeles Angels,5,2
2026-08-05,2026-08-05T22:40Z,Final,17,Cincinnati Reds,11,Athletics,3,2
2026-08-05,2026-08-05T22:40Z,Final,5,Cleveland Guardians,21,New York Mets,5,6
2026-08-05,2026-08-05T23:05Z,Final,10,New York Yankees,24,St. Louis Cardinals,1,3
2026-08-05,2026-08-05T23:05Z,Final,22,Philadelphia Phillies,20,Washington Nationals,4,10
2026-08-05,2026-08-05T23:10Z,Final,2,Boston Red Sox,4,Chicago White Sox,4,0
2026-08-05,2026-08-05T23:15Z,Final,15,Atlanta Braves,28,Miami Marlins,4,1
2026-08-05,2026-08-05T23:30Z,Final,8,Milwaukee Brewers,23,Pittsburgh Pirates,4,2
2026-08-05,2026-08-05T23:40Z,Final,7,Kansas City Royals,9,Minnesota Twins,2,1
2026-08-05,2026-08-06T01:40Z,Final,12,Seattle Mariners,6,Detroit Tigers,4,2
2026-08-05,2026-08-06T01:40Z,Final,29,Arizona Diamondbacks,25,San Diego Padres,10,4
2026-08-06,2026-08-06T16:35Z,Final,1,Baltimore Orioles,3,Los Angeles Angels,1,4
2026-08-06,2026-08-06T16:40Z,Final,17,Cincinnati Reds,11,Athletics,6,5
2026-08-06,2026-08-06T17:10Z,Final,5,Cleveland Guardians,21,New York Mets,6,13
2026-08-06,2026-08-06T18:10Z,Final,8,Milwaukee Brewers,23,Pittsburgh Pirates,5,2
2026-08-06,2026-08-06T18:20Z,Final,16,Chicago Cubs,14,Toronto Blue Jays,3,2
2026-08-06,2026-08-06T20:10Z,Final,12,Seattle Mariners,6,Detroit Tigers,0,11
2026-08-06,2026-08-06T22:05Z,Final,22,Philadelphia Phillies,20,Washington Nationals,7,3
2026-08-06,2026-08-06T23:10Z,Final,2,Boston Red Sox,4,Chicago White Sox,12,11
2026-08-06,2026-08-06T23:15Z,Final,15,Atlanta Braves,28,Miami Marlins,11,3
2026-08-06,2026-08-06T23:30Z,Final,7,Kansas City Royals,9,Minnesota Twins,3,4
2026-08-06,2026-08-07T01:40Z,Final,29,Arizona Diamondbacks,25,San Diego Padres,1,5
2026-08-07,2026-08-07T22:40Z,Final,23,Pittsburgh Pirates,21,New York Mets,4,6
2026-08-07,2026-08-07T22:40Z,Final,22,Philadelphia Phillies,14,Toronto Blue Jays,4,5
2026-08-07,2026-08-07T22:45Z,Final,20,Washington Nationals,17,Cincinnati Reds,5,3
2026-08-07,2026-08-07T23:05Z,Final,10,New York Yankees,15,Atlanta Braves,3,2
2026-08-07,2026-08-07T23:10Z,Final,28,Miami Marlins,3,Los Angeles Angels,3,4
2026-08-07,2026-08-07T23:10Z,Final,2,Boston Red Sox,11,Athletics,13,1
2026-08-07,2026-08-07T23:40Z,Final,4,Chicago White Sox,5,Cleveland Guardians,2,8
2026-08-07,2026-08-07T23:40Z,Final,8,Milwaukee Brewers,9,Minnesota Twins,6,8
2026-08-07,2026-08-08T00:10Z,Final,7,Kansas City Royals,16,Chicago Cubs,4,6
2026-08-07,2026-08-08T00:15Z,Final,13,Texas Rangers,1,Baltimore Orioles,2,1
2026-08-07,2026-08-08T00:15Z,Final,24,St. Louis Cardinals,27,Colorado Rockies,3,2
2026-08-07,2026-08-08T01:40Z,Final,25,San Diego Padres,18,Houston Astros,3,6
2026-08-07,2026-08-08T01:40Z,Final,29,Arizona Diamondbacks,19,Los Angeles Dodgers,4,3
2026-08-07,2026-08-08T01:45Z,Final,12,Seattle Mariners,30,Tampa Bay Rays,1,2
2026-08-07,2026-08-08T02:15Z,Final,26,San Francisco Giants,6,Detroit Tigers,5,2
2026-08-08,2026-08-08T19:05Z,Final,10,New York Yankees,15,Atlanta Braves,5,4
2026-08-08,2026-08-08T20:10Z,Final,28,Miami Marlins,3,Los Angeles Angels,7,0
2026-08-08,2026-08-08T20:10Z,Final,2,Boston Red Sox,11,Athletics,3,7
2026-08-08,2026-08-08T22:05Z,Final,22,Philadelphia Phillies,14,Toronto Blue Jays,5,7
2026-08-08,2026-08-08T22:40Z,Final,23,Pittsburgh Pirates,21,New York Mets,9,0
2026-08-08,2026-08-08T22:45Z,Final,20,Washington Nationals,17,Cincinnati Reds,8,2
2026-08-08,2026-08-08T23:10Z,Final,7,Kansas City Royals,16,Chicago Cubs,6,3
2026-08-08,2026-08-08T23:10Z,Final,8,Milwaukee Brewers,9,Minnesota Twins,4,3
2026-08-08,2026-08-08T23:15Z,Final,13,Texas Rangers,1,Baltimore Orioles,5,1
2026-08-08,2026-08-08T23:15Z,Final,4,Chicago White Sox,5,Cleveland Guardians,6,3
2026-08-08,2026-08-08T23:15Z,Final,24,St. Louis Cardinals,27,Colorado Rockies,6,8
2026-08-08,2026-08-08T23:15Z,Final,26,San Francisco Giants,6,Detroit Tigers,0,8
2026-08-08,2026-08-08T23:15Z,Final,25,San Diego Padres,18,Houston Astros,3,2
2026-08-08,2026-08-09T00:10Z,Final,29,Arizona Diamondbacks,19,Los Angeles Dodgers,1,2
2026-08-08,2026-08-09T01:50Z,Final,12,Seattle Mariners,30,Tampa Bay Rays,2,3
2026-08-09,2026-08-09T16:15Z,Final,20,Washington Nationals,17,Cincinnati Reds,7,1
2026-08-09,2026-08-09T17:35Z,Final,2,Boston Red Sox,11,Athletics,3,4
2026-08-09,2026-08-09T17:35Z,Final,10,New York Yankees,15,Atlanta Braves,1,2
2026-08-09,2026-08-09T17:35Z,Final,23,Pittsburgh Pirates,21,New York Mets,1,11
2026-08-09,2026-08-09T17:35Z,Final,22,Philadelphia Phillies,14,Toronto Blue Jays,7,6
2026-08-09,2026-08-09T17:40Z,Final,28,Miami Marlins,3,Los Angeles Angels,12,3
2026-08-09,2026-08-09T18:10Z,Final,7,Kansas City Royals,16,Chicago Cubs,2,10
2026-08-09,2026-08-09T18:10Z,Final,4,Chicago White Sox,5,Cleveland Guardians,5,3
2026-08-09,2026-08-09T18:10Z,Final,8,Milwaukee Brewers,9,Minnesota Twins,4,3
2026-08-09,2026-08-09T18:15Z,Final,24,St. Louis Cardinals,27,Colorado Rockies,7,4
2026-08-09,2026-08-09T18:35Z,Final,13,Texas Rangers,1,Baltimore Orioles,5,10
2026-08-09,2026-08-09T20:05Z,Final,26,San Francisco Giants,6,Detroit Tigers,1,3
2026-08-09,2026-08-09T20:10Z,Final,29,Arizona Diamondbacks,19,Los Angeles Dodgers,4,2
2026-08-09,2026-08-09T20:10Z,Final,12,Seattle Mariners,30,Tampa Bay Rays,1,4
2026-08-09,2026-08-10T00:20Z,Final,25,San Diego Padres,18,Houston Astros,7,2
2026-08-10,2026-08-10T23:07Z,Final,14,Toronto Blue Jays,2,Boston Red Sox,2,1
2026-08-10,2026-08-10T23:15Z,Final,15,Atlanta Braves,21,New York Mets,5,8
2026-08-10,2026-08-10T23:40Z,Final,9,Minnesota Twins,1,Baltimore Orioles,9,5
2026-08-10,2026-08-10T23:45Z,Final,24,St. Louis Cardinals,22,Philadelphia Phillies,5,6
2026-08-10,2026-08-11T01:38Z,Final,3,Los Angeles Angels,13,Texas Rangers,1,4
2026-08-10,2026-08-11T01:40Z,Final,29,Arizona Diamondbacks,27,Colorado Rockies,9,0
2026-08-10,2026-08-11T01:40Z,Final,25,San Diego Padres,8,Milwaukee Brewers,3,2
2026-08-10,2026-08-11T01:40Z,Final,11,Athletics,30,Tampa Bay Rays,6,10
2026-08-10,2026-08-11T01:45Z,Final,26,San Francisco Giants,18,Houston Astros,3,6
2026-08-10,2026-08-11T02:10Z,Final,19,Los Angeles Dodgers,7,Kansas City Royals,6,5
2026-08-11,2026-08-11T22:40Z,Final,6,Detroit Tigers,5,Cleveland Guardians,6,4
2026-08-11,2026-08-11T22:40Z,Final,28,Miami Marlins,23,Pittsburgh Pirates,2,0
2026-08-11,2026-08-11T22:45Z,Final,20,Washington Nationals,16,Chicago Cubs,6,8
2026-08-11,2026-08-11T23:05Z,Final,10,New York Yankees,12,Seattle Mariners,4,1
2026-08-11,2026-08-11T23:07Z,Final,14,Toronto Blue Jays,2,Boston Red Sox,5,3
2026-08-11,2026-08-11T23:15Z,Final,15,Atlanta Braves,21,New York Mets,4,0
2026-08-11,2026-08-11T23:40Z,Final,9,Minnesota Twins,1,Baltimore Orioles,2,5
2026-08-11,2026-08-11T23:40Z,Final,4,Chicago White Sox,17,Cincinnati Reds,4,5
2026-08-11,2026-08-11T23:45Z,Final,24,St. Louis Cardinals,22,Philadelphia Phillies,2,0
2026-08-11,2026-08-12T01:38Z,Final,3,Los Angeles Angels,13,Texas Rangers,3,2
2026-08-11,2026-08-12T01:40Z,Final,29,Arizona Diamondbacks,27,Colorado Rockies,2,3
2026-08-11,2026-08-12T01:40Z,Final,25,San Diego Padres,8,Milwaukee Brewers,11,2
2026-08-11,2026-08-12T01:40Z,Final,11,Athletics,30,Tampa Bay Rays,4,12
2026-08-11,2026-08-12T01:45Z,Final,26,San Francisco Giants,18,Houston Astros,4,1
2026-08-11,2026-08-12T02:10Z,Final,19,Los Angeles Dodgers,7,Kansas City Royals,5,4
2026-08-12,2026-08-12T17:40Z,Final,9,Minnesota Twins,1,Baltimore Orioles,7,5
2026-08-12,2026-08-12T18:15Z,Final,24,St. Louis Cardinals,22,Philadelphia Phillies,7,1
2026-08-12,2026-08-12T19:05Z,Final,11,Athletics,30,Tampa Bay Rays,4,8
2026-08-12,2026-08-12T19:40Z,Final,29,Arizona Diamondbacks,27,Colorado Rockies,4,6
2026-08-12,2026-08-12T19:45Z,Final,26,San Francisco Giants,18,Houston Astros,1,2
2026-08-12,2026-08-12T20:10Z,Final,25,San Diego Padres,8,Milwaukee Brewers,4,3
2026-08-12,2026-08-12T22:40Z,Final,6,Detroit Tigers,5,Cleveland Guardians,4,6
2026-08-12,2026-08-12T22:40Z,Final,28,Miami Marlins,23,Pittsburgh Pirates,8,2
2026-08-12,2026-08-12T22:45Z,Final,20,Washington Nationals,16,Chicago Cubs,6,12
2026-08-12,2026-08-12T23:00Z,Final,10,New York Yankees,12,Seattle Mariners,10,5
2026-08-12,2026-08-12T23:07Z,Final,14,Toronto Blue Jays,2,Boston Red Sox,6,4
2026-08-12,2026-08-12T23:15Z,Final,15,Atlanta Braves,21,New York Mets,6,3
2026-08-12,2026-08-12T23:40Z,Final,4,Chicago White Sox,17,Cincinnati Reds,5,0
2026-08-12,2026-08-13T02:00Z,Final,3,Los Angeles Angels,13,Texas Rangers,5,2
2026-08-12,2026-08-13T02:10Z,Final,19,Los Angeles Dodgers,7,Kansas City Royals,4,2
2026-08-13,2026-08-13T17:10Z,Final,6,Detroit Tigers,5,Cleveland Guardians,3,0
2026-08-13,2026-08-13T17:10Z,Final,28,Miami Marlins,23,Pittsburgh Pirates,1,13
2026-08-13,2026-08-13T17:10Z,Final,4,Chicago White Sox,17,Cincinnati Reds,8,9
2026-08-13,2026-08-13T17:35Z,Final,10,New York Yankees,12,Seattle Mariners,0,1
2026-08-13,2026-08-13T19:07Z,Final,14,Toronto Blue Jays,2,Boston Red Sox,0,7
2026-08-13,2026-08-13T20:05Z,Final,20,Washington Nationals,16,Chicago Cubs,7,0
2026-08-13,2026-08-13T23:30Z,Final,9,Minnesota Twins,22,Philadelphia Phillies,1,7
2026-08-13,2026-08-14T02:07Z,Final,3,Los Angeles Angels,13,Texas Rangers,7,0
2026-08-13,2026-08-14T02:10Z,Final,19,Los Angeles Dodgers,8,Milwaukee Brewers,4,5
2026-08-14,2026-08-14T18:20Z,Final,16,Chicago Cubs,24,St. Louis Cardinals,3,0
2026-08-14,2026-08-14T22:10Z,Final,17,Cincinnati Reds,28,Miami Marlins,1,0
2026-08-14,2026-08-14T22:40Z,Final,23,Pittsburgh Pirates,2,Boston Red Sox,8,4
2026-08-14,2026-08-14T22:40Z,Final,6,Detroit Tigers,4,Chicago White Sox,5,9
2026-08-14,2026-08-14T23:10Z,Final,30,Tampa Bay Rays,1,Baltimore Orioles,5,6
2026-08-14,2026-08-14T23:10Z,Final,5,Cleveland Guardians,25,San Diego Padres,5,7
2026-08-14,2026-08-14T23:10Z,Final,21,New York Mets,20,Washington Nationals,4,1
2026-09-03,2026-09-03T23:40Z,Final,7,Kansas City Royals,28,Miami Marlins,7,3
2026-08-14,2026-08-14T23:15Z,Final,15,Atlanta Braves,29,Arizona Diamondbacks,0,2
2026-08-14,2026-08-14T23:15Z,Final,14,Toronto Blue Jays,10,New York Yankees,3,1
2026-08-14,2026-08-15T00:10Z,Final,18,Houston Astros,12,Seattle Mariners,10,7
2026-08-14,2026-08-15T01:38Z,Final,3,Los Angeles Angels,7,Kansas City Royals,6,7
2026-08-14,2026-08-15T01:40Z,Final,11,Athletics,13,Texas Rangers,8,3
2026-08-14,2026-08-15T02:10Z,Final,19,Los Angeles Dodgers,8,Milwaukee Brewers,3,1
2026-08-14,2026-08-15T02:15Z,Final,26,San Francisco Giants,27,Colorado Rockies,2,5
2026-08-15,2026-08-15T17:10Z,Final,6,Detroit Tigers,4,Chicago White Sox,3,4
2026-08-15,2026-08-15T18:20Z,Final,16,Chicago Cubs,24,St. Louis Cardinals,4,8
2026-08-15,2026-08-15T19:07Z,Final,14,Toronto Blue Jays,10,New York Yankees,4,1
2026-08-15,2026-08-15T20:05Z,Final,26,San Francisco Giants,27,Colorado Rockies,7,1
2026-08-15,2026-08-15T20:10Z,Final,21,New York Mets,20,Washington Nationals,5,4
2026-08-15,2026-08-15T22:10Z,Final,30,Tampa Bay Rays,1,Baltimore Orioles,3,4
2026-08-15,2026-08-15T22:40Z,Final,17,Cincinnati Reds,28,Miami Marlins,4,8
2026-08-15,2026-08-15T23:10Z,Final,5,Cleveland Guardians,25,San Diego Padres,6,1
2026-08-15,2026-08-15T23:10Z,Final,9,Minnesota Twins,22,Philadelphia Phillies,1,9
2026-08-15,2026-08-15T23:10Z,Final,18,Houston Astros,12,Seattle Mariners,5,10
2026-08-15,2026-08-15T23:15Z,Final,15,Atlanta Braves,29,Arizona Diamondbacks,3,10
2026-08-15,2026-08-15T23:15Z,Final,23,Pittsburgh Pirates,2,Boston Red Sox,0,4
2026-08-15,2026-08-15T23:15Z,Final,19,Los Angeles Dodgers,8,Milwaukee Brewers,1,4
2026-08-15,2026-08-16T01:38Z,Final,3,Los Angeles Angels,7,Kansas City Royals,1,0
2026-08-15,2026-08-16T01:40Z,Final,11,Athletics,13,Texas Rangers,3,5
2026-08-16,2026-08-16T16:15Z,Final,30,Tampa Bay Rays,1,Baltimore Orioles,2,10
2026-08-16,2026-08-16T17:35Z,Final,15,Atlanta Braves,29,Arizona Diamondbacks,5,3
2026-08-16,2026-08-16T17:35Z,Final,23,Pittsburgh Pirates,2,Boston Red Sox,8,3
2026-08-16,2026-08-16T17:37Z,Final,14,Toronto Blue Jays,10,New York Yankees,3,4
2026-08-16,2026-08-16T17:40Z,Final,6,Detroit Tigers,4,Chicago White Sox,5,7
2026-08-16,2026-08-16T17:40Z,Final,17,Cincinnati Reds,28,Miami Marlins,1,7
2026-08-16,2026-08-16T17:40Z,Final,5,Cleveland Guardians,25,San Diego Padres,0,5
2026-08-16,2026-08-16T17:40Z,Final,21,New York Mets,20,Washington Nationals,4,3
2026-08-16,2026-08-16T18:10Z,Final,9,Minnesota Twins,22,Philadelphia Phillies,5,7
2026-08-16,2026-08-16T19:00Z,Final,16,Chicago Cubs,24,St. Louis Cardinals,4,11
2026-08-16,2026-08-16T20:05Z,Final,26,San Francisco Giants,27,Colorado Rockies,7,13
2026-08-16,2026-08-16T20:05Z,Final,11,Athletics,13,Texas Rangers,5,2
2026-08-16,2026-08-16T20:07Z,Final,3,Los Angeles Angels,7,Kansas City Royals,0,3
2026-08-16,2026-08-16T20:10Z,Final,19,Los Angeles Dodgers,8,Milwaukee Brewers,2,6
2026-08-16,2026-08-16T23:20Z,Final,18,Houston Astros,12,Seattle Mariners,2,3
2026-08-17,2026-08-17T17:40Z,Final,17,Cincinnati Reds,24,St. Louis Cardinals,1,2
2026-08-17,2026-08-17T22:05Z,Final,30,Tampa Bay Rays,1,Baltimore Orioles,7,6
2026-08-17,2026-08-17T22:40Z,Final,22,Philadelphia Phillies,28,Miami Marlins,6,5
2026-08-17,2026-08-17T22:40Z,Final,17,Cincinnati Reds,24,St. Louis Cardinals,6,5
2026-08-17,2026-08-17T23:00Z,Final,23,Pittsburgh Pirates,6,Detroit Tigers,5,8
2026-08-17,2026-08-17T23:10Z,Final,2,Boston Red Sox,29,Arizona Diamondbacks,11,1
2026-08-17,2026-08-17T23:10Z,Final,21,New York Mets,25,San Diego Padres,2,1
2026-08-17,2026-08-17T23:40Z,Final,7,Kansas City Royals,11,Athletics,9,5
2026-08-17,2026-08-17T23:40Z,Final,9,Minnesota Twins,15,Atlanta Braves,4,2
2026-08-17,2026-08-18T00:05Z,Final,16,Chicago Cubs,4,Chicago White Sox,7,5
2026-08-17,2026-08-18T00:40Z,Final,27,Colorado Rockies,19,Los Angeles Dodgers,5,11
2026-08-18,2026-08-18T22:35Z,Final,1,Baltimore Orioles,10,New York Yankees,1,3
2026-08-18,2026-08-18T22:40Z,Final,23,Pittsburgh Pirates,6,Detroit Tigers,4,1
2026-08-18,2026-08-18T22:40Z,Final,22,Philadelphia Phillies,28,Miami Marlins,6,4
2026-08-18,2026-08-18T22:40Z,Final,5,Cleveland Guardians,26,San Francisco Giants,8,1
2026-08-18,2026-08-18T22:40Z,Final,17,Cincinnati Reds,24,St. Louis Cardinals,0,3
2026-08-18,2026-08-18T22:40Z,Final,30,Tampa Bay Rays,14,Toronto Blue Jays,5,10
2026-08-18,2026-08-18T23:10Z,Final,2,Boston Red Sox,29,Arizona Diamondbacks,9,4
2026-08-18,2026-08-18T23:10Z,Final,21,New York Mets,25,San Diego Padres,2,5
2026-08-18,2026-08-18T23:40Z,Final,7,Kansas City Royals,11,Athletics,4,3
2026-08-18,2026-08-18T23:40Z,Final,8,Milwaukee Brewers,12,Seattle Mariners,22,0
2026-08-18,2026-08-18T23:40Z,Final,9,Minnesota Twins,15,Atlanta Braves,4,1
2026-08-18,2026-08-19T00:05Z,Final,16,Chicago Cubs,4,Chicago White Sox,4,3
2026-08-18,2026-08-19T00:05Z,Final,13,Texas Rangers,20,Washington Nationals,5,0
2026-08-18,2026-08-19T00:10Z,Final,18,Houston Astros,3,Los Angeles Angels,1,3
2026-08-18,2026-08-19T00:40Z,Final,27,Colorado Rockies,19,Los Angeles Dodgers,6,7
2026-08-19,2026-08-19T16:35Z,Final,23,Pittsburgh Pirates,6,Detroit Tigers,4,3
2026-08-19,2026-08-19T17:10Z,Final,21,New York Mets,25,San Diego Padres,4,2
2026-08-19,2026-08-19T17:40Z,Final,9,Minnesota Twins,15,Atlanta Braves,6,4
2026-08-19,2026-08-19T18:20Z,Final,16,Chicago Cubs,4,Chicago White Sox,0,3
2026-08-19,2026-08-19T20:10Z,Final,2,Boston Red Sox,29,Arizona Diamondbacks,6,7
2026-08-19,2026-08-19T22:05Z,Final,22,Philadelphia Phillies,28,Miami Marlins,4,1
2026-08-19,2026-08-19T22:35Z,Final,1,Baltimore Orioles,10,New York Yankees,3,5
2026-08-19,2026-08-19T22:40Z,Final,5,Cleveland Guardians,26,San Francisco Giants,0,1
2026-08-19,2026-08-19T22:40Z,Final,17,Cincinnati Reds,24,St. Louis Cardinals,5,4
2026-08-19,2026-08-19T22:40Z,Final,30,Tampa Bay Rays,14,Toronto Blue Jays,7,6
2026-08-19,2026-08-19T23:40Z,Final,7,Kansas City Royals,11,Athletics,9,7
2026-08-19,2026-08-19T23:40Z,Final,8,Milwaukee Brewers,12,Seattle Mariners,5,7
2026-08-19,2026-08-20T00:05Z,Final,13,Texas Rangers,20,Washington Nationals,0,6
2026-08-19,2026-08-20T00:10Z,Final,18,Houston Astros,3,Los Angeles Angels,3,2
2026-08-19,2026-08-20T00:40Z,Final,27,Colorado Rockies,19,Los Angeles Dodgers,4,6
2026-08-20,2026-08-20T16:40Z,Final,17,Cincinnati Reds,24,St. Louis Cardinals,9,10
2026-08-20,2026-08-20T17:10Z,Final,5,Cleveland Guardians,26,San Francisco Giants,5,2
2026-08-20,2026-08-20T17:10Z,Final,30,Tampa Bay Rays,14,Toronto Blue Jays,1,5
2026-08-20,2026-08-20T18:10Z,Final,7,Kansas City Royals,11,Athletics,6,2
2026-08-20,2026-08-20T18:10Z,Final,8,Milwaukee Brewers,12,Seattle Mariners,7,4
2026-08-20,2026-08-20T18:10Z,Final,4,Chicago White Sox,15,Atlanta Braves,0,2
2026-08-20,2026-08-20T22:35Z,Final,1,Baltimore Orioles,10,New York Yankees,1,6
2026-08-20,2026-08-21T00:05Z,Final,13,Texas Rangers,20,Washington Nationals,2,0
2026-08-20,2026-08-21T00:10Z,Final,18,Houston Astros,3,Los Angeles Angels,3,18
2026-08-21,2026-08-21T20:10Z,Final,8,Milwaukee Brewers,15,Atlanta Braves,2,1
2026-08-21,2026-08-21T22:40Z,Final,22,Philadelphia Phillies,24,St. Louis Cardinals,7,6
2026-08-21,2026-08-21T23:05Z,Final,10,New York Yankees,14,Toronto Blue Jays,3,1
2026-08-21,2026-08-21T23:10Z,Final,2,Boston Red Sox,26,San Francisco Giants,6,4
2026-08-21,2026-08-21T23:10Z,Final,28,Miami Marlins,20,Washington Nationals,3,2
2026-08-21,2026-08-21T23:15Z,Final,1,Baltimore Orioles,30,Tampa Bay Rays,5,3
2026-08-21,2026-08-21T23:40Z,Final,4,Chicago White Sox,21,New York Mets,6,4
2026-08-21,2026-08-22T00:10Z,Final,18,Houston Astros,11,Athletics,4,0
2026-08-21,2026-08-22T00:10Z,Final,7,Kansas City Royals,6,Detroit Tigers,5,2
2026-08-21,2026-08-22T00:15Z,Final,13,Texas Rangers,3,Los Angeles Angels,2,1
2026-08-21,2026-08-22T00:40Z,Final,27,Colorado Rockies,5,Cleveland Guardians,1,9
2026-08-21,2026-08-22T01:40Z,Final,29,Arizona Diamondbacks,17,Cincinnati Reds,9,0
2026-08-21,2026-08-22T01:40Z,Final,25,San Diego Padres,9,Minnesota Twins,6,2
2026-08-21,2026-08-22T02:10Z,Final,12,Seattle Mariners,16,Chicago Cubs,6,5
2026-08-21,2026-08-22T02:10Z,Final,19,Los Angeles Dodgers,23,Pittsburgh Pirates,5,4
2026-08-22,2026-08-22T17:35Z,Final,10,New York Yankees,14,Toronto Blue Jays,3,4
2026-08-22,2026-08-22T18:10Z,Final,8,Milwaukee Brewers,15,Atlanta Braves,4,1
2026-08-22,2026-08-22T20:10Z,Final,28,Miami Marlins,20,Washington Nationals,4,2
2026-08-22,2026-08-22T22:05Z,Final,22,Philadelphia Phillies,24,St. Louis Cardinals,12,3
2026-08-22,2026-08-22T23:05Z,Final,1,Baltimore Orioles,30,Tampa Bay Rays,3,2
2026-08-22,2026-08-22T23:05Z,Final,13,Texas Rangers,3,Los Angeles Angels,0,3
2026-08-22,2026-08-22T23:10Z,Final,18,Houston Astros,11,Athletics,3,4
2026-08-22,2026-08-22T23:10Z,Final,4,Chicago White Sox,21,New York Mets,5,10
2026-08-22,2026-08-22T23:15Z,Final,2,Boston Red Sox,26,San Francisco Giants,3,2
2026-08-22,2026-08-22T23:15Z,Final,7,Kansas City Royals,6,Detroit Tigers,3,1
2026-08-22,2026-08-22T23:15Z,Final,12,Seattle Mariners,16,Chicago Cubs,5,4
2026-08-22,2026-08-22T23:15Z,Final,19,Los Angeles Dodgers,23,Pittsburgh Pirates,4,3
2026-08-22,2026-08-23T00:10Z,Final,27,Colorado Rockies,5,Cleveland Guardians,3,4
2026-08-22,2026-08-23T00:10Z,Final,29,Arizona Diamondbacks,17,Cincinnati Reds,5,11
2026-08-22,2026-08-23T00:40Z,Final,25,San Diego Padres,9,Minnesota Twins,7,5
2026-08-23,2026-08-23T17:35Z,Final,22,Philadelphia Phillies,24,St. Louis Cardinals,6,4
2026-08-23,2026-08-23T17:35Z,Final,1,Baltimore Orioles,30,Tampa Bay Rays,1,3
2026-08-23,2026-08-23T17:35Z,Final,10,New York Yankees,14,Toronto Blue Jays,8,3
2026-08-23,2026-08-23T17:40Z,Final,28,Miami Marlins,20,Washington Nationals,6,2
2026-08-23,2026-08-23T18:10Z,Final,18,Houston Astros,11,Athletics,6,7
2026-08-23,2026-08-23T18:10Z,Final,7,Kansas City Royals,6,Detroit Tigers,11,7
2026-08-23,2026-08-23T18:10Z,Final,4,Chicago White Sox,21,New York Mets,2,1
2026-08-23,2026-08-23T18:35Z,Final,13,Texas Rangers,3,Los Angeles Angels,5,3
2026-08-23,2026-08-23T19:10Z,Final,27,Colorado Rockies,5,Cleveland Guardians,2,7
2026-08-23,2026-08-23T19:15Z,Final,2,Boston Red Sox,26,San Francisco Giants,5,4
2026-08-23,2026-08-23T20:10Z,Final,12,Seattle Mariners,16,Chicago Cubs,2,19
2026-08-23,2026-08-23T20:10Z,Final,25,San Diego Padres,9,Minnesota Twins,8,1
2026-08-23,2026-08-23T20:10Z,Final,19,Los Angeles Dodgers,23,Pittsburgh Pirates,4,0
2026-08-23,2026-08-23T20:15Z,Final,29,Arizona Diamondbacks,17,Cincinnati Reds,5,3
2026-08-23,2026-08-23T23:00Z,Final,8,Milwaukee Brewers,15,Atlanta Braves,2,4
2026-08-24,2026-08-24T22:40Z,Final,28,Miami Marlins,2,Boston Red Sox,2,4
2026-08-24,2026-08-24T22:40Z,Final,6,Detroit Tigers,30,Tampa Bay Rays,1,4
2026-08-24,2026-08-24T22:45Z,Final,20,Washington Nationals,27,Colorado Rockies,13,3
2026-08-24,2026-08-24T23:40Z,Final,4,Chicago White Sox,13,Texas Rangers,2,11
2026-08-24,2026-08-25T01:38Z,Final,3,Los Angeles Angels,5,Cleveland Guardians,2,4
2026-08-24,2026-08-25T01:40Z,Final,29,Arizona Diamondbacks,16,Chicago Cubs,0,7
2026-08-24,2026-08-25T01:40Z,Final,11,Athletics,9,Minnesota Twins,6,9
2026-08-24,2026-08-25T01:40Z,Final,12,Seattle Mariners,22,Philadelphia Phillies,9,2
2026-08-24,2026-08-25T01:40Z,Final,25,San Diego Padres,23,Pittsburgh Pirates,2,3
2026-08-24,2026-08-25T01:45Z,Final,26,San Francisco Giants,17,Cincinnati Reds,5,0
2026-08-25,2026-08-25T22:40Z,Final,28,Miami Marlins,2,Boston Red Sox,3,7
2026-08-25,2026-08-25T22:40Z,Final,6,Detroit Tigers,30,Tampa Bay Rays,4,1
2026-08-25,2026-08-25T22:45Z,Final,20,Washington Nationals,27,Colorado Rockies,1,3
2026-08-25,2026-08-25T23:05Z,Final,10,New York Yankees,18,Houston Astros,7,9
2026-08-25,2026-08-25T23:07Z,Final,14,Toronto Blue Jays,7,Kansas City Royals,3,5
2026-08-25,2026-08-25T23:10Z,Final,21,New York Mets,8,Milwaukee Brewers,3,2
2026-08-25,2026-08-25T23:15Z,Final,15,Atlanta Braves,19,Los Angeles Dodgers,4,3
2026-08-25,2026-08-25T23:40Z,Final,4,Chicago White Sox,13,Texas Rangers,11,7
2026-08-25,2026-08-25T23:45Z,Final,24,St. Louis Cardinals,1,Baltimore Orioles,1,13
2026-08-25,2026-08-26T01:38Z,Final,3,Los Angeles Angels,5,Cleveland Guardians,6,8
2026-08-25,2026-08-26T01:40Z,Final,29,Arizona Diamondbacks,16,Chicago Cubs,5,4
2026-08-25,2026-08-26T01:40Z,Final,11,Athletics,9,Minnesota Twins,4,2
2026-08-25,2026-08-26T01:40Z,Final,12,Seattle Mariners,22,Philadelphia Phillies,4,1
2026-08-25,2026-08-26T01:40Z,Final,25,San Diego Padres,23,Pittsburgh Pirates,0,1
2026-08-25,2026-08-26T01:45Z,Final,26,San Francisco Giants,17,Cincinnati Reds,3,1
2026-08-26,2026-08-26T17:10Z,Final,6,Detroit Tigers,30,Tampa Bay Rays,0,3
2026-08-26,2026-08-26T19:40Z,Final,29,Arizona Diamondbacks,16,Chicago Cubs,2,0
2026-08-26,2026-08-26T19:45Z,Final,26,San Francisco Giants,17,Cincinnati Reds,9,10
2026-08-26,2026-08-26T20:07Z,Final,3,Los Angeles Angels,5,Cleveland Guardians,3,4
2026-08-26,2026-08-26T20:10Z,Final,12,Seattle Mariners,22,Philadelphia Phillies,0,6
2026-08-26,2026-08-26T20:10Z,Final,25,San Diego Padres,23,Pittsburgh Pirates,3,0
2026-08-26,2026-08-26T22:40Z,Final,28,Miami Marlins,2,Boston Red Sox,4,0
2026-08-26,2026-08-26T22:45Z,Final,20,Washington Nationals,27,Colorado Rockies,1,13
2026-08-26,2026-08-26T23:05Z,Final,10,New York Yankees,18,Houston Astros,9,3
2026-08-26,2026-08-26T23:07Z,Final,14,Toronto Blue Jays,7,Kansas City Royals,3,0
2026-08-26,2026-08-26T23:10Z,Final,21,New York Mets,8,Milwaukee Brewers,1,8
2026-08-26,2026-08-26T23:15Z,Final,15,Atlanta Braves,19,Los Angeles Dodgers,6,5
2026-08-26,2026-08-26T23:40Z,Final,4,Chicago White Sox,13,Texas Rangers,10,4
2026-09-03,2026-09-04T00:05Z,Final,13,Texas Rangers,30,Tampa Bay Rays,6,0
2026-08-26,2026-08-26T23:45Z,Final,24,St. Louis Cardinals,1,Baltimore Orioles,7,8
2026-08-26,2026-08-27T01:05Z,Final,11,Athletics,9,Minnesota Twins,7,4
2026-08-27,2026-08-27T17:05Z,Final,20,Washington Nationals,27,Colorado Rockies,7,1
2026-08-27,2026-08-27T18:15Z,Final,24,St. Louis Cardinals,1,Baltimore Orioles,7,5
2026-08-27,2026-08-27T23:05Z,Final,10,New York Yankees,18,Houston Astros,1,5
2026-08-27,2026-08-27T23:07Z,Final,14,Toronto Blue Jays,7,Kansas City Royals,2,13
2026-08-27,2026-08-27T23:10Z,Final,21,New York Mets,8,Milwaukee Brewers,2,8
2026-08-27,2026-08-27T23:15Z,Final,15,Atlanta Braves,19,Los Angeles Dodgers,1,0
2026-08-27,2026-08-28T01:45Z,Final,26,San Francisco Giants,29,Arizona Diamondbacks,6,1
2026-08-28,2026-08-28T18:20Z,Final,16,Chicago Cubs,17,Cincinnati Reds,8,10
2026-08-28,2026-08-28T22:40Z,Final,6,Detroit Tigers,19,Los Angeles Dodgers,1,2
2026-08-28,2026-08-28T22:45Z,Final,20,Washington Nationals,28,Miami Marlins,9,2
2026-08-28,2026-08-28T23:10Z,Final,21,New York Mets,18,Houston Astros,1,3
2026-08-28,2026-08-28T23:10Z,Final,5,Cleveland Guardians,7,Kansas City Royals,0,3
2026-08-28,2026-08-28T23:10Z,Final,30,Tampa Bay Rays,25,San Diego Padres,9,4
2026-08-28,2026-08-28T23:15Z,Final,10,New York Yankees,2,Boston Red Sox,1,0
2026-08-28,2026-08-28T23:15Z,Final,15,Atlanta Braves,27,Colorado Rockies,6,4
2026-08-28,2026-08-28T23:15Z,Final,14,Toronto Blue Jays,12,Seattle Mariners,8,1
2026-08-28,2026-08-28T23:40Z,Final,8,Milwaukee Brewers,13,Texas Rangers,6,1
2026-08-28,2026-08-29T00:10Z,Final,9,Minnesota Twins,4,Chicago White Sox,4,7
2026-08-28,2026-08-29T00:15Z,Final,24,St. Louis Cardinals,23,Pittsburgh Pirates,4,1
2026-08-28,2026-08-29T01:38Z,Final,3,Los Angeles Angels,22,Philadelphia Phillies,3,5
2026-08-28,2026-08-29T01:40Z,Final,11,Athletics,1,Baltimore Orioles,3,4
2026-08-28,2026-08-29T02:15Z,Final,26,San Francisco Giants,29,Arizona Diamondbacks,6,10
2026-08-29,2026-08-29T17:05Z,Final,10,New York Yankees,2,Boston Red Sox,0,6
2026-08-29,2026-08-29T17:10Z,Final,6,Detroit Tigers,19,Los Angeles Dodgers,2,1
2026-08-29,2026-08-29T18:10Z,Final,9,Minnesota Twins,4,Chicago White Sox,2,3
2026-08-29,2026-08-29T18:15Z,Final,24,St. Louis Cardinals,23,Pittsburgh Pirates,2,6
2026-08-29,2026-08-29T18:20Z,Final,16,Chicago Cubs,17,Cincinnati Reds,17,5
2026-08-29,2026-08-29T19:07Z,Final,14,Toronto Blue Jays,12,Seattle Mariners,4,3
2026-08-29,2026-08-29T20:05Z,Final,20,Washington Nationals,28,Miami Marlins,5,4
2026-08-29,2026-08-29T20:05Z,Final,26,San Francisco Giants,29,Arizona Diamondbacks,1,7
2026-08-29,2026-08-29T20:10Z,Final,15,Atlanta Braves,27,Colorado Rockies,2,1
2026-08-29,2026-08-29T20:10Z,Final,21,New York Mets,18,Houston Astros,6,2
2026-08-29,2026-08-29T20:10Z,Final,5,Cleveland Guardians,7,Kansas City Royals,3,8
2026-08-29,2026-08-29T20:10Z,Final,30,Tampa Bay Rays,25,San Diego Padres,7,6
2026-08-29,2026-08-29T23:15Z,Final,10,New York Yankees,2,Boston Red Sox,9,2
2026-08-29,2026-08-29T23:15Z,Final,8,Milwaukee Brewers,13,Texas Rangers,5,3
2026-08-29,2026-08-30T02:05Z,Final,26,San Francisco Giants,29,Arizona Diamondbacks,7,2
2026-08-29,2026-08-30T02:05Z,Final,11,Athletics,1,Baltimore Orioles,3,5
2026-08-29,2026-08-30T02:07Z,Final,3,Los Angeles Angels,22,Philadelphia Phillies,2,4
2026-08-30,2026-08-30T16:15Z,Final,20,Washington Nationals,28,Miami Marlins,2,6
2026-08-30,2026-08-30T17:35Z,Final,10,New York Yankees,2,Boston Red Sox,16,1
2026-08-30,2026-08-30T17:35Z,Final,15,Atlanta Braves,27,Colorado Rockies,3,2
2026-08-30,2026-08-30T17:37Z,Final,14,Toronto Blue Jays,12,Seattle Mariners,7,0
2026-08-30,2026-08-30T17:40Z,Final,5,Cleveland Guardians,7,Kansas City Royals,11,1
2026-08-30,2026-08-30T17:40Z,Final,6,Detroit Tigers,19,Los Angeles Dodgers,1,6
2026-08-30,2026-08-30T17:40Z,Final,30,Tampa Bay Rays,25,San Diego Padres,5,4
2026-08-30,2026-08-30T18:10Z,Final,9,Minnesota Twins,4,Chicago White Sox,5,1
2026-08-30,2026-08-30T18:10Z,Final,8,Milwaukee Brewers,13,Texas Rangers,4,7
2026-08-30,2026-08-30T18:15Z,Final,24,St. Louis Cardinals,23,Pittsburgh Pirates,4,5
2026-08-30,2026-08-30T19:10Z,Final,21,New York Mets,18,Houston Astros,3,6
2026-08-30,2026-08-30T20:05Z,Final,11,Athletics,1,Baltimore Orioles,5,8
2026-08-30,2026-08-30T20:07Z,Final,3,Los Angeles Angels,22,Philadelphia Phillies,2,5
2026-08-30,2026-08-30T23:20Z,Final,16,Chicago Cubs,17,Cincinnati Reds,5,7
2026-08-31,2026-08-31T22:05Z,Final,15,Atlanta Braves,26,San Francisco Giants,3,7
2026-08-31,2026-08-31T22:40Z,Final,30,Tampa Bay Rays,21,New York Mets,2,3
2026-08-31,2026-08-31T22:40Z,Final,17,Cincinnati Reds,25,San Diego Padres,0,5
2026-08-31,2026-08-31T22:45Z,Final,20,Washington Nationals,28,Miami Marlins,6,3
2026-08-31,2026-08-31T22:45Z,Final,2,Boston Red Sox,12,Seattle Mariners,9,8
2026-08-31,2026-08-31T23:40Z,Final,9,Minnesota Twins,6,Detroit Tigers,11,1
2026-08-31,2026-08-31T23:40Z,Final,16,Chicago Cubs,8,Milwaukee Brewers,17,3
2026-08-31,2026-09-01T00:05Z,Final,13,Texas Rangers,11,Athletics,8,1
2026-08-31,2026-09-01T00:10Z,Final,18,Houston Astros,4,Chicago White Sox,6,3
2026-08-31,2026-09-01T00:40Z,Final,27,Colorado Rockies,1,Baltimore Orioles,1,2
2026-08-31,2026-09-01T01:38Z,Final,3,Los Angeles Angels,10,New York Yankees,10,1
2026-08-31,2026-09-01T01:40Z,Final,29,Arizona Diamondbacks,22,Philadelphia Phillies,1,2
2026-09-01,2026-09-01T22:40Z,Final,30,Tampa Bay Rays,21,New York Mets,6,2
2026-09-01,2026-09-01T22:40Z,Final,17,Cincinnati Reds,25,San Diego Padres,4,3
2026-09-01,2026-09-01T22:40Z,Final,23,Pittsburgh Pirates,26,San Francisco Giants,13,12
2026-09-01,2026-09-01T22:40Z,Final,5,Cleveland Guardians,14,Toronto Blue Jays,6,1
2026-09-01,2026-09-01T22:45Z,Final,20,Washington Nationals,15,Atlanta Braves,9,5
2026-09-01,2026-09-01T22:45Z,Final,2,Boston Red Sox,12,Seattle Mariners,6,9
2026-09-01,2026-09-01T23:40Z,Final,9,Minnesota Twins,6,Detroit Tigers,15,2
2026-09-01,2026-09-01T23:40Z,Final,7,Kansas City Royals,28,Miami Marlins,3,6
2026-09-01,2026-09-01T23:40Z,Final,16,Chicago Cubs,8,Milwaukee Brewers,4,9
2026-09-01,2026-09-02T00:05Z,Final,13,Texas Rangers,11,Athletics,8,5
2026-09-01,2026-09-02T00:10Z,Final,18,Houston Astros,4,Chicago White Sox,1,5
2026-09-01,2026-09-02T00:40Z,Final,27,Colorado Rockies,1,Baltimore Orioles,4,2
2026-09-01,2026-09-02T01:38Z,Final,3,Los Angeles Angels,10,New York Yankees,3,7
2026-09-01,2026-09-02T01:40Z,Final,29,Arizona Diamondbacks,22,Philadelphia Phillies,1,7
2026-09-01,2026-09-02T02:10Z,Final,19,Los Angeles Dodgers,24,St. Louis Cardinals,8,13
2026-09-02,2026-09-02T16:40Z,Final,17,Cincinnati Reds,25,San Diego Padres,7,3
2026-09-02,2026-09-02T17:05Z,Final,20,Washington Nationals,15,Atlanta Braves,0,9
2026-09-02,2026-09-02T18:35Z,Final,13,Texas Rangers,11,Athletics,2,9
2026-09-02,2026-09-02T19:10Z,Final,27,Colorado Rockies,1,Baltimore Orioles,6,5
2026-09-02,2026-09-02T19:40Z,Final,29,Arizona Diamondbacks,22,Philadelphia Phillies,1,0
2026-09-02,2026-09-02T20:10Z,Final,2,Boston Red Sox,12,Seattle Mariners,3,8
2026-09-02,2026-09-02T22:40Z,Final,30,Tampa Bay Rays,21,New York Mets,4,10
2026-09-02,2026-09-02T22:40Z,Final,23,Pittsburgh Pirates,26,San Francisco Giants,4,5
2026-09-02,2026-09-02T22:40Z,Final,5,Cleveland Guardians,14,Toronto Blue Jays,0,11
2026-09-02,2026-09-02T23:40Z,Final,9,Minnesota Twins,6,Detroit Tigers,6,11
2026-09-02,2026-09-02T23:40Z,Final,7,Kansas City Royals,28,Miami Marlins,6,9
2026-09-02,2026-09-02T23:40Z,Final,16,Chicago Cubs,8,Milwaukee Brewers,5,9
2026-09-02,2026-09-03T00:10Z,Final,18,Houston Astros,4,Chicago White Sox,2,0
2026-09-02,2026-09-03T01:38Z,Final,3,Los Angeles Angels,10,New York Yankees,3,6
2026-09-02,2026-09-03T02:10Z,Final,19,Los Angeles Dodgers,24,St. Louis Cardinals,6,8
2026-09-03,2026-09-03T16:35Z,Final,23,Pittsburgh Pirates,26,San Francisco Giants,5,2
2026-09-03,2026-09-03T17:10Z,Final,5,Cleveland Guardians,14,Toronto Blue Jays,3,6
2026-09-03,2026-09-03T18:10Z,Final,18,Houston Astros,4,Chicago White Sox,6,2
2026-09-03,2026-09-03T23:15Z,Final,1,Baltimore Orioles,2,Boston Red Sox,5,6
2026-09-03,2026-09-03T23:15Z,Final,16,Chicago Cubs,8,Milwaukee Brewers,2,1
2026-09-03,2026-09-04T01:40Z,Final,12,Seattle Mariners,11,Athletics,4,7
2026-09-03,2026-09-04T02:10Z,Final,19,Los Angeles Dodgers,24,St. Louis Cardinals,3,2
